País,Fecha,Miles_USD_CIF
Alemania,2007-01-01,89508.41766999997
Alemania,2007-02-01,85740.9041600001
Alemania,2007-03-01,99960.77845999988
Alemania,2007-04-01,83568.94433000003
Alemania,2007-05-01,91933.03268000002
Alemania,2007-06-01,84419.08470000034
Alemania,2007-07-01,105374.35246999994
Alemania,2007-08-01,135256.63977000015
Alemania,2007-09-01,98005.74088000008
Alemania,2007-10-01,115285.57309000002
Alemania,2007-11-01,115285.09748999997
Alemania,2007-12-01,100572.28876000021
Alemania,2008-01-01,123535.99832000019
Alemania,2008-02-01,98557.86669000008
Alemania,2008-03-01,107991.82506999982
Alemania,2008-04-01,138064.23713999998
Alemania,2008-05-01,127567.23916000017
Alemania,2008-06-01,114960.5599600001
Alemania,2008-07-01,138224.75947
Alemania,2008-08-01,118812.07008000012
Alemania,2008-09-01,175659.8234600005
Alemania,2008-10-01,125306.66327000003
Alemania,2008-11-01,146243.99957000004
Alemania,2008-12-01,142476.03422000012
Alemania,2009-01-01,106713.45065000007
Alemania,2009-02-01,129680.44980000005
Alemania,2009-03-01,103900.81750999995
Alemania,2009-04-01,116895.89350999997
Alemania,2009-05-01,106012.59122999992
Alemania,2009-06-01,87839.4379399999
Alemania,2009-07-01,114677.92189999991
Alemania,2009-08-01,112326.59269000008
Alemania,2009-09-01,109196.10626000002
Alemania,2009-10-01,102305.96920000012
Alemania,2009-11-01,123304.74521999994
Alemania,2009-12-01,125539.57233000005
Alemania,2010-01-01,94223.59967999988
Alemania,2010-02-01,145607.52601000015
Alemania,2010-03-01,177829.22338000016
Alemania,2010-04-01,102598.35501999987
Alemania,2010-05-01,97654.22543999976
Alemania,2010-06-01,117360.33624999998
Alemania,2010-07-01,119347.76620999955
Alemania,2010-08-01,126082.97770999992
Alemania,2010-09-01,147115.1012699999
Alemania,2010-10-01,188468.4131400003
Alemania,2010-11-01,130790.13763999974
Alemania,2010-12-01,164349.81598999977
Alemania,2011-01-01,144351.34265999997
Alemania,2011-02-01,129266.3315699999
Alemania,2011-03-01,139652.44073000032
Alemania,2011-04-01,144942.64641000028
Alemania,2011-05-01,238185.17077
Alemania,2011-06-01,196015.97803000026
Alemania,2011-07-01,187176.36931000007
Alemania,2011-08-01,213716.28641999981
Alemania,2011-09-01,227010.7377899998
Alemania,2011-10-01,181614.9795899999
Alemania,2011-11-01,177928.19525000025
Alemania,2011-12-01,167412.0317300002
Alemania,2012-01-01,137304.54406999997
Alemania,2012-02-01,169381.51570999998
Alemania,2012-03-01,169363.35376000003
Alemania,2012-04-01,153753.48498999997
Alemania,2012-05-01,257428.24350000007
Alemania,2012-06-01,155153.86547000005
Alemania,2012-07-01,176184.3175700002
Alemania,2012-08-01,256917.56076000002
Alemania,2012-09-01,160324.79571999988
Alemania,2012-10-01,188909.93279999995
Alemania,2012-11-01,258490.55955999997
Alemania,2012-12-01,183320.21110000001
Alemania,2013-01-01,167271.36823000002
Alemania,2013-02-01,149543.96510000006
Alemania,2013-03-01,197473.51161000007
Alemania,2013-04-01,214313.33292999998
Alemania,2013-05-01,172448.7680400001
Alemania,2013-06-01,173495.35936000024
Alemania,2013-07-01,218976.14365000004
Alemania,2013-08-01,177546.0265199999
Alemania,2013-09-01,186563.08988999994
Alemania,2013-10-01,193180.02687999996
Alemania,2013-11-01,171350.6355000001
Alemania,2013-12-01,184746.79950999992
Alemania,2014-01-01,153991.74243999997
Alemania,2014-02-01,200782.0699399999
Alemania,2014-03-01,172289.90702999997
Alemania,2014-04-01,216127.21745000003
Alemania,2014-05-01,213573.24711000003
Alemania,2014-06-01,156195.89320000002
Alemania,2014-07-01,333836.76201999985
Alemania,2014-08-01,180699.7477799999
Alemania,2014-09-01,246332.42554999999
Alemania,2014-10-01,175942.42893999984
Alemania,2014-11-01,220622.22555000003
Alemania,2014-12-01,260583.87201000017
Alemania,2015-01-01,185971.77468
Alemania,2015-02-01,165542.61018
Alemania,2015-03-01,174016.16111000004
Alemania,2015-04-01,182721.63266999996
Alemania,2015-05-01,188164.28898000007
Alemania,2015-06-01,155220.50256
Alemania,2015-07-01,252464.25160000022
Alemania,2015-08-01,156145.34397999992
Alemania,2015-09-01,241226.76403999992
Alemania,2015-10-01,204777.29014999996
Alemania,2015-11-01,202170.92528000008
Alemania,2015-12-01,159032.57149
Alemania,2016-01-01,124609.90598000007
Alemania,2016-02-01,122708.82138999974
Alemania,2016-03-01,139927.1631799999
Alemania,2016-04-01,143228.9801499997
Alemania,2016-05-01,148447.62453999958
Alemania,2016-06-01,135991.81398999982
Alemania,2016-07-01,122358.33458
Alemania,2016-08-01,147794.5519199998
Alemania,2016-09-01,198368.00369999997
Alemania,2016-10-01,146071.85915000003
Alemania,2016-11-01,152824.42448000028
Alemania,2016-12-01,125350.96658000005
Alemania,2017-01-01,119296.07562000009
Alemania,2017-02-01,144616.8424199999
Alemania,2017-03-01,151719.73096999992
Alemania,2017-04-01,147913.91379000008
Alemania,2017-05-01,150962.29634000055
Alemania,2017-06-01,153678.28293000004
Alemania,2017-07-01,145667.19211000006
Alemania,2017-08-01,155959.57024999996
Alemania,2017-09-01,208685.7693900002
Alemania,2017-10-01,197305.8709500002
Alemania,2017-11-01,157683.9001900004
Alemania,2017-12-01,140508.19275999992
Alemania,2018-01-01,150712.1052599997
Alemania,2018-02-01,144651.66982000027
Alemania,2018-03-01,134442.44544000004
Alemania,2018-04-01,173949.0172800003
Alemania,2018-05-01,278352.54528999975
Alemania,2018-06-01,161723.30558000013
Alemania,2018-07-01,200903.23432000022
Alemania,2018-08-01,208069.98510999978
Alemania,2018-09-01,152088.36419000028
Alemania,2018-10-01,214325.74863999974
Alemania,2018-11-01,155945.5603300002
Alemania,2018-12-01,198090.3600499999
Alemania,2019-01-01,196493.9663599996
Alemania,2019-02-01,198081.64967000007
Alemania,2019-03-01,159476.25626999978
Alemania,2019-04-01,218737.65346999996
Alemania,2019-05-01,167323.64710000015
Alemania,2019-06-01,150608.4037700001
Alemania,2019-07-01,157183.9919700001
Alemania,2019-08-01,168998.2561399998
Alemania,2019-09-01,164170.80032000013
Alemania,2019-10-01,182632.29493000032
Alemania,2019-11-01,261169.33551000018
Alemania,2019-12-01,147784.39144999985
Alemania,2020-01-01,150152.84786000004
Alemania,2020-02-01,136556.74289000008
Alemania,2020-03-01,152349.86145000026
Alemania,2020-04-01,135312.50326000003
Alemania,2020-05-01,116000.88020999992
Alemania,2020-06-01,138565.80806000007
Alemania,2020-07-01,124164.24432999993
Alemania,2020-08-01,134077.45637
Alemania,2020-09-01,125339.43185999991
Alemania,2020-10-01,139398.27301999985
Alemania,2020-11-01,135675.05870000023
Alemania,2020-12-01,156297.58881000028
Alemania,2021-01-01,135819.35353
Alemania,2021-02-01,122152.00021999997
Alemania,2021-03-01,155734.2390799998
Alemania,2021-04-01,179846.06732999993
Alemania,2021-05-01,155942.41677999968
Alemania,2021-06-01,183477.4364099999
Alemania,2021-07-01,177450.93230000004
Alemania,2021-08-01,189584.2103599998
Alemania,2021-09-01,143954.52220999988
Alemania,2021-10-01,173999.34952
Alemania,2021-11-01,232306.26975999982
Alemania,2021-12-01,214908.77642
Alemania,2022-01-01,184411.37558999998
Alemania,2022-02-01,191835.9057799999
Alemania,2022-03-01,175529.66296000042
Alemania,2022-04-01,223599.2879200004
Alemania,2022-05-01,160543.63916000008
Alemania,2022-06-01,193375.60242999988
Alemania,2022-07-01,234199.06690999973
Alemania,2022-08-01,245583.80925000034
Alemania,2022-09-01,194762.00132999997
Alemania,2022-10-01,184673.71918000022
Alemania,2022-11-01,183330.10872999992
Alemania,2022-12-01,181073.68902999978
Alemania,2023-01-01,183612.66682999957
Alemania,2023-02-01,175679.7209900005
Alemania,2023-03-01,317042.7542899998
Alemania,2023-04-01,178579.78390000045
Alemania,2023-05-01,221312.3115999997
Alemania,2023-06-01,178789.03804999997
Alemania,2023-07-01,166148.3317200001
Alemania,2023-08-01,176900.73459999997
Alemania,2023-09-01,184265.24462000007
Alemania,2023-10-01,204131.66123999978
Alemania,2023-11-01,170039.40860000014
Alemania,2023-12-01,190532.8936399995
Alemania,2024-01-01,163562.07043000005
Alemania,2024-02-01,178077.4013999999
Alemania,2024-03-01,159369.95172000013
Alemania,2024-04-01,211093.56232999987
Alemania,2024-05-01,185620.41068999955
Alemania,2024-06-01,147172.97559000037
Alemania,2024-07-01,199994.3867999998
Alemania,2024-08-01,199989.6458300002
Alemania,2024-09-01,176226.75420000008
Alemania,2024-10-01,189795.89168000015
Alemania,2024-11-01,175913.96275999997
Alemania,2024-12-01,172941.41040999984
Alemania,2025-01-01,166854.39011000015
Alemania,2025-02-01,165282.06268000015
Alemania,2025-03-01,195030.32218999942
Alemania,2025-04-01,185455.51164999985
Alemania,2025-05-01,201126.36022000053
Alemania,2025-06-01,199186.64321999974
Alemania,2025-07-01,207950.12590000004
Alemania,2025-08-01,201491.43831000017
Alemania,2025-09-01,200026.71812000027
Alemania,2025-10-01,210293.72291999974
Alemania,2025-11-01,192152.42572999993
Alemania,2025-12-01,196055.86876000013
Alemania,2026-01-01,210077.1070900001
Alemania,2026-02-01,171468.37532999957
Alemania,2026-03-01,221402.69770999977
Alemania,2026-04-01,252964.65785999974
Alemania,2026-05-01,224363.83083000017
Alemania,2026-06-01,223846.57653000008
Argentina,2007-01-01,75148.07645000011
Argentina,2007-02-01,37291.21754
Argentina,2007-03-01,64932.47824000002
Argentina,2007-04-01,72134.73362
Argentina,2007-05-01,63664.414010000066
Argentina,2007-06-01,57676.88688000001
Argentina,2007-07-01,58164.39525999997
Argentina,2007-08-01,63574.87498000002
Argentina,2007-09-01,52112.74724999996
Argentina,2007-10-01,60051.649029999986
Argentina,2007-11-01,60156.42963999996
Argentina,2007-12-01,47371.90953000005
Argentina,2008-01-01,47819.685409999984
Argentina,2008-02-01,59080.10716000002
Argentina,2008-03-01,64151.80841000004
Argentina,2008-04-01,55329.93275000001
Argentina,2008-05-01,68441.1221600001
Argentina,2008-06-01,66081.82266000003
Argentina,2008-07-01,91382.18622999989
Argentina,2008-08-01,96050.78955999992
Argentina,2008-09-01,86406.22323999998
Argentina,2008-10-01,118091.66374999995
Argentina,2008-11-01,75169.60100999998
Argentina,2008-12-01,92373.1188300001
Argentina,2009-01-01,67966.72572999998
Argentina,2009-02-01,59814.09860000001
Argentina,2009-03-01,118574.44345999997
Argentina,2009-04-01,82760.21084999997
Argentina,2009-05-01,88765.99454999999
Argentina,2009-06-01,129189.86019000002
Argentina,2009-07-01,129801.84255
Argentina,2009-08-01,81405.10621999999
Argentina,2009-09-01,64862.47705
Argentina,2009-10-01,51352.86594999999
Argentina,2009-11-01,69384.48621999999
Argentina,2009-12-01,98845.97505999997
Argentina,2010-01-01,132903.34471000006
Argentina,2010-02-01,89657.29271000001
Argentina,2010-03-01,95530.89977000006
Argentina,2010-04-01,120782.83489000003
Argentina,2010-05-01,114572.38925000004
Argentina,2010-06-01,149428.99725000004
Argentina,2010-07-01,132944.50138
Argentina,2010-08-01,148097.48691000004
Argentina,2010-09-01,149077.7191400001
Argentina,2010-10-01,124981.29021
Argentina,2010-11-01,136820.15414000003
Argentina,2010-12-01,114466.12504999997
Argentina,2011-01-01,119697.28110000002
Argentina,2011-02-01,96372.62969000006
Argentina,2011-03-01,133762.2634299999
Argentina,2011-04-01,135335.42133
Argentina,2011-05-01,210690.66476999997
Argentina,2011-06-01,230293.36199999994
Argentina,2011-07-01,178974.09666000004
Argentina,2011-08-01,159541.71271999984
Argentina,2011-09-01,206839.06339999993
Argentina,2011-10-01,141628.49216000008
Argentina,2011-11-01,169217.90417000002
Argentina,2011-12-01,89547.29333000001
Argentina,2012-01-01,163339.9127299999
Argentina,2012-02-01,213721.78985999996
Argentina,2012-03-01,268644.59757000004
Argentina,2012-04-01,164692.96565999993
Argentina,2012-05-01,243126.89452999993
Argentina,2012-06-01,224976.22594000003
Argentina,2012-07-01,179923.46758999996
Argentina,2012-08-01,186709.61589000007
Argentina,2012-09-01,193631.06075000003
Argentina,2012-10-01,190307.55318999998
Argentina,2012-11-01,225124.97777999984
Argentina,2012-12-01,142103.43888
Argentina,2013-01-01,171306.09173999995
Argentina,2013-02-01,148447.04586000004
Argentina,2013-03-01,139847.02456999998
Argentina,2013-04-01,233967.99364000012
Argentina,2013-05-01,136543.48926
Argentina,2013-06-01,136842.02454999997
Argentina,2013-07-01,217830.07243
Argentina,2013-08-01,201204.73396
Argentina,2013-09-01,113811.1368
Argentina,2013-10-01,113238.34939999999
Argentina,2013-11-01,71307.23218000002
Argentina,2013-12-01,49199.87344999999
Argentina,2014-01-01,44270.65999
Argentina,2014-02-01,54900.581610000016
Argentina,2014-03-01,61750.87822000002
Argentina,2014-04-01,65238.90656
Argentina,2014-05-01,93958.25095999995
Argentina,2014-06-01,110916.32509
Argentina,2014-07-01,143184.50181999998
Argentina,2014-08-01,133765.64057000002
Argentina,2014-09-01,89883.11488000001
Argentina,2014-10-01,81437.87169000001
Argentina,2014-11-01,56964.13336000003
Argentina,2014-12-01,73062.76280999999
Argentina,2015-01-01,27389.63506
Argentina,2015-02-01,30223.538640000006
Argentina,2015-03-01,47563.39886
Argentina,2015-04-01,48078.40352
Argentina,2015-05-01,38009.96693000001
Argentina,2015-06-01,34508.56342999999
Argentina,2015-07-01,36997.38669000001
Argentina,2015-08-01,45436.51061
Argentina,2015-09-01,49142.94254999999
Argentina,2015-10-01,73637.72918
Argentina,2015-11-01,44498.00763
Argentina,2015-12-01,26001.576729999993
Argentina,2016-01-01,24729.37526999999
Argentina,2016-02-01,28108.935989999994
Argentina,2016-03-01,25705.709870000042
Argentina,2016-04-01,41651.29233000002
Argentina,2016-05-01,52514.29153999999
Argentina,2016-06-01,35980.21348000001
Argentina,2016-07-01,53810.84357999994
Argentina,2016-08-01,61280.58151999998
Argentina,2016-09-01,45674.52582000001
Argentina,2016-10-01,44989.53789000004
Argentina,2016-11-01,39499.08588999998
Argentina,2016-12-01,56976.87735999997
Argentina,2017-01-01,37174.30393000002
Argentina,2017-02-01,39989.20228000002
Argentina,2017-03-01,44859.97392999998
Argentina,2017-04-01,60231.38288999996
Argentina,2017-05-01,38339.43113999998
Argentina,2017-06-01,37487.95495
Argentina,2017-07-01,45487.06638000004
Argentina,2017-08-01,49496.71143999999
Argentina,2017-09-01,43722.95277000003
Argentina,2017-10-01,46337.80248000003
Argentina,2017-11-01,46391.35523999997
Argentina,2017-12-01,61814.61793000001
Argentina,2018-01-01,49309.30054
Argentina,2018-02-01,24795.629969999998
Argentina,2018-03-01,64110.16234000003
Argentina,2018-04-01,59581.00471999996
Argentina,2018-05-01,50674.98101999999
Argentina,2018-06-01,102304.30468999996
Argentina,2018-07-01,58559.729660000005
Argentina,2018-08-01,56957.15633
Argentina,2018-09-01,59189.700320000054
Argentina,2018-10-01,77530.10207000005
Argentina,2018-11-01,62136.31352
Argentina,2018-12-01,66927.58867
Argentina,2019-01-01,78151.98745999999
Argentina,2019-02-01,50546.69339999999
Argentina,2019-03-01,40624.82612999998
Argentina,2019-04-01,65178.47961999999
Argentina,2019-05-01,67006.69776000008
Argentina,2019-06-01,70365.17446999998
Argentina,2019-07-01,72807.49095000008
Argentina,2019-08-01,167019.65497999993
Argentina,2019-09-01,155907.26870999986
Argentina,2019-10-01,85444.67976999993
Argentina,2019-11-01,73504.91898999996
Argentina,2019-12-01,80533.11823000002
Argentina,2020-01-01,62617.045620000084
Argentina,2020-02-01,45444.64713000007
Argentina,2020-03-01,82252.78074000009
Argentina,2020-04-01,41880.75863000001
Argentina,2020-05-01,41629.65192
Argentina,2020-06-01,36371.896449999986
Argentina,2020-07-01,47487.58785000003
Argentina,2020-08-01,72221.53206999994
Argentina,2020-09-01,58857.63765
Argentina,2020-10-01,81106.02097999991
Argentina,2020-11-01,80318.64900000014
Argentina,2020-12-01,74274.01701000017
Argentina,2021-01-01,17393.84606000001
Argentina,2021-02-01,45059.047990000014
Argentina,2021-03-01,47605.10089999998
Argentina,2021-04-01,94188.43680999988
Argentina,2021-05-01,78687.41377999992
Argentina,2021-06-01,112559.96795999994
Argentina,2021-07-01,197509.3739399999
Argentina,2021-08-01,219227.9265399999
Argentina,2021-09-01,143469.59329000016
Argentina,2021-10-01,148635.35233
Argentina,2021-11-01,98556.97605000001
Argentina,2021-12-01,97492.75458
Argentina,2022-01-01,105696.76002000007
Argentina,2022-02-01,79190.84076000006
Argentina,2022-03-01,125572.94254000002
Argentina,2022-04-01,94549.19499999989
Argentina,2022-05-01,118211.89186999996
Argentina,2022-06-01,116953.31036999999
Argentina,2022-07-01,96199.18332999997
Argentina,2022-08-01,169041.83916
Argentina,2022-09-01,202422.7963800001
Argentina,2022-10-01,167167.75068999984
Argentina,2022-11-01,141748.87847999998
Argentina,2022-12-01,223759.31543000005
Argentina,2023-01-01,69911.18580999992
Argentina,2023-02-01,190407.53566000005
Argentina,2023-03-01,147383.74636999998
Argentina,2023-04-01,123488.21863999999
Argentina,2023-05-01,127303.61363000008
Argentina,2023-06-01,111618.86239999987
Argentina,2023-07-01,116578.69499000005
Argentina,2023-08-01,205036.92034000024
Argentina,2023-09-01,101118.75516000004
Argentina,2023-10-01,78763.15106000003
Argentina,2023-11-01,64294.63388
Argentina,2023-12-01,74741.82711000003
Argentina,2024-01-01,92024.35107000005
Argentina,2024-02-01,84849.55484999991
Argentina,2024-03-01,98088.58987000017
Argentina,2024-04-01,74205.85737000001
Argentina,2024-05-01,84003.22226000005
Argentina,2024-06-01,89807.9304
Argentina,2024-07-01,67016.98273000002
Argentina,2024-08-01,54042.12426999997
Argentina,2024-09-01,83378.14110000008
Argentina,2024-10-01,83184.00213999995
Argentina,2024-11-01,83192.03584000008
Argentina,2024-12-01,49474.791610000015
Argentina,2025-01-01,57724.71090000001
Argentina,2025-02-01,72548.86421999997
Argentina,2025-03-01,83291.34960000002
Argentina,2025-04-01,73877.22563000002
Argentina,2025-05-01,71254.55794000003
Argentina,2025-06-01,94932.35758999994
Argentina,2025-07-01,76845.2795699999
Argentina,2025-08-01,97910.86344999999
Argentina,2025-09-01,95091.29146
Argentina,2025-10-01,90694.69976000003
Argentina,2025-11-01,78039.35895000002
Argentina,2025-12-01,75627.58247999995
Argentina,2026-01-01,85351.41103000008
Argentina,2026-02-01,72063.74631999998
Argentina,2026-03-01,64211.04962000005
Argentina,2026-04-01,110244.34268999996
Argentina,2026-05-01,82871.84134999999
Argentina,2026-06-01,93794.58896999995
Austria,2007-01-01,7791.508959999999
Austria,2007-02-01,5477.591280000001
Austria,2007-03-01,7544.995569999997
Austria,2007-04-01,9554.749370000005
Austria,2007-05-01,7991.319680000001
Austria,2007-06-01,9203.901670000005
Austria,2007-07-01,8290.1761
Austria,2007-08-01,9875.890389999993
Austria,2007-09-01,10409.294440000005
Austria,2007-10-01,9509.55119999999
Austria,2007-11-01,8924.429670000003
Austria,2007-12-01,12941.811189999997
Austria,2008-01-01,13747.252700000014
Austria,2008-02-01,7923.468250000003
Austria,2008-03-01,7369.735079999999
Austria,2008-04-01,12561.09176999999
Austria,2008-05-01,7298.357079999998
Austria,2008-06-01,9924.44489
Austria,2008-07-01,10259.818360000007
Austria,2008-08-01,10131.835580000003
Austria,2008-09-01,16914.334540000003
Austria,2008-10-01,12330.17408
Austria,2008-11-01,12246.460079999997
Austria,2008-12-01,12867.94779000001
Austria,2009-01-01,9121.227520000004
Austria,2009-02-01,7165.140400000001
Austria,2009-03-01,10473.59394
Austria,2009-04-01,6534.524509999999
Austria,2009-05-01,7968.49741
Austria,2009-06-01,9488.714459999997
Austria,2009-07-01,7421.98183
Austria,2009-08-01,8153.403500000001
Austria,2009-09-01,6019.8476900000005
Austria,2009-10-01,10556.920930000002
Austria,2009-11-01,7358.27226
Austria,2009-12-01,8394.8505
Austria,2010-01-01,7678.567970000004
Austria,2010-02-01,6739.161000000001
Austria,2010-03-01,9682.380659999999
Austria,2010-04-01,8356.71911
Austria,2010-05-01,11556.099299999998
Austria,2010-06-01,8990.842050000001
Austria,2010-07-01,7184.906839999998
Austria,2010-08-01,10775.952570000001
Austria,2010-09-01,8213.437510000002
Austria,2010-10-01,13033.803230000005
Austria,2010-11-01,14785.261099999998
Austria,2010-12-01,13287.89308
Austria,2011-01-01,8288.490180000003
Austria,2011-02-01,13933.619589999998
Austria,2011-03-01,10218.16612
Austria,2011-04-01,11678.07759
Austria,2011-05-01,15403.662689999997
Austria,2011-06-01,14537.318130000003
Austria,2011-07-01,16297.080080000003
Austria,2011-08-01,15084.891919999996
Austria,2011-09-01,12753.555520000002
Austria,2011-10-01,15060.441789999997
Austria,2011-11-01,12284.361799999999
Austria,2011-12-01,17374.468640000006
Austria,2012-01-01,14676.41703
Austria,2012-02-01,10890.6221
Austria,2012-03-01,13279.505370000003
Austria,2012-04-01,17188.330219999993
Austria,2012-05-01,17501.779819999992
Austria,2012-06-01,11545.682360000003
Austria,2012-07-01,16555.81519
Austria,2012-08-01,12861.46867
Austria,2012-09-01,11663.92194
Austria,2012-10-01,12763.317439999997
Austria,2012-11-01,10763.153209999999
Austria,2012-12-01,12219.366090000001
Austria,2013-01-01,11649.109209999997
Austria,2013-02-01,10517.909580000001
Austria,2013-03-01,14920.261699999995
Austria,2013-04-01,19304.48125
Austria,2013-05-01,16280.786509999994
Austria,2013-06-01,15785.703540000004
Austria,2013-07-01,22470.677909999995
Austria,2013-08-01,16561.269390000005
Austria,2013-09-01,17263.42759
Austria,2013-10-01,11917.73238
Austria,2013-11-01,14195.987289999997
Austria,2013-12-01,12229.773090000002
Austria,2014-01-01,21562.07871
Austria,2014-02-01,17364.545720000002
Austria,2014-03-01,12051.134680000001
Austria,2014-04-01,15367.080689999999
Austria,2014-05-01,16856.402450000005
Austria,2014-06-01,13701.757689999999
Austria,2014-07-01,16810.514660000004
Austria,2014-08-01,12669.922540000003
Austria,2014-09-01,16066.314220000006
Austria,2014-10-01,12925.284730000001
Austria,2014-11-01,12131.840329999997
Austria,2014-12-01,13649.979879999999
Austria,2015-01-01,13750.992530000007
Austria,2015-02-01,13802.371420000001
Austria,2015-03-01,27009.731930000013
Austria,2015-04-01,12571.551609999997
Austria,2015-05-01,15326.108359999997
Austria,2015-06-01,14085.559129999996
Austria,2015-07-01,14397.981749999997
Austria,2015-08-01,16720.252800000006
Austria,2015-09-01,12760.148070000001
Austria,2015-10-01,12383.976279999993
Austria,2015-11-01,10243.961899999998
Austria,2015-12-01,12195.36011
Austria,2016-01-01,9536.262069999999
Austria,2016-02-01,12678.920389999996
Austria,2016-03-01,10626.824070000004
Austria,2016-04-01,9128.877050000006
Austria,2016-05-01,9225.560879999999
Austria,2016-06-01,15295.364749999997
Austria,2016-07-01,9176.983400000003
Austria,2016-08-01,11532.209690000002
Austria,2016-09-01,12369.797679999998
Austria,2016-10-01,11417.282599999999
Austria,2016-11-01,13880.27830000001
Austria,2016-12-01,16675.717710000004
Austria,2017-01-01,11321.607419999998
Austria,2017-02-01,10800.073180000014
Austria,2017-03-01,12424.844719999996
Austria,2017-04-01,10106.171449999996
Austria,2017-05-01,13309.774600000006
Austria,2017-06-01,21880.657930000034
Austria,2017-07-01,14105.988550000004
Austria,2017-08-01,14292.424549999985
Austria,2017-09-01,17473.425089999986
Austria,2017-10-01,13458.917289999992
Austria,2017-11-01,16141.999730000003
Austria,2017-12-01,16213.439709999977
Austria,2018-01-01,10580.899100000006
Austria,2018-02-01,12618.289749999987
Austria,2018-03-01,11407.526609999994
Austria,2018-04-01,12582.846240000004
Austria,2018-05-01,10792.548000000017
Austria,2018-06-01,8359.049230000004
Austria,2018-07-01,15396.923819999987
Austria,2018-08-01,10882.246549999998
Austria,2018-09-01,13283.010209999993
Austria,2018-10-01,14959.045770000015
Austria,2018-11-01,11464.789689999994
Austria,2018-12-01,17527.963199999984
Austria,2019-01-01,14092.117210000006
Austria,2019-02-01,9402.976659999995
Austria,2019-03-01,13318.795700000006
Austria,2019-04-01,10900.09686
Austria,2019-05-01,11319.657400000013
Austria,2019-06-01,10471.301349999989
Austria,2019-07-01,14879.720740000022
Austria,2019-08-01,14543.587860000005
Austria,2019-09-01,12918.234910000003
Austria,2019-10-01,14268.02198000001
Austria,2019-11-01,14561.780390000002
Austria,2019-12-01,12284.965950000002
Austria,2020-01-01,11321.592679999998
Austria,2020-02-01,13254.417779999998
Austria,2020-03-01,9524.090209999995
Austria,2020-04-01,8777.667269999998
Austria,2020-05-01,10357.628959999993
Austria,2020-06-01,8238.3714
Austria,2020-07-01,9614.110239999993
Austria,2020-08-01,8044.719899999994
Austria,2020-09-01,9854.283810000008
Austria,2020-10-01,9085.308729999999
Austria,2020-11-01,8923.288350000003
Austria,2020-12-01,9988.749960000001
Austria,2021-01-01,9114.976950000004
Austria,2021-02-01,9679.762160000017
Austria,2021-03-01,12562.051250000002
Austria,2021-04-01,19282.310450000008
Austria,2021-05-01,9531.688990000006
Austria,2021-06-01,11539.273349999998
Austria,2021-07-01,13731.620540000009
Austria,2021-08-01,11223.895939999986
Austria,2021-09-01,12910.748200000002
Austria,2021-10-01,12467.370220000006
Austria,2021-11-01,16318.706390000007
Austria,2021-12-01,11935.673220000004
Austria,2022-01-01,9793.670720000004
Austria,2022-02-01,15747.29327999999
Austria,2022-03-01,11141.831000000004
Austria,2022-04-01,13576.627369999987
Austria,2022-05-01,10763.112890000006
Austria,2022-06-01,11086.795770000004
Austria,2022-07-01,13010.583879999991
Austria,2022-08-01,15433.295429999998
Austria,2022-09-01,18180.40391
Austria,2022-10-01,13361.212299999985
Austria,2022-11-01,15428.02296999999
Austria,2022-12-01,17967.914889999996
Austria,2023-01-01,14340.565880000004
Austria,2023-02-01,12870.88365
Austria,2023-03-01,11929.330159999996
Austria,2023-04-01,13039.628450000006
Austria,2023-05-01,15915.891679999993
Austria,2023-06-01,16637.923360000004
Austria,2023-07-01,21247.815239999996
Austria,2023-08-01,13359.368950000011
Austria,2023-09-01,14606.951730000012
Austria,2023-10-01,15391.339369999998
Austria,2023-11-01,17427.88428000001
Austria,2023-12-01,12605.785689999999
Austria,2024-01-01,12727.417610000013
Austria,2024-02-01,17705.59971000001
Austria,2024-03-01,15685.479939999997
Austria,2024-04-01,24699.55073000001
Austria,2024-05-01,14237.750740000007
Austria,2024-06-01,11225.601619999996
Austria,2024-07-01,10273.420440000009
Austria,2024-08-01,15975.910229999996
Austria,2024-09-01,14222.55594
Austria,2024-10-01,14794.549899999996
Austria,2024-11-01,23248.972410000002
Austria,2024-12-01,18881.69324000002
Austria,2025-01-01,8843.60529000001
Austria,2025-02-01,13559.143339999993
Austria,2025-03-01,13442.240380000005
Austria,2025-04-01,19199.88895999999
Austria,2025-05-01,19113.68305
Austria,2025-06-01,12640.767860000009
Austria,2025-07-01,13553.171970000005
Austria,2025-08-01,16859.875689999986
Austria,2025-09-01,16545.909689999997
Austria,2025-10-01,13884.936359999992
Austria,2025-11-01,11531.238600000004
Austria,2025-12-01,15492.980150000016
Austria,2026-01-01,18930.786979999997
Austria,2026-02-01,14006.120889999997
Austria,2026-03-01,14944.34910000001
Austria,2026-04-01,13682.080780000002
Austria,2026-05-01,15548.44199
Austria,2026-06-01,15211.774790000001
Bolivia,2007-01-01,14992.60346
Bolivia,2007-02-01,5127.34208
Bolivia,2007-03-01,8162.94956
Bolivia,2007-04-01,5743.303390000001
Bolivia,2007-05-01,7062.5644900000025
Bolivia,2007-06-01,13015.06666
Bolivia,2007-07-01,12136.72433
Bolivia,2007-08-01,20635.277070000004
Bolivia,2007-09-01,7109.80275
Bolivia,2007-10-01,20030.327819999995
Bolivia,2007-11-01,13289.26256
Bolivia,2007-12-01,15773.986200000005
Bolivia,2008-01-01,22001.86226
Bolivia,2008-02-01,13651.954300000001
Bolivia,2008-03-01,20223.93981000001
Bolivia,2008-04-01,12461.18878
Bolivia,2008-05-01,23306.20168
Bolivia,2008-06-01,18040.27984000001
Bolivia,2008-07-01,28751.01622
Bolivia,2008-08-01,12860.214199999997
Bolivia,2008-09-01,31094.067460000002
Bolivia,2008-10-01,16606.682780000003
Bolivia,2008-11-01,17740.09137
Bolivia,2008-12-01,12306.466299999995
Bolivia,2009-01-01,10248.144530000005
Bolivia,2009-02-01,11801.54475
Bolivia,2009-03-01,13298.370949999999
Bolivia,2009-04-01,18622.37645
Bolivia,2009-05-01,18040.03682
Bolivia,2009-06-01,15790.084649999997
Bolivia,2009-07-01,36487.61042
Bolivia,2009-08-01,15099.077630000002
Bolivia,2009-09-01,25585.19018
Bolivia,2009-10-01,21062.788080000002
Bolivia,2009-11-01,34267.61399
Bolivia,2009-12-01,24657.834990000003
Bolivia,2010-01-01,27527.02169000001
Bolivia,2010-02-01,16806.0311
Bolivia,2010-03-01,23729.898509999995
Bolivia,2010-04-01,12803.244219999999
Bolivia,2010-05-01,13999.618729999998
Bolivia,2010-06-01,21235.47274
Bolivia,2010-07-01,18576.374989999997
Bolivia,2010-08-01,24676.522660000006
Bolivia,2010-09-01,24523.09823
Bolivia,2010-10-01,36592.093799999995
Bolivia,2010-11-01,27997.059120000005
Bolivia,2010-12-01,20365.117950000003
Bolivia,2011-01-01,17965.318660000008
Bolivia,2011-02-01,12493.860629999994
Bolivia,2011-03-01,10308.33713
Bolivia,2011-04-01,4291.103080000001
Bolivia,2011-05-01,10311.426699999996
Bolivia,2011-06-01,3710.968999999999
Bolivia,2011-07-01,6462.019590000001
Bolivia,2011-08-01,9552.07161
Bolivia,2011-09-01,10457.363749999999
Bolivia,2011-10-01,23991.257009999998
Bolivia,2011-11-01,29046.0971
Bolivia,2011-12-01,28448.06881
Bolivia,2012-01-01,14240.832579999998
Bolivia,2012-02-01,12382.58539
Bolivia,2012-03-01,10049.296160000002
Bolivia,2012-04-01,22099.71124
Bolivia,2012-05-01,26660.109999999993
Bolivia,2012-06-01,19742.921899999998
Bolivia,2012-07-01,16381.567860000001
Bolivia,2012-08-01,27918.295120000006
Bolivia,2012-09-01,22727.498069999998
Bolivia,2012-10-01,53589.38556999999
Bolivia,2012-11-01,28596.20082
Bolivia,2012-12-01,28147.643099999998
Bolivia,2013-01-01,35472.679019999996
Bolivia,2013-02-01,14972.189060000006
Bolivia,2013-03-01,15950.167890000002
Bolivia,2013-04-01,25198.07791
Bolivia,2013-05-01,46934.04771999999
Bolivia,2013-06-01,52994.883289999976
Bolivia,2013-07-01,50618.380860000005
Bolivia,2013-08-01,60713.012709999995
Bolivia,2013-09-01,51853.45686999999
Bolivia,2013-10-01,80966.18547
Bolivia,2013-11-01,61630.33734
Bolivia,2013-12-01,50436.70473
Bolivia,2014-01-01,54026.978579999995
Bolivia,2014-02-01,29206.740009999998
Bolivia,2014-03-01,39870.74811000001
Bolivia,2014-04-01,37298.51389
Bolivia,2014-05-01,48301.20448999999
Bolivia,2014-06-01,47654.13568000001
Bolivia,2014-07-01,60594.94490000001
Bolivia,2014-08-01,42485.68607000002
Bolivia,2014-09-01,59834.75685000001
Bolivia,2014-10-01,62580.93859000001
Bolivia,2014-11-01,38780.06419
Bolivia,2014-12-01,30981.377659999987
Bolivia,2015-01-01,11740.47783
Bolivia,2015-02-01,19612.608199999995
Bolivia,2015-03-01,13691.244520000002
Bolivia,2015-04-01,21312.485859999997
Bolivia,2015-05-01,22733.61451
Bolivia,2015-06-01,33276.90466000001
Bolivia,2015-07-01,59920.56465000001
Bolivia,2015-08-01,73213.55048
Bolivia,2015-09-01,29910.134370000007
Bolivia,2015-10-01,42933.72125
Bolivia,2015-11-01,61638.80585
Bolivia,2015-12-01,42432.05900999999
Bolivia,2016-01-01,37466.44462
Bolivia,2016-02-01,30960.36245
Bolivia,2016-03-01,14840.946469999997
Bolivia,2016-04-01,31564.92696
Bolivia,2016-05-01,35332.27230999999
Bolivia,2016-06-01,39981.598559999984
Bolivia,2016-07-01,53166.77102
Bolivia,2016-08-01,65851.27496
Bolivia,2016-09-01,82360.90650000001
Bolivia,2016-10-01,51589.091
Bolivia,2016-11-01,49271.140510000005
Bolivia,2016-12-01,41770.43225
Bolivia,2017-01-01,22501.53606
Bolivia,2017-02-01,30537.07672
Bolivia,2017-03-01,21959.60487000001
Bolivia,2017-04-01,15918.83726
Bolivia,2017-05-01,17831.92764000001
Bolivia,2017-06-01,23087.292749999997
Bolivia,2017-07-01,21267.505070000003
Bolivia,2017-08-01,50026.59338
Bolivia,2017-09-01,33587.943479999994
Bolivia,2017-10-01,36180.33243
Bolivia,2017-11-01,54589.91662000001
Bolivia,2017-12-01,25820.429920000006
Bolivia,2018-01-01,18080.139900000002
Bolivia,2018-02-01,15646.0254
Bolivia,2018-03-01,19583.282749999995
Bolivia,2018-04-01,15060.29979
Bolivia,2018-05-01,30626.082389999992
Bolivia,2018-06-01,45604.830480000004
Bolivia,2018-07-01,37361.59806999999
Bolivia,2018-08-01,40139.79215
Bolivia,2018-09-01,19485.65296
Bolivia,2018-10-01,38404.29577999999
Bolivia,2018-11-01,25305.30055
Bolivia,2018-12-01,25131.64254
Bolivia,2019-01-01,16097.93137
Bolivia,2019-02-01,21220.19457
Bolivia,2019-03-01,16900.35771
Bolivia,2019-04-01,29359.356809999994
Bolivia,2019-05-01,35358.427560000004
Bolivia,2019-06-01,42751.665089999995
Bolivia,2019-07-01,52168.72633
Bolivia,2019-08-01,41965.584969999996
Bolivia,2019-09-01,53621.653280000006
Bolivia,2019-10-01,43238.26640000001
Bolivia,2019-11-01,38540.18360999999
Bolivia,2019-12-01,34028.02439
Bolivia,2020-01-01,20811.89867999999
Bolivia,2020-02-01,20788.35354
Bolivia,2020-03-01,18432.865200000004
Bolivia,2020-04-01,31140.079550000002
Bolivia,2020-05-01,18397.45793
Bolivia,2020-06-01,33135.26730000001
Bolivia,2020-07-01,25792.6242
Bolivia,2020-08-01,15444.43636
Bolivia,2020-09-01,38002.27206999999
Bolivia,2020-10-01,42814.08498999999
Bolivia,2020-11-01,28508.063910000004
Bolivia,2020-12-01,33733.05370999999
Bolivia,2021-01-01,19842.52225
Bolivia,2021-02-01,42653.47675999999
Bolivia,2021-03-01,41403.854940000005
Bolivia,2021-04-01,32025.637989999996
Bolivia,2021-05-01,49258.75882
Bolivia,2021-06-01,38323.50939
Bolivia,2021-07-01,56839.971569999994
Bolivia,2021-08-01,33286.401789999996
Bolivia,2021-09-01,51545.09460999999
Bolivia,2021-10-01,48244.10885999999
Bolivia,2021-11-01,53400.71316999999
Bolivia,2021-12-01,57042.17209
Bolivia,2022-01-01,54504.9783
Bolivia,2022-02-01,36716.68823000001
Bolivia,2022-03-01,52296.743330000005
Bolivia,2022-04-01,41602.143139999986
Bolivia,2022-05-01,38158.87797000001
Bolivia,2022-06-01,49992.39378
Bolivia,2022-07-01,55611.80593999999
Bolivia,2022-08-01,47697.41421
Bolivia,2022-09-01,55324.94667000001
Bolivia,2022-10-01,55246.687240000014
Bolivia,2022-11-01,33864.57084
Bolivia,2022-12-01,35736.92979000001
Bolivia,2023-01-01,50040.456010000016
Bolivia,2023-02-01,30807.91437
Bolivia,2023-03-01,17906.530329999998
Bolivia,2023-04-01,11953.11549
Bolivia,2023-05-01,33068.11637
Bolivia,2023-06-01,25550.85513
Bolivia,2023-07-01,41261.815259999996
Bolivia,2023-08-01,67549.38110000001
Bolivia,2023-09-01,26453.357070000002
Bolivia,2023-10-01,70016.3492
Bolivia,2023-11-01,43509.65987
Bolivia,2023-12-01,40033.361010000015
Bolivia,2024-01-01,59343.051089999986
Bolivia,2024-02-01,36644.44065999999
Bolivia,2024-03-01,19507.841989999997
Bolivia,2024-04-01,17814.807470000007
Bolivia,2024-05-01,55808.8858
Bolivia,2024-06-01,43455.89325000001
Bolivia,2024-07-01,39913.87634
Bolivia,2024-08-01,27319.280759999998
Bolivia,2024-09-01,55111.4777
Bolivia,2024-10-01,43210.2585
Bolivia,2024-11-01,30173.63426
Bolivia,2024-12-01,17628.915330000007
Bolivia,2025-01-01,26955.76783
Bolivia,2025-02-01,23056.501049999995
Bolivia,2025-03-01,24361.733010000004
Bolivia,2025-04-01,14799.25664
Bolivia,2025-05-01,35505.57528999999
Bolivia,2025-06-01,32040.69062
Bolivia,2025-07-01,31201.67794
Bolivia,2025-08-01,48172.23801
Bolivia,2025-09-01,45360.97496
Bolivia,2025-10-01,42348.79719999999
Bolivia,2025-11-01,45925.169470000015
Bolivia,2025-12-01,39257.37611
Bolivia,2026-01-01,52679.96254999999
Bolivia,2026-02-01,30003.399810000003
Bolivia,2026-03-01,16045.74345
Bolivia,2026-04-01,30190.319789999994
Bolivia,2026-05-01,27358.42642
Bolivia,2026-06-01,44257.25371000001
Brasil,2007-01-01,208664.6768699999
Brasil,2007-02-01,243471.32251999984
Brasil,2007-03-01,248727.66854000028
Brasil,2007-04-01,172406.9304200002
Brasil,2007-05-01,180237.5953199996
Brasil,2007-06-01,151766.4619400001
Brasil,2007-07-01,195716.3570300002
Brasil,2007-08-01,180905.5566000002
Brasil,2007-09-01,191520.9998099999
Brasil,2007-10-01,200308.8324500002
Brasil,2007-11-01,242790.35853999996
Brasil,2007-12-01,177423.11498999986
Brasil,2008-01-01,204356.76967999988
Brasil,2008-02-01,157902.7481599999
Brasil,2008-03-01,143278.38935999988
Brasil,2008-04-01,178095.68607
Brasil,2008-05-01,148151.88292999985
Brasil,2008-06-01,223400.53366000004
Brasil,2008-07-01,210143.73051999995
Brasil,2008-08-01,263818.01272
Brasil,2008-09-01,227124.42282000027
Brasil,2008-10-01,188065.53880000007
Brasil,2008-11-01,189424.02305000037
Brasil,2008-12-01,194653.81935
Brasil,2009-01-01,144875.28313999987
Brasil,2009-02-01,199839.08492999963
Brasil,2009-03-01,237135.4322500004
Brasil,2009-04-01,206972.81675000006
Brasil,2009-05-01,129929.54759000005
Brasil,2009-06-01,203195.5586599999
Brasil,2009-07-01,166245.6032199999
Brasil,2009-08-01,159468.1489200001
Brasil,2009-09-01,165086.5421999999
Brasil,2009-10-01,166922.33539999984
Brasil,2009-11-01,162734.83578000014
Brasil,2009-12-01,204173.05867000003
Brasil,2010-01-01,138091.18691999977
Brasil,2010-02-01,204723.03311999983
Brasil,2010-03-01,260555.8170799998
Brasil,2010-04-01,162875.51068999985
Brasil,2010-05-01,207833.64470999994
Brasil,2010-06-01,182668.61879999973
Brasil,2010-07-01,142289.27322999993
Brasil,2010-08-01,243330.32331000056
Brasil,2010-09-01,194232.27646999995
Brasil,2010-10-01,210849.5771000002
Brasil,2010-11-01,208862.81460000013
Brasil,2010-12-01,213324.46301000033
Brasil,2011-01-01,198938.34187999993
Brasil,2011-02-01,186350.06929999997
Brasil,2011-03-01,259132.00749999986
Brasil,2011-04-01,185597.66621999998
Brasil,2011-05-01,274769.05100000056
Brasil,2011-06-01,264402.8201300003
Brasil,2011-07-01,240268.66791
Brasil,2011-08-01,247319.9323799998
Brasil,2011-09-01,247815.28003999987
Brasil,2011-10-01,197642.11508000013
Brasil,2011-11-01,233277.96117000002
Brasil,2011-12-01,204734.15433999983
Brasil,2012-01-01,246364.6363400001
Brasil,2012-02-01,211517.91968
Brasil,2012-03-01,259304.73132000008
Brasil,2012-04-01,207055.6471699999
Brasil,2012-05-01,236833.36124
Brasil,2012-06-01,243850.93151000002
Brasil,2012-07-01,233086.09779999996
Brasil,2012-08-01,280214.4355900001
Brasil,2012-09-01,212859.68281000006
Brasil,2012-10-01,245352.55335000006
Brasil,2012-11-01,253572.96607999995
Brasil,2012-12-01,221304.36032999997
Brasil,2013-01-01,254883.23930000002
Brasil,2013-02-01,204585.27112000008
Brasil,2013-03-01,198670.5316700001
Brasil,2013-04-01,242604.58915999994
Brasil,2013-05-01,201421.68139000004
Brasil,2013-06-01,172152.59687000007
Brasil,2013-07-01,212294.33046999993
Brasil,2013-08-01,199293.24224999995
Brasil,2013-09-01,243346.35218999995
Brasil,2013-10-01,227344.58878999986
Brasil,2013-11-01,245119.68632
Brasil,2013-12-01,188763.43424999987
Brasil,2014-01-01,257681.26467999996
Brasil,2014-02-01,191961.29557999992
Brasil,2014-03-01,182857.84897000005
Brasil,2014-04-01,219995.68242999993
Brasil,2014-05-01,184285.30233000003
Brasil,2014-06-01,167487.91788999998
Brasil,2014-07-01,245574.91331999996
Brasil,2014-08-01,227600.02241000006
Brasil,2014-09-01,204191.06423999992
Brasil,2014-10-01,212887.43932999996
Brasil,2014-11-01,163497.19662999996
Brasil,2014-12-01,207539.1194
Brasil,2015-01-01,144948.70752000008
Brasil,2015-02-01,152880.95482999997
Brasil,2015-03-01,156315.00711
Brasil,2015-04-01,166354.9171499999
Brasil,2015-05-01,174913.39296
Brasil,2015-06-01,174681.16953
Brasil,2015-07-01,208866.04636999997
Brasil,2015-08-01,138929.20102000007
Brasil,2015-09-01,170371.7359299999
Brasil,2015-10-01,185355.02662000002
Brasil,2015-11-01,202758.06890000007
Brasil,2015-12-01,207935.78353999997
Brasil,2016-01-01,156137.62428000022
Brasil,2016-02-01,143254.84210999997
Brasil,2016-03-01,161651.29494999995
Brasil,2016-04-01,173318.06089000014
Brasil,2016-05-01,159836.50019000002
Brasil,2016-06-01,202208.59222999954
Brasil,2016-07-01,172345.6529700004
Brasil,2016-08-01,201554.79994999952
Brasil,2016-09-01,180886.51159999982
Brasil,2016-10-01,163565.86225000003
Brasil,2016-11-01,188954.35756000027
Brasil,2016-12-01,213637.0061300001
Brasil,2017-01-01,181549.1007
Brasil,2017-02-01,172139.96693000002
Brasil,2017-03-01,192161.90986999954
Brasil,2017-04-01,170683.03149999995
Brasil,2017-05-01,206868.74630999955
Brasil,2017-06-01,195566.95480000007
Brasil,2017-07-01,184341.5479300004
Brasil,2017-08-01,198825.89482999992
Brasil,2017-09-01,178347.66573999956
Brasil,2017-10-01,201218.79083999994
Brasil,2017-11-01,203969.33140000002
Brasil,2017-12-01,200339.76509999984
Brasil,2018-01-01,241302.37590999997
Brasil,2018-02-01,201661.10531999986
Brasil,2018-03-01,195534.78113999998
Brasil,2018-04-01,250476.50537000012
Brasil,2018-05-01,238383.02605000045
Brasil,2018-06-01,171433.9364900001
Brasil,2018-07-01,253381.08859999996
Brasil,2018-08-01,273890.1546399996
Brasil,2018-09-01,240266.00475000008
Brasil,2018-10-01,279027.5252899997
Brasil,2018-11-01,239514.23173999984
Brasil,2018-12-01,243333.94566999964
Brasil,2019-01-01,275269.1629100002
Brasil,2019-02-01,200228.33876000013
Brasil,2019-03-01,241744.57186999993
Brasil,2019-04-01,257437.73717000007
Brasil,2019-05-01,291145.53351000015
Brasil,2019-06-01,222499.99616
Brasil,2019-07-01,272136.60059999954
Brasil,2019-08-01,320703.73291999934
Brasil,2019-09-01,265275.1181699999
Brasil,2019-10-01,262851.6163700001
Brasil,2019-11-01,281801.2174499997
Brasil,2019-12-01,282900.38984000013
Brasil,2020-01-01,202322.5966600005
Brasil,2020-02-01,175994.19875000024
Brasil,2020-03-01,220363.1756599997
Brasil,2020-04-01,174604.05986999968
Brasil,2020-05-01,138699.34850000028
Brasil,2020-06-01,138790.97181999992
Brasil,2020-07-01,178510.15954999998
Brasil,2020-08-01,195061.87126
Brasil,2020-09-01,208473.99292000014
Brasil,2020-10-01,224460.8321200001
Brasil,2020-11-01,273232.46335000015
Brasil,2020-12-01,304975.8278100003
Brasil,2021-01-01,186947.42108999993
Brasil,2021-02-01,194793.59628
Brasil,2021-03-01,257362.1578299996
Brasil,2021-04-01,254276.53342000008
Brasil,2021-05-01,312351.35314999986
Brasil,2021-06-01,313771.74233000015
Brasil,2021-07-01,235300.77887000007
Brasil,2021-08-01,312548.6483400003
Brasil,2021-09-01,407662.35001999984
Brasil,2021-10-01,335579.74050999974
Brasil,2021-11-01,362633.00323
Brasil,2021-12-01,329089.7178500001
Brasil,2022-01-01,350979.2086500001
Brasil,2022-02-01,310099.41327
Brasil,2022-03-01,408834.05672999984
Brasil,2022-04-01,361431.51707000076
Brasil,2022-05-01,447717.84336999967
Brasil,2022-06-01,396062.5677499999
Brasil,2022-07-01,546387.9016700004
Brasil,2022-08-01,644443.0863399995
Brasil,2022-09-01,537005.6302300006
Brasil,2022-10-01,509622.76494000014
Brasil,2022-11-01,523386.7839300006
Brasil,2022-12-01,459178.74033999897
Brasil,2023-01-01,515167.08929000056
Brasil,2023-02-01,396735.16050000023
Brasil,2023-03-01,359994.42147999984
Brasil,2023-04-01,286178.89732000034
Brasil,2023-05-01,354290.6158699997
Brasil,2023-06-01,344558.11980999954
Brasil,2023-07-01,366458.30569000036
Brasil,2023-08-01,376707.8368900007
Brasil,2023-09-01,237828.8366099998
Brasil,2023-10-01,251153.65035
Brasil,2023-11-01,292803.72414000035
Brasil,2023-12-01,263008.7186699996
Brasil,2024-01-01,275590.8642300002
Brasil,2024-02-01,226902.6805600004
Brasil,2024-03-01,282408.62820999976
Brasil,2024-04-01,301451.43662000005
Brasil,2024-05-01,291507.6666500009
Brasil,2024-06-01,246271.17765000006
Brasil,2024-07-01,335036.0607999999
Brasil,2024-08-01,243615.66516000047
Brasil,2024-09-01,284952.82033999957
Brasil,2024-10-01,295678.0412300005
Brasil,2024-11-01,303721.2640300002
Brasil,2024-12-01,271613.7235600003
Brasil,2025-01-01,239020.05151999986
Brasil,2025-02-01,237291.54868999976
Brasil,2025-03-01,261155.64611000006
Brasil,2025-04-01,273371.38262999983
Brasil,2025-05-01,313365.2315499998
Brasil,2025-06-01,299499.5964200003
Brasil,2025-07-01,355141.7512099997
Brasil,2025-08-01,348684.0582299998
Brasil,2025-09-01,378853.5805400002
Brasil,2025-10-01,262362.74813
Brasil,2025-11-01,275162.74109000014
Brasil,2025-12-01,271727.6777599997
Brasil,2026-01-01,268634.5099099999
Brasil,2026-02-01,229507.5225199997
Brasil,2026-03-01,293511.06975999987
Brasil,2026-04-01,412917.0701999998
Brasil,2026-05-01,374177.60061000026
Brasil,2026-06-01,367461.45667000086
Bélgica,2007-01-01,8485.552179999995
Bélgica,2007-02-01,7001.274060000001
Bélgica,2007-03-01,14668.102109999994
Bélgica,2007-04-01,7706.871609999999
Bélgica,2007-05-01,12263.678980000006
Bélgica,2007-06-01,10831.212260000006
Bélgica,2007-07-01,10561.861729999997
Bélgica,2007-08-01,14921.72538999999
Bélgica,2007-09-01,8776.911189999995
Bélgica,2007-10-01,12239.615829999997
Bélgica,2007-11-01,13592.9952
Bélgica,2007-12-01,10698.52775000001
Bélgica,2008-01-01,11767.506580000001
Bélgica,2008-02-01,11357.470050000005
Bélgica,2008-03-01,11685.551130000003
Bélgica,2008-04-01,11137.02661
Bélgica,2008-05-01,10036.753099999994
Bélgica,2008-06-01,11572.82997999998
Bélgica,2008-07-01,14285.123019999999
Bélgica,2008-08-01,10809.645599999996
Bélgica,2008-09-01,9889.253439999999
Bélgica,2008-10-01,12473.636920000003
Bélgica,2008-11-01,11263.195310000003
Bélgica,2008-12-01,11068.471049999993
Bélgica,2009-01-01,15510.716779999995
Bélgica,2009-02-01,11210.654770000006
Bélgica,2009-03-01,11129.273950000004
Bélgica,2009-04-01,13147.716520000004
Bélgica,2009-05-01,11706.966440000002
Bélgica,2009-06-01,11185.56418
Bélgica,2009-07-01,19095.536580000007
Bélgica,2009-08-01,6149.588430000001
Bélgica,2009-09-01,13125.279739999994
Bélgica,2009-10-01,13186.704780000004
Bélgica,2009-11-01,18114.81612
Bélgica,2009-12-01,16944.693410000003
Bélgica,2010-01-01,12480.31836
Bélgica,2010-02-01,9523.54656
Bélgica,2010-03-01,12348.740899999999
Bélgica,2010-04-01,10133.62725
Bélgica,2010-05-01,13875.431409999994
Bélgica,2010-06-01,12669.265299999997
Bélgica,2010-07-01,13946.638700000007
Bélgica,2010-08-01,13857.810710000002
Bélgica,2010-09-01,15434.126060000002
Bélgica,2010-10-01,15988.033339999996
Bélgica,2010-11-01,16980.76294
Bélgica,2010-12-01,14506.403660000004
Bélgica,2011-01-01,18660.391610000006
Bélgica,2011-02-01,15477.737920000012
Bélgica,2011-03-01,18611.150529999995
Bélgica,2011-04-01,12795.870859999999
Bélgica,2011-05-01,17559.19742
Bélgica,2011-06-01,15752.08412
Bélgica,2011-07-01,16532.872810000004
Bélgica,2011-08-01,17712.21712
Bélgica,2011-09-01,20968.548839999996
Bélgica,2011-10-01,33662.60738000001
Bélgica,2011-11-01,21061.808470000004
Bélgica,2011-12-01,14591.91364
Bélgica,2012-01-01,18049.300990000003
Bélgica,2012-02-01,15354.709250000004
Bélgica,2012-03-01,35319.921969999996
Bélgica,2012-04-01,17356.909010000003
Bélgica,2012-05-01,25817.995220000004
Bélgica,2012-06-01,21902.283810000004
Bélgica,2012-07-01,31525.91034
Bélgica,2012-08-01,18917.840220000002
Bélgica,2012-09-01,35726.840529999994
Bélgica,2012-10-01,24646.703229999992
Bélgica,2012-11-01,21716.016519999997
Bélgica,2012-12-01,35037.267369999994
Bélgica,2013-01-01,21278.346760000004
Bélgica,2013-02-01,23036.588330000006
Bélgica,2013-03-01,23092.11889
Bélgica,2013-04-01,31902.01281999999
Bélgica,2013-05-01,26922.577970000006
Bélgica,2013-06-01,21037.484829999994
Bélgica,2013-07-01,29964.703900000004
Bélgica,2013-08-01,19152.784099999993
Bélgica,2013-09-01,19132.329390000006
Bélgica,2013-10-01,23228.47643999999
Bélgica,2013-11-01,31414.942270000003
Bélgica,2013-12-01,24650.861170000007
Bélgica,2014-01-01,20800.918449999994
Bélgica,2014-02-01,26760.63788000001
Bélgica,2014-03-01,15948.875739999996
Bélgica,2014-04-01,23925.580100000003
Bélgica,2014-05-01,20533.937150000005
Bélgica,2014-06-01,14307.309500000001
Bélgica,2014-07-01,34820.94237999998
Bélgica,2014-08-01,15808.577239999999
Bélgica,2014-09-01,21766.57946
Bélgica,2014-10-01,16038.51723
Bélgica,2014-11-01,20028.916319999997
Bélgica,2014-12-01,29586.118299999984
Bélgica,2015-01-01,17807.832150000002
Bélgica,2015-02-01,21984.402289999995
Bélgica,2015-03-01,20825.569809999997
Bélgica,2015-04-01,16074.151009999994
Bélgica,2015-05-01,15874.12352
Bélgica,2015-06-01,18056.062539999995
Bélgica,2015-07-01,17684.047860000002
Bélgica,2015-08-01,18046.745400000003
Bélgica,2015-09-01,18420.700750000004
Bélgica,2015-10-01,21979.698539999998
Bélgica,2015-11-01,21784.326870000004
Bélgica,2015-12-01,15108.497760000002
Bélgica,2016-01-01,15036.196449999998
Bélgica,2016-02-01,13241.37455
Bélgica,2016-03-01,15389.475350000004
Bélgica,2016-04-01,21161.29820999999
Bélgica,2016-05-01,12204.686670000016
Bélgica,2016-06-01,13844.615740000016
Bélgica,2016-07-01,21524.50342000001
Bélgica,2016-08-01,14741.791129999983
Bélgica,2016-09-01,23840.996060000005
Bélgica,2016-10-01,24417.18253000002
Bélgica,2016-11-01,13713.593549999992
Bélgica,2016-12-01,12761.776130000004
Bélgica,2017-01-01,18436.284409999993
Bélgica,2017-02-01,17091.183550000005
Bélgica,2017-03-01,17049.122699999985
Bélgica,2017-04-01,13944.914419999994
Bélgica,2017-05-01,18465.773790000007
Bélgica,2017-06-01,21428.628640000014
Bélgica,2017-07-01,26101.29149000001
Bélgica,2017-08-01,27068.83278000004
Bélgica,2017-09-01,18848.36031000002
Bélgica,2017-10-01,19650.179139999986
Bélgica,2017-11-01,22839.336269999985
Bélgica,2017-12-01,18309.73286999999
Bélgica,2018-01-01,20717.35462
Bélgica,2018-02-01,17500.052430000025
Bélgica,2018-03-01,18804.09945999999
Bélgica,2018-04-01,32032.844550000023
Bélgica,2018-05-01,20643.18892000002
Bélgica,2018-06-01,17681.419749999994
Bélgica,2018-07-01,23675.623730000018
Bélgica,2018-08-01,28947.78848999998
Bélgica,2018-09-01,16249.285870000007
Bélgica,2018-10-01,20224.909019999996
Bélgica,2018-11-01,17783.89242
Bélgica,2018-12-01,28682.290369999966
Bélgica,2019-01-01,26172.631380000006
Bélgica,2019-02-01,19772.98058000001
Bélgica,2019-03-01,15568.357829999977
Bélgica,2019-04-01,17517.905400000007
Bélgica,2019-05-01,23099.24477000001
Bélgica,2019-06-01,27154.907500000023
Bélgica,2019-07-01,30418.00431999999
Bélgica,2019-08-01,20400.162290000007
Bélgica,2019-09-01,23150.374750000028
Bélgica,2019-10-01,32907.33174999999
Bélgica,2019-11-01,20016.275130000016
Bélgica,2019-12-01,30283.626869999986
Bélgica,2020-01-01,24531.32171000001
Bélgica,2020-02-01,17045.95007
Bélgica,2020-03-01,17123.69661000001
Bélgica,2020-04-01,19642.272939999995
Bélgica,2020-05-01,19569.418709999987
Bélgica,2020-06-01,16049.441560000007
Bélgica,2020-07-01,21069.112259999994
Bélgica,2020-08-01,14174.46452
Bélgica,2020-09-01,23691.61630000002
Bélgica,2020-10-01,18983.535949999976
Bélgica,2020-11-01,25169.510130000028
Bélgica,2020-12-01,18691.844179999993
Bélgica,2021-01-01,20840.256129999994
Bélgica,2021-02-01,21848.81150000002
Bélgica,2021-03-01,30555.51371999997
Bélgica,2021-04-01,69421.50869000003
Bélgica,2021-05-01,51175.85072999996
Bélgica,2021-06-01,57410.521069999995
Bélgica,2021-07-01,28041.915690000013
Bélgica,2021-08-01,29302.94048999999
Bélgica,2021-09-01,24228.846229999992
Bélgica,2021-10-01,31866.226320000005
Bélgica,2021-11-01,34441.697280000015
Bélgica,2021-12-01,35648.124280000025
Bélgica,2022-01-01,32889.607259999975
Bélgica,2022-02-01,63997.779269999985
Bélgica,2022-03-01,118781.88869000002
Bélgica,2022-04-01,115636.65668000017
Bélgica,2022-05-01,68127.27285999998
Bélgica,2022-06-01,48352.88320999995
Bélgica,2022-07-01,39190.20382999998
Bélgica,2022-08-01,33133.96569000003
Bélgica,2022-09-01,27865.304690000023
Bélgica,2022-10-01,31098.079760000008
Bélgica,2022-11-01,38314.330250000035
Bélgica,2022-12-01,26566.95169000002
Bélgica,2023-01-01,32941.71944999999
Bélgica,2023-02-01,26242.096020000005
Bélgica,2023-03-01,37412.01422000002
Bélgica,2023-04-01,89906.48949000008
Bélgica,2023-05-01,91109.54270000015
Bélgica,2023-06-01,59864.68124999993
Bélgica,2023-07-01,68939.15273999998
Bélgica,2023-08-01,55144.62702000005
Bélgica,2023-09-01,24675.97183000001
Bélgica,2023-10-01,33791.14696000001
Bélgica,2023-11-01,25149.48731000001
Bélgica,2023-12-01,35028.0104
Bélgica,2024-01-01,36542.16451000001
Bélgica,2024-02-01,53015.76278999998
Bélgica,2024-03-01,26806.565029999998
Bélgica,2024-04-01,31720.13483999998
Bélgica,2024-05-01,102415.46954000015
Bélgica,2024-06-01,28107.017260000004
Bélgica,2024-07-01,50280.96406999997
Bélgica,2024-08-01,38406.84759000002
Bélgica,2024-09-01,26525.174620000023
Bélgica,2024-10-01,68138.67639000012
Bélgica,2024-11-01,30954.802390000004
Bélgica,2024-12-01,40448.16899999997
Bélgica,2025-01-01,28720.31486999998
Bélgica,2025-02-01,29273.923700000003
Bélgica,2025-03-01,82915.57583000003
Bélgica,2025-04-01,93133.36731999993
Bélgica,2025-05-01,87710.71531000023
Bélgica,2025-06-01,51320.64705999993
Bélgica,2025-07-01,35577.21255999999
Bélgica,2025-08-01,34637.35312
Bélgica,2025-09-01,52553.20019
Bélgica,2025-10-01,67005.03446999997
Bélgica,2025-11-01,42733.006770000036
Bélgica,2025-12-01,55164.96147999997
Bélgica,2026-01-01,23791.982190000006
Bélgica,2026-02-01,31872.89286999998
Bélgica,2026-03-01,43666.05294999997
Bélgica,2026-04-01,69395.86709000004
Bélgica,2026-05-01,39421.04633000001
Bélgica,2026-06-01,37670.54399000008
Canadá,2007-01-01,43442.065859999995
Canadá,2007-02-01,32159.833169999973
Canadá,2007-03-01,47706.29500000003
Canadá,2007-04-01,68959.46483999997
Canadá,2007-05-01,41287.747399999964
Canadá,2007-06-01,65767.22212999994
Canadá,2007-07-01,56845.12459999998
Canadá,2007-08-01,60651.338310000036
Canadá,2007-09-01,48885.47439000003
Canadá,2007-10-01,51677.502340000065
Canadá,2007-11-01,66821.39633999993
Canadá,2007-12-01,62948.45319999993
Canadá,2008-01-01,53167.601419999926
Canadá,2008-02-01,75231.76696999992
Canadá,2008-03-01,65830.63712000001
Canadá,2008-04-01,82328.79650000003
Canadá,2008-05-01,54802.54542
Canadá,2008-06-01,58958.93953999994
Canadá,2008-07-01,74913.77574999993
Canadá,2008-08-01,69291.26596000014
Canadá,2008-09-01,45965.13357999997
Canadá,2008-10-01,131400.1926999999
Canadá,2008-11-01,41630.089749999934
Canadá,2008-12-01,41798.59198000001
Canadá,2009-01-01,35977.69717
Canadá,2009-02-01,55396.245070000004
Canadá,2009-03-01,53657.87069000001
Canadá,2009-04-01,57672.272469999996
Canadá,2009-05-01,48189.18652000001
Canadá,2009-06-01,47383.21430000001
Canadá,2009-07-01,66687.75219999999
Canadá,2009-08-01,50632.853350000005
Canadá,2009-09-01,57849.000920000006
Canadá,2009-10-01,62888.59433
Canadá,2009-11-01,63960.02631999998
Canadá,2009-12-01,74779.39355
Canadá,2010-01-01,60297.2705
Canadá,2010-02-01,55313.222839999995
Canadá,2010-03-01,66756.57547000001
Canadá,2010-04-01,77122.74162999997
Canadá,2010-05-01,63589.47946
Canadá,2010-06-01,56248.743180000005
Canadá,2010-07-01,81727.72063
Canadá,2010-08-01,90700.51728
Canadá,2010-09-01,53681.37941999999
Canadá,2010-10-01,65299.691529999975
Canadá,2010-11-01,73045.18148000001
Canadá,2010-12-01,79659.66668999998
Canadá,2011-01-01,78689.35843000001
Canadá,2011-02-01,63894.814600000005
Canadá,2011-03-01,64612.194180000006
Canadá,2011-04-01,60027.20191000002
Canadá,2011-05-01,81980.18979000002
Canadá,2011-06-01,76575.74589000002
Canadá,2011-07-01,68933.42358000003
Canadá,2011-08-01,85070.18575000002
Canadá,2011-09-01,58279.28277999998
Canadá,2011-10-01,100040.96270000005
Canadá,2011-11-01,113486.91213000006
Canadá,2011-12-01,108154.47895000003
Canadá,2012-01-01,80432.95187000003
Canadá,2012-02-01,94826.37432999999
Canadá,2012-03-01,93187.14746000001
Canadá,2012-04-01,95220.83277000001
Canadá,2012-05-01,96207.50241000004
Canadá,2012-06-01,89141.52495999998
Canadá,2012-07-01,86308.81381000002
Canadá,2012-08-01,123644.47177
Canadá,2012-09-01,81796.65151999998
Canadá,2012-10-01,116722.35798999999
Canadá,2012-11-01,93334.55775000004
Canadá,2012-12-01,90911.18267999998
Canadá,2013-01-01,66808.67910000002
Canadá,2013-02-01,68696.10894999998
Canadá,2013-03-01,50023.27255000001
Canadá,2013-04-01,109143.10205000002
Canadá,2013-05-01,108699.24595999991
Canadá,2013-06-01,83652.24763
Canadá,2013-07-01,92058.51468000001
Canadá,2013-08-01,88122.85063000003
Canadá,2013-09-01,63726.153279999984
Canadá,2013-10-01,72498.97537999999
Canadá,2013-11-01,96673.67414000005
Canadá,2013-12-01,101124.60303000001
Canadá,2014-01-01,68388.62773999998
Canadá,2014-02-01,91899.77417
Canadá,2014-03-01,67573.30157999998
Canadá,2014-04-01,117627.54079
Canadá,2014-05-01,82849.84574999998
Canadá,2014-06-01,123626.32287999999
Canadá,2014-07-01,119521.47189000004
Canadá,2014-08-01,113153.16217000005
Canadá,2014-09-01,104396.55313999997
Canadá,2014-10-01,106694.21470999999
Canadá,2014-11-01,86402.79491
Canadá,2014-12-01,82498.02397000007
Canadá,2015-01-01,70715.45017
Canadá,2015-02-01,67506.31747
Canadá,2015-03-01,75569.50404999997
Canadá,2015-04-01,90665.82715999999
Canadá,2015-05-01,64687.76966
Canadá,2015-06-01,82784.00653000004
Canadá,2015-07-01,60497.18950000002
Canadá,2015-08-01,82140.71936
Canadá,2015-09-01,66622.89123999998
Canadá,2015-10-01,78096.95586999998
Canadá,2015-11-01,69319.44547999998
Canadá,2015-12-01,68549.30556000001
Canadá,2016-01-01,48231.70961000002
Canadá,2016-02-01,60081.30307000011
Canadá,2016-03-01,56233.987449999906
Canadá,2016-04-01,74923.68840999993
Canadá,2016-05-01,65783.11501999998
Canadá,2016-06-01,61561.590920000046
Canadá,2016-07-01,62810.70405999997
Canadá,2016-08-01,60841.96970999994
Canadá,2016-09-01,72056.68434000007
Canadá,2016-10-01,68487.63349000004
Canadá,2016-11-01,76049.99802
Canadá,2016-12-01,59782.17960999995
Canadá,2017-01-01,64666.23014000004
Canadá,2017-02-01,51816.91882999996
Canadá,2017-03-01,92629.83435000003
Canadá,2017-04-01,57334.08977999995
Canadá,2017-05-01,60529.06250999993
Canadá,2017-06-01,79004.65745000001
Canadá,2017-07-01,51158.13242000006
Canadá,2017-08-01,56319.48673
Canadá,2017-09-01,73102.53691999997
Canadá,2017-10-01,74946.05673000005
Canadá,2017-11-01,73057.18728999996
Canadá,2017-12-01,56501.23131000009
Canadá,2018-01-01,36941.85436999998
Canadá,2018-02-01,69379.28919999997
Canadá,2018-03-01,59712.974919999986
Canadá,2018-04-01,71714.79397000001
Canadá,2018-05-01,86078.03562000004
Canadá,2018-06-01,73741.63677000004
Canadá,2018-07-01,71900.41236
Canadá,2018-08-01,74113.52547999994
Canadá,2018-09-01,76901.19999000004
Canadá,2018-10-01,78888.26348999997
Canadá,2018-11-01,79872.06395999996
Canadá,2018-12-01,66390.37349
Canadá,2019-01-01,52723.04537999996
Canadá,2019-02-01,85837.28990000002
Canadá,2019-03-01,89616.76708999994
Canadá,2019-04-01,96456.89415999998
Canadá,2019-05-01,82401.45740999992
Canadá,2019-06-01,103707.63229000008
Canadá,2019-07-01,50741.460829999945
Canadá,2019-08-01,68226.37736000001
Canadá,2019-09-01,59199.07425000001
Canadá,2019-10-01,56816.38476000009
Canadá,2019-11-01,75634.41041999987
Canadá,2019-12-01,66978.32896
Canadá,2020-01-01,76602.77310999986
Canadá,2020-02-01,59831.65189999988
Canadá,2020-03-01,41331.61580000002
Canadá,2020-04-01,64210.66876
Canadá,2020-05-01,83614.95141000013
Canadá,2020-06-01,55381.300409999945
Canadá,2020-07-01,72729.61633000002
Canadá,2020-08-01,65001.96556999997
Canadá,2020-09-01,66072.22099000003
Canadá,2020-10-01,52688.49746999993
Canadá,2020-11-01,47961.86906999999
Canadá,2020-12-01,65710.25127999998
Canadá,2021-01-01,29951.83903999999
Canadá,2021-02-01,77418.28068000011
Canadá,2021-03-01,89147.14183999988
Canadá,2021-04-01,86494.35040999994
Canadá,2021-05-01,84980.52746999991
Canadá,2021-06-01,85471.17874999995
Canadá,2021-07-01,67034.58584999999
Canadá,2021-08-01,103666.54052000008
Canadá,2021-09-01,84695.75159999999
Canadá,2021-10-01,85373.23588000004
Canadá,2021-11-01,47023.64881000002
Canadá,2021-12-01,135466.6576699999
Canadá,2022-01-01,69841.35443000002
Canadá,2022-02-01,57782.35099000005
Canadá,2022-03-01,84879.11309000016
Canadá,2022-04-01,105474.46770000007
Canadá,2022-05-01,86073.88941000002
Canadá,2022-06-01,128234.23818000013
Canadá,2022-07-01,126114.22521000002
Canadá,2022-08-01,89915.21243999989
Canadá,2022-09-01,62882.58521
Canadá,2022-10-01,129773.87638999998
Canadá,2022-11-01,103689.01783000004
Canadá,2022-12-01,131744.33966999996
Canadá,2023-01-01,75162.29163
Canadá,2023-02-01,93325.54098000002
Canadá,2023-03-01,123536.15850999994
Canadá,2023-04-01,91467.54015000003
Canadá,2023-05-01,95489.70371000009
Canadá,2023-06-01,82276.52404
Canadá,2023-07-01,80118.06361999996
Canadá,2023-08-01,74460.94852000008
Canadá,2023-09-01,64914.638369999964
Canadá,2023-10-01,63227.09659000001
Canadá,2023-11-01,113379.44968000008
Canadá,2023-12-01,92263.23222999998
Canadá,2024-01-01,85419.70442000011
Canadá,2024-02-01,91812.45171
Canadá,2024-03-01,83764.17722999984
Canadá,2024-04-01,118075.69759000005
Canadá,2024-05-01,92557.91428999993
Canadá,2024-06-01,67420.15884000002
Canadá,2024-07-01,64289.72640000004
Canadá,2024-08-01,83036.89668999985
Canadá,2024-09-01,51098.90152000001
Canadá,2024-10-01,89201.59432000006
Canadá,2024-11-01,105785.3468399999
Canadá,2024-12-01,107655.93307999981
Canadá,2025-01-01,75070.46828999996
Canadá,2025-02-01,101576.6537600001
Canadá,2025-03-01,106721.80598999986
Canadá,2025-04-01,85238.63319999995
Canadá,2025-05-01,90378.77447000002
Canadá,2025-06-01,85348.9145999999
Canadá,2025-07-01,77979.49091000001
Canadá,2025-08-01,71430.76198000011
Canadá,2025-09-01,54156.181539999976
Canadá,2025-10-01,92343.58991000014
Canadá,2025-11-01,70160.60618000008
Canadá,2025-12-01,89287.22763000005
Canadá,2026-01-01,83497.87504999996
Canadá,2026-02-01,72108.37356999997
Canadá,2026-03-01,91288.59208000005
Canadá,2026-04-01,89256.92703000002
Canadá,2026-05-01,112086.3492299999
Canadá,2026-06-01,119737.56056
Chile,2007-01-01,41732.35536999999
Chile,2007-02-01,44566.22529999998
Chile,2007-03-01,53967.015970000015
Chile,2007-04-01,51993.809429999965
Chile,2007-05-01,57387.03857
Chile,2007-06-01,63541.10481999999
Chile,2007-07-01,57145.56772000001
Chile,2007-08-01,58000.37230999996
Chile,2007-09-01,59524.546739999954
Chile,2007-10-01,63315.32398999997
Chile,2007-11-01,58995.940650000004
Chile,2007-12-01,50427.41199999998
Chile,2008-01-01,54034.53647999999
Chile,2008-02-01,47312.30276000003
Chile,2008-03-01,55967.90859000006
Chile,2008-04-01,53702.84171999996
Chile,2008-05-01,73188.97848
Chile,2008-06-01,52800.22092999996
Chile,2008-07-01,79798.97990999992
Chile,2008-08-01,54900.99735000007
Chile,2008-09-01,58374.204090000014
Chile,2008-10-01,62758.04128
Chile,2008-11-01,52864.898710000045
Chile,2008-12-01,60018.838130000026
Chile,2009-01-01,62088.438790000015
Chile,2009-02-01,41598.143229999994
Chile,2009-03-01,50070.55020000002
Chile,2009-04-01,44188.45483000001
Chile,2009-05-01,43846.48031
Chile,2009-06-01,47361.04769
Chile,2009-07-01,53701.10284
Chile,2009-08-01,43965.11808000003
Chile,2009-09-01,54826.90015
Chile,2009-10-01,53227.83888999999
Chile,2009-11-01,50175.00231000001
Chile,2009-12-01,44703.70488
Chile,2010-01-01,41610.10322000001
Chile,2010-02-01,52142.13116000002
Chile,2010-03-01,50983.51975000002
Chile,2010-04-01,54536.44147999999
Chile,2010-05-01,59753.30573000001
Chile,2010-06-01,59758.85360999996
Chile,2010-07-01,70258.89066000005
Chile,2010-08-01,69399.81702000002
Chile,2010-09-01,75396.60925
Chile,2010-10-01,64627.45729999999
Chile,2010-11-01,69806.45847999997
Chile,2010-12-01,68229.35308
Chile,2011-01-01,54543.516479999984
Chile,2011-02-01,60434.54052
Chile,2011-03-01,75575.47495000002
Chile,2011-04-01,91032.10368999999
Chile,2011-05-01,91916.90591999998
Chile,2011-06-01,65439.995910000005
Chile,2011-07-01,76693.17151999997
Chile,2011-08-01,89340.54470000001
Chile,2011-09-01,81979.70349999999
Chile,2011-10-01,68230.20039000004
Chile,2011-11-01,76866.81398
Chile,2011-12-01,69578.43623
Chile,2012-01-01,63582.49057
Chile,2012-02-01,68316.87972000001
Chile,2012-03-01,92180.48864000003
Chile,2012-04-01,88587.38743999996
Chile,2012-05-01,83795.68974
Chile,2012-06-01,86258.26383999997
Chile,2012-07-01,73531.09827999998
Chile,2012-08-01,93255.52861000002
Chile,2012-09-01,84252.89193999996
Chile,2012-10-01,67130.67388999999
Chile,2012-11-01,87383.45355
Chile,2012-12-01,77325.81463000002
Chile,2013-01-01,67450.11615999998
Chile,2013-02-01,70924.71839999998
Chile,2013-03-01,73827.15366999999
Chile,2013-04-01,66839.00977000005
Chile,2013-05-01,91020.49613999999
Chile,2013-06-01,76661.61701999998
Chile,2013-07-01,88999.86882999999
Chile,2013-08-01,77592.01300000002
Chile,2013-09-01,72567.21227000002
Chile,2013-10-01,83876.69279
Chile,2013-11-01,67079.78476000002
Chile,2013-12-01,67000.27404
Chile,2014-01-01,54352.009299999976
Chile,2014-02-01,67607.38374
Chile,2014-03-01,93054.19512999996
Chile,2014-04-01,82591.95322999997
Chile,2014-05-01,78651.26057000001
Chile,2014-06-01,69102.77755000001
Chile,2014-07-01,90560.44672999995
Chile,2014-08-01,82966.23057000003
Chile,2014-09-01,83261.73891000001
Chile,2014-10-01,84823.98439
Chile,2014-11-01,74705.46916
Chile,2014-12-01,67530.54314000004
Chile,2015-01-01,51515.82838000001
Chile,2015-02-01,79002.70404000003
Chile,2015-03-01,73867.26721000003
Chile,2015-04-01,75195.98338
Chile,2015-05-01,59404.39262999998
Chile,2015-06-01,70237.11945999999
Chile,2015-07-01,74770.85611999995
Chile,2015-08-01,52819.307429999986
Chile,2015-09-01,65025.44898000002
Chile,2015-10-01,61555.35470000001
Chile,2015-11-01,65936.40873999998
Chile,2015-12-01,51320.1222
Chile,2016-01-01,43299.372769999994
Chile,2016-02-01,51264.52441999998
Chile,2016-03-01,63397.55769999999
Chile,2016-04-01,56739.48139999999
Chile,2016-05-01,60044.69100000002
Chile,2016-06-01,58690.053860000044
Chile,2016-07-01,59490.53281000002
Chile,2016-08-01,67373.68351999999
Chile,2016-09-01,65584.05275999999
Chile,2016-10-01,71575.85823999994
Chile,2016-11-01,68730.55691999997
Chile,2016-12-01,54861.764130000025
Chile,2017-01-01,46006.70910999998
Chile,2017-02-01,55447.15419000006
Chile,2017-03-01,71797.69935999988
Chile,2017-04-01,57940.404950000004
Chile,2017-05-01,46274.53459000002
Chile,2017-06-01,56633.479370000015
Chile,2017-07-01,58525.26980999998
Chile,2017-08-01,67281.98569000003
Chile,2017-09-01,66749.32465999994
Chile,2017-10-01,55595.00985999999
Chile,2017-11-01,62600.67682000001
Chile,2017-12-01,50409.96511000002
Chile,2018-01-01,42263.04800999999
Chile,2018-02-01,46447.776179999986
Chile,2018-03-01,55329.72097999999
Chile,2018-04-01,63024.524860000034
Chile,2018-05-01,63141.89107999998
Chile,2018-06-01,60634.77115999998
Chile,2018-07-01,70061.39614999997
Chile,2018-08-01,73795.04203000004
Chile,2018-09-01,56790.38040000002
Chile,2018-10-01,78067.1509
Chile,2018-11-01,68350.05572000005
Chile,2018-12-01,48192.32523999998
Chile,2019-01-01,39747.62686999998
Chile,2019-02-01,54460.12998000002
Chile,2019-03-01,63237.40939000004
Chile,2019-04-01,58202.14872000001
Chile,2019-05-01,57136.66888000006
Chile,2019-06-01,55102.57809999998
Chile,2019-07-01,54856.66664999999
Chile,2019-08-01,59935.05842000006
Chile,2019-09-01,65341.094939999995
Chile,2019-10-01,53031.149160000015
Chile,2019-11-01,40349.83456999998
Chile,2019-12-01,52274.73154000004
Chile,2020-01-01,45522.77021
Chile,2020-02-01,46763.66992999994
Chile,2020-03-01,63747.59060999998
Chile,2020-04-01,43112.189779999986
Chile,2020-05-01,46542.20247
Chile,2020-06-01,46068.07087000003
Chile,2020-07-01,58849.651609999986
Chile,2020-08-01,45486.32658000002
Chile,2020-09-01,52562.531919999965
Chile,2020-10-01,56353.46435999997
Chile,2020-11-01,47694.90689000002
Chile,2020-12-01,51773.92158999999
Chile,2021-01-01,40365.64506999997
Chile,2021-02-01,53670.76156000003
Chile,2021-03-01,60775.291109999955
Chile,2021-04-01,53501.40749
Chile,2021-05-01,50697.867390000014
Chile,2021-06-01,39588.74157999997
Chile,2021-07-01,41360.49325999998
Chile,2021-08-01,75471.13055
Chile,2021-09-01,86278.07254999995
Chile,2021-10-01,77713.79798000005
Chile,2021-11-01,86233.37639000002
Chile,2021-12-01,86017.95883000012
Chile,2022-01-01,65874.51393000002
Chile,2022-02-01,63257.37288000002
Chile,2022-03-01,98394.77923999995
Chile,2022-04-01,86159.92362999996
Chile,2022-05-01,104358.55302999995
Chile,2022-06-01,86214.24039999998
Chile,2022-07-01,77740.57979000005
Chile,2022-08-01,91744.0176200001
Chile,2022-09-01,93385.2023900001
Chile,2022-10-01,81580.36132
Chile,2022-11-01,66436.74736000007
Chile,2022-12-01,62043.84679000007
Chile,2023-01-01,63144.45313999999
Chile,2023-02-01,67936.21785
Chile,2023-03-01,82198.92772999994
Chile,2023-04-01,64203.46573000002
Chile,2023-05-01,61771.96768000001
Chile,2023-06-01,68305.32003000002
Chile,2023-07-01,51351.830129999966
Chile,2023-08-01,60379.47057000001
Chile,2023-09-01,62258.68973
Chile,2023-10-01,56823.322290000026
Chile,2023-11-01,52886.29959
Chile,2023-12-01,47867.19999000001
Chile,2024-01-01,52930.260129999995
Chile,2024-02-01,63021.40082999995
Chile,2024-03-01,69006.99106000001
Chile,2024-04-01,78091.54017999992
Chile,2024-05-01,69683.76567999998
Chile,2024-06-01,72150.51137999994
Chile,2024-07-01,74970.63463000004
Chile,2024-08-01,85065.04396999997
Chile,2024-09-01,67941.94333000002
Chile,2024-10-01,75373.65973000006
Chile,2024-11-01,75234.41495000005
Chile,2024-12-01,57280.80473000005
Chile,2025-01-01,73913.49976000005
Chile,2025-02-01,70428.52714999995
Chile,2025-03-01,72743.04077999997
Chile,2025-04-01,82882.62630000006
Chile,2025-05-01,91916.25953999998
Chile,2025-06-01,57713.514359999994
Chile,2025-07-01,81438.93266999997
Chile,2025-08-01,61993.18478000001
Chile,2025-09-01,81594.68792000001
Chile,2025-10-01,70901.32402999995
Chile,2025-11-01,71092.39852000003
Chile,2025-12-01,61317.816709999985
Chile,2026-01-01,65862.29758999991
Chile,2026-02-01,59900.23155999997
Chile,2026-03-01,87005.62951999989
Chile,2026-04-01,97012.66664999998
Chile,2026-05-01,80727.32947000001
Chile,2026-06-01,76233.55954000006
China,2007-01-01,203547.3883999998
China,2007-02-01,206894.5807900001
China,2007-03-01,235067.5757500001
China,2007-04-01,229723.21816000005
China,2007-05-01,255628.35537999982
China,2007-06-01,265863.57296999975
China,2007-07-01,269649.9049400002
China,2007-08-01,352680.9108500001
China,2007-09-01,327261.81987999956
China,2007-10-01,359781.2526699999
China,2007-11-01,334909.42343999946
China,2007-12-01,285515.6167699998
China,2008-01-01,326047.3901499999
China,2008-02-01,328042.89129000064
China,2008-03-01,287088.4141500003
China,2008-04-01,366656.0258999997
China,2008-05-01,321359.83521999995
China,2008-06-01,345741.73466999986
China,2008-07-01,425986.8246300013
China,2008-08-01,406878.1362400012
China,2008-09-01,474126.71237999987
China,2008-10-01,458139.6649600007
China,2008-11-01,438036.64979
China,2008-12-01,370693.79213999957
China,2009-01-01,321035.7712900004
China,2009-02-01,279138.34653
China,2009-03-01,266405.07107000024
China,2009-04-01,264812.6301300001
China,2009-05-01,264745.4443299994
China,2009-06-01,286203.8575300006
China,2009-07-01,315361.07526000036
China,2009-08-01,302406.5927500001
China,2009-09-01,336270.92265000055
China,2009-10-01,372187.28387999977
China,2009-11-01,334658.8867099995
China,2009-12-01,371944.8575700001
China,2010-01-01,309617.4193700004
China,2010-02-01,317282.2328499994
China,2010-03-01,381214.97429
China,2010-04-01,379736.2345400006
China,2010-05-01,389398.1706999996
China,2010-06-01,426215.41667999997
China,2010-07-01,487166.9292299992
China,2010-08-01,531395.5503600002
China,2010-09-01,554694.7745700004
China,2010-10-01,576721.2898700015
China,2010-11-01,582502.5759199993
China,2010-12-01,541491.2280200005
China,2011-01-01,458441.85708999936
China,2011-02-01,455703.84881000075
China,2011-03-01,645653.4117800012
China,2011-04-01,522584.0333599999
China,2011-05-01,729676.5806800021
China,2011-06-01,658504.8572399995
China,2011-07-01,707505.035840002
China,2011-08-01,761582.5189900025
China,2011-09-01,805052.8078999987
China,2011-10-01,785520.6251299995
China,2011-11-01,848251.8689000008
China,2011-12-01,797962.2728399995
China,2012-01-01,719547.4162699998
China,2012-02-01,741262.8105299998
China,2012-03-01,705086.9293599988
China,2012-04-01,722815.28417
China,2012-05-01,810756.5999700008
China,2012-06-01,788150.3261100004
China,2012-07-01,884697.7562799988
China,2012-08-01,924958.0793799997
China,2012-09-01,805840.2182499998
China,2012-10-01,954113.2901499992
China,2012-11-01,870368.7852700012
China,2012-12-01,894753.4689800001
China,2013-01-01,828840.3475200005
China,2013-02-01,783488.4280200005
China,2013-03-01,733525.57356
China,2013-04-01,810897.4265599994
China,2013-05-01,813993.5222899991
China,2013-06-01,757115.0013500007
China,2013-07-01,879753.9405399995
China,2013-08-01,925652.4622600023
China,2013-09-01,888190.9822700013
China,2013-10-01,1053076.1231399996
China,2013-11-01,868100.3526399994
China,2013-12-01,1020154.45221
China,2014-01-01,899781.0695200016
China,2014-02-01,853574.4258099993
China,2014-03-01,803312.9649000005
China,2014-04-01,921011.9291099991
China,2014-05-01,962439.7512599989
China,2014-06-01,885541.3809000006
China,2014-07-01,1109517.5730799995
China,2014-08-01,1021952.1260899996
China,2014-09-01,1074397.87608
China,2014-10-01,1098675.5182600012
China,2014-11-01,1048611.6571000007
China,2014-12-01,1111569.0781300003
China,2015-01-01,802879.1425000002
China,2015-02-01,924130.0686299999
China,2015-03-01,808103.4393799996
China,2015-04-01,778586.4773899998
China,2015-05-01,770270.6220600002
China,2015-06-01,768595.8646900011
China,2015-07-01,895215.4307299982
China,2015-08-01,892758.9246500003
China,2015-09-01,872813.3613899999
China,2015-10-01,916531.9098600004
China,2015-11-01,857489.0222800003
China,2015-12-01,745114.5326399999
China,2016-01-01,670576.3135800004
China,2016-02-01,653377.3614699985
China,2016-03-01,628991.2036399982
China,2016-04-01,630678.1214799982
China,2016-05-01,678717.6865900004
China,2016-06-01,698458.1220900019
China,2016-07-01,691533.406039999
China,2016-08-01,886860.8233000018
China,2016-09-01,773286.4273900004
China,2016-10-01,721607.5527800019
China,2016-11-01,778055.8785199991
China,2016-12-01,819277.6741799997
China,2017-01-01,682921.1529000015
China,2017-02-01,658991.2994199992
China,2017-03-01,642415.8050599998
China,2017-04-01,638211.4306900013
China,2017-05-01,652065.6480499987
China,2017-06-01,794226.36682
China,2017-07-01,768027.8875899994
China,2017-08-01,805790.8827800003
China,2017-09-01,749128.8698099995
China,2017-10-01,798438.6066599994
China,2017-11-01,843144.7997800015
China,2017-12-01,721100.2067800008
China,2018-01-01,812998.15989
China,2018-02-01,745809.1846899991
China,2018-03-01,731228.6688600002
China,2018-04-01,786629.2246500005
China,2018-05-01,838342.3598600018
China,2018-06-01,886840.115449998
China,2018-07-01,903443.7715699984
China,2018-08-01,992213.999580002
China,2018-09-01,866175.2452600002
China,2018-10-01,1142277.4257799974
China,2018-11-01,1024966.3940600002
China,2018-12-01,813804.1162899995
China,2019-01-01,953838.385930002
China,2019-02-01,872722.8458999982
China,2019-03-01,833016.5728099997
China,2019-04-01,837237.7474900007
China,2019-05-01,924216.03608
China,2019-06-01,786338.9698500008
China,2019-07-01,978465.4458799998
China,2019-08-01,1018602.0875100009
China,2019-09-01,876517.8296999981
China,2019-10-01,987017.4747500005
China,2019-11-01,953721.5237400004
China,2019-12-01,945066.6460299996
China,2020-01-01,1025402.8143500034
China,2020-02-01,856099.3921100035
China,2020-03-01,543812.0158700022
China,2020-04-01,549694.6063799997
China,2020-05-01,672376.9227399986
China,2020-06-01,856569.3730299984
China,2020-07-01,1135582.4611499992
China,2020-08-01,1010285.744429999
China,2020-09-01,850596.1554799987
China,2020-10-01,866856.4183699995
China,2020-11-01,1001590.0773099985
China,2020-12-01,1030016.1641699992
China,2021-01-01,943443.8292099976
China,2021-02-01,967493.6731400007
China,2021-03-01,1186111.5506
China,2021-04-01,1148569.2820699974
China,2021-05-01,935081.5032100001
China,2021-06-01,1168775.7609000003
China,2021-07-01,1172641.562139998
China,2021-08-01,1244901.275089998
China,2021-09-01,1443432.849670002
China,2021-10-01,1453021.5868000023
China,2021-11-01,1495259.1125300007
China,2021-12-01,1637214.3369899995
China,2022-01-01,1757863.693919999
China,2022-02-01,1611577.998550002
China,2022-03-01,1669684.9078200029
China,2022-04-01,1364744.9703899985
China,2022-05-01,1359975.7131600028
China,2022-06-01,1494797.6180200018
China,2022-07-01,1632718.1055
China,2022-08-01,1778554.6029999943
China,2022-09-01,1681020.4960099983
China,2022-10-01,1484397.6925999997
China,2022-11-01,1440354.0722299984
China,2022-12-01,1423050.8935999998
China,2023-01-01,1178316.4213400031
China,2023-02-01,1141458.5877299989
China,2023-03-01,1058043.91927
China,2023-04-01,1048573.2585999997
China,2023-05-01,1125825.46279
China,2023-06-01,1094845.5290699978
China,2023-07-01,1106001.1250099996
China,2023-08-01,1159567.5993199982
China,2023-09-01,1114542.8681700008
China,2023-10-01,1158101.6566000027
China,2023-11-01,1223447.731659997
China,2023-12-01,1158131.2157599977
China,2024-01-01,1282522.3073899974
China,2024-02-01,1171482.1412499992
China,2024-03-01,955519.5173999994
China,2024-04-01,1260414.0131700034
China,2024-05-01,1216909.981380001
China,2024-06-01,1119787.6345000006
China,2024-07-01,1504916.8390799984
China,2024-08-01,1498622.7324500014
China,2024-09-01,1376597.6812500018
China,2024-10-01,1511066.162020002
China,2024-11-01,1589530.4421899978
China,2024-12-01,1448727.9181200003
China,2025-01-01,1528669.0648299998
China,2025-02-01,1409266.2709000017
China,2025-03-01,1339016.2173200003
China,2025-04-01,1488760.0490100018
China,2025-05-01,1623555.4682799994
China,2025-06-01,1398109.0487300018
China,2025-07-01,1823466.6228200023
China,2025-08-01,1721276.4315500013
China,2025-09-01,1740721.1743800004
China,2025-10-01,1865028.7250100004
China,2025-11-01,1696145.6478999997
China,2025-12-01,1741890.9931699974
China,2026-01-01,1829517.0286700055
China,2026-02-01,1754005.350470001
China,2026-03-01,1814029.489509997
China,2026-04-01,1722274.0726300015
China,2026-05-01,1829676.7778400043
China,2026-06-01,1887691.7855499992
Corea,2007-01-01,43159.45106000009
Corea,2007-02-01,71467.21419000003
Corea,2007-03-01,75508.04420000006
Corea,2007-04-01,82846.13228999988
Corea,2007-05-01,82320.87713
Corea,2007-06-01,74448.56647999996
Corea,2007-07-01,74669.94905
Corea,2007-08-01,69929.64373000001
Corea,2007-09-01,81126.35786
Corea,2007-10-01,75811.39789999995
Corea,2007-11-01,85195.81138000012
Corea,2007-12-01,80448.05879999997
Corea,2008-01-01,83321.96142999997
Corea,2008-02-01,73500.59184999998
Corea,2008-03-01,67271.50011000004
Corea,2008-04-01,86264.77511000002
Corea,2008-05-01,71659.06894999988
Corea,2008-06-01,73097.72540999998
Corea,2008-07-01,71390.84666000004
Corea,2008-08-01,71951.29449000001
Corea,2008-09-01,77055.71177000017
Corea,2008-10-01,98804.07017000008
Corea,2008-11-01,83797.44156999991
Corea,2008-12-01,61704.737439999946
Corea,2009-01-01,72057.56590000006
Corea,2009-02-01,54609.04252999994
Corea,2009-03-01,67692.23595999998
Corea,2009-04-01,59905.23581000003
Corea,2009-05-01,47958.22024000001
Corea,2009-06-01,52470.38694999998
Corea,2009-07-01,45248.813269999984
Corea,2009-08-01,41523.310840000006
Corea,2009-09-01,40936.80372999993
Corea,2009-10-01,60682.637580000046
Corea,2009-11-01,69920.80808000002
Corea,2009-12-01,66708.21815000002
Corea,2010-01-01,56301.61362000001
Corea,2010-02-01,51834.134119999966
Corea,2010-03-01,85638.15976999993
Corea,2010-04-01,89400.13336999995
Corea,2010-05-01,77887.27728999997
Corea,2010-06-01,73472.78514000007
Corea,2010-07-01,70561.30426000003
Corea,2010-08-01,92889.39695
Corea,2010-09-01,81127.54546000005
Corea,2010-10-01,92431.1619
Corea,2010-11-01,82947.58305999996
Corea,2010-12-01,86008.67269999997
Corea,2011-01-01,78077.22911999999
Corea,2011-02-01,75240.50968999998
Corea,2011-03-01,105983.09225000003
Corea,2011-04-01,100537.72226999985
Corea,2011-05-01,124429.68670000012
Corea,2011-06-01,94704.02539000001
Corea,2011-07-01,114708.90371999996
Corea,2011-08-01,101229.08145000006
Corea,2011-09-01,97228.36402999994
Corea,2011-10-01,98118.82115000005
Corea,2011-11-01,121782.14919000003
Corea,2011-12-01,121936.9843099998
Corea,2012-01-01,90392.6108300001
Corea,2012-02-01,103065.73206999998
Corea,2012-03-01,152395.72270000007
Corea,2012-04-01,111042.14672999995
Corea,2012-05-01,138450.2309800001
Corea,2012-06-01,105406.75195999982
Corea,2012-07-01,107704.74516999988
Corea,2012-08-01,122738.30790999989
Corea,2012-09-01,83698.26757
Corea,2012-10-01,106591.98366000013
Corea,2012-11-01,98465.56303000005
Corea,2012-12-01,93122.89179000005
Corea,2013-01-01,110477.74205000009
Corea,2013-02-01,93792.80805000008
Corea,2013-03-01,104684.8048800001
Corea,2013-04-01,105950.5015300003
Corea,2013-05-01,123942.10008999995
Corea,2013-06-01,98307.6638299999
Corea,2013-07-01,109226.30999999997
Corea,2013-08-01,100498.57825000006
Corea,2013-09-01,89460.03922999997
Corea,2013-10-01,122991.12588999988
Corea,2013-11-01,106227.26256999992
Corea,2013-12-01,130849.05287000001
Corea,2014-01-01,113568.66552999997
Corea,2014-02-01,94408.64126000006
Corea,2014-03-01,108634.63274000007
Corea,2014-04-01,181234.46605000013
Corea,2014-05-01,110177.2496000001
Corea,2014-06-01,108221.19195999985
Corea,2014-07-01,110483.92464000001
Corea,2014-08-01,96972.14186000005
Corea,2014-09-01,105719.78831000005
Corea,2014-10-01,186542.75907000023
Corea,2014-11-01,133803.58224000013
Corea,2014-12-01,150711.3966199999
Corea,2015-01-01,104575.19277
Corea,2015-02-01,99120.44716
Corea,2015-03-01,108515.91897000006
Corea,2015-04-01,115048.01439000001
Corea,2015-05-01,123062.16758000002
Corea,2015-06-01,78635.03000999999
Corea,2015-07-01,82769.36244000004
Corea,2015-08-01,87181.39019000008
Corea,2015-09-01,78205.74715000004
Corea,2015-10-01,78358.10288000002
Corea,2015-11-01,99507.43007999996
Corea,2015-12-01,100385.54913000003
Corea,2016-01-01,69341.06039000016
Corea,2016-02-01,62075.218650000046
Corea,2016-03-01,71610.71773999993
Corea,2016-04-01,84664.08218
Corea,2016-05-01,79492.19219000018
Corea,2016-06-01,63284.53268000004
Corea,2016-07-01,58508.89556999993
Corea,2016-08-01,83426.94105999995
Corea,2016-09-01,68829.20786
Corea,2016-10-01,71945.29335999991
Corea,2016-11-01,63866.73918000007
Corea,2016-12-01,111859.00693999995
Corea,2017-01-01,62847.72145000004
Corea,2017-02-01,79767.94615000008
Corea,2017-03-01,87744.7914799999
Corea,2017-04-01,80169.85479000003
Corea,2017-05-01,74415.6927
Corea,2017-06-01,59810.51045000004
Corea,2017-07-01,62141.75483999999
Corea,2017-08-01,56955.11480000001
Corea,2017-09-01,49254.83882000003
Corea,2017-10-01,59028.122869999985
Corea,2017-11-01,64752.957879999965
Corea,2017-12-01,54629.338140000036
Corea,2018-01-01,58273.18722000002
Corea,2018-02-01,66396.97812999992
Corea,2018-03-01,65843.53861999999
Corea,2018-04-01,66711.38976999992
Corea,2018-05-01,65102.71097000003
Corea,2018-06-01,65527.25744000005
Corea,2018-07-01,66264.16684
Corea,2018-08-01,73605.65524000004
Corea,2018-09-01,43666.91067000004
Corea,2018-10-01,79575.47696000009
Corea,2018-11-01,57911.21061999998
Corea,2018-12-01,110394.41568999988
Corea,2019-01-01,61573.02722999999
Corea,2019-02-01,55821.901750000005
Corea,2019-03-01,60271.85137999994
Corea,2019-04-01,63923.50845999995
Corea,2019-05-01,67242.28636999997
Corea,2019-06-01,50629.061319999986
Corea,2019-07-01,59173.88226000002
Corea,2019-08-01,65128.44460999992
Corea,2019-09-01,47194.590710000026
Corea,2019-10-01,45573.42029000002
Corea,2019-11-01,47593.05052999997
Corea,2019-12-01,62967.791530000024
Corea,2020-01-01,58321.37931000012
Corea,2020-02-01,54779.46481000002
Corea,2020-03-01,50165.485429999986
Corea,2020-04-01,60754.16093999995
Corea,2020-05-01,49375.26570999998
Corea,2020-06-01,47900.85591000001
Corea,2020-07-01,46095.64486999998
Corea,2020-08-01,46109.75032999999
Corea,2020-09-01,49216.66360999998
Corea,2020-10-01,52885.42867999998
Corea,2020-11-01,100295.32797
Corea,2020-12-01,60475.765260000044
Corea,2021-01-01,66388.91950999996
Corea,2021-02-01,58324.73369000003
Corea,2021-03-01,64994.21749999992
Corea,2021-04-01,87215.02106999993
Corea,2021-05-01,72672.71060999998
Corea,2021-06-01,85006.07215
Corea,2021-07-01,76694.92518
Corea,2021-08-01,72807.7496
Corea,2021-09-01,94715.70200999994
Corea,2021-10-01,81383.26535999999
Corea,2021-11-01,118946.31494999993
Corea,2021-12-01,89740.74646999998
Corea,2022-01-01,80037.69543999994
Corea,2022-02-01,77190.36993000015
Corea,2022-03-01,108226.41339000005
Corea,2022-04-01,91715.09261999995
Corea,2022-05-01,90640.19330999994
Corea,2022-06-01,100746.53896
Corea,2022-07-01,77453.78688999996
Corea,2022-08-01,108958.92111999993
Corea,2022-09-01,97882.35589000002
Corea,2022-10-01,71457.68460000001
Corea,2022-11-01,67756.47714999989
Corea,2022-12-01,78908.52545000004
Corea,2023-01-01,63282.030549999945
Corea,2023-02-01,80788.26548000005
Corea,2023-03-01,78027.90013999997
Corea,2023-04-01,82642.86898999999
Corea,2023-05-01,85729.10450000003
Corea,2023-06-01,74798.21851999998
Corea,2023-07-01,65846.55178999997
Corea,2023-08-01,62569.534090000045
Corea,2023-09-01,62253.41575
Corea,2023-10-01,63753.65253999998
Corea,2023-11-01,73070.09902999995
Corea,2023-12-01,64157.79151000003
Corea,2024-01-01,75358.05585999986
Corea,2024-02-01,76038.18432000001
Corea,2024-03-01,65814.01095000008
Corea,2024-04-01,88160.10100000001
Corea,2024-05-01,84429.81956999995
Corea,2024-06-01,78204.86648999987
Corea,2024-07-01,81332.15028000009
Corea,2024-08-01,80082.54340000016
Corea,2024-09-01,83658.26670999992
Corea,2024-10-01,86209.34311000007
Corea,2024-11-01,86460.77280999982
Corea,2024-12-01,103293.19381999991
Corea,2025-01-01,109801.2668600001
Corea,2025-02-01,97975.44092000001
Corea,2025-03-01,73012.30937999986
Corea,2025-04-01,103164.1109999999
Corea,2025-05-01,105398.35116999994
Corea,2025-06-01,106155.83743000006
Corea,2025-07-01,152950.40477999998
Corea,2025-08-01,111123.51698999997
Corea,2025-09-01,110276.27963999995
Corea,2025-10-01,158458.0519000001
Corea,2025-11-01,122037.39463000008
Corea,2025-12-01,142848.4553300001
Corea,2026-01-01,174119.84167000002
Corea,2026-02-01,100057.39912000006
Corea,2026-03-01,189798.28898999983
Corea,2026-04-01,125033.12076000003
Corea,2026-05-01,151765.82708999986
Corea,2026-06-01,134089.8195800001
Ecuador,2007-01-01,55083.51209999997
Ecuador,2007-02-01,53255.66581000003
Ecuador,2007-03-01,56104.53919999997
Ecuador,2007-04-01,56281.570100000004
Ecuador,2007-05-01,65701.40071000002
Ecuador,2007-06-01,67297.45102999998
Ecuador,2007-07-01,69958.55538000002
Ecuador,2007-08-01,70364.23192
Ecuador,2007-09-01,68172.90957999993
Ecuador,2007-10-01,64023.688449999994
Ecuador,2007-11-01,61235.18802999997
Ecuador,2007-12-01,45313.22964999998
Ecuador,2008-01-01,65732.07042000002
Ecuador,2008-02-01,47900.61792999997
Ecuador,2008-03-01,65334.36079999996
Ecuador,2008-04-01,61685.986350000014
Ecuador,2008-05-01,66418.60264
Ecuador,2008-06-01,83062.36895000002
Ecuador,2008-07-01,86550.87776999998
Ecuador,2008-08-01,66258.26946
Ecuador,2008-09-01,69309.63747000002
Ecuador,2008-10-01,68042.19186000002
Ecuador,2008-11-01,66701.12569000004
Ecuador,2008-12-01,62619.89371999998
Ecuador,2009-01-01,57587.240209999996
Ecuador,2009-02-01,53330.08125999998
Ecuador,2009-03-01,61374.89090000006
Ecuador,2009-04-01,50165.39295000001
Ecuador,2009-05-01,44741.937900000004
Ecuador,2009-06-01,58130.610740000004
Ecuador,2009-07-01,79904.89154999993
Ecuador,2009-08-01,68233.57914000002
Ecuador,2009-09-01,57705.21206999999
Ecuador,2009-10-01,52221.89114
Ecuador,2009-11-01,51232.61387000001
Ecuador,2009-12-01,59938.16305000001
Ecuador,2010-01-01,59468.104080000034
Ecuador,2010-02-01,61355.21664000002
Ecuador,2010-03-01,72173.39937000004
Ecuador,2010-04-01,62250.79527999999
Ecuador,2010-05-01,54261.10180000001
Ecuador,2010-06-01,61272.52770000003
Ecuador,2010-07-01,70216.00504999995
Ecuador,2010-08-01,84704.38296999996
Ecuador,2010-09-01,89996.27813999994
Ecuador,2010-10-01,67788.57342999995
Ecuador,2010-11-01,76066.10601000005
Ecuador,2010-12-01,75383.24433000002
Ecuador,2011-01-01,82867.06808000001
Ecuador,2011-02-01,72437.48150999997
Ecuador,2011-03-01,84260.95826999994
Ecuador,2011-04-01,73754.72244000001
Ecuador,2011-05-01,89188.66518000001
Ecuador,2011-06-01,87601.30212999998
Ecuador,2011-07-01,99272.67954
Ecuador,2011-08-01,98968.23202999994
Ecuador,2011-09-01,109036.20688000004
Ecuador,2011-10-01,79791.73963999997
Ecuador,2011-11-01,88446.13634
Ecuador,2011-12-01,100220.33021999999
Ecuador,2012-01-01,85693.17114000003
Ecuador,2012-02-01,87420.49994000001
Ecuador,2012-03-01,83709.95148000002
Ecuador,2012-04-01,68147.50817
Ecuador,2012-05-01,78507.41653000002
Ecuador,2012-06-01,102148.40208000004
Ecuador,2012-07-01,80691.70525999999
Ecuador,2012-08-01,115055.56758999995
Ecuador,2012-09-01,112583.11748999998
Ecuador,2012-10-01,95859.16065
Ecuador,2012-11-01,96677.37813000004
Ecuador,2012-12-01,83411.83333
Ecuador,2013-01-01,76482.50423
Ecuador,2013-02-01,76465.27126000001
Ecuador,2013-03-01,57847.665949999995
Ecuador,2013-04-01,80205.00135000008
Ecuador,2013-05-01,73491.24571000002
Ecuador,2013-06-01,77005.38613
Ecuador,2013-07-01,71210.29119
Ecuador,2013-08-01,67787.40062999999
Ecuador,2013-09-01,63839.38543999997
Ecuador,2013-10-01,81601.76466999995
Ecuador,2013-11-01,75879.13627999998
Ecuador,2013-12-01,79871.74668
Ecuador,2014-01-01,69649.21893
Ecuador,2014-02-01,66017.44606000002
Ecuador,2014-03-01,65951.78963
Ecuador,2014-04-01,76063.69927
Ecuador,2014-05-01,71379.94954
Ecuador,2014-06-01,67926.89691999998
Ecuador,2014-07-01,92822.16164999998
Ecuador,2014-08-01,81758.13938
Ecuador,2014-09-01,80871.3106
Ecuador,2014-10-01,80797.13330000003
Ecuador,2014-11-01,82602.74966999996
Ecuador,2014-12-01,82451.03878000002
Ecuador,2015-01-01,63845.34961000002
Ecuador,2015-02-01,80855.72734000001
Ecuador,2015-03-01,63824.97647000002
Ecuador,2015-04-01,66272.23217999999
Ecuador,2015-05-01,66118.65559
Ecuador,2015-06-01,60795.64492
Ecuador,2015-07-01,61213.36441000002
Ecuador,2015-08-01,65926.64994000002
Ecuador,2015-09-01,60854.2434
Ecuador,2015-10-01,61265.94495999999
Ecuador,2015-11-01,65701.15177000001
Ecuador,2015-12-01,66408.86172999999
Ecuador,2016-01-01,41722.58663999997
Ecuador,2016-02-01,59942.90479000001
Ecuador,2016-03-01,67293.86611000003
Ecuador,2016-04-01,85725.68445999996
Ecuador,2016-05-01,65320.857020000025
Ecuador,2016-06-01,56675.53686000001
Ecuador,2016-07-01,55390.02648999997
Ecuador,2016-08-01,79992.1478200001
Ecuador,2016-09-01,77382.24897000012
Ecuador,2016-10-01,60857.24263000008
Ecuador,2016-11-01,74924.91565999996
Ecuador,2016-12-01,79556.47270999994
Ecuador,2017-01-01,66042.81255
Ecuador,2017-02-01,57857.215429999975
Ecuador,2017-03-01,72965.74435999992
Ecuador,2017-04-01,54397.837429999956
Ecuador,2017-05-01,59393.12581000002
Ecuador,2017-06-01,57053.04189000001
Ecuador,2017-07-01,49576.470910000004
Ecuador,2017-08-01,56500.93701000002
Ecuador,2017-09-01,64773.40139000001
Ecuador,2017-10-01,52459.80601999999
Ecuador,2017-11-01,60445.32595
Ecuador,2017-12-01,63919.769010000025
Ecuador,2018-01-01,62924.24480999996
Ecuador,2018-02-01,67167.70709000007
Ecuador,2018-03-01,71579.69166000008
Ecuador,2018-04-01,72608.25872
Ecuador,2018-05-01,74482.55081
Ecuador,2018-06-01,74730.20208999996
Ecuador,2018-07-01,75387.09457000002
Ecuador,2018-08-01,68387.18698999999
Ecuador,2018-09-01,59168.97013999997
Ecuador,2018-10-01,66898.56585
Ecuador,2018-11-01,57999.26938000005
Ecuador,2018-12-01,60600.72232999999
Ecuador,2019-01-01,66491.13878000001
Ecuador,2019-02-01,79901.98017999998
Ecuador,2019-03-01,71765.60444999996
Ecuador,2019-04-01,68175.51062000003
Ecuador,2019-05-01,82954.98971000008
Ecuador,2019-06-01,62502.95449999997
Ecuador,2019-07-01,64994.87775999997
Ecuador,2019-08-01,62419.61676
Ecuador,2019-09-01,59905.617820000036
Ecuador,2019-10-01,61680.31174000002
Ecuador,2019-11-01,68152.92162000007
Ecuador,2019-12-01,75229.62898999994
Ecuador,2020-01-01,67101.56082000003
Ecuador,2020-02-01,89593.32548999987
Ecuador,2020-03-01,54326.03111
Ecuador,2020-04-01,37411.56324999999
Ecuador,2020-05-01,55180.26452
Ecuador,2020-06-01,76554.99319999998
Ecuador,2020-07-01,88839.29492999999
Ecuador,2020-08-01,62730.10336999999
Ecuador,2020-09-01,62345.96367000001
Ecuador,2020-10-01,64747.86824999998
Ecuador,2020-11-01,62096.94616000001
Ecuador,2020-12-01,68973.76160000001
Ecuador,2021-01-01,50287.28135999998
Ecuador,2021-02-01,55088.70434000001
Ecuador,2021-03-01,65667.65115999995
Ecuador,2021-04-01,66734.30229999998
Ecuador,2021-05-01,38925.15070999996
Ecuador,2021-06-01,57045.027580000045
Ecuador,2021-07-01,86650.70019999993
Ecuador,2021-08-01,87193.90296999998
Ecuador,2021-09-01,81570.08798999999
Ecuador,2021-10-01,71606.17121000003
Ecuador,2021-11-01,77083.93057999999
Ecuador,2021-12-01,92427.60534000001
Ecuador,2022-01-01,76136.30994000008
Ecuador,2022-02-01,66927.91437000001
Ecuador,2022-03-01,81163.48473999997
Ecuador,2022-04-01,81008.63610999999
Ecuador,2022-05-01,86411.11616999994
Ecuador,2022-06-01,68103.57417999998
Ecuador,2022-07-01,83503.93268000007
Ecuador,2022-08-01,88383.47004000006
Ecuador,2022-09-01,86988.21306000007
Ecuador,2022-10-01,70142.41629999998
Ecuador,2022-11-01,72485.17865999995
Ecuador,2022-12-01,80112.04474999997
Ecuador,2023-01-01,59465.12026000002
Ecuador,2023-02-01,71442.55826000002
Ecuador,2023-03-01,68102.08247000005
Ecuador,2023-04-01,53790.20636000004
Ecuador,2023-05-01,64304.17451000003
Ecuador,2023-06-01,66406.49906000002
Ecuador,2023-07-01,61752.07414000003
Ecuador,2023-08-01,79158.51658
Ecuador,2023-09-01,58254.04998000004
Ecuador,2023-10-01,59343.608380000034
Ecuador,2023-11-01,55377.76094999998
Ecuador,2023-12-01,62917.83145
Ecuador,2024-01-01,68809.2223199999
Ecuador,2024-02-01,56349.77475000004
Ecuador,2024-03-01,57526.3726
Ecuador,2024-04-01,71666.85744999997
Ecuador,2024-05-01,70614.12092999998
Ecuador,2024-06-01,66456.43006999996
Ecuador,2024-07-01,65887.79586000001
Ecuador,2024-08-01,65515.77652999999
Ecuador,2024-09-01,65423.49616999999
Ecuador,2024-10-01,75641.93608000003
Ecuador,2024-11-01,70277.94469000003
Ecuador,2024-12-01,67995.07231000002
Ecuador,2025-01-01,70423.21087999994
Ecuador,2025-02-01,66021.66559000002
Ecuador,2025-03-01,70774.78123
Ecuador,2025-04-01,66466.97336000002
Ecuador,2025-05-01,70303.77361999996
Ecuador,2025-06-01,61967.79603999999
Ecuador,2025-07-01,85580.64847999996
Ecuador,2025-08-01,74145.5470299999
Ecuador,2025-09-01,63480.14414000001
Ecuador,2025-10-01,73495.72297999992
Ecuador,2025-11-01,74808.52612999995
Ecuador,2025-12-01,80443.32904000003
Ecuador,2026-01-01,84851.61206000001
Ecuador,2026-02-01,61593.70294000001
Ecuador,2026-03-01,47252.14648999999
Ecuador,2026-04-01,76750.09114999998
Ecuador,2026-05-01,41819.21820999999
Ecuador,2026-06-01,53535.62736000004
España,2007-01-01,29869.887320000034
España,2007-02-01,33078.39885000003
España,2007-03-01,38785.251800000005
España,2007-04-01,36442.50731999995
España,2007-05-01,33666.47109999998
España,2007-06-01,38068.911779999966
España,2007-07-01,39325.95853999993
España,2007-08-01,45050.24593000005
España,2007-09-01,32332.264229999986
España,2007-10-01,38201.74949999992
España,2007-11-01,47328.48620999994
España,2007-12-01,43602.949360000006
España,2008-01-01,36425.87761999996
España,2008-02-01,34024.68811000001
España,2008-03-01,37272.15101999998
España,2008-04-01,46377.34850000003
España,2008-05-01,67954.63121
España,2008-06-01,75443.51118999996
España,2008-07-01,49183.32008000004
España,2008-08-01,37737.52479999998
España,2008-09-01,40258.483059999984
España,2008-10-01,39088.35719999999
España,2008-11-01,36151.646639999926
España,2008-12-01,67695.23898000001
España,2009-01-01,42949.06742
España,2009-02-01,36389.50092000001
España,2009-03-01,32806.68232
España,2009-04-01,61667.78983999999
España,2009-05-01,24188.27541999999
España,2009-06-01,31616.925529999986
España,2009-07-01,34403.08663999999
España,2009-08-01,32536.816310000006
España,2009-09-01,30735.752250000005
España,2009-10-01,34595.40348999999
España,2009-11-01,37324.24437000001
España,2009-12-01,42362.884329999986
España,2010-01-01,33420.713709999996
España,2010-02-01,25563.608989999993
España,2010-03-01,41417.210949999986
España,2010-04-01,35883.95626
España,2010-05-01,34170.03311999999
España,2010-06-01,39177.42137999999
España,2010-07-01,40423.36706000001
España,2010-08-01,75892.19720000001
España,2010-09-01,44075.509809999996
España,2010-10-01,41584.48438000001
España,2010-11-01,42530.73671
España,2010-12-01,47423.13263999999
España,2011-01-01,42329.64229000001
España,2011-02-01,37934.276329999986
España,2011-03-01,54556.96762999999
España,2011-04-01,39983.29746
España,2011-05-01,50954.92975999999
España,2011-06-01,45417.776939999996
España,2011-07-01,48090.223069999985
España,2011-08-01,62625.39171000001
España,2011-09-01,52255.26707999999
España,2011-10-01,57066.73634000001
España,2011-11-01,66684.55271
España,2011-12-01,55807.33595999999
España,2012-01-01,59427.51268000003
España,2012-02-01,54113.67997999999
España,2012-03-01,51765.04134999999
España,2012-04-01,53780.87050999999
España,2012-05-01,59673.47900000001
España,2012-06-01,59090.23708999999
España,2012-07-01,96928.27275000002
España,2012-08-01,102367.72026999999
España,2012-09-01,51162.13767999999
España,2012-10-01,79997.58698
España,2012-11-01,68773.07655
España,2012-12-01,52072.480760000006
España,2013-01-01,95398.59034999998
España,2013-02-01,62549.49532000001
España,2013-03-01,88834.01621
España,2013-04-01,82295.96680000002
España,2013-05-01,103202.70123999998
España,2013-06-01,57041.12033999998
España,2013-07-01,79029.22176
España,2013-08-01,70218.93422000004
España,2013-09-01,73173.48006000002
España,2013-10-01,92414.15143000001
España,2013-11-01,86332.41288999998
España,2013-12-01,72820.14193000001
España,2014-01-01,67579.60667
España,2014-02-01,65382.21737999999
España,2014-03-01,71025.96046
España,2014-04-01,85658.25618999997
España,2014-05-01,97129.77991000003
España,2014-06-01,70147.55142
España,2014-07-01,98162.32192999999
España,2014-08-01,80233.11383
España,2014-09-01,71179.74789
España,2014-10-01,96261.92218000002
España,2014-11-01,83926.59812999995
España,2014-12-01,80171.33356000007
España,2015-01-01,89806.78810999998
España,2015-02-01,68138.86434000004
España,2015-03-01,66184.22557
España,2015-04-01,74684.16869
España,2015-05-01,73619.01176
España,2015-06-01,62522.060330000015
España,2015-07-01,96335.53442999999
España,2015-08-01,70961.17107
España,2015-09-01,76307.35292999998
España,2015-10-01,75845.64166000002
España,2015-11-01,85727.83716999996
España,2015-12-01,75118.72387000006
España,2016-01-01,74730.93066
España,2016-02-01,68094.03259999998
España,2016-03-01,72045.11287999999
España,2016-04-01,70735.04702999993
España,2016-05-01,82296.65972000016
España,2016-06-01,74669.1815100001
España,2016-07-01,67879.6259999998
España,2016-08-01,80425.99664999994
España,2016-09-01,67134.09624999993
España,2016-10-01,69555.46011000001
España,2016-11-01,94879.22433999987
España,2016-12-01,96048.44083
España,2017-01-01,80812.79348999997
España,2017-02-01,66103.49238000005
España,2017-03-01,92531.30353000009
España,2017-04-01,76396.75264000005
España,2017-05-01,80175.8809400001
España,2017-06-01,82137.86695999998
España,2017-07-01,87439.26290999986
España,2017-08-01,86036.72418999992
España,2017-09-01,65057.178449999934
España,2017-10-01,81552.42832999997
España,2017-11-01,84116.49004999992
España,2017-12-01,85079.55477000015
España,2018-01-01,72036.4539400001
España,2018-02-01,79113.35781999999
España,2018-03-01,72846.01863000005
España,2018-04-01,89873.9409599999
España,2018-05-01,88986.35397999981
España,2018-06-01,80209.03211000006
España,2018-07-01,81001.92407000004
España,2018-08-01,88942.35110999999
España,2018-09-01,83045.4513199999
España,2018-10-01,88746.33007000001
España,2018-11-01,84147.08784999969
España,2018-12-01,82669.28297999986
España,2019-01-01,91186.63883000007
España,2019-02-01,75755.93574000004
España,2019-03-01,92805.1306499999
España,2019-04-01,88668.02424000007
España,2019-05-01,79044.87429
España,2019-06-01,76345.03442000003
España,2019-07-01,98309.99588000013
España,2019-08-01,88825.89907000013
España,2019-09-01,73028.03985999993
España,2019-10-01,91636.94106999991
España,2019-11-01,92921.6506900001
España,2019-12-01,81803.57423999994
España,2020-01-01,86556.10051999995
España,2020-02-01,66254.10938
España,2020-03-01,77451.45131999996
España,2020-04-01,62655.14955000003
España,2020-05-01,50810.07771999993
España,2020-06-01,50727.761729999904
España,2020-07-01,61289.48048000006
España,2020-08-01,62833.726139999955
España,2020-09-01,55101.465950000005
España,2020-10-01,74549.71081
España,2020-11-01,65218.107499999955
España,2020-12-01,84615.50750000002
España,2021-01-01,75476.89937999989
España,2021-02-01,87692.10780999986
España,2021-03-01,102088.24515000012
España,2021-04-01,111909.18118999994
España,2021-05-01,113141.43032000001
España,2021-06-01,128451.95371000013
España,2021-07-01,102393.48477
España,2021-08-01,101721.14781000017
España,2021-09-01,123933.97037999991
España,2021-10-01,101022.27149000013
España,2021-11-01,111024.57578000003
España,2021-12-01,130468.73631999995
España,2022-01-01,106776.45460999981
España,2022-02-01,100742.23603999996
España,2022-03-01,147528.16544000033
España,2022-04-01,136396.8611200001
España,2022-05-01,106037.6348600002
España,2022-06-01,135028.60560000013
España,2022-07-01,184688.3373199999
España,2022-08-01,121392.8846199999
España,2022-09-01,100214.5931899999
España,2022-10-01,107449.47704000004
España,2022-11-01,112815.73056000016
España,2022-12-01,108607.94071000001
España,2023-01-01,101026.15008000002
España,2023-02-01,105191.66626000023
España,2023-03-01,143332.85650000014
España,2023-04-01,122514.4224099998
España,2023-05-01,95095.12491999989
España,2023-06-01,167720.25237999955
España,2023-07-01,85391.25368999991
España,2023-08-01,100232.28223999994
España,2023-09-01,79315.69570000024
España,2023-10-01,91182.33904000012
España,2023-11-01,80796.39198000007
España,2023-12-01,84550.95734
España,2024-01-01,92021.43918000015
España,2024-02-01,84085.08655000002
España,2024-03-01,70837.47483999991
España,2024-04-01,97951.02894999986
España,2024-05-01,92424.77090000002
España,2024-06-01,94443.9335800002
España,2024-07-01,98462.07532000008
España,2024-08-01,108036.02106000028
España,2024-09-01,91804.34169000007
España,2024-10-01,95116.46796999984
España,2024-11-01,105573.87040000001
España,2024-12-01,92093.32112999991
España,2025-01-01,105687.5262299999
España,2025-02-01,71949.41624000005
España,2025-03-01,108886.95856999993
España,2025-04-01,99479.09348999974
España,2025-05-01,106825.88891000002
España,2025-06-01,105488.0527000003
España,2025-07-01,129402.34633999993
España,2025-08-01,112523.62151000003
España,2025-09-01,112016.89093000004
España,2025-10-01,104631.02964999987
España,2025-11-01,101591.48613
España,2025-12-01,110976.03632000003
España,2026-01-01,104041.24851999979
España,2026-02-01,76657.29562999998
España,2026-03-01,101528.89950000001
España,2026-04-01,100540.84354999992
España,2026-05-01,87877.8429300001
España,2026-06-01,93196.91742999993
Estados Unidos,2007-01-01,622945.6349200007
Estados Unidos,2007-02-01,623059.1654800001
Estados Unidos,2007-03-01,771133.2160499981
Estados Unidos,2007-04-01,601615.1822800008
Estados Unidos,2007-05-01,705586.4124300025
Estados Unidos,2007-06-01,687474.3197199983
Estados Unidos,2007-07-01,657434.1325400001
Estados Unidos,2007-08-01,774005.4945899992
Estados Unidos,2007-09-01,651803.3874599976
Estados Unidos,2007-10-01,863084.8294300018
Estados Unidos,2007-11-01,805730.4044800004
Estados Unidos,2007-12-01,798503.7713799976
Estados Unidos,2008-01-01,874107.4033899991
Estados Unidos,2008-02-01,990821.5623799982
Estados Unidos,2008-03-01,820721.888819999
Estados Unidos,2008-04-01,1021615.2718299993
Estados Unidos,2008-05-01,1040681.7914000014
Estados Unidos,2008-06-01,981497.4563099998
Estados Unidos,2008-07-01,938791.5258000016
Estados Unidos,2008-08-01,980179.7850100001
Estados Unidos,2008-09-01,984784.8780200022
Estados Unidos,2008-10-01,1055902.2388400005
Estados Unidos,2008-11-01,853107.5129700013
Estados Unidos,2008-12-01,891726.5526300002
Estados Unidos,2009-01-01,1015823.0377199997
Estados Unidos,2009-02-01,648754.2433999988
Estados Unidos,2009-03-01,775545.5163500005
Estados Unidos,2009-04-01,734088.5636700004
Estados Unidos,2009-05-01,686640.99651
Estados Unidos,2009-06-01,661623.02649
Estados Unidos,2009-07-01,975302.5357299994
Estados Unidos,2009-08-01,617035.3957200017
Estados Unidos,2009-09-01,754501.8196100007
Estados Unidos,2009-10-01,902430.8637599989
Estados Unidos,2009-11-01,844354.2849300003
Estados Unidos,2009-12-01,840297.2940400024
Estados Unidos,2010-01-01,668785.6141699989
Estados Unidos,2010-02-01,811865.4706600005
Estados Unidos,2010-03-01,903383.8841400001
Estados Unidos,2010-04-01,965160.1104599999
Estados Unidos,2010-05-01,901342.6663599989
Estados Unidos,2010-06-01,729161.0574199988
Estados Unidos,2010-07-01,900932.0313500017
Estados Unidos,2010-08-01,838542.5378000018
Estados Unidos,2010-09-01,899021.6712900003
Estados Unidos,2010-10-01,810618.1807699986
Estados Unidos,2010-11-01,900449.4914600007
Estados Unidos,2010-12-01,1107886.7374700017
Estados Unidos,2011-01-01,1096573.4326699993
Estados Unidos,2011-02-01,1116827.9677000006
Estados Unidos,2011-03-01,1207611.1452399993
Estados Unidos,2011-04-01,1222055.296700001
Estados Unidos,2011-05-01,1304137.2010600017
Estados Unidos,2011-06-01,1112850.9811899976
Estados Unidos,2011-07-01,1075196.326390002
Estados Unidos,2011-08-01,983823.036369998
Estados Unidos,2011-09-01,1242545.4475299977
Estados Unidos,2011-10-01,1079027.57165
Estados Unidos,2011-11-01,1171619.1588199986
Estados Unidos,2011-12-01,936650.169290001
Estados Unidos,2012-01-01,1169371.3616300006
Estados Unidos,2012-02-01,1086240.2818199997
Estados Unidos,2012-03-01,1077973.0911399988
Estados Unidos,2012-04-01,1010852.8163200001
Estados Unidos,2012-05-01,1340978.7769900023
Estados Unidos,2012-06-01,1311744.6985700002
Estados Unidos,2012-07-01,1214370.8935599986
Estados Unidos,2012-08-01,1153229.3882899988
Estados Unidos,2012-09-01,1168150.0223500002
Estados Unidos,2012-10-01,1202126.3556399997
Estados Unidos,2012-11-01,1401932.8264500007
Estados Unidos,2012-12-01,1041379.35403
Estados Unidos,2013-01-01,1498670.2384700011
Estados Unidos,2013-02-01,1352752.3809899997
Estados Unidos,2013-03-01,1349584.0070899993
Estados Unidos,2013-04-01,1339139.09223
Estados Unidos,2013-05-01,1496586.0995599988
Estados Unidos,2013-06-01,1128588.5197899998
Estados Unidos,2013-07-01,1381126.0775500003
Estados Unidos,2013-08-01,1277399.7196599988
Estados Unidos,2013-09-01,1466710.2039799986
Estados Unidos,2013-10-01,1448447.4933900004
Estados Unidos,2013-11-01,1286493.9796500003
Estados Unidos,2013-12-01,1311175.0575100002
Estados Unidos,2014-01-01,1498792.3622300006
Estados Unidos,2014-02-01,1699009.7033600009
Estados Unidos,2014-03-01,1586481.7826999987
Estados Unidos,2014-04-01,1503324.6796399998
Estados Unidos,2014-05-01,1604777.18522
Estados Unidos,2014-06-01,1499115.8721300007
Estados Unidos,2014-07-01,1578530.1251600003
Estados Unidos,2014-08-01,1144040.28339
Estados Unidos,2014-09-01,1661968.5519900015
Estados Unidos,2014-10-01,1472440.801390001
Estados Unidos,2014-11-01,1502809.5350300001
Estados Unidos,2014-12-01,1441337.8560400002
Estados Unidos,2015-01-01,1823054.6755900003
Estados Unidos,2015-02-01,1031064.9055800004
Estados Unidos,2015-03-01,1465569.1943899998
Estados Unidos,2015-04-01,1272722.25042
Estados Unidos,2015-05-01,1329301.4266999995
Estados Unidos,2015-06-01,1199780.7844400008
Estados Unidos,2015-07-01,1408514.2060699994
Estados Unidos,2015-08-01,1224267.32126
Estados Unidos,2015-09-01,1276769.3973899982
Estados Unidos,2015-10-01,1225025.255360001
Estados Unidos,2015-11-01,1081120.0983099996
Estados Unidos,2015-12-01,1175212.5417700005
Estados Unidos,2016-01-01,1107580.6185900026
Estados Unidos,2016-02-01,981171.5515700022
Estados Unidos,2016-03-01,1023180.3712699995
Estados Unidos,2016-04-01,999233.8786400023
Estados Unidos,2016-05-01,858989.8517299995
Estados Unidos,2016-06-01,868426.8447100009
Estados Unidos,2016-07-01,815876.6360999986
Estados Unidos,2016-08-01,1123946.6799499996
Estados Unidos,2016-09-01,981686.121579998
Estados Unidos,2016-10-01,887096.8860399984
Estados Unidos,2016-11-01,1168720.9560600014
Estados Unidos,2016-12-01,1062033.7378099996
Estados Unidos,2017-01-01,945274.3352699997
Estados Unidos,2017-02-01,1084906.8956699986
Estados Unidos,2017-03-01,1208904.7501099983
Estados Unidos,2017-04-01,1317820.9040800019
Estados Unidos,2017-05-01,1030277.9040299994
Estados Unidos,2017-06-01,844905.2623100014
Estados Unidos,2017-07-01,936963.4496399991
Estados Unidos,2017-08-01,1018788.6938600015
Estados Unidos,2017-09-01,820254.5302800018
Estados Unidos,2017-10-01,954126.3970899999
Estados Unidos,2017-11-01,926527.8079600045
Estados Unidos,2017-12-01,925746.6212299993
Estados Unidos,2018-01-01,992715.3198000015
Estados Unidos,2018-02-01,871374.7548599979
Estados Unidos,2018-03-01,1142414.0449100009
Estados Unidos,2018-04-01,999440.3299399983
Estados Unidos,2018-05-01,1168826.8589599966
Estados Unidos,2018-06-01,1137079.201220001
Estados Unidos,2018-07-01,1078601.8212999979
Estados Unidos,2018-08-01,1086596.7388199982
Estados Unidos,2018-09-01,994054.2381000014
Estados Unidos,2018-10-01,1283685.243000001
Estados Unidos,2018-11-01,1118380.4730000023
Estados Unidos,2018-12-01,1112851.6702099983
Estados Unidos,2019-01-01,1182619.4730200018
Estados Unidos,2019-02-01,1003459.5364199961
Estados Unidos,2019-03-01,1136141.7999800008
Estados Unidos,2019-04-01,1156684.0821599995
Estados Unidos,2019-05-01,1186810.2930400001
Estados Unidos,2019-06-01,961261.9910399996
Estados Unidos,2019-07-01,1180445.618229999
Estados Unidos,2019-08-01,1284811.7708600052
Estados Unidos,2019-09-01,964363.9561500006
Estados Unidos,2019-10-01,958512.2169500011
Estados Unidos,2019-11-01,1299470.3826099988
Estados Unidos,2019-12-01,962259.094450004
Estados Unidos,2020-01-01,1191381.08383999
Estados Unidos,2020-02-01,1052775.6544999985
Estados Unidos,2020-03-01,1009042.7109299984
Estados Unidos,2020-04-01,948214.1057599983
Estados Unidos,2020-05-01,756407.8380600006
Estados Unidos,2020-06-01,586860.0915600013
Estados Unidos,2020-07-01,755688.9208200006
Estados Unidos,2020-08-01,828231.7698100008
Estados Unidos,2020-09-01,840267.26636
Estados Unidos,2020-10-01,817784.3400599977
Estados Unidos,2020-11-01,939323.0156499991
Estados Unidos,2020-12-01,813780.2064699996
Estados Unidos,2021-01-01,1021763.2045800003
Estados Unidos,2021-02-01,947462.3484599979
Estados Unidos,2021-03-01,1222514.3951099997
Estados Unidos,2021-04-01,1012333.9304900004
Estados Unidos,2021-05-01,1034159.9929799979
Estados Unidos,2021-06-01,1162214.6895700023
Estados Unidos,2021-07-01,937603.6924100019
Estados Unidos,2021-08-01,1027841.8473600007
Estados Unidos,2021-09-01,1152016.6616200013
Estados Unidos,2021-10-01,1452302.4245199987
Estados Unidos,2021-11-01,1678813.2233700037
Estados Unidos,2021-12-01,1422229.854329996
Estados Unidos,2022-01-01,1427181.3723299983
Estados Unidos,2022-02-01,1284540.9283599968
Estados Unidos,2022-03-01,1841526.4818099923
Estados Unidos,2022-04-01,1759858.806850005
Estados Unidos,2022-05-01,2025322.7132100055
Estados Unidos,2022-06-01,1627568.2439099965
Estados Unidos,2022-07-01,1824035.3755799998
Estados Unidos,2022-08-01,1638206.4006800016
Estados Unidos,2022-09-01,1430593.963840001
Estados Unidos,2022-10-01,1304892.9309599965
Estados Unidos,2022-11-01,1413444.8693899976
Estados Unidos,2022-12-01,1261894.7024000003
Estados Unidos,2023-01-01,1632583.753169998
Estados Unidos,2023-02-01,1135668.3811599987
Estados Unidos,2023-03-01,1652181.453029992
Estados Unidos,2023-04-01,1251587.6577499988
Estados Unidos,2023-05-01,1355731.1383900023
Estados Unidos,2023-06-01,1059323.9379099996
Estados Unidos,2023-07-01,1155157.6742999994
Estados Unidos,2023-08-01,1190401.3865899956
Estados Unidos,2023-09-01,1314957.5736500015
Estados Unidos,2023-10-01,1394381.7116199995
Estados Unidos,2023-11-01,1366683.183460006
Estados Unidos,2023-12-01,1488992.2302500005
Estados Unidos,2024-01-01,1206863.5131799986
Estados Unidos,2024-02-01,1116366.1618900006
Estados Unidos,2024-03-01,1389093.2038099943
Estados Unidos,2024-04-01,1624668.141189999
Estados Unidos,2024-05-01,1496499.0344900063
Estados Unidos,2024-06-01,1171786.6290399989
Estados Unidos,2024-07-01,1326480.8743900005
Estados Unidos,2024-08-01,1438083.4482899962
Estados Unidos,2024-09-01,1221173.5914800023
Estados Unidos,2024-10-01,1412873.0863799974
Estados Unidos,2024-11-01,1571158.9869699934
Estados Unidos,2024-12-01,1489522.55672
Estados Unidos,2025-01-01,1335946.7823399976
Estados Unidos,2025-02-01,1291645.077090003
Estados Unidos,2025-03-01,1347472.3326499972
Estados Unidos,2025-04-01,1544902.393500001
Estados Unidos,2025-05-01,1524077.5650499996
Estados Unidos,2025-06-01,1208148.4569300006
Estados Unidos,2025-07-01,1447825.649489996
Estados Unidos,2025-08-01,1167159.0097199976
Estados Unidos,2025-09-01,1318432.7901800005
Estados Unidos,2025-10-01,1423544.7889100043
Estados Unidos,2025-11-01,1248240.5496800016
Estados Unidos,2025-12-01,1318108.2731600003
Estados Unidos,2026-01-01,1240869.106859998
Estados Unidos,2026-02-01,1262767.4485999998
Estados Unidos,2026-03-01,1321905.8586699958
Estados Unidos,2026-04-01,1544921.872370003
Estados Unidos,2026-05-01,1761947.9765599999
Estados Unidos,2026-06-01,1606130.4853500014
Francia,2007-01-01,35476.862129999936
Francia,2007-02-01,41665.73586999998
Francia,2007-03-01,45930.40639000003
Francia,2007-04-01,38172.99558999999
Francia,2007-05-01,43319.95803999992
Francia,2007-06-01,37456.41693999994
Francia,2007-07-01,48945.95837999998
Francia,2007-08-01,42114.9014900001
Francia,2007-09-01,37026.26184999993
Francia,2007-10-01,45220.14254999995
Francia,2007-11-01,51661.75674999997
Francia,2007-12-01,51120.91526000003
Francia,2008-01-01,49295.604869999996
Francia,2008-02-01,94972.69432000001
Francia,2008-03-01,43906.71422999999
Francia,2008-04-01,50327.67756000003
Francia,2008-05-01,84892.14107999999
Francia,2008-06-01,40722.18335000003
Francia,2008-07-01,48725.43031999996
Francia,2008-08-01,34421.093689999994
Francia,2008-09-01,151140.36910000004
Francia,2008-10-01,99630.14181999998
Francia,2008-11-01,151012.33724
Francia,2008-12-01,35043.54224000001
Francia,2009-01-01,34253.86130000001
Francia,2009-02-01,34831.55925999999
Francia,2009-03-01,35739.33471000001
Francia,2009-04-01,151558.00121000002
Francia,2009-05-01,143841.35300000003
Francia,2009-06-01,33570.39436000001
Francia,2009-07-01,241185.97835000002
Francia,2009-08-01,229542.08130999978
Francia,2009-09-01,183744.9548999999
Francia,2009-10-01,138963.46860999987
Francia,2009-11-01,82975.1952199999
Francia,2009-12-01,146431.80939000007
Francia,2010-01-01,193465.7221099999
Francia,2010-02-01,40130.511510000026
Francia,2010-03-01,43022.081520000065
Francia,2010-04-01,32810.17680999997
Francia,2010-05-01,153196.01413999998
Francia,2010-06-01,35098.58184000003
Francia,2010-07-01,92352.37220000013
Francia,2010-08-01,41327.48230999995
Francia,2010-09-01,225679.68379000036
Francia,2010-10-01,41183.70620999998
Francia,2010-11-01,101045.09569999999
Francia,2010-12-01,63590.17258999996
Francia,2011-01-01,70137.18450999995
Francia,2011-02-01,146961.65518999973
Francia,2011-03-01,232093.7683099997
Francia,2011-04-01,52138.034669999935
Francia,2011-05-01,58026.01814000001
Francia,2011-06-01,78051.50574999995
Francia,2011-07-01,96264.70526999989
Francia,2011-08-01,101681.54523999986
Francia,2011-09-01,104383.9447099998
Francia,2011-10-01,170111.80778000015
Francia,2011-11-01,93547.66440000001
Francia,2011-12-01,273614.5284099998
Francia,2012-01-01,50185.929240000005
Francia,2012-02-01,68059.46125
Francia,2012-03-01,146441.01111
Francia,2012-04-01,92200.46341000003
Francia,2012-05-01,135764.25008000003
Francia,2012-06-01,106264.49964999998
Francia,2012-07-01,180333.45283000005
Francia,2012-08-01,54561.55084999998
Francia,2012-09-01,53468.310940000025
Francia,2012-10-01,97603.34121999999
Francia,2012-11-01,55647.09521
Francia,2012-12-01,88368.56695999998
Francia,2013-01-01,255045.51351
Francia,2013-02-01,84102.61728
Francia,2013-03-01,98892.10686000003
Francia,2013-04-01,69117.39669
Francia,2013-05-01,101100.37545
Francia,2013-06-01,47764.502590000026
Francia,2013-07-01,61514.033299999996
Francia,2013-08-01,138109.66593
Francia,2013-09-01,159369.73419999995
Francia,2013-10-01,81462.34612999996
Francia,2013-11-01,188404.90992000003
Francia,2013-12-01,147809.36465
Francia,2014-01-01,93120.01305
Francia,2014-02-01,59175.96379000002
Francia,2014-03-01,74466.35976
Francia,2014-04-01,187269.49012999987
Francia,2014-05-01,138941.54329000003
Francia,2014-06-01,101374.71387000002
Francia,2014-07-01,234933.79905999996
Francia,2014-08-01,116574.91661999999
Francia,2014-09-01,264717.51195
Francia,2014-10-01,273031.2587300001
Francia,2014-11-01,178567.13455000002
Francia,2014-12-01,117540.52987
Francia,2015-01-01,256553.85057
Francia,2015-02-01,371737.1614900001
Francia,2015-03-01,199413.14738999997
Francia,2015-04-01,90689.60422000001
Francia,2015-05-01,97733.31740999997
Francia,2015-06-01,141964.49152999997
Francia,2015-07-01,152557.82759999993
Francia,2015-08-01,143464.17761
Francia,2015-09-01,75550.47170000002
Francia,2015-10-01,102653.0495
Francia,2015-11-01,75094.51763000002
Francia,2015-12-01,206628.93880000003
Francia,2016-01-01,49962.32602999992
Francia,2016-02-01,45155.09952000001
Francia,2016-03-01,45476.400819999995
Francia,2016-04-01,99538.70566999992
Francia,2016-05-01,60367.607440000094
Francia,2016-06-01,134123.16915000003
Francia,2016-07-01,61614.073229999936
Francia,2016-08-01,69358.94445000002
Francia,2016-09-01,65663.27887000002
Francia,2016-10-01,54101.53640999993
Francia,2016-11-01,87775.0550299999
Francia,2016-12-01,54224.173530000044
Francia,2017-01-01,63356.13431999994
Francia,2017-02-01,44749.33745000005
Francia,2017-03-01,123016.38792999994
Francia,2017-04-01,116676.08629000006
Francia,2017-05-01,63264.708570000024
Francia,2017-06-01,56697.08888999999
Francia,2017-07-01,51879.89631999998
Francia,2017-08-01,165456.0048999999
Francia,2017-09-01,89113.84372000002
Francia,2017-10-01,53148.33889999997
Francia,2017-11-01,73279.7214099999
Francia,2017-12-01,47829.29064000001
Francia,2018-01-01,68171.40451000004
Francia,2018-02-01,57877.159040000086
Francia,2018-03-01,61551.213789999936
Francia,2018-04-01,67290.83127999995
Francia,2018-05-01,127161.89612999992
Francia,2018-06-01,68041.66268000004
Francia,2018-07-01,90720.61778000009
Francia,2018-08-01,89829.95453999995
Francia,2018-09-01,114899.5794499999
Francia,2018-10-01,217937.41310000006
Francia,2018-11-01,105846.62615999996
Francia,2018-12-01,102480.20809000004
Francia,2019-01-01,55013.11756000003
Francia,2019-02-01,72124.72592000004
Francia,2019-03-01,148270.81325000006
Francia,2019-04-01,162434.1310900001
Francia,2019-05-01,268930.48578
Francia,2019-06-01,160912.3522900001
Francia,2019-07-01,69913.56473000001
Francia,2019-08-01,126275.97756000004
Francia,2019-09-01,54540.31169999993
Francia,2019-10-01,60151.58243999993
Francia,2019-11-01,164347.06831999985
Francia,2019-12-01,81868.14392999998
Francia,2020-01-01,63463.88025000006
Francia,2020-02-01,63252.16957000004
Francia,2020-03-01,53566.558709999925
Francia,2020-04-01,41995.540579999986
Francia,2020-05-01,73810.97455000017
Francia,2020-06-01,32014.350769999975
Francia,2020-07-01,41861.92077999991
Francia,2020-08-01,50983.05134000005
Francia,2020-09-01,44258.29435999998
Francia,2020-10-01,115199.12920999997
Francia,2020-11-01,219519.01932999998
Francia,2020-12-01,157930.98913000012
Francia,2021-01-01,56251.51900000001
Francia,2021-02-01,46964.66929000006
Francia,2021-03-01,178304.32503000004
Francia,2021-04-01,57589.571669999816
Francia,2021-05-01,107897.16372999993
Francia,2021-06-01,110717.39542999998
Francia,2021-07-01,70256.08473000005
Francia,2021-08-01,155390.8745900001
Francia,2021-09-01,198118.8348900003
Francia,2021-10-01,102705.02761000002
Francia,2021-11-01,251611.35770000017
Francia,2021-12-01,137899.6991000001
Francia,2022-01-01,231022.09413
Francia,2022-02-01,229706.92246
Francia,2022-03-01,321208.11312999995
Francia,2022-04-01,165068.73061000012
Francia,2022-05-01,259255.5889900001
Francia,2022-06-01,71636.91238999998
Francia,2022-07-01,150070.52978000027
Francia,2022-08-01,297457.9888700001
Francia,2022-09-01,211845.59007000006
Francia,2022-10-01,197338.2302700001
Francia,2022-11-01,197212.8318799999
Francia,2022-12-01,126906.66828
Francia,2023-01-01,87017.51878000006
Francia,2023-02-01,153314.4680800001
Francia,2023-03-01,234959.17260999998
Francia,2023-04-01,92608.47270999993
Francia,2023-05-01,157301.97258999984
Francia,2023-06-01,244226.62708999994
Francia,2023-07-01,179609.62317000012
Francia,2023-08-01,118780.85867000005
Francia,2023-09-01,232511.02654000008
Francia,2023-10-01,283347.5014299999
Francia,2023-11-01,81116.79942000001
Francia,2023-12-01,208874.9557300001
Francia,2024-01-01,120227.3967799999
Francia,2024-02-01,111776.57983000009
Francia,2024-03-01,263455.30455999996
Francia,2024-04-01,67560.67646999983
Francia,2024-05-01,67290.06523000007
Francia,2024-06-01,53987.54839000003
Francia,2024-07-01,123884.10228999992
Francia,2024-08-01,67564.82464000006
Francia,2024-09-01,68535.71384000001
Francia,2024-10-01,64129.92057999997
Francia,2024-11-01,63354.10490999996
Francia,2024-12-01,122231.29982000004
Francia,2025-01-01,70822.64797999998
Francia,2025-02-01,54919.15625999992
Francia,2025-03-01,130259.57515999996
Francia,2025-04-01,63366.56822999999
Francia,2025-05-01,67942.21914000002
Francia,2025-06-01,59596.33485
Francia,2025-07-01,81438.55046999996
Francia,2025-08-01,142417.84252999988
Francia,2025-09-01,76620.51395999998
Francia,2025-10-01,75073.17365000004
Francia,2025-11-01,67853.32501000004
Francia,2025-12-01,72722.53160999992
Francia,2026-01-01,69424.23779999997
Francia,2026-02-01,60691.85641999998
Francia,2026-03-01,70980.63916999994
Francia,2026-04-01,78404.59871000018
Francia,2026-05-01,78654.52531
Francia,2026-06-01,73726.29617000003
India,2007-01-01,35860.77591000001
India,2007-02-01,29780.464210000002
India,2007-03-01,32446.131669999988
India,2007-04-01,43631.13654999996
India,2007-05-01,38884.29574000003
India,2007-06-01,43547.929199999984
India,2007-07-01,46967.52996000001
India,2007-08-01,42573.54936999997
India,2007-09-01,34987.58978
India,2007-10-01,44499.95644999999
India,2007-11-01,42929.575469999996
India,2007-12-01,39734.26003000002
India,2008-01-01,45836.83958
India,2008-02-01,38494.14487
India,2008-03-01,40499.68601999997
India,2008-04-01,43636.98029999996
India,2008-05-01,41008.43732000001
India,2008-06-01,42200.119040000005
India,2008-07-01,46729.06098000002
India,2008-08-01,46738.12053
India,2008-09-01,58194.15061
India,2008-10-01,48091.782839999985
India,2008-11-01,42535.35335000003
India,2008-12-01,34830.53444000003
India,2009-01-01,42088.68671999999
India,2009-02-01,35606.81461000001
India,2009-03-01,43021.67447
India,2009-04-01,34967.009340000004
India,2009-05-01,34121.74510000001
India,2009-06-01,43983.373139999996
India,2009-07-01,45022.12744000001
India,2009-08-01,39163.326080000006
India,2009-09-01,47546.52055000001
India,2009-10-01,46879.57837999999
India,2009-11-01,40420.87676000001
India,2009-12-01,50999.81311
India,2010-01-01,43851.60209999999
India,2010-02-01,46209.156070000005
India,2010-03-01,37926.97994
India,2010-04-01,48229.95487
India,2010-05-01,59016.057919999985
India,2010-06-01,53956.99359000001
India,2010-07-01,63253.07387999998
India,2010-08-01,66185.62187999996
India,2010-09-01,72517.64931000004
India,2010-10-01,72463.04467999998
India,2010-11-01,60797.569060000016
India,2010-12-01,61849.316999999995
India,2011-01-01,65565.29200999999
India,2011-02-01,71163.59840999999
India,2011-03-01,67169.52390000001
India,2011-04-01,64897.227759999994
India,2011-05-01,83099.91841000003
India,2011-06-01,89144.91118000004
India,2011-07-01,78025.00889000001
India,2011-08-01,88810.25631
India,2011-09-01,103387.52373999999
India,2011-10-01,83950.83355
India,2011-11-01,90484.24397000001
India,2011-12-01,89930.31525999997
India,2012-01-01,90298.93830999997
India,2012-02-01,103861.02806000003
India,2012-03-01,110871.82532999995
India,2012-04-01,72563.60072
India,2012-05-01,101052.17730999997
India,2012-06-01,91891.11942999998
India,2012-07-01,87831.53147000002
India,2012-08-01,104084.49849999997
India,2012-09-01,109340.88295999994
India,2012-10-01,101200.55428000001
India,2012-11-01,89382.28322999999
India,2012-12-01,83823.81025000001
India,2013-01-01,82480.07039000001
India,2013-02-01,93903.53809000005
India,2013-03-01,84946.24523999997
India,2013-04-01,99125.35890000004
India,2013-05-01,104842.71761999998
India,2013-06-01,83367.59107000001
India,2013-07-01,99527.0954
India,2013-08-01,96834.24517000001
India,2013-09-01,103383.34621999999
India,2013-10-01,117539.30532999997
India,2013-11-01,87025.6215
India,2013-12-01,90867.88990000001
India,2014-01-01,88093.91984999998
India,2014-02-01,118033.52823999999
India,2014-03-01,108409.06632
India,2014-04-01,122524.19921
India,2014-05-01,123662.41756999999
India,2014-06-01,106586.46775999998
India,2014-07-01,127646.20134
India,2014-08-01,119613.10065000004
India,2014-09-01,118658.32857000003
India,2014-10-01,116135.15378999995
India,2014-11-01,115098.60515999999
India,2014-12-01,104335.62984000007
India,2015-01-01,87981.12495
India,2015-02-01,105456.18879999997
India,2015-03-01,111649.63640000003
India,2015-04-01,114045.72822000006
India,2015-05-01,108856.17936000002
India,2015-06-01,105587.62273000002
India,2015-07-01,112573.72383999999
India,2015-08-01,105841.82902999998
India,2015-09-01,103682.62461999997
India,2015-10-01,95369.77455999996
India,2015-11-01,74724.18374000002
India,2015-12-01,73463.63681
India,2016-01-01,69085.22572
India,2016-02-01,78750.64283000007
India,2016-03-01,75657.10367999994
India,2016-04-01,83815.96703000001
India,2016-05-01,80319.28250999998
India,2016-06-01,79876.84024000002
India,2016-07-01,69304.11619000009
India,2016-08-01,93334.73584
India,2016-09-01,80733.32367000003
India,2016-10-01,78349.99336999994
India,2016-11-01,81629.84931
India,2016-12-01,75044.00191000004
India,2017-01-01,78877.74560999998
India,2017-02-01,71693.76226000005
India,2017-03-01,79247.68224000005
India,2017-04-01,81065.54073000004
India,2017-05-01,75959.08313000003
India,2017-06-01,87527.0016799999
India,2017-07-01,83364.54297999991
India,2017-08-01,95381.76129000014
India,2017-09-01,92017.32297999992
India,2017-10-01,103388.6731999999
India,2017-11-01,103691.20464000011
India,2017-12-01,89837.18689000011
India,2018-01-01,92816.00676999999
India,2018-02-01,87171.15811999998
India,2018-03-01,76179.10319999992
India,2018-04-01,96925.25700000007
India,2018-05-01,105409.93107999992
India,2018-06-01,103855.68935000018
India,2018-07-01,98466.84383999996
India,2018-08-01,115463.43762000029
India,2018-09-01,100650.35155999998
India,2018-10-01,122232.33293999992
India,2018-11-01,97109.03888999995
India,2018-12-01,87155.50877999993
India,2019-01-01,97551.62349000007
India,2019-02-01,96563.24901999992
India,2019-03-01,92003.73661000004
India,2019-04-01,111009.82403999995
India,2019-05-01,105366.04308999986
India,2019-06-01,90978.89806999995
India,2019-07-01,96390.66707000002
India,2019-08-01,103042.55571999995
India,2019-09-01,92880.51881000001
India,2019-10-01,102669.51650000001
India,2019-11-01,93428.11177999999
India,2019-12-01,85534.25766999999
India,2020-01-01,97507.07006999987
India,2020-02-01,94784.27829999977
India,2020-03-01,85348.4828199999
India,2020-04-01,63506.31880000005
India,2020-05-01,64334.33230000004
India,2020-06-01,57355.97837999991
India,2020-07-01,69722.71848000014
India,2020-08-01,69734.50673000001
India,2020-09-01,78098.75881999996
India,2020-10-01,80748.84091000004
India,2020-11-01,86435.53916
India,2020-12-01,89413.59875999994
India,2021-01-01,74251.16645
India,2021-02-01,97480.2782199998
India,2021-03-01,108663.99785000026
India,2021-04-01,100214.72716999977
India,2021-05-01,91676.88863999998
India,2021-06-01,119329.66681000013
India,2021-07-01,141445.12703999996
India,2021-08-01,135612.03671999992
India,2021-09-01,113326.32708999993
India,2021-10-01,140012.55924000006
India,2021-11-01,127722.55003000011
India,2021-12-01,128660.93812999973
India,2022-01-01,116228.57832999983
India,2022-02-01,134478.75024999998
India,2022-03-01,150869.47828999997
India,2022-04-01,138475.33381999994
India,2022-05-01,164734.66593999995
India,2022-06-01,168300.86515999978
India,2022-07-01,125337.36659999973
India,2022-08-01,158430.62802999982
India,2022-09-01,183620.0936799999
India,2022-10-01,141220.84294999973
India,2022-11-01,124216.72662000019
India,2022-12-01,114325.04073999987
India,2023-01-01,101948.68484000009
India,2023-02-01,112390.76305999994
India,2023-03-01,127941.94287
India,2023-04-01,106062.4869600001
India,2023-05-01,130009.27548000003
India,2023-06-01,134069.8754599999
India,2023-07-01,126999.24932999995
India,2023-08-01,130870.95736000001
India,2023-09-01,108066.69810999994
India,2023-10-01,119391.48507999985
India,2023-11-01,111408.32777000015
India,2023-12-01,99377.29953999999
India,2024-01-01,105060.94322999992
India,2024-02-01,95817.31062999996
India,2024-03-01,98764.63885000008
India,2024-04-01,131263.2396400001
India,2024-05-01,141980.50695000007
India,2024-06-01,121578.52173999987
India,2024-07-01,183260.25229000015
India,2024-08-01,137806.38714999982
India,2024-09-01,123823.25511999994
India,2024-10-01,134548.67253
India,2024-11-01,127941.85998
India,2024-12-01,128126.06876999963
India,2025-01-01,132968.28161000006
India,2025-02-01,142401.38312
India,2025-03-01,150726.7643500001
India,2025-04-01,142988.69238
India,2025-05-01,150800.16703999994
India,2025-06-01,151396.00748000006
India,2025-07-01,156914.80688999992
India,2025-08-01,121115.28749999999
India,2025-09-01,145454.11838000003
India,2025-10-01,155343.21208000006
India,2025-11-01,162546.04355999985
India,2025-12-01,133950.02954000013
India,2026-01-01,139849.02252
India,2026-02-01,153992.90647
India,2026-03-01,161371.65106000012
India,2026-04-01,179665.3804099999
India,2026-05-01,156297.2738200001
India,2026-06-01,180990.81557000006
Indonesia,2007-01-01,7619.853270000003
Indonesia,2007-02-01,10485.894160000002
Indonesia,2007-03-01,16498.773760000004
Indonesia,2007-04-01,7807.765090000001
Indonesia,2007-05-01,12281.086519999999
Indonesia,2007-06-01,8948.46383
Indonesia,2007-07-01,11964.514519999988
Indonesia,2007-08-01,11637.965789999987
Indonesia,2007-09-01,15762.39661000001
Indonesia,2007-10-01,13296.210770000003
Indonesia,2007-11-01,10452.959409999996
Indonesia,2007-12-01,7491.911090000004
Indonesia,2008-01-01,8057.917949999992
Indonesia,2008-02-01,7652.149860000001
Indonesia,2008-03-01,14265.224079999996
Indonesia,2008-04-01,12003.288330000005
Indonesia,2008-05-01,6282.740349999996
Indonesia,2008-06-01,8691.273059999989
Indonesia,2008-07-01,12522.969309999993
Indonesia,2008-08-01,9206.510659999993
Indonesia,2008-09-01,12811.35622
Indonesia,2008-10-01,10512.721859999996
Indonesia,2008-11-01,19673.70334999997
Indonesia,2008-12-01,6875.069069999998
Indonesia,2009-01-01,6928.779030000001
Indonesia,2009-02-01,15908.905460000004
Indonesia,2009-03-01,13119.087739999999
Indonesia,2009-04-01,12385.13205
Indonesia,2009-05-01,5647.010990000002
Indonesia,2009-06-01,12222.86388
Indonesia,2009-07-01,7806.377170000001
Indonesia,2009-08-01,6171.7218699999985
Indonesia,2009-09-01,7132.72567
Indonesia,2009-10-01,6244.06821
Indonesia,2009-11-01,6344.466040000001
Indonesia,2009-12-01,6947.7936199999995
Indonesia,2010-01-01,8707.307939999997
Indonesia,2010-02-01,6382.0639
Indonesia,2010-03-01,10050.546629999997
Indonesia,2010-04-01,10068.623850000002
Indonesia,2010-05-01,10406.477650000003
Indonesia,2010-06-01,11271.38219
Indonesia,2010-07-01,9833.27474
Indonesia,2010-08-01,11150.747659999999
Indonesia,2010-09-01,8189.21342
Indonesia,2010-10-01,10367.165520000002
Indonesia,2010-11-01,15591.95918
Indonesia,2010-12-01,10908.211020000002
Indonesia,2011-01-01,17133.47014999999
Indonesia,2011-02-01,8681.76241
Indonesia,2011-03-01,11324.858329999997
Indonesia,2011-04-01,9980.43078
Indonesia,2011-05-01,11878.908100000002
Indonesia,2011-06-01,12156.700540000003
Indonesia,2011-07-01,18897.31505
Indonesia,2011-08-01,14921.577220000001
Indonesia,2011-09-01,18702.106119999997
Indonesia,2011-10-01,29307.232080000005
Indonesia,2011-11-01,23346.218450000008
Indonesia,2011-12-01,22078.18366
Indonesia,2012-01-01,11252.788090000004
Indonesia,2012-02-01,22941.301119999996
Indonesia,2012-03-01,36757.42013999999
Indonesia,2012-04-01,15789.924449999999
Indonesia,2012-05-01,26780.379450000004
Indonesia,2012-06-01,14480.828119999995
Indonesia,2012-07-01,19281.914030000004
Indonesia,2012-08-01,27894.264650000012
Indonesia,2012-09-01,20867.697080000005
Indonesia,2012-10-01,20779.884250000003
Indonesia,2012-11-01,24665.593070000003
Indonesia,2012-12-01,22223.100809999993
Indonesia,2013-01-01,16219.745689999996
Indonesia,2013-02-01,20381.441229999997
Indonesia,2013-03-01,15636.212839999995
Indonesia,2013-04-01,17710.6569
Indonesia,2013-05-01,23737.90139
Indonesia,2013-06-01,13586.76388
Indonesia,2013-07-01,28661.842010000004
Indonesia,2013-08-01,15664.444109999999
Indonesia,2013-09-01,17446.704939999996
Indonesia,2013-10-01,15988.943089999997
Indonesia,2013-11-01,19995.550030000006
Indonesia,2013-12-01,14969.26021
Indonesia,2014-01-01,16993.70397
Indonesia,2014-02-01,14714.066470000005
Indonesia,2014-03-01,16466.560320000004
Indonesia,2014-04-01,19380.238619999996
Indonesia,2014-05-01,18044.851230000004
Indonesia,2014-06-01,15079.858480000004
Indonesia,2014-07-01,20791.962999999996
Indonesia,2014-08-01,18129.229679999997
Indonesia,2014-09-01,31866.32713
Indonesia,2014-10-01,16360.253280000003
Indonesia,2014-11-01,21807.575790000003
Indonesia,2014-12-01,16520.761860000002
Indonesia,2015-01-01,17265.99583
Indonesia,2015-02-01,14205.219309999999
Indonesia,2015-03-01,16471.573579999997
Indonesia,2015-04-01,17812.829160000005
Indonesia,2015-05-01,29722.297920000008
Indonesia,2015-06-01,16783.322419999997
Indonesia,2015-07-01,20797.917819999995
Indonesia,2015-08-01,18148.48781
Indonesia,2015-09-01,16465.975069999997
Indonesia,2015-10-01,23140.165109999998
Indonesia,2015-11-01,12311.688600000001
Indonesia,2015-12-01,15261.974820000007
Indonesia,2016-01-01,12464.646589999993
Indonesia,2016-02-01,14715.107079999998
Indonesia,2016-03-01,14641.008499999998
Indonesia,2016-04-01,13321.293280000004
Indonesia,2016-05-01,16045.983160000002
Indonesia,2016-06-01,17560.214769999995
Indonesia,2016-07-01,17315.73543000002
Indonesia,2016-08-01,15718.001279999993
Indonesia,2016-09-01,17728.18621000001
Indonesia,2016-10-01,13997.947970000003
Indonesia,2016-11-01,14224.540579999993
Indonesia,2016-12-01,13525.585770000005
Indonesia,2017-01-01,17481.12417
Indonesia,2017-02-01,13498.241579999998
Indonesia,2017-03-01,16399.602829999985
Indonesia,2017-04-01,14154.766809999997
Indonesia,2017-05-01,15746.570869999998
Indonesia,2017-06-01,15832.446679999986
Indonesia,2017-07-01,17042.113470000015
Indonesia,2017-08-01,16707.291589999997
Indonesia,2017-09-01,17229.266219999994
Indonesia,2017-10-01,13300.988789999996
Indonesia,2017-11-01,15120.278200000008
Indonesia,2017-12-01,13551.683239999988
Indonesia,2018-01-01,13627.703269999998
Indonesia,2018-02-01,12972.990160000001
Indonesia,2018-03-01,14393.309420000003
Indonesia,2018-04-01,16609.61263
Indonesia,2018-05-01,15792.690549999998
Indonesia,2018-06-01,20870.32250999998
Indonesia,2018-07-01,22655.174209999994
Indonesia,2018-08-01,17731.330980000002
Indonesia,2018-09-01,19075.140300000006
Indonesia,2018-10-01,21024.79672
Indonesia,2018-11-01,17327.933320000007
Indonesia,2018-12-01,18163.781340000012
Indonesia,2019-01-01,14780.039949999991
Indonesia,2019-02-01,14388.284510000001
Indonesia,2019-03-01,12954.508550000004
Indonesia,2019-04-01,18949.487920000025
Indonesia,2019-05-01,19849.49766000001
Indonesia,2019-06-01,15453.53849999999
Indonesia,2019-07-01,18377.26979
Indonesia,2019-08-01,17735.85788999999
Indonesia,2019-09-01,17835.59709000001
Indonesia,2019-10-01,24559.122010000017
Indonesia,2019-11-01,18704.93401999999
Indonesia,2019-12-01,17743.90761
Indonesia,2020-01-01,16595.81778
Indonesia,2020-02-01,17555.728849999985
Indonesia,2020-03-01,14462.526289999993
Indonesia,2020-04-01,18051.05678999998
Indonesia,2020-05-01,19090.43916
Indonesia,2020-06-01,9797.120659999999
Indonesia,2020-07-01,10017.741650000005
Indonesia,2020-08-01,9808.65192
Indonesia,2020-09-01,15949.324519999984
Indonesia,2020-10-01,17497.20006999999
Indonesia,2020-11-01,17148.68289
Indonesia,2020-12-01,17827.07590000001
Indonesia,2021-01-01,17924.329749999986
Indonesia,2021-02-01,17897.811409999988
Indonesia,2021-03-01,34448.85729
Indonesia,2021-04-01,31803.38117
Indonesia,2021-05-01,31187.34300000002
Indonesia,2021-06-01,27663.849389999978
Indonesia,2021-07-01,33378.17507999997
Indonesia,2021-08-01,26565.096040000026
Indonesia,2021-09-01,23239.368030000005
Indonesia,2021-10-01,34373.43594
Indonesia,2021-11-01,32713.196260000008
Indonesia,2021-12-01,50647.75184999998
Indonesia,2022-01-01,44070.889879999966
Indonesia,2022-02-01,41501.34047000001
Indonesia,2022-03-01,36208.18807999998
Indonesia,2022-04-01,39069.65712000002
Indonesia,2022-05-01,32941.879219999995
Indonesia,2022-06-01,29706.19308999999
Indonesia,2022-07-01,23274.781159999966
Indonesia,2022-08-01,38706.80338
Indonesia,2022-09-01,45813.52491000006
Indonesia,2022-10-01,27561.867810000018
Indonesia,2022-11-01,26714.170179999994
Indonesia,2022-12-01,25300.812749999994
Indonesia,2023-01-01,20677.494279999995
Indonesia,2023-02-01,19364.26643
Indonesia,2023-03-01,18671.492690000014
Indonesia,2023-04-01,23091.086520000015
Indonesia,2023-05-01,20957.013940000004
Indonesia,2023-06-01,22038.486759999996
Indonesia,2023-07-01,21127.831169999998
Indonesia,2023-08-01,21610.953569999994
Indonesia,2023-09-01,20891.730350000005
Indonesia,2023-10-01,27179.526370000014
Indonesia,2023-11-01,21779.53955
Indonesia,2023-12-01,19605.559209999992
Indonesia,2024-01-01,22046.03181000001
Indonesia,2024-02-01,22165.255960000013
Indonesia,2024-03-01,16347.830139999998
Indonesia,2024-04-01,44592.73261
Indonesia,2024-05-01,32032.892200000002
Indonesia,2024-06-01,23309.16406
Indonesia,2024-07-01,20877.200509999995
Indonesia,2024-08-01,26716.408870000043
Indonesia,2024-09-01,29697.74922
Indonesia,2024-10-01,36108.44511999998
Indonesia,2024-11-01,28991.053849999993
Indonesia,2024-12-01,39533.07526000003
Indonesia,2025-01-01,24946.965749999985
Indonesia,2025-02-01,25459.689780000015
Indonesia,2025-03-01,41982.32515000004
Indonesia,2025-04-01,25419.440610000005
Indonesia,2025-05-01,34749.97104
Indonesia,2025-06-01,27957.63905
Indonesia,2025-07-01,36914.15809999998
Indonesia,2025-08-01,28810.927450000003
Indonesia,2025-09-01,34834.03773
Indonesia,2025-10-01,38371.99428
Indonesia,2025-11-01,35998.94435000001
Indonesia,2025-12-01,32828.14017
Indonesia,2026-01-01,31035.688319999976
Indonesia,2026-02-01,29700.86953000003
Indonesia,2026-03-01,28567.414240000002
Indonesia,2026-04-01,35365.89513
Indonesia,2026-05-01,33538.545159999994
Indonesia,2026-06-01,32165.837570000018
Israel,2007-01-01,9681.667440000001
Israel,2007-02-01,6100.68394
Israel,2007-03-01,7775.79879
Israel,2007-04-01,8237.19399
Israel,2007-05-01,13667.242169999996
Israel,2007-06-01,9222.993429999999
Israel,2007-07-01,19345.380020000008
Israel,2007-08-01,7512.309820000003
Israel,2007-09-01,30739.47372
Israel,2007-10-01,15641.381679999999
Israel,2007-11-01,13681.194239999999
Israel,2007-12-01,23080.744440000002
Israel,2008-01-01,8729.644929999999
Israel,2008-02-01,14855.494200000003
Israel,2008-03-01,7886.707830000003
Israel,2008-04-01,11330.467740000007
Israel,2008-05-01,10177.07153
Israel,2008-06-01,7937.363040000004
Israel,2008-07-01,7846.17717
Israel,2008-08-01,11212.871070000001
Israel,2008-09-01,47438.49751
Israel,2008-10-01,8261.82061
Israel,2008-11-01,6225.813190000003
Israel,2008-12-01,26753.28851
Israel,2009-01-01,8836.59241
Israel,2009-02-01,12164.942670000002
Israel,2009-03-01,11501.437440000002
Israel,2009-04-01,21719.997279999992
Israel,2009-05-01,31153.401110000003
Israel,2009-06-01,12169.0247
Israel,2009-07-01,43863.79066
Israel,2009-08-01,5408.559400000001
Israel,2009-09-01,12534.68139
Israel,2009-10-01,19592.133850000006
Israel,2009-11-01,17351.91546
Israel,2009-12-01,18591.637159999995
Israel,2010-01-01,47598.4622
Israel,2010-02-01,15361.49984
Israel,2010-03-01,13084.306379999998
Israel,2010-04-01,13367.06212
Israel,2010-05-01,22182.342070000002
Israel,2010-06-01,9292.483739999998
Israel,2010-07-01,17234.42812
Israel,2010-08-01,10700.980550000002
Israel,2010-09-01,11628.366029999997
Israel,2010-10-01,11676.14793
Israel,2010-11-01,69092.35895000001
Israel,2010-12-01,27210.184980000005
Israel,2011-01-01,32492.456640000008
Israel,2011-02-01,7073.164340000001
Israel,2011-03-01,14834.24406
Israel,2011-04-01,6263.31761
Israel,2011-05-01,10151.043080000001
Israel,2011-06-01,11012.8479
Israel,2011-07-01,8911.189099999998
Israel,2011-08-01,14000.986609999998
Israel,2011-09-01,11903.123609999999
Israel,2011-10-01,9637.427790000002
Israel,2011-11-01,7379.646579999999
Israel,2011-12-01,14303.534369999998
Israel,2012-01-01,10636.06512
Israel,2012-02-01,9226.49294
Israel,2012-03-01,16979.198090000005
Israel,2012-04-01,23724.512580000006
Israel,2012-05-01,13328.454139999998
Israel,2012-06-01,11420.888300000002
Israel,2012-07-01,13572.161030000001
Israel,2012-08-01,12123.968490000001
Israel,2012-09-01,9556.031179999998
Israel,2012-10-01,10475.236889999998
Israel,2012-11-01,15286.690400000003
Israel,2012-12-01,19682.121860000003
Israel,2013-01-01,15789.571560000004
Israel,2013-02-01,10618.71616
Israel,2013-03-01,10898.798299999997
Israel,2013-04-01,13483.103400000002
Israel,2013-05-01,10151.433599999998
Israel,2013-06-01,16721.418630000004
Israel,2013-07-01,16096.767599999996
Israel,2013-08-01,9705.40108
Israel,2013-09-01,12376.626170000001
Israel,2013-10-01,12694.62895
Israel,2013-11-01,11443.35056
Israel,2013-12-01,96575.89281
Israel,2014-01-01,11204.16252
Israel,2014-02-01,11601.431949999998
Israel,2014-03-01,16833.52549
Israel,2014-04-01,14362.372570000001
Israel,2014-05-01,8148.843670000001
Israel,2014-06-01,17157.53672
Israel,2014-07-01,43973.31223999999
Israel,2014-08-01,14447.0891
Israel,2014-09-01,31098.961160000003
Israel,2014-10-01,67128.46215
Israel,2014-11-01,27961.034209999998
Israel,2014-12-01,64290.43949
Israel,2015-01-01,15566.113299999999
Israel,2015-02-01,18595.600560000003
Israel,2015-03-01,12722.61095
Israel,2015-04-01,22055.082290000002
Israel,2015-05-01,12323.523729999997
Israel,2015-06-01,8739.884849999999
Israel,2015-07-01,10370.588580000001
Israel,2015-08-01,13531.489419999998
Israel,2015-09-01,12933.82064
Israel,2015-10-01,10794.688709999999
Israel,2015-11-01,13569.806660000004
Israel,2015-12-01,14243.329439999998
Israel,2016-01-01,7263.988169999997
Israel,2016-02-01,10947.360140000008
Israel,2016-03-01,10663.897749999998
Israel,2016-04-01,14294.323259999996
Israel,2016-05-01,10374.54702
Israel,2016-06-01,7013.88824
Israel,2016-07-01,7099.6918399999995
Israel,2016-08-01,8222.36952
Israel,2016-09-01,8004.286069999997
Israel,2016-10-01,18894.023300000004
Israel,2016-11-01,19020.7192
Israel,2016-12-01,20871.899640000003
Israel,2017-01-01,8187.35724
Israel,2017-02-01,5902.8304899999985
Israel,2017-03-01,19617.271010000004
Israel,2017-04-01,5306.93301
Israel,2017-05-01,8004.927900000002
Israel,2017-06-01,10802.876090000005
Israel,2017-07-01,8026.051679999998
Israel,2017-08-01,13189.803969999997
Israel,2017-09-01,7246.442369999994
Israel,2017-10-01,10085.429180000003
Israel,2017-11-01,11245.994019999995
Israel,2017-12-01,20953.86758
Israel,2018-01-01,9264.553619999997
Israel,2018-02-01,9853.917219999998
Israel,2018-03-01,5444.563680000003
Israel,2018-04-01,7316.2297
Israel,2018-05-01,14334.574750000005
Israel,2018-06-01,6511.997560000001
Israel,2018-07-01,9095.72478
Israel,2018-08-01,10105.357019999996
Israel,2018-09-01,6446.692100000002
Israel,2018-10-01,6211.823259999997
Israel,2018-11-01,10150.707790000002
Israel,2018-12-01,8316.215009999998
Israel,2019-01-01,5781.26913
Israel,2019-02-01,5635.819519999999
Israel,2019-03-01,7568.21577
Israel,2019-04-01,6091.680420000002
Israel,2019-05-01,8716.45972
Israel,2019-06-01,5496.896239999999
Israel,2019-07-01,6005.770490000003
Israel,2019-08-01,7277.445580000001
Israel,2019-09-01,7443.143210000002
Israel,2019-10-01,8680.427420000004
Israel,2019-11-01,7447.2233499999975
Israel,2019-12-01,11835.798310000004
Israel,2020-01-01,8802.298969999996
Israel,2020-02-01,5255.631520000003
Israel,2020-03-01,6724.99299
Israel,2020-04-01,6063.142909999999
Israel,2020-05-01,7593.90546
Israel,2020-06-01,5325.321589999996
Israel,2020-07-01,5052.38601
Israel,2020-08-01,5250.449170000001
Israel,2020-09-01,5637.8931
Israel,2020-10-01,7704.746049999996
Israel,2020-11-01,8132.394240000002
Israel,2020-12-01,6881.500899999991
Israel,2021-01-01,9238.08159
Israel,2021-02-01,5823.922349999999
Israel,2021-03-01,7603.147949999999
Israel,2021-04-01,7241.279729999998
Israel,2021-05-01,18690.869820000004
Israel,2021-06-01,7897.232389999998
Israel,2021-07-01,7203.340139999997
Israel,2021-08-01,7537.173719999997
Israel,2021-09-01,9329.80207
Israel,2021-10-01,8424.816050000003
Israel,2021-11-01,10001.520639999997
Israel,2021-12-01,12019.681969999994
Israel,2022-01-01,16085.459099999995
Israel,2022-02-01,10003.385999999999
Israel,2022-03-01,15459.307550000016
Israel,2022-04-01,10744.51432
Israel,2022-05-01,10486.245820000006
Israel,2022-06-01,17199.113790000003
Israel,2022-07-01,17224.06757
Israel,2022-08-01,12764.283129999993
Israel,2022-09-01,15408.16607999999
Israel,2022-10-01,13022.418820000003
Israel,2022-11-01,10717.005359999992
Israel,2022-12-01,26410.18273999999
Israel,2023-01-01,6365.221189999998
Israel,2023-02-01,9521.08816
Israel,2023-03-01,8145.975449999997
Israel,2023-04-01,8645.253530000002
Israel,2023-05-01,5744.304560000003
Israel,2023-06-01,9257.507450000003
Israel,2023-07-01,4948.37852
Israel,2023-08-01,7320.960809999999
Israel,2023-09-01,8632.336939999996
Israel,2023-10-01,7097.100589999999
Israel,2023-11-01,7129.654000000001
Israel,2023-12-01,12519.301309999995
Israel,2024-01-01,7728.84066
Israel,2024-02-01,7087.561750000001
Israel,2024-03-01,6343.268489999995
Israel,2024-04-01,9250.44787
Israel,2024-05-01,8250.295789999996
Israel,2024-06-01,7639.251970000003
Israel,2024-07-01,8217.032239999997
Israel,2024-08-01,9319.844670000002
Israel,2024-09-01,14552.122410000004
Israel,2024-10-01,6237.03988
Israel,2024-11-01,8747.812749999996
Israel,2024-12-01,8584.145650000006
Israel,2025-01-01,6950.838269999999
Israel,2025-02-01,6405.5849899999985
Israel,2025-03-01,8073.918450000004
Israel,2025-04-01,5972.049029999998
Israel,2025-05-01,8382.381610000004
Israel,2025-06-01,5915.18679
Israel,2025-07-01,10499.472050000006
Israel,2025-08-01,5652.054059999996
Israel,2025-09-01,6457.97529
Israel,2025-10-01,94034.22536999997
Israel,2025-11-01,9134.13813
Israel,2025-12-01,12294.521579999991
Israel,2026-01-01,7782.556910000002
Israel,2026-02-01,9884.155549999998
Israel,2026-03-01,6887.024970000002
Israel,2026-04-01,8360.926910000002
Israel,2026-05-01,9119.461630000003
Israel,2026-06-01,6802.735580000001
Italia,2007-01-01,38191.427879999945
Italia,2007-02-01,35021.87047000002
Italia,2007-03-01,42595.955980000006
Italia,2007-04-01,39083.89397000002
Italia,2007-05-01,50622.41998999998
Italia,2007-06-01,37050.15273999999
Italia,2007-07-01,40689.16518999998
Italia,2007-08-01,60593.365760000015
Italia,2007-09-01,36110.06134999998
Italia,2007-10-01,47574.14856999997
Italia,2007-11-01,49997.566069999964
Italia,2007-12-01,41926.47957000009
Italia,2008-01-01,40918.41109000005
Italia,2008-02-01,38568.199070000024
Italia,2008-03-01,38135.893899999974
Italia,2008-04-01,52468.51251999997
Italia,2008-05-01,37442.91865000005
Italia,2008-06-01,50904.64073000001
Italia,2008-07-01,60112.916120000016
Italia,2008-08-01,63582.95737999995
Italia,2008-09-01,69753.58291999986
Italia,2008-10-01,62885.79327999994
Italia,2008-11-01,43185.720549999955
Italia,2008-12-01,49654.09390000004
Italia,2009-01-01,56780.52593999999
Italia,2009-02-01,66628.57964000007
Italia,2009-03-01,35370.074980000005
Italia,2009-04-01,38798.49892999998
Italia,2009-05-01,36836.51412999999
Italia,2009-06-01,47900.44326
Italia,2009-07-01,53099.61164999999
Italia,2009-08-01,37440.28653999996
Italia,2009-09-01,32212.176890000017
Italia,2009-10-01,45490.050740000035
Italia,2009-11-01,45457.127340000014
Italia,2009-12-01,42926.685030000015
Italia,2010-01-01,38482.785800000005
Italia,2010-02-01,35803.79567999999
Italia,2010-03-01,44174.810390000006
Italia,2010-04-01,52684.831829999974
Italia,2010-05-01,44616.80101
Italia,2010-06-01,46902.24767999997
Italia,2010-07-01,58846.80234000001
Italia,2010-08-01,59833.58551999997
Italia,2010-09-01,51310.32699999999
Italia,2010-10-01,61141.73446000001
Italia,2010-11-01,57399.036510000005
Italia,2010-12-01,89182.86903000003
Italia,2011-01-01,65046.16830000002
Italia,2011-02-01,50635.632639999996
Italia,2011-03-01,57821.65809000001
Italia,2011-04-01,69709.12652
Italia,2011-05-01,63712.739359999985
Italia,2011-06-01,70342.05438999999
Italia,2011-07-01,72775.49711
Italia,2011-08-01,82196.84737999993
Italia,2011-09-01,73441.05662
Italia,2011-10-01,59229.675380000015
Italia,2011-11-01,63691.21177000003
Italia,2011-12-01,65449.99753999998
Italia,2012-01-01,65800.16786999999
Italia,2012-02-01,63215.44663000002
Italia,2012-03-01,64250.981250000026
Italia,2012-04-01,71337.63660000003
Italia,2012-05-01,80854.40247999998
Italia,2012-06-01,84241.11786999996
Italia,2012-07-01,104389.68866000004
Italia,2012-08-01,96219.63727000005
Italia,2012-09-01,64919.920640000026
Italia,2012-10-01,98622.10143000004
Italia,2012-11-01,84250.17784
Italia,2012-12-01,83352.07918
Italia,2013-01-01,87946.45698000006
Italia,2013-02-01,71030.98129
Italia,2013-03-01,62117.44644
Italia,2013-04-01,98726.6168399999
Italia,2013-05-01,74030.79504999999
Italia,2013-06-01,79863.86830000003
Italia,2013-07-01,74266.41166
Italia,2013-08-01,132388.0270900001
Italia,2013-09-01,76829.06277000002
Italia,2013-10-01,84007.30006000002
Italia,2013-11-01,91926.50089000002
Italia,2013-12-01,77472.61569000002
Italia,2014-01-01,82940.13042999998
Italia,2014-02-01,58242.474050000026
Italia,2014-03-01,67932.25143
Italia,2014-04-01,82216.93286000002
Italia,2014-05-01,79595.29482999996
Italia,2014-06-01,73133.87617
Italia,2014-07-01,92572.03197000005
Italia,2014-08-01,79297.66668999994
Italia,2014-09-01,94811.40066999987
Italia,2014-10-01,113205.856
Italia,2014-11-01,81184.43415999999
Italia,2014-12-01,76815.41643999999
Italia,2015-01-01,69740.67392999999
Italia,2015-02-01,68523.38978999999
Italia,2015-03-01,57500.659459999995
Italia,2015-04-01,74764.79559000001
Italia,2015-05-01,62321.21479000001
Italia,2015-06-01,61831.770210000046
Italia,2015-07-01,87847.97449999997
Italia,2015-08-01,63563.294060000015
Italia,2015-09-01,64793.17787000005
Italia,2015-10-01,72819.16083000004
Italia,2015-11-01,74096.21352999996
Italia,2015-12-01,65877.62417
Italia,2016-01-01,58865.77429999998
Italia,2016-02-01,57807.39233999998
Italia,2016-03-01,70343.36212
Italia,2016-04-01,62365.44706999994
Italia,2016-05-01,58556.683349999934
Italia,2016-06-01,75624.19334999986
Italia,2016-07-01,57144.38717000003
Italia,2016-08-01,87100.84034999993
Italia,2016-09-01,55000.89408999994
Italia,2016-10-01,54128.74076000008
Italia,2016-11-01,57490.90378999991
Italia,2016-12-01,66858.94096999994
Italia,2017-01-01,57418.33663000002
Italia,2017-02-01,54439.749169999996
Italia,2017-03-01,62132.52906000014
Italia,2017-04-01,54648.89171999998
Italia,2017-05-01,62512.56545999995
Italia,2017-06-01,62156.902670000054
Italia,2017-07-01,61387.74261000003
Italia,2017-08-01,70245.15840999995
Italia,2017-09-01,63758.74978000009
Italia,2017-10-01,60826.43192999988
Italia,2017-11-01,74189.84610999998
Italia,2017-12-01,70885.53945000008
Italia,2018-01-01,64474.63773000011
Italia,2018-02-01,62124.5755500001
Italia,2018-03-01,58635.71392999998
Italia,2018-04-01,97363.7069700002
Italia,2018-05-01,71717.71825999995
Italia,2018-06-01,63250.30124000005
Italia,2018-07-01,75801.65537
Italia,2018-08-01,74908.2730900001
Italia,2018-09-01,57412.30363999997
Italia,2018-10-01,68570.99503000008
Italia,2018-11-01,66905.92935999995
Italia,2018-12-01,65496.18798999997
Italia,2019-01-01,67074.06534999999
Italia,2019-02-01,58185.297269999995
Italia,2019-03-01,59686.816209999946
Italia,2019-04-01,67638.51899000004
Italia,2019-05-01,70505.23572999993
Italia,2019-06-01,54750.96527000009
Italia,2019-07-01,78435.24415999983
Italia,2019-08-01,83306.33116999992
Italia,2019-09-01,66442.53412999991
Italia,2019-10-01,69163.83798999985
Italia,2019-11-01,78276.3095900002
Italia,2019-12-01,68702.24164999979
Italia,2020-01-01,67075.82134000011
Italia,2020-02-01,60368.525519999894
Italia,2020-03-01,54799.02491000003
Italia,2020-04-01,56850.75607
Italia,2020-05-01,47934.50281000007
Italia,2020-06-01,41335.10374999995
Italia,2020-07-01,55483.086199999976
Italia,2020-08-01,52281.53523999998
Italia,2020-09-01,45359.24151999993
Italia,2020-10-01,57226.42503
Italia,2020-11-01,64307.62567999997
Italia,2020-12-01,76172.20175000008
Italia,2021-01-01,62411.67185999994
Italia,2021-02-01,57254.75242
Italia,2021-03-01,61589.071419999986
Italia,2021-04-01,68711.46739999989
Italia,2021-05-01,69322.86581999989
Italia,2021-06-01,81492.02438999989
Italia,2021-07-01,76976.32207000004
Italia,2021-08-01,77992.87296000001
Italia,2021-09-01,81306.15863999986
Italia,2021-10-01,90528.69524999986
Italia,2021-11-01,74562.3096800002
Italia,2021-12-01,96613.96152999984
Italia,2022-01-01,82468.54362000017
Italia,2022-02-01,101411.65787000008
Italia,2022-03-01,100988.96878000016
Italia,2022-04-01,80634.10239999993
Italia,2022-05-01,104063.70246999993
Italia,2022-06-01,110011.24139
Italia,2022-07-01,97114.87305999993
Italia,2022-08-01,105376.30272999997
Italia,2022-09-01,148590.39854000002
Italia,2022-10-01,104375.00164000006
Italia,2022-11-01,96834.32143999999
Italia,2022-12-01,103572.83804000006
Italia,2023-01-01,103793.26743999965
Italia,2023-02-01,80189.34983
Italia,2023-03-01,93124.45095999996
Italia,2023-04-01,107925.26572000024
Italia,2023-05-01,87205.0327999999
Italia,2023-06-01,82825.98970000006
Italia,2023-07-01,79594.88698000001
Italia,2023-08-01,104863.04979999994
Italia,2023-09-01,94172.99111
Italia,2023-10-01,78553.80487999992
Italia,2023-11-01,96551.06959999984
Italia,2023-12-01,100397.56583999992
Italia,2024-01-01,85987.20733999998
Italia,2024-02-01,89879.85554000009
Italia,2024-03-01,62937.004509999955
Italia,2024-04-01,119742.02571999993
Italia,2024-05-01,87778.42859999993
Italia,2024-06-01,86771.84342000006
Italia,2024-07-01,110744.76514000015
Italia,2024-08-01,102289.10430999994
Italia,2024-09-01,88116.25945000003
Italia,2024-10-01,84630.35656999992
Italia,2024-11-01,90630.03952999983
Italia,2024-12-01,79636.43594999993
Italia,2025-01-01,102768.13724999999
Italia,2025-02-01,90648.27342
Italia,2025-03-01,87711.09870000013
Italia,2025-04-01,92871.37345
Italia,2025-05-01,93200.50158999984
Italia,2025-06-01,87981.98283999997
Italia,2025-07-01,107469.05190000014
Italia,2025-08-01,100053.75828999993
Italia,2025-09-01,87918.31681999998
Italia,2025-10-01,109923.36437999991
Italia,2025-11-01,93345.51110999999
Italia,2025-12-01,114740.32965999993
Italia,2026-01-01,102247.93529000011
Italia,2026-02-01,98296.00956000005
Italia,2026-03-01,122756.3101700002
Italia,2026-04-01,116026.53200999998
Italia,2026-05-01,120596.11887999998
Italia,2026-06-01,115792.85425000024
Japón,2007-01-01,88084.19060999974
Japón,2007-02-01,104879.49439000004
Japón,2007-03-01,110798.07947999997
Japón,2007-04-01,110723.01155000001
Japón,2007-05-01,101065.73138999997
Japón,2007-06-01,100245.65142999997
Japón,2007-07-01,114540.11480999996
Japón,2007-08-01,107991.31930000015
Japón,2007-09-01,90273.00661000005
Japón,2007-10-01,101969.98812000005
Japón,2007-11-01,109692.94013999983
Japón,2007-12-01,90565.87847999997
Japón,2008-01-01,113727.12421000005
Japón,2008-02-01,93439.77347999995
Japón,2008-03-01,100462.44859000003
Japón,2008-04-01,100118.92629000006
Japón,2008-05-01,103295.55187999996
Japón,2008-06-01,98272.76323999997
Japón,2008-07-01,94366.87886000006
Japón,2008-08-01,72626.2083000001
Japón,2008-09-01,97423.4893100001
Japón,2008-10-01,107418.24865999985
Japón,2008-11-01,85500.48545999998
Japón,2008-12-01,86064.88199000001
Japón,2009-01-01,59733.85415999999
Japón,2009-02-01,93788.71074000001
Japón,2009-03-01,52624.27129000002
Japón,2009-04-01,86897.12365000007
Japón,2009-05-01,66682.66931999994
Japón,2009-06-01,72528.35577000004
Japón,2009-07-01,68466.61964999994
Japón,2009-08-01,49783.853719999985
Japón,2009-09-01,60349.40667
Japón,2009-10-01,64684.11647999991
Japón,2009-11-01,63591.38631
Japón,2009-12-01,86255.38739000025
Japón,2010-01-01,78277.10446000003
Japón,2010-02-01,67814.48893999991
Japón,2010-03-01,79850.10471999993
Japón,2010-04-01,81353.77154999993
Japón,2010-05-01,95890.46150000006
Japón,2010-06-01,99551.34972000004
Japón,2010-07-01,112036.43578999986
Japón,2010-08-01,110436.9192000001
Japón,2010-09-01,100986.69983000004
Japón,2010-10-01,89349.7327700001
Japón,2010-11-01,124704.66848000004
Japón,2010-12-01,116390.83808999987
Japón,2011-01-01,124479.25566
Japón,2011-02-01,79917.0771
Japón,2011-03-01,162516.52696000008
Japón,2011-04-01,119207.01592999995
Japón,2011-05-01,99864.1305699999
Japón,2011-06-01,120275.2718800001
Japón,2011-07-01,121440.43996999995
Japón,2011-08-01,126744.62501000005
Japón,2011-09-01,102715.51028000013
Japón,2011-10-01,127376.73784000006
Japón,2011-11-01,121121.5227200002
Japón,2011-12-01,132050.4214000001
Japón,2012-01-01,139540.77323000005
Japón,2012-02-01,147360.46139999997
Japón,2012-03-01,135794.87514000002
Japón,2012-04-01,122412.24983000012
Japón,2012-05-01,166587.28246999998
Japón,2012-06-01,138309.8769900001
Japón,2012-07-01,145174.41801999995
Japón,2012-08-01,148756.43264999992
Japón,2012-09-01,114696.09622999991
Japón,2012-10-01,148887.0338800002
Japón,2012-11-01,143003.0584799999
Japón,2012-12-01,126789.32664999997
Japón,2013-01-01,125693.60961000003
Japón,2013-02-01,92128.13945000009
Japón,2013-03-01,146214.7662499999
Japón,2013-04-01,125261.52948000027
Japón,2013-05-01,101361.08608000001
Japón,2013-06-01,137194.31673999998
Japón,2013-07-01,122275.91204000002
Japón,2013-08-01,123448.65869999999
Japón,2013-09-01,121995.93739000005
Japón,2013-10-01,124693.64743999997
Japón,2013-11-01,136584.15448000008
Japón,2013-12-01,121952.61753000002
Japón,2014-01-01,115633.10073999992
Japón,2014-02-01,127253.29882999996
Japón,2014-03-01,117423.50683000003
Japón,2014-04-01,152286.52175000007
Japón,2014-05-01,111121.35384999998
Japón,2014-06-01,111023.39314999999
Japón,2014-07-01,142183.7879699998
Japón,2014-08-01,116125.96166
Japón,2014-09-01,128849.80486000003
Japón,2014-10-01,158491.11794000014
Japón,2014-11-01,130925.2407400002
Japón,2014-12-01,114129.02560999998
Japón,2015-01-01,119582.37866000003
Japón,2015-02-01,101374.65283000002
Japón,2015-03-01,131854.24773000006
Japón,2015-04-01,110196.75007999993
Japón,2015-05-01,101579.0402700001
Japón,2015-06-01,98291.93361999997
Japón,2015-07-01,118978.54668000004
Japón,2015-08-01,89275.83508000002
Japón,2015-09-01,88879.19629
Japón,2015-10-01,88161.24872
Japón,2015-11-01,87884.92179999995
Japón,2015-12-01,91395.37916999999
Japón,2016-01-01,73413.23282999998
Japón,2016-02-01,92531.43853999987
Japón,2016-03-01,87152.33890000008
Japón,2016-04-01,92583.44185000015
Japón,2016-05-01,85882.21274000005
Japón,2016-06-01,91351.74733999981
Japón,2016-07-01,74418.21368000006
Japón,2016-08-01,102397.20994999997
Japón,2016-09-01,100994.77949000002
Japón,2016-10-01,97718.92386000002
Japón,2016-11-01,97916.19095000005
Japón,2016-12-01,119270.44471
Japón,2017-01-01,111801.86118000005
Japón,2017-02-01,108691.43362999991
Japón,2017-03-01,129685.50340000002
Japón,2017-04-01,111179.40305000002
Japón,2017-05-01,78422.52570999999
Japón,2017-06-01,89550.36575999996
Japón,2017-07-01,97573.51287000004
Japón,2017-08-01,107972.06015000005
Japón,2017-09-01,93992.57872
Japón,2017-10-01,106462.26941999998
Japón,2017-11-01,100983.57195999996
Japón,2017-12-01,94948.73535999993
Japón,2018-01-01,117402.62062999999
Japón,2018-02-01,87303.09860999988
Japón,2018-03-01,111935.79624000004
Japón,2018-04-01,110719.74978999987
Japón,2018-05-01,112380.27739000006
Japón,2018-06-01,94935.01323999978
Japón,2018-07-01,115140.31485999993
Japón,2018-08-01,97874.37445999992
Japón,2018-09-01,92238.36265999998
Japón,2018-10-01,138226.7156700001
Japón,2018-11-01,120157.39870000002
Japón,2018-12-01,90251.28880999994
Japón,2019-01-01,99367.74340000002
Japón,2019-02-01,94223.26500000012
Japón,2019-03-01,101265.86038999997
Japón,2019-04-01,111238.98056999984
Japón,2019-05-01,98791.50802
Japón,2019-06-01,109388.87479000006
Japón,2019-07-01,127997.87990000012
Japón,2019-08-01,106363.8826500001
Japón,2019-09-01,93136.38086999982
Japón,2019-10-01,101550.55914000006
Japón,2019-11-01,94392.70607000017
Japón,2019-12-01,97262.04407999993
Japón,2020-01-01,104774.91505000008
Japón,2020-02-01,94509.65974000016
Japón,2020-03-01,103095.68700000005
Japón,2020-04-01,56402.00807999997
Japón,2020-05-01,57625.743699999926
Japón,2020-06-01,52885.06293999995
Japón,2020-07-01,81303.63421999999
Japón,2020-08-01,57315.81628000003
Japón,2020-09-01,50499.933089999955
Japón,2020-10-01,63038.295400000075
Japón,2020-11-01,67058.89657999993
Japón,2020-12-01,90614.06079000002
Japón,2021-01-01,92704.01330000012
Japón,2021-02-01,81260.96723
Japón,2021-03-01,104319.98707999992
Japón,2021-04-01,96708.28728999996
Japón,2021-05-01,114511.86335000003
Japón,2021-06-01,89111.74776999989
Japón,2021-07-01,85149.44342999996
Japón,2021-08-01,141750.50146000012
Japón,2021-09-01,116736.79901000008
Japón,2021-10-01,115900.5142100001
Japón,2021-11-01,124263.22061999993
Japón,2021-12-01,106521.00632000003
Japón,2022-01-01,80500.84407000004
Japón,2022-02-01,96692.35758000003
Japón,2022-03-01,116597.12735000011
Japón,2022-04-01,109000.43299000002
Japón,2022-05-01,127134.02518999997
Japón,2022-06-01,106225.06919000001
Japón,2022-07-01,124111.08371999986
Japón,2022-08-01,157244.23006000026
Japón,2022-09-01,153628.78941999978
Japón,2022-10-01,129722.54664999989
Japón,2022-11-01,120340.84501999986
Japón,2022-12-01,114753.36063000002
Japón,2023-01-01,163372.37990000015
Japón,2023-02-01,85115.37358000003
Japón,2023-03-01,109727.70734000018
Japón,2023-04-01,133628.94421000016
Japón,2023-05-01,135352.84490999975
Japón,2023-06-01,123447.60615000007
Japón,2023-07-01,113502.80056999982
Japón,2023-08-01,122978.07309000006
Japón,2023-09-01,101430.4580799999
Japón,2023-10-01,94693.62693000003
Japón,2023-11-01,90212.29546000001
Japón,2023-12-01,87329.39287999996
Japón,2024-01-01,117154.38152000005
Japón,2024-02-01,107643.6525300001
Japón,2024-03-01,97740.99388
Japón,2024-04-01,161259.07322999986
Japón,2024-05-01,153396.01245999994
Japón,2024-06-01,96595.1780200001
Japón,2024-07-01,110250.17588999977
Japón,2024-08-01,134592.05072999993
Japón,2024-09-01,143422.11825999987
Japón,2024-10-01,114463.71819999993
Japón,2024-11-01,130422.90338000015
Japón,2024-12-01,85768.34569000002
Japón,2025-01-01,116027.34023000006
Japón,2025-02-01,118068.60738999982
Japón,2025-03-01,133846.0855399999
Japón,2025-04-01,163439.96513999996
Japón,2025-05-01,123172.18436000006
Japón,2025-06-01,121084.25476999996
Japón,2025-07-01,181679.82814000014
Japón,2025-08-01,148673.4293300002
Japón,2025-09-01,133467.01049999997
Japón,2025-10-01,150140.46225999983
Japón,2025-11-01,138408.83987000003
Japón,2025-12-01,154531.83101999975
Japón,2026-01-01,147156.46498999992
Japón,2026-02-01,167039.44621999975
Japón,2026-03-01,132865.20246000003
Japón,2026-04-01,207128.12849000006
Japón,2026-05-01,147125.82811000006
Japón,2026-06-01,155969.62269000002
Malasia,2007-01-01,11750.877199999997
Malasia,2007-02-01,10496.75666
Malasia,2007-03-01,14059.380109999998
Malasia,2007-04-01,9768.28234
Malasia,2007-05-01,10734.982140000007
Malasia,2007-06-01,9618.725919999993
Malasia,2007-07-01,9471.197810000001
Malasia,2007-08-01,19218.93775999999
Malasia,2007-09-01,15052.512769999996
Malasia,2007-10-01,16425.31717
Malasia,2007-11-01,18882.448570000008
Malasia,2007-12-01,15062.86125
Malasia,2008-01-01,12762.51255
Malasia,2008-02-01,9955.907710000005
Malasia,2008-03-01,13231.58958
Malasia,2008-04-01,17989.386020000005
Malasia,2008-05-01,13107.641420000002
Malasia,2008-06-01,13565.83998
Malasia,2008-07-01,20480.224370000014
Malasia,2008-08-01,12413.181379999989
Malasia,2008-09-01,22397.297120000014
Malasia,2008-10-01,13872.311360000002
Malasia,2008-11-01,11927.587739999995
Malasia,2008-12-01,12212.51989
Malasia,2009-01-01,9993.329190000002
Malasia,2009-02-01,20808.02676
Malasia,2009-03-01,5744.569189999998
Malasia,2009-04-01,7067.784449999999
Malasia,2009-05-01,10993.667760000004
Malasia,2009-06-01,5701.026800000001
Malasia,2009-07-01,6354.993890000001
Malasia,2009-08-01,9362.344479999998
Malasia,2009-09-01,7275.703659999999
Malasia,2009-10-01,7973.575829999999
Malasia,2009-11-01,10498.25262
Malasia,2009-12-01,5901.6081300000005
Malasia,2010-01-01,6098.8906799999995
Malasia,2010-02-01,9716.319220000001
Malasia,2010-03-01,8065.530039999999
Malasia,2010-04-01,6161.286389999999
Malasia,2010-05-01,6575.606879999999
Malasia,2010-06-01,11735.148739999999
Malasia,2010-07-01,10581.099110000001
Malasia,2010-08-01,12359.814410000005
Malasia,2010-09-01,23859.268039999995
Malasia,2010-10-01,14633.672989999995
Malasia,2010-11-01,12041.954040000002
Malasia,2010-12-01,17342.583280000006
Malasia,2011-01-01,15244.195389999997
Malasia,2011-02-01,16435.5143
Malasia,2011-03-01,13774.675030000002
Malasia,2011-04-01,12499.5224
Malasia,2011-05-01,28156.90324
Malasia,2011-06-01,15395.94611
Malasia,2011-07-01,19782.17194
Malasia,2011-08-01,21940.570330000002
Malasia,2011-09-01,22596.704699999995
Malasia,2011-10-01,18151.075930000003
Malasia,2011-11-01,17611.329750000004
Malasia,2011-12-01,12771.33626
Malasia,2012-01-01,17446.27539
Malasia,2012-02-01,15300.174469999996
Malasia,2012-03-01,14025.195200000004
Malasia,2012-04-01,12551.791599999997
Malasia,2012-05-01,21308.324650000006
Malasia,2012-06-01,19954.725119999996
Malasia,2012-07-01,18871.254879999993
Malasia,2012-08-01,19352.56716
Malasia,2012-09-01,15667.142970000004
Malasia,2012-10-01,18102.175570000003
Malasia,2012-11-01,20639.57334
Malasia,2012-12-01,14170.979260000002
Malasia,2013-01-01,15079.683339999998
Malasia,2013-02-01,12260.543560000002
Malasia,2013-03-01,11333.716439999997
Malasia,2013-04-01,13973.146640000004
Malasia,2013-05-01,14821.996419999996
Malasia,2013-06-01,16477.171630000008
Malasia,2013-07-01,18184.83668999999
Malasia,2013-08-01,15850.123289999994
Malasia,2013-09-01,20057.785260000008
Malasia,2013-10-01,20150.248339999995
Malasia,2013-11-01,22837.455150000013
Malasia,2013-12-01,17343.43692
Malasia,2014-01-01,17370.546869999995
Malasia,2014-02-01,15230.048999999995
Malasia,2014-03-01,13304.341110000001
Malasia,2014-04-01,14601.868030000007
Malasia,2014-05-01,16287.677119999995
Malasia,2014-06-01,19069.72122999999
Malasia,2014-07-01,24238.086489999983
Malasia,2014-08-01,19778.497659999994
Malasia,2014-09-01,21828.76502
Malasia,2014-10-01,22578.117679999996
Malasia,2014-11-01,21125.050490000005
Malasia,2014-12-01,20331.115959999996
Malasia,2015-01-01,13968.717020000006
Malasia,2015-02-01,13998.414980000001
Malasia,2015-03-01,13833.79399
Malasia,2015-04-01,12544.597649999996
Malasia,2015-05-01,13702.599019999996
Malasia,2015-06-01,12902.579679999997
Malasia,2015-07-01,17120.29543
Malasia,2015-08-01,13118.167299999997
Malasia,2015-09-01,16296.968190000001
Malasia,2015-10-01,16117.484090000009
Malasia,2015-11-01,15682.039760000003
Malasia,2015-12-01,10839.806429999997
Malasia,2016-01-01,11604.273460000004
Malasia,2016-02-01,12147.697780000011
Malasia,2016-03-01,9014.290130000001
Malasia,2016-04-01,15053.964019999994
Malasia,2016-05-01,10644.913129999995
Malasia,2016-06-01,13346.918299999992
Malasia,2016-07-01,10067.864830000004
Malasia,2016-08-01,12289.74229
Malasia,2016-09-01,20097.432
Malasia,2016-10-01,17552.35111999999
Malasia,2016-11-01,12964.026659999983
Malasia,2016-12-01,17771.20185
Malasia,2017-01-01,12823.68066
Malasia,2017-02-01,10195.857020000001
Malasia,2017-03-01,14520.969829999993
Malasia,2017-04-01,13484.050219999994
Malasia,2017-05-01,14334.706619999994
Malasia,2017-06-01,13287.494160000004
Malasia,2017-07-01,13960.162220000002
Malasia,2017-08-01,18669.080630000004
Malasia,2017-09-01,15195.260999999995
Malasia,2017-10-01,11422.489420000009
Malasia,2017-11-01,15119.599389999998
Malasia,2017-12-01,18503.021679999998
Malasia,2018-01-01,13264.286130000002
Malasia,2018-02-01,12860.504680000005
Malasia,2018-03-01,11049.85269
Malasia,2018-04-01,18083.720079999992
Malasia,2018-05-01,15781.73857999999
Malasia,2018-06-01,16874.036340000006
Malasia,2018-07-01,16711.469110000005
Malasia,2018-08-01,16840.889439999995
Malasia,2018-09-01,18844.323149999997
Malasia,2018-10-01,21544.350100000007
Malasia,2018-11-01,19560.04747999999
Malasia,2018-12-01,20537.08371999999
Malasia,2019-01-01,17473.81204
Malasia,2019-02-01,14426.2158
Malasia,2019-03-01,16167.711800000001
Malasia,2019-04-01,14544.144920000004
Malasia,2019-05-01,18970.698009999996
Malasia,2019-06-01,13357.253710000003
Malasia,2019-07-01,21820.09009000001
Malasia,2019-08-01,18321.065749999998
Malasia,2019-09-01,15473.488579999997
Malasia,2019-10-01,22868.88019999999
Malasia,2019-11-01,17395.529909999987
Malasia,2019-12-01,19416.10517000001
Malasia,2020-01-01,19347.935649999996
Malasia,2020-02-01,19081.65842
Malasia,2020-03-01,13344.709970000002
Malasia,2020-04-01,15388.743069999993
Malasia,2020-05-01,14059.65455999999
Malasia,2020-06-01,9152.915499999992
Malasia,2020-07-01,13213.304600000007
Malasia,2020-08-01,12273.037130000004
Malasia,2020-09-01,12430.822070000002
Malasia,2020-10-01,13098.194080000003
Malasia,2020-11-01,17200.857210000002
Malasia,2020-12-01,18446.53028
Malasia,2021-01-01,16710.388829999996
Malasia,2021-02-01,15303.255740000006
Malasia,2021-03-01,28571.34258999998
Malasia,2021-04-01,22591.170079999996
Malasia,2021-05-01,14716.690740000007
Malasia,2021-06-01,18869.326810000006
Malasia,2021-07-01,27911.873050000013
Malasia,2021-08-01,23587.24367999999
Malasia,2021-09-01,16899.99868
Malasia,2021-10-01,23346.154700000006
Malasia,2021-11-01,22979.11652
Malasia,2021-12-01,23773.44255000001
Malasia,2022-01-01,19471.222279999998
Malasia,2022-02-01,16546.465150000007
Malasia,2022-03-01,20615.04012000002
Malasia,2022-04-01,21860.86108
Malasia,2022-05-01,17105.94676
Malasia,2022-06-01,30205.134210000004
Malasia,2022-07-01,20408.296979999974
Malasia,2022-08-01,22582.17978999998
Malasia,2022-09-01,25983.951519999995
Malasia,2022-10-01,16065.081060000002
Malasia,2022-11-01,16172.334309999991
Malasia,2022-12-01,17566.868859999995
Malasia,2023-01-01,15852.09564000001
Malasia,2023-02-01,14293.955390000001
Malasia,2023-03-01,13601.024339999985
Malasia,2023-04-01,11536.224620000005
Malasia,2023-05-01,15013.40252
Malasia,2023-06-01,12163.278030000001
Malasia,2023-07-01,13843.609539999994
Malasia,2023-08-01,12599.699589999998
Malasia,2023-09-01,12128.760080000004
Malasia,2023-10-01,14759.835640000003
Malasia,2023-11-01,14597.055619999997
Malasia,2023-12-01,25097.03495000002
Malasia,2024-01-01,13203.667100000004
Malasia,2024-02-01,23528.103719999992
Malasia,2024-03-01,10296.220429999994
Malasia,2024-04-01,16238.545269999995
Malasia,2024-05-01,12443.93541
Malasia,2024-06-01,20981.188850000013
Malasia,2024-07-01,16411.079149999998
Malasia,2024-08-01,13419.375120000004
Malasia,2024-09-01,15298.858460000003
Malasia,2024-10-01,24454.649150000016
Malasia,2024-11-01,19122.736669999995
Malasia,2024-12-01,15475.53559
Malasia,2025-01-01,18411.615209999996
Malasia,2025-02-01,17499.973120000002
Malasia,2025-03-01,16265.333970000002
Malasia,2025-04-01,15567.530850000005
Malasia,2025-05-01,15050.757710000005
Malasia,2025-06-01,12406.056120000003
Malasia,2025-07-01,18356.85741999999
Malasia,2025-08-01,13801.566010000002
Malasia,2025-09-01,17486.50294
Malasia,2025-10-01,19300.576450000008
Malasia,2025-11-01,14628.892390000005
Malasia,2025-12-01,16478.06761999999
Malasia,2026-01-01,17124.08949999999
Malasia,2026-02-01,16183.757519999992
Malasia,2026-03-01,14512.107
Malasia,2026-04-01,17238.556600000007
Malasia,2026-05-01,13899.01811999999
Malasia,2026-06-01,13447.617730000009
México,2007-01-01,178894.17472
México,2007-02-01,202306.93855000014
México,2007-03-01,242848.93213000038
México,2007-04-01,230004.94807999997
México,2007-05-01,308768.20781
México,2007-06-01,273344.36566999997
México,2007-07-01,260263.43858000002
México,2007-08-01,268871.0181
México,2007-09-01,257857.48023999977
México,2007-10-01,325224.12991000025
México,2007-11-01,275010.18155
México,2007-12-01,249171.40245999995
México,2008-01-01,220077.87121999994
México,2008-02-01,235670.09249
México,2008-03-01,248690.49180999977
México,2008-04-01,298316.4071699992
México,2008-05-01,290165.8442799999
México,2008-06-01,256531.65473999977
México,2008-07-01,260709.9215199999
México,2008-08-01,228576.67599999992
México,2008-09-01,270645.49425999983
México,2008-10-01,311439.52867000015
México,2008-11-01,261173.62300999998
México,2008-12-01,243982.77167999974
México,2009-01-01,168743.08511999992
México,2009-02-01,178647.4368100001
México,2009-03-01,182944.56837000008
México,2009-04-01,167912.65647000007
México,2009-05-01,144070.84550000008
México,2009-06-01,164828.7425200003
México,2009-07-01,198112.76611999984
México,2009-08-01,181765.19478999998
México,2009-09-01,193182.45761000007
México,2009-10-01,236199.42970999988
México,2009-11-01,223638.58137000015
México,2009-12-01,257842.55918999988
México,2010-01-01,196212.79864000014
México,2010-02-01,274842.48897999997
México,2010-03-01,291331.5134600001
México,2010-04-01,313340.5898600004
México,2010-05-01,288000.14313000045
México,2010-06-01,319657.0293699994
México,2010-07-01,326998.02633999987
México,2010-08-01,327584.40675999975
México,2010-09-01,359842.42708
México,2010-10-01,376122.70615000057
México,2010-11-01,369221.85244999884
México,2010-12-01,413520.1431600001
México,2011-01-01,344504.07598999975
México,2011-02-01,376178.7577099991
México,2011-03-01,441751.9862500006
México,2011-04-01,494756.91814000084
México,2011-05-01,496852.1150700007
México,2011-06-01,566664.3961100002
México,2011-07-01,508654.73491
México,2011-08-01,622292.44258
México,2011-09-01,542109.3224699997
México,2011-10-01,625140.63776
México,2011-11-01,595350.3889799997
México,2011-12-01,444771.43735999934
México,2012-01-01,469242.13061000034
México,2012-02-01,503220.6472600004
México,2012-03-01,605232.7080100001
México,2012-04-01,563525.4868400005
México,2012-05-01,671326.7061999999
México,2012-06-01,657965.3253699997
México,2012-07-01,565425.2682500002
México,2012-08-01,467788.10768999986
México,2012-09-01,561114.8919
México,2012-10-01,510287.65822999994
México,2012-11-01,471214.7762600002
México,2012-12-01,406396.8406900002
México,2013-01-01,408676.87087999965
México,2013-02-01,417810.21794999996
México,2013-03-01,365717.57561
México,2013-04-01,486852.78942999983
México,2013-05-01,579953.4669399998
México,2013-06-01,411666.63263000024
México,2013-07-01,481221.0750500001
México,2013-08-01,429253.2409900001
México,2013-09-01,538052.9527700006
México,2013-10-01,497049.77902000025
México,2013-11-01,520965.99025999964
México,2013-12-01,358736.91216000007
México,2014-01-01,320868.3174300001
México,2014-02-01,390954.05766000005
México,2014-03-01,406400.1027300003
México,2014-04-01,442808.77775999997
México,2014-05-01,477472.45840000024
México,2014-06-01,397060.62913000025
México,2014-07-01,493084.9745700001
México,2014-08-01,427166.76771
México,2014-09-01,431810.64142
México,2014-10-01,506389.94509000017
México,2014-11-01,457164.65505000006
México,2014-12-01,521450.3187500001
México,2015-01-01,285769.78030999965
México,2015-02-01,353980.28374
México,2015-03-01,302195.75918
México,2015-04-01,350173.5187399999
México,2015-05-01,326649.1360999999
México,2015-06-01,313472.7971499999
México,2015-07-01,366243.73812999966
México,2015-08-01,326378.20422999974
México,2015-09-01,316803.2585799999
México,2015-10-01,286889.91817999986
México,2015-11-01,346350.23380999983
México,2015-12-01,278033.02287999995
México,2016-01-01,229822.05256999983
México,2016-02-01,268319.7664499997
México,2016-03-01,300924.5390200002
México,2016-04-01,277285.1322800004
México,2016-05-01,297360.1209000001
México,2016-06-01,301610.65612
México,2016-07-01,253480.39056000012
México,2016-08-01,295382.05588000035
México,2016-09-01,303562.7567199996
México,2016-10-01,273435.1441300004
México,2016-11-01,323832.9580599997
México,2016-12-01,285721.7913300001
México,2017-01-01,275414.6214400004
México,2017-02-01,265046.96731000004
México,2017-03-01,300666.14008
México,2017-04-01,289971.6990900003
México,2017-05-01,288538.13806
México,2017-06-01,292785.30756999966
México,2017-07-01,283850.7638400007
México,2017-08-01,308228.4107400006
México,2017-09-01,286801.1839799998
México,2017-10-01,332263.9812099995
México,2017-11-01,257237.42728999996
México,2017-12-01,256090.04304000016
México,2018-01-01,255322.15316000054
México,2018-02-01,308800.1058400005
México,2018-03-01,293639.9817899998
México,2018-04-01,402447.3177400004
México,2018-05-01,359297.41973999946
México,2018-06-01,340715.19255999924
México,2018-07-01,312643.81112000014
México,2018-08-01,338089.59458000027
México,2018-09-01,343036.98062999954
México,2018-10-01,388040.09328999935
México,2018-11-01,324946.00089000014
México,2018-12-01,280415.0239599999
México,2019-01-01,290152.29867000034
México,2019-02-01,297627.2222000002
México,2019-03-01,369590.0807400002
México,2019-04-01,327800.26634
México,2019-05-01,337150.9512400001
México,2019-06-01,275208.75942999986
México,2019-07-01,306388.70782999974
México,2019-08-01,316491.92063999985
México,2019-09-01,358025.95457000023
México,2019-10-01,369921.96400999965
México,2019-11-01,330027.6235900004
México,2019-12-01,301236.1047099998
México,2020-01-01,285381.3636999999
México,2020-02-01,319149.6728200004
México,2020-03-01,297881.77058000036
México,2020-04-01,208813.16912000053
México,2020-05-01,120381.87771999996
México,2020-06-01,162781.1660999999
México,2020-07-01,220963.37524000008
México,2020-08-01,236086.81139
México,2020-09-01,236649.76145000002
México,2020-10-01,258634.75906999994
México,2020-11-01,297119.6932799994
México,2020-12-01,281983.0803600005
México,2021-01-01,217940.8360699999
México,2021-02-01,271409.8716300001
México,2021-03-01,297183.79977999954
México,2021-04-01,314235.86246999964
México,2021-05-01,267172.7948500002
México,2021-06-01,273788.7484899998
México,2021-07-01,295917.87524999975
México,2021-08-01,347104.2638599996
México,2021-09-01,393228.62479000044
México,2021-10-01,345207.74844999955
México,2021-11-01,399754.94183
México,2021-12-01,377535.0544299999
México,2022-01-01,282123.9098400001
México,2022-02-01,276181.3363900004
México,2022-03-01,375126.47517999995
México,2022-04-01,359269.5201299994
México,2022-05-01,328223.3054799995
México,2022-06-01,363922.9004600004
México,2022-07-01,383542.3267100001
México,2022-08-01,366022.7381799997
México,2022-09-01,410072.01509000023
México,2022-10-01,344757.3774499999
México,2022-11-01,341146.86316
México,2022-12-01,344357.30279000016
México,2023-01-01,238121.96463999976
México,2023-02-01,259774.25210999983
México,2023-03-01,304388.9679100001
México,2023-04-01,226949.42001000006
México,2023-05-01,275183.06537000026
México,2023-06-01,260387.50312999976
México,2023-07-01,231154.45781999984
México,2023-08-01,261745.72966999997
México,2023-09-01,276561.41745999997
México,2023-10-01,237464.92947999967
México,2023-11-01,256033.95198000004
México,2023-12-01,262589.3055399999
México,2024-01-01,252474.44767999952
México,2024-02-01,300682.81800999964
México,2024-03-01,218232.1036800001
México,2024-04-01,292375.22368000005
México,2024-05-01,313054.1200500004
México,2024-06-01,218015.1411400004
México,2024-07-01,281179.2382800002
México,2024-08-01,249678.04748000007
México,2024-09-01,279518.36130000034
México,2024-10-01,287977.3898499997
México,2024-11-01,279189.54845000035
México,2024-12-01,272722.5474999997
México,2025-01-01,237889.01717999988
México,2025-02-01,248298.0566899996
México,2025-03-01,287709.3028699997
México,2025-04-01,294269.62012999976
México,2025-05-01,291037.0315100003
México,2025-06-01,270075.7796000003
México,2025-07-01,321700.5477699999
México,2025-08-01,271733.1021899997
México,2025-09-01,324530.8663199995
México,2025-10-01,352052.92691000004
México,2025-11-01,307476.52582999977
México,2025-12-01,328553.91112999985
México,2026-01-01,275951.5857799999
México,2026-02-01,297209.6986700001
México,2026-03-01,316494.73977
México,2026-04-01,317505.41903000016
México,2026-05-01,332604.82394
México,2026-06-01,330474.4288599997
Paraguay,2007-01-01,1996.6466099999998
Paraguay,2007-02-01,368.97172
Paraguay,2007-03-01,11649.781590000004
Paraguay,2007-04-01,376.64391
Paraguay,2007-05-01,935.23322
Paraguay,2007-06-01,1422.31606
Paraguay,2007-07-01,605.0263300000001
Paraguay,2007-08-01,871.3698400000001
Paraguay,2007-09-01,798.54515
Paraguay,2007-10-01,520.82008
Paraguay,2007-11-01,446.02854
Paraguay,2007-12-01,192.38326999999998
Paraguay,2008-01-01,454.04364
Paraguay,2008-02-01,214.58046
Paraguay,2008-03-01,202.7963
Paraguay,2008-04-01,572.8232100000001
Paraguay,2008-05-01,1442.5175599999998
Paraguay,2008-06-01,340.96721
Paraguay,2008-07-01,670.1733399999998
Paraguay,2008-08-01,443.12888999999996
Paraguay,2008-09-01,469.2318700000001
Paraguay,2008-10-01,406.81663000000003
Paraguay,2008-11-01,2812.696569999999
Paraguay,2008-12-01,1014.4937
Paraguay,2009-01-01,4963.6581
Paraguay,2009-02-01,5.22746
Paraguay,2009-03-01,187.3287
Paraguay,2009-04-01,39.87742
Paraguay,2009-05-01,193.45828
Paraguay,2009-06-01,7795.31988
Paraguay,2009-07-01,59.295
Paraguay,2009-08-01,130.04469
Paraguay,2009-09-01,6.999999999999999e-21
Paraguay,2009-10-01,1.8000000000000008e-20
Paraguay,2009-11-01,1116.0977
Paraguay,2009-12-01,5.0000000000000005e-21
Paraguay,2010-01-01,17919.28418
Paraguay,2010-02-01,18.79094
Paraguay,2010-03-01,36.292
Paraguay,2010-04-01,8.000000000000001e-21
Paraguay,2010-05-01,31.644819999999996
Paraguay,2010-06-01,17061.037559999997
Paraguay,2010-07-01,6.999999999999999e-21
Paraguay,2010-08-01,12.620299999999999
Paraguay,2010-09-01,6.999999999999999e-21
Paraguay,2010-10-01,223.11267999999998
Paraguay,2010-11-01,6.0000000000000006e-21
Paraguay,2010-12-01,5.0000000000000005e-21
Paraguay,2011-01-01,5.028429999999999
Paraguay,2011-02-01,7.25131
Paraguay,2011-03-01,11.310660000000002
Paraguay,2011-04-01,24646.39835
Paraguay,2011-05-01,12.9228
Paraguay,2011-06-01,13276.353000000003
Paraguay,2011-07-01,15478.816349999997
Paraguay,2011-08-01,26667.52864
Paraguay,2011-09-01,20624.831580000002
Paraguay,2011-10-01,37825.022850000016
Paraguay,2011-11-01,36625.349369999996
Paraguay,2011-12-01,7297.876699999999
Paraguay,2012-01-01,7207.79966
Paraguay,2012-02-01,6594.44469
Paraguay,2012-03-01,50138.881
Paraguay,2012-04-01,5.472899999999999
Paraguay,2012-05-01,0.0
Paraguay,2012-06-01,75.98693
Paraguay,2012-07-01,9865.66478
Paraguay,2012-08-01,24978.13129
Paraguay,2012-09-01,15.11326
Paraguay,2012-10-01,8.31266
Paraguay,2012-11-01,19.12829
Paraguay,2012-12-01,19.5401
Paraguay,2013-01-01,403.05857000000003
Paraguay,2013-02-01,7.659180000000001
Paraguay,2013-03-01,929.845
Paraguay,2013-04-01,12533.459630000001
Paraguay,2013-05-01,0.0
Paraguay,2013-06-01,0.0
Paraguay,2013-07-01,20527.38812
Paraguay,2013-08-01,2.2921199999999997
Paraguay,2013-09-01,27117.8475
Paraguay,2013-10-01,25.081470000000003
Paraguay,2013-11-01,6.76903
Paraguay,2013-12-01,25753.877200000003
Paraguay,2014-01-01,1117.0815699999998
Paraguay,2014-02-01,8517.522329999998
Paraguay,2014-03-01,3680.03639
Paraguay,2014-04-01,1140.29347
Paraguay,2014-05-01,5435.42848
Paraguay,2014-06-01,2013.9468100000001
Paraguay,2014-07-01,3701.3056100000003
Paraguay,2014-08-01,1432.27902
Paraguay,2014-09-01,10512.956980000003
Paraguay,2014-10-01,10090.245409999996
Paraguay,2014-11-01,2275.95602
Paraguay,2014-12-01,6584.22999
Paraguay,2015-01-01,8920.63319
Paraguay,2015-02-01,5697.554199999999
Paraguay,2015-03-01,3434.68181
Paraguay,2015-04-01,4991.00441
Paraguay,2015-05-01,1761.7697800000003
Paraguay,2015-06-01,1066.5303800000002
Paraguay,2015-07-01,1592.07595
Paraguay,2015-08-01,2164.88087
Paraguay,2015-09-01,488.5525200000001
Paraguay,2015-10-01,839.40778
Paraguay,2015-11-01,1327.32721
Paraguay,2015-12-01,1281.6472899999999
Paraguay,2016-01-01,683.0848599999998
Paraguay,2016-02-01,811.45904
Paraguay,2016-03-01,488.22561
Paraguay,2016-04-01,5392.007200000002
Paraguay,2016-05-01,3721.7771699999994
Paraguay,2016-06-01,4803.900279999999
Paraguay,2016-07-01,2524.1827500000004
Paraguay,2016-08-01,1804.61419
Paraguay,2016-09-01,1611.7938
Paraguay,2016-10-01,1808.3180500000003
Paraguay,2016-11-01,1585.63944
Paraguay,2016-12-01,2129.67283
Paraguay,2017-01-01,619.79882
Paraguay,2017-02-01,737.64815
Paraguay,2017-03-01,405.5458
Paraguay,2017-04-01,491.17386000000005
Paraguay,2017-05-01,1128.94978
Paraguay,2017-06-01,1891.61912
Paraguay,2017-07-01,1773.9315000000006
Paraguay,2017-08-01,1054.75879
Paraguay,2017-09-01,417.17888
Paraguay,2017-10-01,702.58096
Paraguay,2017-11-01,657.5919200000002
Paraguay,2017-12-01,1567.4155
Paraguay,2018-01-01,577.6643999999999
Paraguay,2018-02-01,702.9939100000001
Paraguay,2018-03-01,472.30797
Paraguay,2018-04-01,1229.4135200000003
Paraguay,2018-05-01,1460.74027
Paraguay,2018-06-01,1093.78386
Paraguay,2018-07-01,629.6559099999998
Paraguay,2018-08-01,1432.6076
Paraguay,2018-09-01,1945.2976799999994
Paraguay,2018-10-01,1493.50481
Paraguay,2018-11-01,1514.2988599999999
Paraguay,2018-12-01,1184.8047299999998
Paraguay,2019-01-01,932.2765200000001
Paraguay,2019-02-01,597.7081699999999
Paraguay,2019-03-01,1217.7039900000002
Paraguay,2019-04-01,1079.72034
Paraguay,2019-05-01,1432.2082900000005
Paraguay,2019-06-01,1122.8872600000004
Paraguay,2019-07-01,3747.674179999999
Paraguay,2019-08-01,3965.7008100000003
Paraguay,2019-09-01,2051.8871799999997
Paraguay,2019-10-01,1597.1337199999996
Paraguay,2019-11-01,1418.6578900000002
Paraguay,2019-12-01,1402.47023
Paraguay,2020-01-01,1792.85271
Paraguay,2020-02-01,797.3184900000001
Paraguay,2020-03-01,2035.4236699999997
Paraguay,2020-04-01,1258.5253900000002
Paraguay,2020-05-01,954.32276
Paraguay,2020-06-01,1123.8718099999999
Paraguay,2020-07-01,1619.80862
Paraguay,2020-08-01,2035.8658099999998
Paraguay,2020-09-01,1782.5016900000003
Paraguay,2020-10-01,2352.7631499999993
Paraguay,2020-11-01,1152.9184300000002
Paraguay,2020-12-01,9556.956649999998
Paraguay,2021-01-01,1271.4519399999997
Paraguay,2021-02-01,875.4283500000001
Paraguay,2021-03-01,1395.12141
Paraguay,2021-04-01,1138.6263000000001
Paraguay,2021-05-01,995.1374400000002
Paraguay,2021-06-01,2403.93197
Paraguay,2021-07-01,1820.11461
Paraguay,2021-08-01,1431.4901999999995
Paraguay,2021-09-01,1407.61153
Paraguay,2021-10-01,987.76242
Paraguay,2021-11-01,1580.9544699999997
Paraguay,2021-12-01,1436.69041
Paraguay,2022-01-01,4428.06923
Paraguay,2022-02-01,2803.053740000001
Paraguay,2022-03-01,1896.7261299999998
Paraguay,2022-04-01,3547.79767
Paraguay,2022-05-01,1732.7526799999998
Paraguay,2022-06-01,2385.46306
Paraguay,2022-07-01,2222.4715900000006
Paraguay,2022-08-01,6171.4003
Paraguay,2022-09-01,6076.257530000001
Paraguay,2022-10-01,2736.0383999999995
Paraguay,2022-11-01,2457.537389999999
Paraguay,2022-12-01,3349.459259999999
Paraguay,2023-01-01,1468.10183
Paraguay,2023-02-01,11586.43071
Paraguay,2023-03-01,2709.04168
Paraguay,2023-04-01,3183.96702
Paraguay,2023-05-01,2281.10498
Paraguay,2023-06-01,1892.9924099999998
Paraguay,2023-07-01,1668.2812099999999
Paraguay,2023-08-01,2085.3776800000005
Paraguay,2023-09-01,1861.3499699999998
Paraguay,2023-10-01,2056.24612
Paraguay,2023-11-01,2617.40491
Paraguay,2023-12-01,21757.135509999996
Paraguay,2024-01-01,2298.7395599999995
Paraguay,2024-02-01,1907.04616
Paraguay,2024-03-01,1820.7134600000002
Paraguay,2024-04-01,2709.9808399999993
Paraguay,2024-05-01,2942.13747
Paraguay,2024-06-01,2586.9846399999997
Paraguay,2024-07-01,3806.9522199999997
Paraguay,2024-08-01,2540.465580000001
Paraguay,2024-09-01,2444.6742
Paraguay,2024-10-01,1922.8433699999998
Paraguay,2024-11-01,4390.650809999997
Paraguay,2024-12-01,3236.306750000001
Paraguay,2025-01-01,2691.080110000001
Paraguay,2025-02-01,2642.3310399999996
Paraguay,2025-03-01,1640.96615
Paraguay,2025-04-01,4103.63896
Paraguay,2025-05-01,2277.55309
Paraguay,2025-06-01,4033.25346
Paraguay,2025-07-01,2897.4422200000004
Paraguay,2025-08-01,3219.4329299999995
Paraguay,2025-09-01,2570.0612499999997
Paraguay,2025-10-01,2951.3760799999995
Paraguay,2025-11-01,2315.9083500000006
Paraguay,2025-12-01,4639.45527
Paraguay,2026-01-01,2177.88917
Paraguay,2026-02-01,3055.8970799999997
Paraguay,2026-03-01,2997.225749999999
Paraguay,2026-04-01,4150.84292
Paraguay,2026-05-01,4319.02059
Paraguay,2026-06-01,5258.362499999999
Países Bajos,2007-01-01,13267.591299999993
Países Bajos,2007-02-01,15691.786500000022
Países Bajos,2007-03-01,18520.276599999994
Países Bajos,2007-04-01,28478.679180000014
Países Bajos,2007-05-01,27021.39450999998
Países Bajos,2007-06-01,25355.617940000022
Países Bajos,2007-07-01,35548.508289999976
Países Bajos,2007-08-01,31545.604900000013
Países Bajos,2007-09-01,21827.522020000022
Países Bajos,2007-10-01,24611.85556000002
Países Bajos,2007-11-01,31040.54379999999
Países Bajos,2007-12-01,28128.54161000002
Países Bajos,2008-01-01,20538.29016000001
Países Bajos,2008-02-01,27725.651479999968
Países Bajos,2008-03-01,30481.438959999974
Países Bajos,2008-04-01,31480.38202
Países Bajos,2008-05-01,29091.609540000023
Países Bajos,2008-06-01,32181.317469999998
Países Bajos,2008-07-01,32134.543299999987
Países Bajos,2008-08-01,23724.980230000005
Países Bajos,2008-09-01,23999.069310000014
Países Bajos,2008-10-01,36801.290750000015
Países Bajos,2008-11-01,29550.334609999998
Países Bajos,2008-12-01,18731.581699999995
Países Bajos,2009-01-01,19636.307909999996
Países Bajos,2009-02-01,14383.834770000009
Países Bajos,2009-03-01,25192.99471999999
Países Bajos,2009-04-01,18883.965169999992
Países Bajos,2009-05-01,18157.620890000013
Países Bajos,2009-06-01,19418.501849999982
Países Bajos,2009-07-01,20085.244950000008
Países Bajos,2009-08-01,20726.477830000014
Países Bajos,2009-09-01,22159.167329999982
Países Bajos,2009-10-01,24472.972400000006
Países Bajos,2009-11-01,18458.517049999995
Países Bajos,2009-12-01,22699.186109999995
Países Bajos,2010-01-01,13183.068049999998
Países Bajos,2010-02-01,25264.856989999986
Países Bajos,2010-03-01,18311.686230000007
Países Bajos,2010-04-01,16837.198879999993
Países Bajos,2010-05-01,14093.58394
Países Bajos,2010-06-01,14919.28919
Países Bajos,2010-07-01,21193.53127000001
Países Bajos,2010-08-01,32901.76409999998
Países Bajos,2010-09-01,42760.78363999999
Países Bajos,2010-10-01,19195.72482000001
Países Bajos,2010-11-01,24009.364240000006
Países Bajos,2010-12-01,18049.30688999999
Países Bajos,2011-01-01,17870.170170000005
Países Bajos,2011-02-01,23438.24372000001
Países Bajos,2011-03-01,21609.02758999999
Países Bajos,2011-04-01,21547.60071999999
Países Bajos,2011-05-01,22840.586499999972
Países Bajos,2011-06-01,24884.457820000007
Países Bajos,2011-07-01,25394.468140000004
Países Bajos,2011-08-01,24898.041439999997
Países Bajos,2011-09-01,30767.739900000008
Países Bajos,2011-10-01,20055.667200000007
Países Bajos,2011-11-01,23842.630259999987
Países Bajos,2011-12-01,24466.984240000013
Países Bajos,2012-01-01,16817.87024
Países Bajos,2012-02-01,15681.293279999998
Países Bajos,2012-03-01,37960.53925000001
Países Bajos,2012-04-01,19366.77167
Países Bajos,2012-05-01,32815.41917999999
Países Bajos,2012-06-01,32428.546840000003
Países Bajos,2012-07-01,23086.11340000001
Países Bajos,2012-08-01,25742.53999
Países Bajos,2012-09-01,16955.215940000002
Países Bajos,2012-10-01,15569.985990000005
Países Bajos,2012-11-01,22017.620170000002
Países Bajos,2012-12-01,20869.142410000008
Países Bajos,2013-01-01,19071.695980000004
Países Bajos,2013-02-01,18061.10751
Países Bajos,2013-03-01,42187.80812000001
Países Bajos,2013-04-01,33679.725460000016
Países Bajos,2013-05-01,21412.530299999995
Países Bajos,2013-06-01,18871.084290000003
Países Bajos,2013-07-01,21447.919460000005
Países Bajos,2013-08-01,19878.989460000008
Países Bajos,2013-09-01,17756.638149999995
Países Bajos,2013-10-01,20392.420960000003
Países Bajos,2013-11-01,71889.03715
Países Bajos,2013-12-01,22110.05993
Países Bajos,2014-01-01,22694.659730000007
Países Bajos,2014-02-01,36902.052299999996
Países Bajos,2014-03-01,22512.3678
Países Bajos,2014-04-01,19673.634990000002
Países Bajos,2014-05-01,21195.192509999993
Países Bajos,2014-06-01,21241.612210000003
Países Bajos,2014-07-01,30645.619620000012
Países Bajos,2014-08-01,27848.955210000004
Países Bajos,2014-09-01,24247.714839999993
Países Bajos,2014-10-01,21203.086560000003
Países Bajos,2014-11-01,26503.896480000007
Países Bajos,2014-12-01,19540.668669999995
Países Bajos,2015-01-01,15164.34859
Países Bajos,2015-02-01,19056.565599999998
Países Bajos,2015-03-01,21833.931920000006
Países Bajos,2015-04-01,16489.944970000004
Países Bajos,2015-05-01,46046.967550000016
Países Bajos,2015-06-01,32342.18989
Países Bajos,2015-07-01,20081.68548
Países Bajos,2015-08-01,21500.64379
Países Bajos,2015-09-01,45335.097519999996
Países Bajos,2015-10-01,63402.02533000001
Países Bajos,2015-11-01,43041.130359999996
Países Bajos,2015-12-01,15081.595840000002
Países Bajos,2016-01-01,24899.67576
Países Bajos,2016-02-01,22589.83778999999
Países Bajos,2016-03-01,21370.0863
Países Bajos,2016-04-01,20367.56869000002
Países Bajos,2016-05-01,25794.8773
Países Bajos,2016-06-01,17679.82608000001
Países Bajos,2016-07-01,20589.959149999995
Países Bajos,2016-08-01,19473.925639999998
Países Bajos,2016-09-01,25312.422479999983
Países Bajos,2016-10-01,39296.23625999998
Países Bajos,2016-11-01,53001.78630000002
Países Bajos,2016-12-01,20925.530410000007
Países Bajos,2017-01-01,17947.277009999998
Países Bajos,2017-02-01,19199.04656000001
Países Bajos,2017-03-01,22461.889380000008
Países Bajos,2017-04-01,19067.569549999997
Países Bajos,2017-05-01,16323.215609999994
Países Bajos,2017-06-01,38772.41603000006
Países Bajos,2017-07-01,56610.158840000026
Países Bajos,2017-08-01,19710.664940000017
Países Bajos,2017-09-01,19731.83832
Países Bajos,2017-10-01,22078.64111000002
Países Bajos,2017-11-01,21914.867479999997
Países Bajos,2017-12-01,17372.18411000001
Países Bajos,2018-01-01,26738.350719999995
Países Bajos,2018-02-01,19531.635199999982
Países Bajos,2018-03-01,20036.013430000006
Países Bajos,2018-04-01,18936.450020000004
Países Bajos,2018-05-01,19440.125249999986
Países Bajos,2018-06-01,18698.055620000003
Países Bajos,2018-07-01,17599.567230000015
Países Bajos,2018-08-01,25568.02846
Países Bajos,2018-09-01,19545.548759999994
Países Bajos,2018-10-01,21274.578889999997
Países Bajos,2018-11-01,21911.86041
Países Bajos,2018-12-01,16705.773580000005
Países Bajos,2019-01-01,24861.00751999998
Países Bajos,2019-02-01,15522.055999999995
Países Bajos,2019-03-01,25326.087320000002
Países Bajos,2019-04-01,19607.057719999997
Países Bajos,2019-05-01,25860.18478
Países Bajos,2019-06-01,22349.174319999987
Países Bajos,2019-07-01,20278.57173999999
Países Bajos,2019-08-01,26051.62719000004
Países Bajos,2019-09-01,16377.749899999995
Países Bajos,2019-10-01,27464.476289999984
Países Bajos,2019-11-01,24905.631189999993
Países Bajos,2019-12-01,18151.839039999995
Países Bajos,2020-01-01,31145.472570000027
Países Bajos,2020-02-01,22990.956459999987
Países Bajos,2020-03-01,21438.806909999992
Países Bajos,2020-04-01,18192.595129999994
Países Bajos,2020-05-01,14431.682830000014
Países Bajos,2020-06-01,14192.443589999984
Países Bajos,2020-07-01,21053.813039999983
Países Bajos,2020-08-01,20705.90649
Países Bajos,2020-09-01,16694.486099999995
Países Bajos,2020-10-01,24082.47521
Países Bajos,2020-11-01,23062.569369999994
Países Bajos,2020-12-01,22997.53695
Países Bajos,2021-01-01,35002.826190000014
Países Bajos,2021-02-01,24407.291770000014
Países Bajos,2021-03-01,26559.12866000002
Países Bajos,2021-04-01,51667.16679999996
Países Bajos,2021-05-01,39690.36218000003
Países Bajos,2021-06-01,29043.06041999996
Países Bajos,2021-07-01,28756.217600000004
Países Bajos,2021-08-01,57995.881169999986
Países Bajos,2021-09-01,53672.25002999999
Países Bajos,2021-10-01,54051.1641
Países Bajos,2021-11-01,54893.52204000002
Países Bajos,2021-12-01,32973.56414999997
Países Bajos,2022-01-01,31954.884390000043
Países Bajos,2022-02-01,35008.27266000002
Países Bajos,2022-03-01,46404.24379999999
Países Bajos,2022-04-01,37237.90525000002
Países Bajos,2022-05-01,26263.12399999999
Países Bajos,2022-06-01,50762.15632000001
Países Bajos,2022-07-01,44546.03898000001
Países Bajos,2022-08-01,102954.90294000001
Países Bajos,2022-09-01,73443.04142999992
Países Bajos,2022-10-01,35935.91124999999
Países Bajos,2022-11-01,30561.26491999997
Países Bajos,2022-12-01,29959.55211999996
Países Bajos,2023-01-01,32272.17392000002
Países Bajos,2023-02-01,37300.22980999999
Países Bajos,2023-03-01,30944.800579999952
Países Bajos,2023-04-01,73558.58924999999
Países Bajos,2023-05-01,38094.28592999999
Países Bajos,2023-06-01,60908.13356999998
Países Bajos,2023-07-01,26689.91945999999
Países Bajos,2023-08-01,32385.522279999983
Países Bajos,2023-09-01,32854.88219000002
Países Bajos,2023-10-01,140560.77963000006
Países Bajos,2023-11-01,74369.77996999996
Países Bajos,2023-12-01,26991.221780000025
Países Bajos,2024-01-01,32086.54315000003
Países Bajos,2024-02-01,31292.894490000017
Países Bajos,2024-03-01,28372.381319999986
Países Bajos,2024-04-01,32352.301480000006
Países Bajos,2024-05-01,69795.46718999998
Países Bajos,2024-06-01,21111.150260000002
Países Bajos,2024-07-01,55912.794060000015
Países Bajos,2024-08-01,65661.83449999998
Países Bajos,2024-09-01,23485.169489999982
Países Bajos,2024-10-01,52652.41754999996
Países Bajos,2024-11-01,26015.87736000001
Países Bajos,2024-12-01,31394.50382
Países Bajos,2025-01-01,23442.619780000008
Países Bajos,2025-02-01,31229.210710000018
Países Bajos,2025-03-01,56123.728150000024
Países Bajos,2025-04-01,35368.026400000024
Países Bajos,2025-05-01,78983.89417000006
Países Bajos,2025-06-01,31214.621090000004
Países Bajos,2025-07-01,29773.535709999982
Países Bajos,2025-08-01,36461.02051999998
Países Bajos,2025-09-01,25266.69714000003
Países Bajos,2025-10-01,26710.2993
Países Bajos,2025-11-01,37868.27891000004
Países Bajos,2025-12-01,35903.95450999999
Países Bajos,2026-01-01,24929.407779999994
Países Bajos,2026-02-01,28331.54304000001
Países Bajos,2026-03-01,35031.551199999965
Países Bajos,2026-04-01,26467.185590000016
Países Bajos,2026-05-01,52765.39436000002
Países Bajos,2026-06-01,28036.98438999998
Perú,2007-01-01,47500.323609999985
Perú,2007-02-01,40570.34261999995
Perú,2007-03-01,45596.37405000001
Perú,2007-04-01,42841.471659999996
Perú,2007-05-01,54749.001110000034
Perú,2007-06-01,55926.30493
Perú,2007-07-01,50983.984509999966
Perú,2007-08-01,61395.58014999999
Perú,2007-09-01,51272.16487000002
Perú,2007-10-01,50040.75839
Perú,2007-11-01,59446.226010000064
Perú,2007-12-01,47353.84943999998
Perú,2008-01-01,60292.606789999976
Perú,2008-02-01,61612.498390000044
Perú,2008-03-01,56466.730139999956
Perú,2008-04-01,68890.92179000002
Perú,2008-05-01,54788.78038999999
Perú,2008-06-01,55859.43436
Perú,2008-07-01,61946.45322999996
Perú,2008-08-01,71173.32963999998
Perú,2008-09-01,59505.608910000024
Perú,2008-10-01,65394.54159999994
Perú,2008-11-01,59538.73483000002
Perú,2008-12-01,56059.64649000001
Perú,2009-01-01,48468.522360000024
Perú,2009-02-01,52179.24331999999
Perú,2009-03-01,56117.79394999999
Perú,2009-04-01,49367.38124999997
Perú,2009-05-01,50364.49769999997
Perú,2009-06-01,51070.09537999998
Perú,2009-07-01,55593.41252000003
Perú,2009-08-01,41226.44586999998
Perú,2009-09-01,58673.47447999996
Perú,2009-10-01,54625.071610000065
Perú,2009-11-01,50207.64074999994
Perú,2009-12-01,55391.92492000006
Perú,2010-01-01,48697.231029999995
Perú,2010-02-01,54169.45497999995
Perú,2010-03-01,72428.11673000004
Perú,2010-04-01,68157.70640000001
Perú,2010-05-01,43498.692420000014
Perú,2010-06-01,69668.56974
Perú,2010-07-01,60991.53692000006
Perú,2010-08-01,66530.91050000004
Perú,2010-09-01,75624.23798999997
Perú,2010-10-01,71879.67311999996
Perú,2010-11-01,75078.84957999997
Perú,2010-12-01,79523.85435
Perú,2011-01-01,65658.05164999998
Perú,2011-02-01,74256.45998000006
Perú,2011-03-01,110924.08926999997
Perú,2011-04-01,72105.46651000003
Perú,2011-05-01,115513.74528000015
Perú,2011-06-01,73680.19735999999
Perú,2011-07-01,77788.09105000006
Perú,2011-08-01,78794.22740000005
Perú,2011-09-01,92598.01053000009
Perú,2011-10-01,84607.3856400001
Perú,2011-11-01,90566.68264999994
Perú,2011-12-01,88047.03215999987
Perú,2012-01-01,72192.36112000002
Perú,2012-02-01,79298.80983
Perú,2012-03-01,83303.63118
Perú,2012-04-01,69339.43564
Perú,2012-05-01,83266.93479000003
Perú,2012-06-01,85127.37615999996
Perú,2012-07-01,62857.411140000004
Perú,2012-08-01,86895.20149999997
Perú,2012-09-01,65573.46424999999
Perú,2012-10-01,88492.13215999998
Perú,2012-11-01,78892.05977000004
Perú,2012-12-01,73595.75253999997
Perú,2013-01-01,81356.81727999999
Perú,2013-02-01,52741.84117999999
Perú,2013-03-01,57784.438019999994
Perú,2013-04-01,67578.96574000004
Perú,2013-05-01,77472.62551000001
Perú,2013-06-01,64854.657410000014
Perú,2013-07-01,72975.75738000004
Perú,2013-08-01,59478.19369000002
Perú,2013-09-01,73673.62120000001
Perú,2013-10-01,89656.80439999996
Perú,2013-11-01,68153.46601999999
Perú,2013-12-01,104454.21057999997
Perú,2014-01-01,76534.06964999998
Perú,2014-02-01,73435.95606999999
Perú,2014-03-01,94387.79572000004
Perú,2014-04-01,132064.26503000004
Perú,2014-05-01,108992.61112000002
Perú,2014-06-01,101730.05367000001
Perú,2014-07-01,60463.38986000001
Perú,2014-08-01,80157.40827000004
Perú,2014-09-01,104168.92451999999
Perú,2014-10-01,116261.99373999998
Perú,2014-11-01,98524.23001000001
Perú,2014-12-01,158089.97364
Perú,2015-01-01,92627.18372000006
Perú,2015-02-01,68790.29486000002
Perú,2015-03-01,71414.44172000002
Perú,2015-04-01,87060.84795000002
Perú,2015-05-01,74994.51841999998
Perú,2015-06-01,100784.98639
Perú,2015-07-01,103088.78837999998
Perú,2015-08-01,64665.28763999997
Perú,2015-09-01,85755.23634999996
Perú,2015-10-01,63598.08062
Perú,2015-11-01,61794.279050000005
Perú,2015-12-01,62651.714879999985
Perú,2016-01-01,57596.820189999955
Perú,2016-02-01,52465.09426000001
Perú,2016-03-01,54437.84291000002
Perú,2016-04-01,58829.12449000006
Perú,2016-05-01,55305.078990000016
Perú,2016-06-01,47945.78823000005
Perú,2016-07-01,42561.732179999985
Perú,2016-08-01,55893.319500000034
Perú,2016-09-01,72010.97202999999
Perú,2016-10-01,54216.97702
Perú,2016-11-01,62627.89006000001
Perú,2016-12-01,68362.84891000007
Perú,2017-01-01,57155.26042999997
Perú,2017-02-01,58992.65868000002
Perú,2017-03-01,67570.66782999998
Perú,2017-04-01,52919.82625000006
Perú,2017-05-01,42083.91242000002
Perú,2017-06-01,50875.088970000004
Perú,2017-07-01,41028.70737000003
Perú,2017-08-01,56212.08658000005
Perú,2017-09-01,61821.17943
Perú,2017-10-01,53994.54159999999
Perú,2017-11-01,64317.33769999996
Perú,2017-12-01,55619.77841999997
Perú,2018-01-01,56793.54503000003
Perú,2018-02-01,57906.388600000006
Perú,2018-03-01,63448.33286000002
Perú,2018-04-01,63720.96218000002
Perú,2018-05-01,58478.19445
Perú,2018-06-01,61348.93188999996
Perú,2018-07-01,57166.473529999996
Perú,2018-08-01,73606.26501999986
Perú,2018-09-01,50773.43399000003
Perú,2018-10-01,76858.64847000001
Perú,2018-11-01,69834.68975999998
Perú,2018-12-01,60715.850649999986
Perú,2019-01-01,65336.89618000001
Perú,2019-02-01,55693.906840000054
Perú,2019-03-01,58182.39495000001
Perú,2019-04-01,72570.27002999991
Perú,2019-05-01,47408.95371999998
Perú,2019-06-01,64125.751300000025
Perú,2019-07-01,70364.27992000004
Perú,2019-08-01,64024.985819999994
Perú,2019-09-01,61229.054600000025
Perú,2019-10-01,66074.52464000002
Perú,2019-11-01,65899.42087000005
Perú,2019-12-01,58521.16927999999
Perú,2020-01-01,73198.05169999997
Perú,2020-02-01,69032.53373000005
Perú,2020-03-01,56627.48938
Perú,2020-04-01,37745.38346999997
Perú,2020-05-01,36243.51635999997
Perú,2020-06-01,33698.72518999999
Perú,2020-07-01,52452.51949000004
Perú,2020-08-01,49257.40346999999
Perú,2020-09-01,60840.17811000006
Perú,2020-10-01,70082.3081100001
Perú,2020-11-01,68232.81429000001
Perú,2020-12-01,73535.84083999998
Perú,2021-01-01,62471.36558999999
Perú,2021-02-01,63353.20471999998
Perú,2021-03-01,73378.07300000003
Perú,2021-04-01,56239.82884000002
Perú,2021-05-01,44954.59650999998
Perú,2021-06-01,47146.203280000016
Perú,2021-07-01,76565.01156999999
Perú,2021-08-01,80687.27789000001
Perú,2021-09-01,92380.89155000009
Perú,2021-10-01,67004.17000999996
Perú,2021-11-01,115318.56767000005
Perú,2021-12-01,76747.42398999998
Perú,2022-01-01,63555.90730000002
Perú,2022-02-01,79966.21669000002
Perú,2022-03-01,99267.42559000007
Perú,2022-04-01,83886.75086999995
Perú,2022-05-01,109235.14869000003
Perú,2022-06-01,94334.82811000003
Perú,2022-07-01,70925.43836999995
Perú,2022-08-01,87235.07034999997
Perú,2022-09-01,80847.50621000002
Perú,2022-10-01,93427.14513999998
Perú,2022-11-01,81369.79732
Perú,2022-12-01,77269.29417999991
Perú,2023-01-01,78963.01637999994
Perú,2023-02-01,66843.53483
Perú,2023-03-01,93856.87121000001
Perú,2023-04-01,52764.40191
Perú,2023-05-01,57134.90253999999
Perú,2023-06-01,57284.290220000024
Perú,2023-07-01,49121.00877000001
Perú,2023-08-01,55203.56672000004
Perú,2023-09-01,55997.41864999997
Perú,2023-10-01,87425.18495000001
Perú,2023-11-01,67204.95441000002
Perú,2023-12-01,72297.50886999993
Perú,2024-01-01,55339.60596999999
Perú,2024-02-01,69086.98931999998
Perú,2024-03-01,56847.70856000004
Perú,2024-04-01,78785.75435000003
Perú,2024-05-01,69507.27530000002
Perú,2024-06-01,79697.73428999998
Perú,2024-07-01,70936.76882000004
Perú,2024-08-01,81353.25097000002
Perú,2024-09-01,59381.610769999934
Perú,2024-10-01,89966.86095999999
Perú,2024-11-01,86806.98301999997
Perú,2024-12-01,74967.33961999997
Perú,2025-01-01,67110.44871000004
Perú,2025-02-01,104787.62136
Perú,2025-03-01,79962.38639999999
Perú,2025-04-01,77052.99145000005
Perú,2025-05-01,88643.21956999994
Perú,2025-06-01,69648.92033999995
Perú,2025-07-01,94249.46277999991
Perú,2025-08-01,96090.00684999993
Perú,2025-09-01,103852.10286999997
Perú,2025-10-01,109659.22300000001
Perú,2025-11-01,115850.62233000003
Perú,2025-12-01,99953.01364000006
Perú,2026-01-01,91301.2647600001
Perú,2026-02-01,96191.2951
Perú,2026-03-01,87300.81907999999
Perú,2026-04-01,103749.72170999998
Perú,2026-05-01,93522.94676000002
Perú,2026-06-01,93171.69882999994
Reino Unido,2007-01-01,20015.990240000014
Reino Unido,2007-02-01,24380.493179999983
Reino Unido,2007-03-01,21456.847389999995
Reino Unido,2007-04-01,17981.978519999993
Reino Unido,2007-05-01,19291.802219999983
Reino Unido,2007-06-01,17970.252880000015
Reino Unido,2007-07-01,21636.488559999998
Reino Unido,2007-08-01,20864.742169999998
Reino Unido,2007-09-01,26022.739659999996
Reino Unido,2007-10-01,27649.780250000003
Reino Unido,2007-11-01,29073.938550000028
Reino Unido,2007-12-01,22702.22171999999
Reino Unido,2008-01-01,17223.539289999993
Reino Unido,2008-02-01,21310.14359999999
Reino Unido,2008-03-01,55055.50230000003
Reino Unido,2008-04-01,22803.632959999995
Reino Unido,2008-05-01,21784.942390000044
Reino Unido,2008-06-01,21585.80409000001
Reino Unido,2008-07-01,29893.668569999998
Reino Unido,2008-08-01,23909.86243999999
Reino Unido,2008-09-01,28382.838069999983
Reino Unido,2008-10-01,35804.104060000056
Reino Unido,2008-11-01,36897.483199999966
Reino Unido,2008-12-01,31420.516830000037
Reino Unido,2009-01-01,18222.283829999993
Reino Unido,2009-02-01,20112.19941
Reino Unido,2009-03-01,25125.531590000002
Reino Unido,2009-04-01,20960.29499000001
Reino Unido,2009-05-01,18556.094779999992
Reino Unido,2009-06-01,21038.97118
Reino Unido,2009-07-01,23213.091049999995
Reino Unido,2009-08-01,20344.926680000004
Reino Unido,2009-09-01,28308.753929999995
Reino Unido,2009-10-01,26329.375820000005
Reino Unido,2009-11-01,24148.480659999997
Reino Unido,2009-12-01,23257.44284
Reino Unido,2010-01-01,20545.804319999996
Reino Unido,2010-02-01,21598.080960000003
Reino Unido,2010-03-01,72408.09362
Reino Unido,2010-04-01,23535.358790000006
Reino Unido,2010-05-01,33925.72375999999
Reino Unido,2010-06-01,27307.863409999987
Reino Unido,2010-07-01,85142.2069
Reino Unido,2010-08-01,22874.57865000001
Reino Unido,2010-09-01,30242.980369999994
Reino Unido,2010-10-01,28149.930109999994
Reino Unido,2010-11-01,24248.65419000001
Reino Unido,2010-12-01,26389.56637
Reino Unido,2011-01-01,26361.451030000004
Reino Unido,2011-02-01,33992.47271999999
Reino Unido,2011-03-01,39296.41305000001
Reino Unido,2011-04-01,36096.67907999998
Reino Unido,2011-05-01,37084.92896999999
Reino Unido,2011-06-01,33247.65156
Reino Unido,2011-07-01,34197.80177000001
Reino Unido,2011-08-01,42345.971059999996
Reino Unido,2011-09-01,46421.36354
Reino Unido,2011-10-01,49329.92222000001
Reino Unido,2011-11-01,29558.240809999992
Reino Unido,2011-12-01,38555.54593999998
Reino Unido,2012-01-01,35167.500830000004
Reino Unido,2012-02-01,35522.074629999996
Reino Unido,2012-03-01,38112.3322
Reino Unido,2012-04-01,57048.737929999996
Reino Unido,2012-05-01,54301.429890000036
Reino Unido,2012-06-01,41232.535690000026
Reino Unido,2012-07-01,49761.770520000005
Reino Unido,2012-08-01,63729.89075999997
Reino Unido,2012-09-01,49858.82587999999
Reino Unido,2012-10-01,53111.249359999994
Reino Unido,2012-11-01,44965.36604000002
Reino Unido,2012-12-01,44777.23067
Reino Unido,2013-01-01,40966.22772000001
Reino Unido,2013-02-01,31349.241059999993
Reino Unido,2013-03-01,33964.01736
Reino Unido,2013-04-01,44006.115639999996
Reino Unido,2013-05-01,45961.34793999999
Reino Unido,2013-06-01,42969.59936000001
Reino Unido,2013-07-01,43682.68006999999
Reino Unido,2013-08-01,43340.50645
Reino Unido,2013-09-01,49253.559809999984
Reino Unido,2013-10-01,53438.61624000001
Reino Unido,2013-11-01,44848.23023
Reino Unido,2013-12-01,37114.67290000003
Reino Unido,2014-01-01,38665.02851
Reino Unido,2014-02-01,47841.91000999999
Reino Unido,2014-03-01,45761.47806999999
Reino Unido,2014-04-01,57974.00560999997
Reino Unido,2014-05-01,43220.153700000024
Reino Unido,2014-06-01,47991.42656999998
Reino Unido,2014-07-01,47653.36779
Reino Unido,2014-08-01,60608.70106000001
Reino Unido,2014-09-01,51108.36206999999
Reino Unido,2014-10-01,65885.38176999999
Reino Unido,2014-11-01,47324.596939999996
Reino Unido,2014-12-01,44446.92130999999
Reino Unido,2015-01-01,37413.52824999999
Reino Unido,2015-02-01,79948.10133000002
Reino Unido,2015-03-01,37181.49063000001
Reino Unido,2015-04-01,55987.024880000004
Reino Unido,2015-05-01,38389.705510000014
Reino Unido,2015-06-01,34312.92861
Reino Unido,2015-07-01,41770.83309999998
Reino Unido,2015-08-01,43078.20712000001
Reino Unido,2015-09-01,37197.59658000001
Reino Unido,2015-10-01,61636.85588999998
Reino Unido,2015-11-01,36795.626950000005
Reino Unido,2015-12-01,32425.587919999984
Reino Unido,2016-01-01,26634.371450000006
Reino Unido,2016-02-01,28076.942830000033
Reino Unido,2016-03-01,44492.468099999984
Reino Unido,2016-04-01,29056.72275999999
Reino Unido,2016-05-01,29179.33134000002
Reino Unido,2016-06-01,31416.523069999992
Reino Unido,2016-07-01,27827.744590000013
Reino Unido,2016-08-01,27349.986649999963
Reino Unido,2016-09-01,46718.24267999998
Reino Unido,2016-10-01,29711.41296999996
Reino Unido,2016-11-01,39843.88377000005
Reino Unido,2016-12-01,55310.124919999995
Reino Unido,2017-01-01,24941.32368000001
Reino Unido,2017-02-01,51623.07379000002
Reino Unido,2017-03-01,46690.9036699999
Reino Unido,2017-04-01,27899.56076999997
Reino Unido,2017-05-01,28590.490279999973
Reino Unido,2017-06-01,30325.316770000027
Reino Unido,2017-07-01,34978.57343999997
Reino Unido,2017-08-01,44888.54453000002
Reino Unido,2017-09-01,52048.435540000035
Reino Unido,2017-10-01,58450.95316000001
Reino Unido,2017-11-01,30475.488960000035
Reino Unido,2017-12-01,31740.27104999998
Reino Unido,2018-01-01,32250.57890999998
Reino Unido,2018-02-01,62589.44668999994
Reino Unido,2018-03-01,80751.66608000016
Reino Unido,2018-04-01,65915.43752
Reino Unido,2018-05-01,29572.183939999984
Reino Unido,2018-06-01,31077.511600000034
Reino Unido,2018-07-01,29717.665060000025
Reino Unido,2018-08-01,40608.783779999954
Reino Unido,2018-09-01,37696.61803000003
Reino Unido,2018-10-01,39629.09707999999
Reino Unido,2018-11-01,43980.86452999998
Reino Unido,2018-12-01,32282.61349
Reino Unido,2019-01-01,31393.682259999972
Reino Unido,2019-02-01,35178.54362999994
Reino Unido,2019-03-01,62305.68034
Reino Unido,2019-04-01,79681.51262000001
Reino Unido,2019-05-01,87928.60167000009
Reino Unido,2019-06-01,28360.047929999997
Reino Unido,2019-07-01,39517.714409999986
Reino Unido,2019-08-01,45579.17745999994
Reino Unido,2019-09-01,46172.22330000003
Reino Unido,2019-10-01,39568.44529000003
Reino Unido,2019-11-01,66886.38417999996
Reino Unido,2019-12-01,34659.68060999999
Reino Unido,2020-01-01,42243.03845999999
Reino Unido,2020-02-01,35296.858119999946
Reino Unido,2020-03-01,32692.241800000018
Reino Unido,2020-04-01,38224.77425000006
Reino Unido,2020-05-01,38392.06687
Reino Unido,2020-06-01,26860.401539999988
Reino Unido,2020-07-01,31510.11379999997
Reino Unido,2020-08-01,37671.61305000003
Reino Unido,2020-09-01,48614.09093000005
Reino Unido,2020-10-01,38288.38604
Reino Unido,2020-11-01,37794.04037000007
Reino Unido,2020-12-01,33545.276350000015
Reino Unido,2021-01-01,47484.56682000004
Reino Unido,2021-02-01,31398.148169999982
Reino Unido,2021-03-01,39789.501979999986
Reino Unido,2021-04-01,44838.07762999998
Reino Unido,2021-05-01,33508.64385999996
Reino Unido,2021-06-01,42151.67294999994
Reino Unido,2021-07-01,46143.72495999993
Reino Unido,2021-08-01,45143.25097000005
Reino Unido,2021-09-01,45786.81323000004
Reino Unido,2021-10-01,57891.677499999954
Reino Unido,2021-11-01,42224.006089999995
Reino Unido,2021-12-01,35032.38213000004
Reino Unido,2022-01-01,63500.72396999999
Reino Unido,2022-02-01,34698.084150000046
Reino Unido,2022-03-01,115379.96263000004
Reino Unido,2022-04-01,82283.89163000007
Reino Unido,2022-05-01,164557.3548999998
Reino Unido,2022-06-01,87393.54681999976
Reino Unido,2022-07-01,38932.21448999993
Reino Unido,2022-08-01,49948.38572000001
Reino Unido,2022-09-01,46193.75782000003
Reino Unido,2022-10-01,81513.54395000017
Reino Unido,2022-11-01,86830.09272999981
Reino Unido,2022-12-01,37269.98411999997
Reino Unido,2023-01-01,33918.18060999996
Reino Unido,2023-02-01,66133.56197000002
Reino Unido,2023-03-01,72036.87434000002
Reino Unido,2023-04-01,26502.34031999999
Reino Unido,2023-05-01,106520.64425000003
Reino Unido,2023-06-01,73155.85163000005
Reino Unido,2023-07-01,41313.527900000016
Reino Unido,2023-08-01,57889.12099999996
Reino Unido,2023-09-01,77290.645
Reino Unido,2023-10-01,44077.63677999997
Reino Unido,2023-11-01,36672.71341999998
Reino Unido,2023-12-01,69136.49208000004
Reino Unido,2024-01-01,32135.05271
Reino Unido,2024-02-01,35253.94344000002
Reino Unido,2024-03-01,25464.58262999997
Reino Unido,2024-04-01,44169.97436999999
Reino Unido,2024-05-01,71000.70908999999
Reino Unido,2024-06-01,34113.526479999986
Reino Unido,2024-07-01,48163.38672999999
Reino Unido,2024-08-01,41604.34093000002
Reino Unido,2024-09-01,56084.26295000004
Reino Unido,2024-10-01,52973.86138000001
Reino Unido,2024-11-01,54537.07966999997
Reino Unido,2024-12-01,57557.05525
Reino Unido,2025-01-01,44133.74669999994
Reino Unido,2025-02-01,38660.74317
Reino Unido,2025-03-01,32311.59513000002
Reino Unido,2025-04-01,53417.56619999996
Reino Unido,2025-05-01,41457.457539999996
Reino Unido,2025-06-01,53482.33246999999
Reino Unido,2025-07-01,61919.98329999998
Reino Unido,2025-08-01,44673.29030000001
Reino Unido,2025-09-01,46741.53311
Reino Unido,2025-10-01,53802.013319999984
Reino Unido,2025-11-01,42244.25556999997
Reino Unido,2025-12-01,42522.89369000001
Reino Unido,2026-01-01,34415.952339999996
Reino Unido,2026-02-01,48969.64153000006
Reino Unido,2026-03-01,43030.24448999998
Reino Unido,2026-04-01,45908.15029000002
Reino Unido,2026-05-01,40509.38284999994
Reino Unido,2026-06-01,63013.20321
Rusia,2007-01-01,4917.323820000003
Rusia,2007-02-01,8771.551049999993
Rusia,2007-03-01,17602.34278
Rusia,2007-04-01,10955.6906
Rusia,2007-05-01,9702.880699999998
Rusia,2007-06-01,3546.0102699999993
Rusia,2007-07-01,6857.672090000002
Rusia,2007-08-01,12610.572670000001
Rusia,2007-09-01,9335.201539999996
Rusia,2007-10-01,9877.92967
Rusia,2007-11-01,6361.946069999998
Rusia,2007-12-01,7799.484150000003
Rusia,2008-01-01,20208.56243
Rusia,2008-02-01,8772.865160000001
Rusia,2008-03-01,8544.781149999999
Rusia,2008-04-01,25001.165189999992
Rusia,2008-05-01,13312.509840000006
Rusia,2008-06-01,9916.022420000001
Rusia,2008-07-01,17032.476720000002
Rusia,2008-08-01,5836.696389999999
Rusia,2008-09-01,42769.18278999998
Rusia,2008-10-01,14423.332480000006
Rusia,2008-11-01,21726.21605
Rusia,2008-12-01,17032.610089999995
Rusia,2009-01-01,5874.624700000001
Rusia,2009-02-01,54198.80246
Rusia,2009-03-01,9468.851959999996
Rusia,2009-04-01,11009.618460000005
Rusia,2009-05-01,7899.765189999999
Rusia,2009-06-01,5731.52721
Rusia,2009-07-01,21897.691900000005
Rusia,2009-08-01,8083.155979999999
Rusia,2009-09-01,4327.625300000001
Rusia,2009-10-01,13963.580229999998
Rusia,2009-11-01,4953.1483499999995
Rusia,2009-12-01,15211.421520000004
Rusia,2010-01-01,11363.405019999998
Rusia,2010-02-01,5126.42422
Rusia,2010-03-01,16319.484539999998
Rusia,2010-04-01,11550.15268
Rusia,2010-05-01,6259.581119999999
Rusia,2010-06-01,26102.748379999994
Rusia,2010-07-01,27235.677730000003
Rusia,2010-08-01,28138.58890000002
Rusia,2010-09-01,20218.174560000003
Rusia,2010-10-01,7188.65977
Rusia,2010-11-01,6765.659390000002
Rusia,2010-12-01,16216.50395
Rusia,2011-01-01,17217.856829999997
Rusia,2011-02-01,7314.08379
Rusia,2011-03-01,15290.007139999998
Rusia,2011-04-01,20374.799079999997
Rusia,2011-05-01,12787.73569
Rusia,2011-06-01,10843.374209999998
Rusia,2011-07-01,21166.902670000003
Rusia,2011-08-01,46830.42848
Rusia,2011-09-01,16948.903000000002
Rusia,2011-10-01,25342.507850000005
Rusia,2011-11-01,32133.99081
Rusia,2011-12-01,20180.231470000006
Rusia,2012-01-01,13031.543220000003
Rusia,2012-02-01,27115.07384
Rusia,2012-03-01,22825.75811999999
Rusia,2012-04-01,16591.535200000002
Rusia,2012-05-01,35158.71511999999
Rusia,2012-06-01,43504.25288000001
Rusia,2012-07-01,52551.62955
Rusia,2012-08-01,39434.253270000016
Rusia,2012-09-01,28654.601239999996
Rusia,2012-10-01,46495.688180000005
Rusia,2012-11-01,54881.00751000001
Rusia,2012-12-01,24691.552739999996
Rusia,2013-01-01,17283.904759999998
Rusia,2013-02-01,35347.69782
Rusia,2013-03-01,22063.284519999997
Rusia,2013-04-01,37219.24389999999
Rusia,2013-05-01,27508.454309999997
Rusia,2013-06-01,34199.11815999999
Rusia,2013-07-01,25226.48259000001
Rusia,2013-08-01,26534.811340000004
Rusia,2013-09-01,15747.262510000004
Rusia,2013-10-01,18005.128999999997
Rusia,2013-11-01,20222.657990000003
Rusia,2013-12-01,25305.161719999996
Rusia,2014-01-01,41214.67814
Rusia,2014-02-01,25981.794530000003
Rusia,2014-03-01,27360.528159999998
Rusia,2014-04-01,35496.951709999994
Rusia,2014-05-01,54156.99698999999
Rusia,2014-06-01,37416.91017
Rusia,2014-07-01,40315.22166000001
Rusia,2014-08-01,24808.204489999996
Rusia,2014-09-01,31711.161489999995
Rusia,2014-10-01,28617.73163
Rusia,2014-11-01,26646.926119999996
Rusia,2014-12-01,30440.54553
Rusia,2015-01-01,28807.942319999995
Rusia,2015-02-01,21427.32407
Rusia,2015-03-01,33493.09605
Rusia,2015-04-01,37182.55746
Rusia,2015-05-01,37092.45899
Rusia,2015-06-01,41381.01259
Rusia,2015-07-01,43219.852000000006
Rusia,2015-08-01,47459.03823
Rusia,2015-09-01,28660.84906
Rusia,2015-10-01,24747.867009999998
Rusia,2015-11-01,20345.72773
Rusia,2015-12-01,39997.061
Rusia,2016-01-01,22107.919999999987
Rusia,2016-02-01,34793.15942999999
Rusia,2016-03-01,12400.363119999998
Rusia,2016-04-01,18961.635919999986
Rusia,2016-05-01,25801.996230000008
Rusia,2016-06-01,29513.443490000012
Rusia,2016-07-01,12133.741900000005
Rusia,2016-08-01,20964.772510000003
Rusia,2016-09-01,21987.38990999999
Rusia,2016-10-01,18838.860549999987
Rusia,2016-11-01,16225.591069999993
Rusia,2016-12-01,22043.406180000005
Rusia,2017-01-01,17078.406139999996
Rusia,2017-02-01,20420.08314999999
Rusia,2017-03-01,17346.231240000012
Rusia,2017-04-01,15691.99966
Rusia,2017-05-01,25656.617420000002
Rusia,2017-06-01,49463.953609999946
Rusia,2017-07-01,29767.57445000001
Rusia,2017-08-01,35418.33761999999
Rusia,2017-09-01,21051.507919999996
Rusia,2017-10-01,16264.592520000004
Rusia,2017-11-01,23381.013329999994
Rusia,2017-12-01,14162.546759999996
Rusia,2018-01-01,25455.97366
Rusia,2018-02-01,22460.975810000007
Rusia,2018-03-01,24523.29575999999
Rusia,2018-04-01,34935.75669
Rusia,2018-05-01,14736.011059999997
Rusia,2018-06-01,23564.605879999996
Rusia,2018-07-01,32643.183670000013
Rusia,2018-08-01,36939.97204
Rusia,2018-09-01,19244.77249
Rusia,2018-10-01,19824.932190000007
Rusia,2018-11-01,30102.558220000014
Rusia,2018-12-01,26202.803819999997
Rusia,2019-01-01,17147.513669999997
Rusia,2019-02-01,21559.7971
Rusia,2019-03-01,14127.837269999998
Rusia,2019-04-01,21317.02684999999
Rusia,2019-05-01,11491.00934
Rusia,2019-06-01,18782.43327000001
Rusia,2019-07-01,31745.951099999995
Rusia,2019-08-01,23441.030969999985
Rusia,2019-09-01,27871.688480000008
Rusia,2019-10-01,12488.267549999993
Rusia,2019-11-01,23262.65307999999
Rusia,2019-12-01,14033.172240000005
Rusia,2020-01-01,22722.169999999995
Rusia,2020-02-01,17786.957549999985
Rusia,2020-03-01,10980.229279999998
Rusia,2020-04-01,25866.898319999993
Rusia,2020-05-01,24494.06968
Rusia,2020-06-01,12784.837549999998
Rusia,2020-07-01,18294.628270000023
Rusia,2020-08-01,15735.51236
Rusia,2020-09-01,12119.869560000001
Rusia,2020-10-01,21138.762770000012
Rusia,2020-11-01,26950.25237
Rusia,2020-12-01,21830.03777
Rusia,2021-01-01,19257.711240000004
Rusia,2021-02-01,9105.795409999999
Rusia,2021-03-01,21970.423090000008
Rusia,2021-04-01,30946.54194
Rusia,2021-05-01,40656.63575000002
Rusia,2021-06-01,25743.63099000001
Rusia,2021-07-01,62067.555640000006
Rusia,2021-08-01,33561.41602
Rusia,2021-09-01,70485.95594000001
Rusia,2021-10-01,73748.71617000001
Rusia,2021-11-01,73213.0944
Rusia,2021-12-01,72858.30338000001
Rusia,2022-01-01,70117.61736999999
Rusia,2022-02-01,71573.79101999995
Rusia,2022-03-01,52444.036629999995
Rusia,2022-04-01,21000.230960000008
Rusia,2022-05-01,39640.426519999986
Rusia,2022-06-01,16996.938820000014
Rusia,2022-07-01,31990.62480999999
Rusia,2022-08-01,31623.15424
Rusia,2022-09-01,18340.116469999983
Rusia,2022-10-01,36070.958289999995
Rusia,2022-11-01,32802.105670000004
Rusia,2022-12-01,28969.18363
Rusia,2023-01-01,25468.10002
Rusia,2023-02-01,34424.13858000001
Rusia,2023-03-01,21030.547249999996
Rusia,2023-04-01,40858.55033
Rusia,2023-05-01,22642.01766000001
Rusia,2023-06-01,8214.69235
Rusia,2023-07-01,19918.54551
Rusia,2023-08-01,40185.26498000003
Rusia,2023-09-01,30458.52065
Rusia,2023-10-01,19944.913869999993
Rusia,2023-11-01,30428.45638999999
Rusia,2023-12-01,32184.547340000005
Rusia,2024-01-01,22096.80071
Rusia,2024-02-01,27240.01863000001
Rusia,2024-03-01,24106.302630000006
Rusia,2024-04-01,25294.28021999999
Rusia,2024-05-01,31128.832690000007
Rusia,2024-06-01,28599.103349999998
Rusia,2024-07-01,33903.14434000001
Rusia,2024-08-01,16305.869579999991
Rusia,2024-09-01,28080.204530000006
Rusia,2024-10-01,22977.12598999997
Rusia,2024-11-01,21559.76370000001
Rusia,2024-12-01,28571.524710000016
Rusia,2025-01-01,9427.801890000002
Rusia,2025-02-01,31690.767780000006
Rusia,2025-03-01,23436.254520000006
Rusia,2025-04-01,27620.667729999986
Rusia,2025-05-01,50485.04580000001
Rusia,2025-06-01,25033.610700000016
Rusia,2025-07-01,26917.16709
Rusia,2025-08-01,27627.794629999997
Rusia,2025-09-01,7120.748310000002
Rusia,2025-10-01,25924.119779999994
Rusia,2025-11-01,30076.45481
Rusia,2025-12-01,31816.001829999994
Rusia,2026-01-01,11544.766949999997
Rusia,2026-02-01,11474.674730000002
Rusia,2026-03-01,35160.94286999999
Rusia,2026-04-01,31100.13937000001
Rusia,2026-05-01,50909.1624
Rusia,2026-06-01,50408.907479999994
Suecia,2007-01-01,12090.344840000012
Suecia,2007-02-01,9346.681219999999
Suecia,2007-03-01,13980.624599999985
Suecia,2007-04-01,11916.225369999991
Suecia,2007-05-01,10083.637709999988
Suecia,2007-06-01,11426.44037000001
Suecia,2007-07-01,11000.485489999997
Suecia,2007-08-01,13024.625340000006
Suecia,2007-09-01,9354.291010000008
Suecia,2007-10-01,11941.228440000003
Suecia,2007-11-01,11859.320220000005
Suecia,2007-12-01,11066.650589999997
Suecia,2008-01-01,12681.66494000001
Suecia,2008-02-01,12671.657079999997
Suecia,2008-03-01,15328.82137000001
Suecia,2008-04-01,15954.232110000003
Suecia,2008-05-01,16019.355310000006
Suecia,2008-06-01,11327.487330000007
Suecia,2008-07-01,14090.79840000001
Suecia,2008-08-01,10913.346000000001
Suecia,2008-09-01,12920.47433
Suecia,2008-10-01,13412.029679999996
Suecia,2008-11-01,13581.102909999996
Suecia,2008-12-01,21311.60939000002
Suecia,2009-01-01,14293.651719999994
Suecia,2009-02-01,8599.59541
Suecia,2009-03-01,6755.35995
Suecia,2009-04-01,7812.213039999998
Suecia,2009-05-01,13192.788450000002
Suecia,2009-06-01,10969.588840000004
Suecia,2009-07-01,13584.196599999997
Suecia,2009-08-01,10176.617549999999
Suecia,2009-09-01,11043.040029999996
Suecia,2009-10-01,9021.126069999997
Suecia,2009-11-01,11076.829039999999
Suecia,2009-12-01,9515.842799999995
Suecia,2010-01-01,14472.62132
Suecia,2010-02-01,7680.76375
Suecia,2010-03-01,16664.52236
Suecia,2010-04-01,10887.539489999997
Suecia,2010-05-01,9536.366070000002
Suecia,2010-06-01,9071.71493
Suecia,2010-07-01,14851.546039999997
Suecia,2010-08-01,11694.440230000004
Suecia,2010-09-01,9979.364980000002
Suecia,2010-10-01,12451.374139999996
Suecia,2010-11-01,13758.168220000001
Suecia,2010-12-01,19991.772599999997
Suecia,2011-01-01,29626.657579999992
Suecia,2011-02-01,21792.521199999996
Suecia,2011-03-01,28214.40969
Suecia,2011-04-01,30837.989230000007
Suecia,2011-05-01,19523.543260000013
Suecia,2011-06-01,15447.148239999999
Suecia,2011-07-01,20588.98128
Suecia,2011-08-01,13107.235910000003
Suecia,2011-09-01,19040.48813000001
Suecia,2011-10-01,26722.323000000004
Suecia,2011-11-01,19686.96915000001
Suecia,2011-12-01,17957.201749999997
Suecia,2012-01-01,17738.884869999998
Suecia,2012-02-01,20215.21189
Suecia,2012-03-01,23568.345980000002
Suecia,2012-04-01,15512.012630000001
Suecia,2012-05-01,15437.978029999997
Suecia,2012-06-01,13108.70571
Suecia,2012-07-01,13460.724590000003
Suecia,2012-08-01,17435.40307
Suecia,2012-09-01,12074.59346
Suecia,2012-10-01,16929.935940000003
Suecia,2012-11-01,13038.083500000006
Suecia,2012-12-01,17114.39876
Suecia,2013-01-01,13305.040599999998
Suecia,2013-02-01,10997.338839999997
Suecia,2013-03-01,11795.733609999997
Suecia,2013-04-01,12059.060379999997
Suecia,2013-05-01,14551.381879999997
Suecia,2013-06-01,13617.93634
Suecia,2013-07-01,20355.419190000004
Suecia,2013-08-01,17643.61004
Suecia,2013-09-01,9658.558149999999
Suecia,2013-10-01,15169.923419999994
Suecia,2013-11-01,12855.64388
Suecia,2013-12-01,15501.11645
Suecia,2014-01-01,8632.26321
Suecia,2014-02-01,20530.741940000007
Suecia,2014-03-01,11829.669419999998
Suecia,2014-04-01,14707.01596
Suecia,2014-05-01,11013.539219999999
Suecia,2014-06-01,11044.22287
Suecia,2014-07-01,15919.53201
Suecia,2014-08-01,13150.610789999997
Suecia,2014-09-01,13995.379479999998
Suecia,2014-10-01,10834.484910000001
Suecia,2014-11-01,13218.10983
Suecia,2014-12-01,11091.38718
Suecia,2015-01-01,11271.838169999999
Suecia,2015-02-01,10083.309609999997
Suecia,2015-03-01,10595.35353
Suecia,2015-04-01,10469.565950000002
Suecia,2015-05-01,8744.156900000002
Suecia,2015-06-01,11097.949129999999
Suecia,2015-07-01,21254.41583
Suecia,2015-08-01,7488.105420000002
Suecia,2015-09-01,8663.65647
Suecia,2015-10-01,12106.28902
Suecia,2015-11-01,12438.765940000001
Suecia,2015-12-01,17745.952639999996
Suecia,2016-01-01,18044.906130000003
Suecia,2016-02-01,13683.169470000008
Suecia,2016-03-01,9667.929990000008
Suecia,2016-04-01,8528.253429999999
Suecia,2016-05-01,9652.94604
Suecia,2016-06-01,10684.274589999994
Suecia,2016-07-01,9829.822250000005
Suecia,2016-08-01,11203.618509999995
Suecia,2016-09-01,8603.891370000001
Suecia,2016-10-01,11198.80877
Suecia,2016-11-01,10248.962309999999
Suecia,2016-12-01,10556.02651
Suecia,2017-01-01,8789.577059999992
Suecia,2017-02-01,9813.304399999988
Suecia,2017-03-01,13666.315479999997
Suecia,2017-04-01,13956.220840000007
Suecia,2017-05-01,14567.933330000003
Suecia,2017-06-01,12465.363350000007
Suecia,2017-07-01,10064.156240000002
Suecia,2017-08-01,14876.418459999997
Suecia,2017-09-01,12986.618749999992
Suecia,2017-10-01,16495.456439999998
Suecia,2017-11-01,11591.060860000003
Suecia,2017-12-01,12463.85321000001
Suecia,2018-01-01,12610.94224000001
Suecia,2018-02-01,10628.62092
Suecia,2018-03-01,11735.004669999993
Suecia,2018-04-01,12533.762790000008
Suecia,2018-05-01,10112.557210000006
Suecia,2018-06-01,14169.830079999987
Suecia,2018-07-01,13977.374069999998
Suecia,2018-08-01,15015.213390000006
Suecia,2018-09-01,12478.615929999985
Suecia,2018-10-01,14883.039779999996
Suecia,2018-11-01,13573.274899999991
Suecia,2018-12-01,10231.4835
Suecia,2019-01-01,11638.70183999999
Suecia,2019-02-01,10884.59003999999
Suecia,2019-03-01,12837.400119999993
Suecia,2019-04-01,11080.789339999981
Suecia,2019-05-01,13322.82818000001
Suecia,2019-06-01,11592.404320000005
Suecia,2019-07-01,14383.639419999987
Suecia,2019-08-01,16312.644190000012
Suecia,2019-09-01,10212.709479999992
Suecia,2019-10-01,12491.905000000004
Suecia,2019-11-01,12624.86086
Suecia,2019-12-01,11972.97492
Suecia,2020-01-01,19156.41975000002
Suecia,2020-02-01,14622.399830000015
Suecia,2020-03-01,22734.152120000028
Suecia,2020-04-01,10638.430479999999
Suecia,2020-05-01,13486.413459999994
Suecia,2020-06-01,16332.638249999993
Suecia,2020-07-01,13844.224279999997
Suecia,2020-08-01,14729.648040000007
Suecia,2020-09-01,10548.474680000005
Suecia,2020-10-01,19628.901279999995
Suecia,2020-11-01,13210.981269999987
Suecia,2020-12-01,9008.915550000007
Suecia,2021-01-01,11644.923319999998
Suecia,2021-02-01,15643.36451
Suecia,2021-03-01,18902.740309999994
Suecia,2021-04-01,13810.81513999999
Suecia,2021-05-01,15091.121369999992
Suecia,2021-06-01,12275.465500000008
Suecia,2021-07-01,16408.491399999995
Suecia,2021-08-01,12130.662010000005
Suecia,2021-09-01,20855.02044000001
Suecia,2021-10-01,12834.796400000005
Suecia,2021-11-01,18993.68252
Suecia,2021-12-01,19568.194919999987
Suecia,2022-01-01,13567.219669999993
Suecia,2022-02-01,21807.319950000026
Suecia,2022-03-01,13595.569589999994
Suecia,2022-04-01,14371.648580000003
Suecia,2022-05-01,17428.671929999993
Suecia,2022-06-01,11450.20006
Suecia,2022-07-01,27164.89627999998
Suecia,2022-08-01,17695.669549999995
Suecia,2022-09-01,30166.021249999998
Suecia,2022-10-01,16342.065910000003
Suecia,2022-11-01,21780.010309999994
Suecia,2022-12-01,22090.14313999998
Suecia,2023-01-01,23414.275959999984
Suecia,2023-02-01,17220.422470000012
Suecia,2023-03-01,16493.068629999994
Suecia,2023-04-01,31861.044650000018
Suecia,2023-05-01,18261.036789999984
Suecia,2023-06-01,19907.05414999999
Suecia,2023-07-01,23560.427179999984
Suecia,2023-08-01,30883.521040000003
Suecia,2023-09-01,14852.232509999998
Suecia,2023-10-01,34376.388990000036
Suecia,2023-11-01,33779.19557999994
Suecia,2023-12-01,13643.049899999996
Suecia,2024-01-01,26753.747230000008
Suecia,2024-02-01,13898.447919999993
Suecia,2024-03-01,14851.632400000002
Suecia,2024-04-01,32662.917899999993
Suecia,2024-05-01,16414.006759999975
Suecia,2024-06-01,14207.917290000003
Suecia,2024-07-01,21737.58282999998
Suecia,2024-08-01,13598.303110000004
Suecia,2024-09-01,20617.137580000013
Suecia,2024-10-01,25773.072860000015
Suecia,2024-11-01,12612.109560000004
Suecia,2024-12-01,14978.297190000001
Suecia,2025-01-01,15893.843509999988
Suecia,2025-02-01,21895.598200000008
Suecia,2025-03-01,11766.837769999993
Suecia,2025-04-01,33443.034759999995
Suecia,2025-05-01,12362.284020000008
Suecia,2025-06-01,16238.763599999993
Suecia,2025-07-01,21639.07288999998
Suecia,2025-08-01,20141.93223
Suecia,2025-09-01,17449.609189999996
Suecia,2025-10-01,22002.04632
Suecia,2025-11-01,38102.68816000005
Suecia,2025-12-01,18361.299060000005
Suecia,2026-01-01,15061.173250000007
Suecia,2026-02-01,21305.714379999998
Suecia,2026-03-01,23915.294289999994
Suecia,2026-04-01,19703.39884
Suecia,2026-05-01,25494.068020000006
Suecia,2026-06-01,20855.74201000001
Suiza,2007-01-01,25315.13275
Suiza,2007-02-01,21876.672290000013
Suiza,2007-03-01,30659.987869999994
Suiza,2007-04-01,22200.390289999974
Suiza,2007-05-01,32144.796950000018
Suiza,2007-06-01,23294.674490000012
Suiza,2007-07-01,24672.858609999985
Suiza,2007-08-01,32622.21756999999
Suiza,2007-09-01,37922.49335000006
Suiza,2007-10-01,31722.839790000005
Suiza,2007-11-01,27360.970359999978
Suiza,2007-12-01,29220.221570000012
Suiza,2008-01-01,26211.97785
Suiza,2008-02-01,29842.204939999963
Suiza,2008-03-01,22945.50635999997
Suiza,2008-04-01,41788.35162000002
Suiza,2008-05-01,33526.89758000002
Suiza,2008-06-01,42175.89400000001
Suiza,2008-07-01,35800.091600000036
Suiza,2008-08-01,28274.06787
Suiza,2008-09-01,27828.923559999996
Suiza,2008-10-01,35025.97445999998
Suiza,2008-11-01,25924.55874000002
Suiza,2008-12-01,32006.461570000014
Suiza,2009-01-01,24421.985490000003
Suiza,2009-02-01,25066.769419999993
Suiza,2009-03-01,28725.41755
Suiza,2009-04-01,37320.23947
Suiza,2009-05-01,31761.722750000008
Suiza,2009-06-01,26880.134159999994
Suiza,2009-07-01,29412.550150000003
Suiza,2009-08-01,31091.998119999986
Suiza,2009-09-01,33623.80196
Suiza,2009-10-01,34989.260259999995
Suiza,2009-11-01,36795.30805000001
Suiza,2009-12-01,33579.948300000004
Suiza,2010-01-01,35408.75078000002
Suiza,2010-02-01,25913.31725
Suiza,2010-03-01,33126.09113999999
Suiza,2010-04-01,37118.611950000006
Suiza,2010-05-01,28517.62664
Suiza,2010-06-01,35482.361970000005
Suiza,2010-07-01,35415.16746000001
Suiza,2010-08-01,35203.87364
Suiza,2010-09-01,38747.789239999984
Suiza,2010-10-01,34455.45333
Suiza,2010-11-01,33568.93337
Suiza,2010-12-01,36712.55973
Suiza,2011-01-01,32229.850239999996
Suiza,2011-02-01,33780.96137999999
Suiza,2011-03-01,41351.165530000006
Suiza,2011-04-01,38035.20642
Suiza,2011-05-01,36364.352150000006
Suiza,2011-06-01,33975.696090000005
Suiza,2011-07-01,41664.47855
Suiza,2011-08-01,36715.4683
Suiza,2011-09-01,36238.000779999995
Suiza,2011-10-01,34357.099019999994
Suiza,2011-11-01,58506.55682000001
Suiza,2011-12-01,37363.76776000001
Suiza,2012-01-01,44340.07364000001
Suiza,2012-02-01,30544.38212
Suiza,2012-03-01,41354.20028000001
Suiza,2012-04-01,39392.53393
Suiza,2012-05-01,40826.29752000001
Suiza,2012-06-01,43090.112570000005
Suiza,2012-07-01,47139.61420000001
Suiza,2012-08-01,52167.792550000006
Suiza,2012-09-01,43986.06202
Suiza,2012-10-01,42138.77876000002
Suiza,2012-11-01,37192.30412000001
Suiza,2012-12-01,50352.26954000003
Suiza,2013-01-01,50309.2024
Suiza,2013-02-01,41771.22880999999
Suiza,2013-03-01,30264.68710999999
Suiza,2013-04-01,51497.42450999999
Suiza,2013-05-01,51469.03516999999
Suiza,2013-06-01,36458.35953999998
Suiza,2013-07-01,45847.78968
Suiza,2013-08-01,37263.99969999998
Suiza,2013-09-01,54262.615970000006
Suiza,2013-10-01,38204.50682000001
Suiza,2013-11-01,35703.24254
Suiza,2013-12-01,33656.159129999985
Suiza,2014-01-01,45691.25599000001
Suiza,2014-02-01,47294.6624
Suiza,2014-03-01,47415.43883
Suiza,2014-04-01,45909.263750000006
Suiza,2014-05-01,41093.98357999999
Suiza,2014-06-01,38512.801510000005
Suiza,2014-07-01,53025.73103999998
Suiza,2014-08-01,39316.488240000006
Suiza,2014-09-01,40771.09745000001
Suiza,2014-10-01,36372.94991
Suiza,2014-11-01,50920.172129999984
Suiza,2014-12-01,30864.653550000006
Suiza,2015-01-01,39145.01823
Suiza,2015-02-01,32798.22620999999
Suiza,2015-03-01,29508.111190000014
Suiza,2015-04-01,31458.431809999995
Suiza,2015-05-01,38540.09235
Suiza,2015-06-01,30367.320190000006
Suiza,2015-07-01,48379.872209999994
Suiza,2015-08-01,31897.513829999996
Suiza,2015-09-01,52076.74930999999
Suiza,2015-10-01,38522.30174000001
Suiza,2015-11-01,34854.56932
Suiza,2015-12-01,23058.30287
Suiza,2016-01-01,31725.24695999998
Suiza,2016-02-01,37852.779969999996
Suiza,2016-03-01,34568.58191
Suiza,2016-04-01,30397.666970000035
Suiza,2016-05-01,38244.61688
Suiza,2016-06-01,34720.34020999997
Suiza,2016-07-01,21956.26282000002
Suiza,2016-08-01,35036.058489999974
Suiza,2016-09-01,30082.520939999966
Suiza,2016-10-01,31286.46556000003
Suiza,2016-11-01,27474.943040000035
Suiza,2016-12-01,31268.782020000024
Suiza,2017-01-01,33472.62733000005
Suiza,2017-02-01,31379.774999999976
Suiza,2017-03-01,40227.52701
Suiza,2017-04-01,29531.34802
Suiza,2017-05-01,34413.91612000002
Suiza,2017-06-01,32661.51859999998
Suiza,2017-07-01,28732.85048999999
Suiza,2017-08-01,49119.15825999998
Suiza,2017-09-01,30224.838749999984
Suiza,2017-10-01,41643.06414999999
Suiza,2017-11-01,26630.416930000014
Suiza,2017-12-01,32719.998600000006
Suiza,2018-01-01,31484.615700000017
Suiza,2018-02-01,49182.61156000001
Suiza,2018-03-01,27413.300870000006
Suiza,2018-04-01,58260.246620000034
Suiza,2018-05-01,46063.58879999999
Suiza,2018-06-01,36253.29464999998
Suiza,2018-07-01,43876.78170999991
Suiza,2018-08-01,37208.45348000003
Suiza,2018-09-01,34422.53239
Suiza,2018-10-01,38872.76007999998
Suiza,2018-11-01,30299.739469999993
Suiza,2018-12-01,26188.433030000007
Suiza,2019-01-01,33507.38942
Suiza,2019-02-01,42291.36562999999
Suiza,2019-03-01,32604.74645
Suiza,2019-04-01,44809.91827000001
Suiza,2019-05-01,37905.46793000001
Suiza,2019-06-01,37510.613029999964
Suiza,2019-07-01,39530.12840999996
Suiza,2019-08-01,37172.80014000004
Suiza,2019-09-01,40802.746820000015
Suiza,2019-10-01,43878.799870000075
Suiza,2019-11-01,28304.145790000002
Suiza,2019-12-01,28607.66828000003
Suiza,2020-01-01,36461.773240000024
Suiza,2020-02-01,44435.80017000005
Suiza,2020-03-01,31396.69317999999
Suiza,2020-04-01,30299.744480000005
Suiza,2020-05-01,32060.41869999999
Suiza,2020-06-01,29334.051299999985
Suiza,2020-07-01,35789.04581999997
Suiza,2020-08-01,30815.922060000008
Suiza,2020-09-01,27409.540480000018
Suiza,2020-10-01,27662.833029999983
Suiza,2020-11-01,25507.147410000016
Suiza,2020-12-01,27998.31288999998
Suiza,2021-01-01,31739.835709999996
Suiza,2021-02-01,33664.89385000004
Suiza,2021-03-01,34546.007990000035
Suiza,2021-04-01,34156.45231999997
Suiza,2021-05-01,30196.92156000001
Suiza,2021-06-01,48120.47171000001
Suiza,2021-07-01,39059.656099999964
Suiza,2021-08-01,30366.35482999999
Suiza,2021-09-01,39962.978910000005
Suiza,2021-10-01,34858.971489999996
Suiza,2021-11-01,34551.11542999998
Suiza,2021-12-01,29575.450360000013
Suiza,2022-01-01,30170.08297000002
Suiza,2022-02-01,29348.763300000028
Suiza,2022-03-01,32836.23314999999
Suiza,2022-04-01,34628.53722999999
Suiza,2022-05-01,36862.64830999999
Suiza,2022-06-01,29807.18972999999
Suiza,2022-07-01,38921.55125999995
Suiza,2022-08-01,35555.659439999996
Suiza,2022-09-01,28053.06078
Suiza,2022-10-01,31161.23197999999
Suiza,2022-11-01,34433.775710000016
Suiza,2022-12-01,36384.485290000004
Suiza,2023-01-01,36539.89148999997
Suiza,2023-02-01,27583.99651999999
Suiza,2023-03-01,32771.431150000004
Suiza,2023-04-01,48941.162170000054
Suiza,2023-05-01,34882.23562999998
Suiza,2023-06-01,37593.15978
Suiza,2023-07-01,34877.05056000004
Suiza,2023-08-01,37490.973379999974
Suiza,2023-09-01,36022.04772000002
Suiza,2023-10-01,36113.997890000006
Suiza,2023-11-01,36786.63719999999
Suiza,2023-12-01,47551.84695999996
Suiza,2024-01-01,49900.651770000004
Suiza,2024-02-01,34293.026829999995
Suiza,2024-03-01,29517.969219999995
Suiza,2024-04-01,51019.11680000004
Suiza,2024-05-01,40207.285549999986
Suiza,2024-06-01,29997.78423
Suiza,2024-07-01,38655.112260000016
Suiza,2024-08-01,34817.17482
Suiza,2024-09-01,34594.31517000002
Suiza,2024-10-01,41271.16287000001
Suiza,2024-11-01,40985.10156999999
Suiza,2024-12-01,36547.13978000003
Suiza,2025-01-01,39600.06744
Suiza,2025-02-01,49269.232300000025
Suiza,2025-03-01,46285.44762000002
Suiza,2025-04-01,49739.50591999999
Suiza,2025-05-01,56861.39935999999
Suiza,2025-06-01,40154.51980000001
Suiza,2025-07-01,55168.845019999986
Suiza,2025-08-01,38730.70155000007
Suiza,2025-09-01,46487.76135000001
Suiza,2025-10-01,47413.68338999998
Suiza,2025-11-01,61513.43671000004
Suiza,2025-12-01,37353.444300000025
Suiza,2026-01-01,49580.02703000001
Suiza,2026-02-01,49725.853959999986
Suiza,2026-03-01,47284.22926000001
Suiza,2026-04-01,48821.83928000002
Suiza,2026-05-01,47184.417449999884
Suiza,2026-06-01,70614.17911000001
Tailandia,2007-01-01,13028.345740000002
Tailandia,2007-02-01,12318.415489999996
Tailandia,2007-03-01,14340.46960000001
Tailandia,2007-04-01,14367.591809999996
Tailandia,2007-05-01,13386.868280000004
Tailandia,2007-06-01,11762.949019999998
Tailandia,2007-07-01,13371.743759999998
Tailandia,2007-08-01,14956.715389999998
Tailandia,2007-09-01,13044.39373
Tailandia,2007-10-01,23347.34246000001
Tailandia,2007-11-01,31764.432059999996
Tailandia,2007-12-01,27860.939160000005
Tailandia,2008-01-01,24168.73841999998
Tailandia,2008-02-01,20289.42214999999
Tailandia,2008-03-01,16394.91146
Tailandia,2008-04-01,25106.189020000013
Tailandia,2008-05-01,36569.02873
Tailandia,2008-06-01,18607.424130000014
Tailandia,2008-07-01,18365.79526
Tailandia,2008-08-01,20558.330749999994
Tailandia,2008-09-01,30574.78863999999
Tailandia,2008-10-01,25481.6026
Tailandia,2008-11-01,33221.00241000001
Tailandia,2008-12-01,27065.881370000003
Tailandia,2009-01-01,20655.289010000008
Tailandia,2009-02-01,16183.015550000004
Tailandia,2009-03-01,13524.966010000004
Tailandia,2009-04-01,21367.59146
Tailandia,2009-05-01,19162.725300000013
Tailandia,2009-06-01,20699.048179999998
Tailandia,2009-07-01,19957.13686000002
Tailandia,2009-08-01,19738.92537
Tailandia,2009-09-01,16161.184839999996
Tailandia,2009-10-01,20844.755160000004
Tailandia,2009-11-01,27155.02090000001
Tailandia,2009-12-01,12364.075219999993
Tailandia,2010-01-01,17889.999799999998
Tailandia,2010-02-01,23341.499139999993
Tailandia,2010-03-01,37560.34453000001
Tailandia,2010-04-01,24146.587860000007
Tailandia,2010-05-01,25401.33243000001
Tailandia,2010-06-01,29885.00514
Tailandia,2010-07-01,31722.338170000006
Tailandia,2010-08-01,28757.340420000008
Tailandia,2010-09-01,54621.21554999996
Tailandia,2010-10-01,28370.00481999998
Tailandia,2010-11-01,50717.07686999999
Tailandia,2010-12-01,43723.61439000004
Tailandia,2011-01-01,20760.82718000001
Tailandia,2011-02-01,31056.551620000002
Tailandia,2011-03-01,32625.45349
Tailandia,2011-04-01,31582.628249999994
Tailandia,2011-05-01,45149.105079999994
Tailandia,2011-06-01,26385.21428000001
Tailandia,2011-07-01,27268.130750000008
Tailandia,2011-08-01,48527.038340000014
Tailandia,2011-09-01,38672.988649999985
Tailandia,2011-10-01,37716.769140000004
Tailandia,2011-11-01,51178.130939999995
Tailandia,2011-12-01,27000.91822000001
Tailandia,2012-01-01,17951.40251
Tailandia,2012-02-01,37463.578559999994
Tailandia,2012-03-01,35669.75225999999
Tailandia,2012-04-01,43854.096880000005
Tailandia,2012-05-01,31877.91798999999
Tailandia,2012-06-01,22071.917039999993
Tailandia,2012-07-01,29716.75199
Tailandia,2012-08-01,27070.417220000003
Tailandia,2012-09-01,21363.742320000005
Tailandia,2012-10-01,24135.64138
Tailandia,2012-11-01,22087.09355999999
Tailandia,2012-12-01,23974.338109999993
Tailandia,2013-01-01,27884.409510000005
Tailandia,2013-02-01,24428.073049999985
Tailandia,2013-03-01,19421.017100000005
Tailandia,2013-04-01,37548.679769999995
Tailandia,2013-05-01,29831.083370000008
Tailandia,2013-06-01,24043.624559999993
Tailandia,2013-07-01,25030.892839999993
Tailandia,2013-08-01,26207.488989999998
Tailandia,2013-09-01,21596.742679999992
Tailandia,2013-10-01,27288.665210000003
Tailandia,2013-11-01,25003.311350000007
Tailandia,2013-12-01,20915.953410000006
Tailandia,2014-01-01,25203.628769999985
Tailandia,2014-02-01,22538.157789999997
Tailandia,2014-03-01,29700.25461999999
Tailandia,2014-04-01,26780.588569999996
Tailandia,2014-05-01,29154.874399999997
Tailandia,2014-06-01,22508.128539999998
Tailandia,2014-07-01,33429.62785999999
Tailandia,2014-08-01,32699.311029999997
Tailandia,2014-09-01,30868.562289999994
Tailandia,2014-10-01,30602.06859
Tailandia,2014-11-01,30929.821030000006
Tailandia,2014-12-01,29227.064310000005
Tailandia,2015-01-01,23398.16466
Tailandia,2015-02-01,25751.10762
Tailandia,2015-03-01,21239.332599999987
Tailandia,2015-04-01,29124.716440000004
Tailandia,2015-05-01,23587.66699
Tailandia,2015-06-01,20827.14387
Tailandia,2015-07-01,25062.250350000006
Tailandia,2015-08-01,24685.118470000005
Tailandia,2015-09-01,27620.267110000004
Tailandia,2015-10-01,26047.430199999995
Tailandia,2015-11-01,26801.13694
Tailandia,2015-12-01,23338.343650000006
Tailandia,2016-01-01,22475.19290000001
Tailandia,2016-02-01,22115.288569999993
Tailandia,2016-03-01,20049.1374
Tailandia,2016-04-01,25497.30819000002
Tailandia,2016-05-01,22961.20676
Tailandia,2016-06-01,23756.766410000015
Tailandia,2016-07-01,22274.664180000018
Tailandia,2016-08-01,26506.078479999986
Tailandia,2016-09-01,27037.752649999995
Tailandia,2016-10-01,30122.317690000007
Tailandia,2016-11-01,24461.920569999987
Tailandia,2016-12-01,23990.540470000007
Tailandia,2017-01-01,21779.91688
Tailandia,2017-02-01,17337.173949999997
Tailandia,2017-03-01,27267.540080000017
Tailandia,2017-04-01,23587.636530000025
Tailandia,2017-05-01,22369.903510000007
Tailandia,2017-06-01,24937.416219999996
Tailandia,2017-07-01,25886.77757999999
Tailandia,2017-08-01,26431.68899999999
Tailandia,2017-09-01,25110.16910999998
Tailandia,2017-10-01,24986.95875000002
Tailandia,2017-11-01,27785.368499999997
Tailandia,2017-12-01,27366.638729999977
Tailandia,2018-01-01,29990.42050999999
Tailandia,2018-02-01,23187.59240999999
Tailandia,2018-03-01,24179.07975
Tailandia,2018-04-01,31606.01144999999
Tailandia,2018-05-01,26912.03260000001
Tailandia,2018-06-01,22144.00104999998
Tailandia,2018-07-01,23113.80125000003
Tailandia,2018-08-01,32814.75258000001
Tailandia,2018-09-01,24498.93926999999
Tailandia,2018-10-01,29179.038849999997
Tailandia,2018-11-01,27324.370339999965
Tailandia,2018-12-01,27086.950709999983
Tailandia,2019-01-01,21013.716800000006
Tailandia,2019-02-01,25166.596860000005
Tailandia,2019-03-01,24099.646999999997
Tailandia,2019-04-01,25533.132100000003
Tailandia,2019-05-01,26878.786650000027
Tailandia,2019-06-01,22739.63110999999
Tailandia,2019-07-01,25813.97320000002
Tailandia,2019-08-01,25443.712560000025
Tailandia,2019-09-01,27818.983869999982
Tailandia,2019-10-01,28310.099569999984
Tailandia,2019-11-01,26432.669700000006
Tailandia,2019-12-01,19091.298409999992
Tailandia,2020-01-01,23694.963470000028
Tailandia,2020-02-01,20377.05649000001
Tailandia,2020-03-01,24718.42666000003
Tailandia,2020-04-01,18711.90605
Tailandia,2020-05-01,11684.113399999995
Tailandia,2020-06-01,13464.696899999992
Tailandia,2020-07-01,17306.870070000008
Tailandia,2020-08-01,18160.312560000013
Tailandia,2020-09-01,22778.648010000026
Tailandia,2020-10-01,22158.62912999998
Tailandia,2020-11-01,22156.485549999998
Tailandia,2020-12-01,33319.17541000001
Tailandia,2021-01-01,26543.054819999983
Tailandia,2021-02-01,26766.71755999999
Tailandia,2021-03-01,31694.048290000017
Tailandia,2021-04-01,26642.314739999947
Tailandia,2021-05-01,31771.29365000003
Tailandia,2021-06-01,30283.34340000002
Tailandia,2021-07-01,27509.260830000003
Tailandia,2021-08-01,24057.086160000028
Tailandia,2021-09-01,34703.14396999997
Tailandia,2021-10-01,38563.72902999999
Tailandia,2021-11-01,36072.08314000003
Tailandia,2021-12-01,38467.70262000001
Tailandia,2022-01-01,42014.690109999996
Tailandia,2022-02-01,45636.60006
Tailandia,2022-03-01,40569.012539999945
Tailandia,2022-04-01,43380.08755
Tailandia,2022-05-01,36599.73419999998
Tailandia,2022-06-01,41455.29901000001
Tailandia,2022-07-01,29791.812120000013
Tailandia,2022-08-01,33877.83323
Tailandia,2022-09-01,33977.82218
Tailandia,2022-10-01,39246.99215999999
Tailandia,2022-11-01,46792.54776999999
Tailandia,2022-12-01,43633.408090000026
Tailandia,2023-01-01,30414.529560000014
Tailandia,2023-02-01,25020.11934000001
Tailandia,2023-03-01,27836.709889999984
Tailandia,2023-04-01,34896.98288000001
Tailandia,2023-05-01,31954.82482000002
Tailandia,2023-06-01,21434.35758000001
Tailandia,2023-07-01,21096.240750000004
Tailandia,2023-08-01,17448.721329999993
Tailandia,2023-09-01,25321.75962999999
Tailandia,2023-10-01,30286.67349000001
Tailandia,2023-11-01,29120.68254999996
Tailandia,2023-12-01,29065.538910000007
Tailandia,2024-01-01,29217.70006000003
Tailandia,2024-02-01,30444.53431999998
Tailandia,2024-03-01,25803.216680000016
Tailandia,2024-04-01,43202.847210000014
Tailandia,2024-05-01,38412.955180000004
Tailandia,2024-06-01,26722.93502000002
Tailandia,2024-07-01,28477.519399999997
Tailandia,2024-08-01,32768.06201999999
Tailandia,2024-09-01,39299.11241000003
Tailandia,2024-10-01,56247.12546000002
Tailandia,2024-11-01,38734.17351
Tailandia,2024-12-01,35820.76509000005
Tailandia,2025-01-01,49525.57856999996
Tailandia,2025-02-01,39805.352300000006
Tailandia,2025-03-01,36067.079990000006
Tailandia,2025-04-01,49803.938449999965
Tailandia,2025-05-01,43020.53951999995
Tailandia,2025-06-01,36607.43645
Tailandia,2025-07-01,47974.545979999966
Tailandia,2025-08-01,40495.18052999999
Tailandia,2025-09-01,47356.296859999995
Tailandia,2025-10-01,52203.67140000006
Tailandia,2025-11-01,38605.51768000002
Tailandia,2025-12-01,41185.04312999996
Tailandia,2026-01-01,39299.35518000005
Tailandia,2026-02-01,39524.91349999999
Tailandia,2026-03-01,36765.314159999994
Tailandia,2026-04-01,38779.96008999998
Tailandia,2026-05-01,44208.65952000004
Tailandia,2026-06-01,44920.44229000001
Taiwán,2007-01-01,22583.468289999997
Taiwán,2007-02-01,21244.965519999987
Taiwán,2007-03-01,23254.753719999964
Taiwán,2007-04-01,26743.668050000007
Taiwán,2007-05-01,27765.715890000043
Taiwán,2007-06-01,25932.438200000004
Taiwán,2007-07-01,22372.463970000008
Taiwán,2007-08-01,30909.957890000023
Taiwán,2007-09-01,27403.995060000037
Taiwán,2007-10-01,29482.38166999999
Taiwán,2007-11-01,26114.286040000006
Taiwán,2007-12-01,21084.12001
Taiwán,2008-01-01,33185.710719999974
Taiwán,2008-02-01,29915.924709999996
Taiwán,2008-03-01,25151.259059999997
Taiwán,2008-04-01,29033.012319999994
Taiwán,2008-05-01,27907.936710000013
Taiwán,2008-06-01,28075.548680000004
Taiwán,2008-07-01,34178.157099999975
Taiwán,2008-08-01,33156.10034000001
Taiwán,2008-09-01,35134.53702000001
Taiwán,2008-10-01,38808.77449999998
Taiwán,2008-11-01,31637.595239999966
Taiwán,2008-12-01,30401.398549999994
Taiwán,2009-01-01,39540.58606000001
Taiwán,2009-02-01,28249.318220000005
Taiwán,2009-03-01,23701.804279999997
Taiwán,2009-04-01,21850.77257
Taiwán,2009-05-01,23470.14190999999
Taiwán,2009-06-01,23958.24
Taiwán,2009-07-01,24782.758050000008
Taiwán,2009-08-01,18065.56227
Taiwán,2009-09-01,21733.06167999999
Taiwán,2009-10-01,22941.672389999996
Taiwán,2009-11-01,22206.78974000001
Taiwán,2009-12-01,23672.05233999999
Taiwán,2010-01-01,20491.745540000004
Taiwán,2010-02-01,27017.167829999995
Taiwán,2010-03-01,29793.200900000003
Taiwán,2010-04-01,26432.186250000002
Taiwán,2010-05-01,25091.950710000005
Taiwán,2010-06-01,27453.775510000003
Taiwán,2010-07-01,28969.19114
Taiwán,2010-08-01,31978.905510000008
Taiwán,2010-09-01,33749.84086
Taiwán,2010-10-01,29530.44471999998
Taiwán,2010-11-01,27564.923850000014
Taiwán,2010-12-01,31191.388310000013
Taiwán,2011-01-01,28232.990099999995
Taiwán,2011-02-01,29191.073790000002
Taiwán,2011-03-01,34056.27175000001
Taiwán,2011-04-01,36535.74478
Taiwán,2011-05-01,41393.89154999999
Taiwán,2011-06-01,51505.534779999994
Taiwán,2011-07-01,46582.45763
Taiwán,2011-08-01,46890.89568999999
Taiwán,2011-09-01,49444.19935000004
Taiwán,2011-10-01,46306.644490000006
Taiwán,2011-11-01,44146.75326000003
Taiwán,2011-12-01,45842.33163999998
Taiwán,2012-01-01,43394.22245000001
Taiwán,2012-02-01,42518.54897999999
Taiwán,2012-03-01,44167.30715
Taiwán,2012-04-01,44461.03915000001
Taiwán,2012-05-01,49391.49852999997
Taiwán,2012-06-01,47737.41497000003
Taiwán,2012-07-01,51366.35124000001
Taiwán,2012-08-01,49988.43795999999
Taiwán,2012-09-01,45427.34307
Taiwán,2012-10-01,47483.30022
Taiwán,2012-11-01,50966.763239999986
Taiwán,2012-12-01,47580.82075999996
Taiwán,2013-01-01,45317.85761000001
Taiwán,2013-02-01,43821.83373999998
Taiwán,2013-03-01,36787.37803
Taiwán,2013-04-01,48949.83156
Taiwán,2013-05-01,46097.74876000002
Taiwán,2013-06-01,42018.547759999994
Taiwán,2013-07-01,48524.67423000001
Taiwán,2013-08-01,53142.305779999944
Taiwán,2013-09-01,48515.103469999995
Taiwán,2013-10-01,53375.57292999998
Taiwán,2013-11-01,43047.00329999998
Taiwán,2013-12-01,47604.955289999976
Taiwán,2014-01-01,50330.114429999994
Taiwán,2014-02-01,39594.30331
Taiwán,2014-03-01,46185.21910999999
Taiwán,2014-04-01,48120.621459999995
Taiwán,2014-05-01,55553.94499999999
Taiwán,2014-06-01,43938.76842000001
Taiwán,2014-07-01,59848.069090000005
Taiwán,2014-08-01,53728.832310000005
Taiwán,2014-09-01,51843.24954000001
Taiwán,2014-10-01,55849.29769999999
Taiwán,2014-11-01,54404.677760000006
Taiwán,2014-12-01,60855.96132
Taiwán,2015-01-01,45385.00463000002
Taiwán,2015-02-01,53675.38939
Taiwán,2015-03-01,50975.86955999998
Taiwán,2015-04-01,41949.44500000001
Taiwán,2015-05-01,39588.442209999994
Taiwán,2015-06-01,37891.1383
Taiwán,2015-07-01,47363.29685999999
Taiwán,2015-08-01,48405.27576
Taiwán,2015-09-01,39293.00540999998
Taiwán,2015-10-01,42221.34334
Taiwán,2015-11-01,38398.44388000002
Taiwán,2015-12-01,37996.09562000001
Taiwán,2016-01-01,35790.33381999999
Taiwán,2016-02-01,27754.747940000023
Taiwán,2016-03-01,34387.09543999999
Taiwán,2016-04-01,30221.23823000002
Taiwán,2016-05-01,38061.61972000003
Taiwán,2016-06-01,33933.73540999999
Taiwán,2016-07-01,38158.41622000003
Taiwán,2016-08-01,42120.455030000005
Taiwán,2016-09-01,35620.31267000001
Taiwán,2016-10-01,38211.70758000002
Taiwán,2016-11-01,39781.98201000005
Taiwán,2016-12-01,38784.10863000001
Taiwán,2017-01-01,36176.27522
Taiwán,2017-02-01,30863.121010000003
Taiwán,2017-03-01,33264.52331
Taiwán,2017-04-01,34105.24497999998
Taiwán,2017-05-01,31828.41646999999
Taiwán,2017-06-01,38027.59820000002
Taiwán,2017-07-01,37667.65957000003
Taiwán,2017-08-01,40364.99462
Taiwán,2017-09-01,32896.18883000002
Taiwán,2017-10-01,34663.652549999984
Taiwán,2017-11-01,33933.77060000003
Taiwán,2017-12-01,33906.60712000004
Taiwán,2018-01-01,32756.697679999972
Taiwán,2018-02-01,31807.067239999993
Taiwán,2018-03-01,31974.487619999974
Taiwán,2018-04-01,35319.234609999985
Taiwán,2018-05-01,31252.43333000005
Taiwán,2018-06-01,39459.86593000002
Taiwán,2018-07-01,41952.198699999964
Taiwán,2018-08-01,38062.35022999998
Taiwán,2018-09-01,33831.85187999999
Taiwán,2018-10-01,39780.72135999998
Taiwán,2018-11-01,35321.22317999994
Taiwán,2018-12-01,34239.959500000004
Taiwán,2019-01-01,36441.46483999999
Taiwán,2019-02-01,31688.55238999996
Taiwán,2019-03-01,32067.169019999954
Taiwán,2019-04-01,36169.48145999995
Taiwán,2019-05-01,36744.21671999997
Taiwán,2019-06-01,28268.35388000002
Taiwán,2019-07-01,38761.03319000002
Taiwán,2019-08-01,33077.87583000005
Taiwán,2019-09-01,34487.08909999997
Taiwán,2019-10-01,35089.01722
Taiwán,2019-11-01,35022.29302000003
Taiwán,2019-12-01,31625.876410000015
Taiwán,2020-01-01,38155.34879000006
Taiwán,2020-02-01,32812.36193000003
Taiwán,2020-03-01,26623.39255000002
Taiwán,2020-04-01,26542.500550000044
Taiwán,2020-05-01,21547.978849999992
Taiwán,2020-06-01,23596.625730000054
Taiwán,2020-07-01,29127.368269999984
Taiwán,2020-08-01,28544.002120000005
Taiwán,2020-09-01,28352.013779999997
Taiwán,2020-10-01,29470.05881000002
Taiwán,2020-11-01,29704.585940000004
Taiwán,2020-12-01,35178.07191000006
Taiwán,2021-01-01,30231.145210000013
Taiwán,2021-02-01,40227.99940999993
Taiwán,2021-03-01,38681.16535000002
Taiwán,2021-04-01,45958.20701000007
Taiwán,2021-05-01,36818.47211999999
Taiwán,2021-06-01,36917.20841999999
Taiwán,2021-07-01,39575.16247000005
Taiwán,2021-08-01,39105.52717000007
Taiwán,2021-09-01,47140.490280000005
Taiwán,2021-10-01,41546.376759999985
Taiwán,2021-11-01,62239.92767999998
Taiwán,2021-12-01,60887.01411999992
Taiwán,2022-01-01,47731.946609999985
Taiwán,2022-02-01,49480.38553999999
Taiwán,2022-03-01,58529.021000000044
Taiwán,2022-04-01,42029.030189999976
Taiwán,2022-05-01,41829.89019999994
Taiwán,2022-06-01,49470.493260000025
Taiwán,2022-07-01,41677.77830999994
Taiwán,2022-08-01,49330.95685
Taiwán,2022-09-01,40510.47859999996
Taiwán,2022-10-01,38762.14509
Taiwán,2022-11-01,38426.77055000004
Taiwán,2022-12-01,40733.78622999997
Taiwán,2023-01-01,33179.34967000001
Taiwán,2023-02-01,32073.224280000017
Taiwán,2023-03-01,34194.88229000004
Taiwán,2023-04-01,32122.731460000054
Taiwán,2023-05-01,30359.908690000037
Taiwán,2023-06-01,33929.426170000006
Taiwán,2023-07-01,30157.413889999996
Taiwán,2023-08-01,33020.42433999996
Taiwán,2023-09-01,28890.648470000015
Taiwán,2023-10-01,30265.21038999998
Taiwán,2023-11-01,27978.584879999988
Taiwán,2023-12-01,30587.363860000038
Taiwán,2024-01-01,34162.7689
Taiwán,2024-02-01,34147.00019999997
Taiwán,2024-03-01,23510.762139999977
Taiwán,2024-04-01,31436.986220000006
Taiwán,2024-05-01,28277.21476000002
Taiwán,2024-06-01,26878.03453999996
Taiwán,2024-07-01,29413.987209999996
Taiwán,2024-08-01,30747.079680000013
Taiwán,2024-09-01,27989.158780000027
Taiwán,2024-10-01,37252.66303000002
Taiwán,2024-11-01,28768.500719999985
Taiwán,2024-12-01,32979.06840000002
Taiwán,2025-01-01,30894.844689999998
Taiwán,2025-02-01,28677.05317999997
Taiwán,2025-03-01,26251.70830000001
Taiwán,2025-04-01,29951.294579999976
Taiwán,2025-05-01,26949.258209999978
Taiwán,2025-06-01,26236.28215999995
Taiwán,2025-07-01,33307.946679999994
Taiwán,2025-08-01,27070.929260000026
Taiwán,2025-09-01,28947.554860000015
Taiwán,2025-10-01,36085.52714999995
Taiwán,2025-11-01,33424.94397999997
Taiwán,2025-12-01,34210.000959999976
Taiwán,2026-01-01,32993.1268
Taiwán,2026-02-01,25486.015640000012
Taiwán,2026-03-01,29387.192000000003
Taiwán,2026-04-01,29223.589439999992
Taiwán,2026-05-01,25728.99931
Taiwán,2026-06-01,29614.079840000002
Trinidad y Tobago,2007-01-01,4418.02539
Trinidad y Tobago,2007-02-01,3433.14068
Trinidad y Tobago,2007-03-01,2371.5977100000005
Trinidad y Tobago,2007-04-01,776.06968
Trinidad y Tobago,2007-05-01,33575.96906
Trinidad y Tobago,2007-06-01,45372.47448
Trinidad y Tobago,2007-07-01,45839.81818000001
Trinidad y Tobago,2007-08-01,5488.74075
Trinidad y Tobago,2007-09-01,33320.10637
Trinidad y Tobago,2007-10-01,42099.728440000006
Trinidad y Tobago,2007-11-01,44746.10164999999
Trinidad y Tobago,2007-12-01,48331.063469999994
Trinidad y Tobago,2008-01-01,4085.30802
Trinidad y Tobago,2008-02-01,6538.31579
Trinidad y Tobago,2008-03-01,52762.206549999995
Trinidad y Tobago,2008-04-01,31761.20685
Trinidad y Tobago,2008-05-01,13950.717460000002
Trinidad y Tobago,2008-06-01,3956.7243700000004
Trinidad y Tobago,2008-07-01,7744.9756099999995
Trinidad y Tobago,2008-08-01,5013.38941
Trinidad y Tobago,2008-09-01,91346.16977
Trinidad y Tobago,2008-10-01,29917.33371
Trinidad y Tobago,2008-11-01,49951.15903000001
Trinidad y Tobago,2008-12-01,1660.29301
Trinidad y Tobago,2009-01-01,6177.61119
Trinidad y Tobago,2009-02-01,13917.11141
Trinidad y Tobago,2009-03-01,13011.556719999999
Trinidad y Tobago,2009-04-01,9766.80918
Trinidad y Tobago,2009-05-01,15930.767220000003
Trinidad y Tobago,2009-06-01,19125.36076
Trinidad y Tobago,2009-07-01,16583.011290000002
Trinidad y Tobago,2009-08-01,30978.442110000004
Trinidad y Tobago,2009-09-01,5320.682419999999
Trinidad y Tobago,2009-10-01,24553.17709
Trinidad y Tobago,2009-11-01,6356.2618
Trinidad y Tobago,2009-12-01,14621.772329999998
Trinidad y Tobago,2010-01-01,10697.059280000001
Trinidad y Tobago,2010-02-01,7587.461999999999
Trinidad y Tobago,2010-03-01,24080.521769999996
Trinidad y Tobago,2010-04-01,41299.8992
Trinidad y Tobago,2010-05-01,12625.83906
Trinidad y Tobago,2010-06-01,61970.43036
Trinidad y Tobago,2010-07-01,24630.0137
Trinidad y Tobago,2010-08-01,48629.81532
Trinidad y Tobago,2010-09-01,54282.57434000001
Trinidad y Tobago,2010-10-01,40110.15005999999
Trinidad y Tobago,2010-11-01,21333.13361
Trinidad y Tobago,2010-12-01,27126.181539999994
Trinidad y Tobago,2011-01-01,62435.02929
Trinidad y Tobago,2011-02-01,47917.11849
Trinidad y Tobago,2011-03-01,6429.5034399999995
Trinidad y Tobago,2011-04-01,14971.296620000001
Trinidad y Tobago,2011-05-01,18422.375579999996
Trinidad y Tobago,2011-06-01,62252.645489999995
Trinidad y Tobago,2011-07-01,54249.6114
Trinidad y Tobago,2011-08-01,54858.93949
Trinidad y Tobago,2011-09-01,69496.59703
Trinidad y Tobago,2011-10-01,39990.25156000001
Trinidad y Tobago,2011-11-01,106709.52536000003
Trinidad y Tobago,2011-12-01,46288.20798
Trinidad y Tobago,2012-01-01,93733.90176
Trinidad y Tobago,2012-02-01,47012.09253999999
Trinidad y Tobago,2012-03-01,43997.01498999999
Trinidad y Tobago,2012-04-01,48299.58619999999
Trinidad y Tobago,2012-05-01,54582.24233000001
Trinidad y Tobago,2012-06-01,24031.93221
Trinidad y Tobago,2012-07-01,45902.42128999999
Trinidad y Tobago,2012-08-01,38224.74973
Trinidad y Tobago,2012-09-01,15038.69125
Trinidad y Tobago,2012-10-01,43864.268939999994
Trinidad y Tobago,2012-11-01,16335.774920000002
Trinidad y Tobago,2012-12-01,35781.883989999995
Trinidad y Tobago,2013-01-01,68431.32719000001
Trinidad y Tobago,2013-02-01,8480.94794
Trinidad y Tobago,2013-03-01,38050.19540999999
Trinidad y Tobago,2013-04-01,113330.53224999999
Trinidad y Tobago,2013-05-01,11228.1263
Trinidad y Tobago,2013-06-01,7522.42251
Trinidad y Tobago,2013-07-01,37132.01605
Trinidad y Tobago,2013-08-01,40924.94314
Trinidad y Tobago,2013-09-01,40419.38636
Trinidad y Tobago,2013-10-01,48647.49651999999
Trinidad y Tobago,2013-11-01,16757.69793
Trinidad y Tobago,2013-12-01,15998.8945
Trinidad y Tobago,2014-01-01,53788.867950000014
Trinidad y Tobago,2014-02-01,44566.13063
Trinidad y Tobago,2014-03-01,41523.719869999986
Trinidad y Tobago,2014-04-01,37324.4297
Trinidad y Tobago,2014-05-01,46895.0522
Trinidad y Tobago,2014-06-01,43908.35039000001
Trinidad y Tobago,2014-07-01,47137.488090000006
Trinidad y Tobago,2014-08-01,23568.402759999994
Trinidad y Tobago,2014-09-01,50758.71147
Trinidad y Tobago,2014-10-01,39685.236170000004
Trinidad y Tobago,2014-11-01,17033.854379999997
Trinidad y Tobago,2014-12-01,11626.74661
Trinidad y Tobago,2015-01-01,22108.82793
Trinidad y Tobago,2015-02-01,22183.97293
Trinidad y Tobago,2015-03-01,13032.44434
Trinidad y Tobago,2015-04-01,15779.48779
Trinidad y Tobago,2015-05-01,43029.05029
Trinidad y Tobago,2015-06-01,15951.28445
Trinidad y Tobago,2015-07-01,25308.399069999996
Trinidad y Tobago,2015-08-01,19235.68809
Trinidad y Tobago,2015-09-01,34390.49790999999
Trinidad y Tobago,2015-10-01,7479.466960000001
Trinidad y Tobago,2015-11-01,11674.393950000001
Trinidad y Tobago,2015-12-01,15950.193700000002
Trinidad y Tobago,2016-01-01,15085.78827
Trinidad y Tobago,2016-02-01,19637.34663
Trinidad y Tobago,2016-03-01,26967.940649999997
Trinidad y Tobago,2016-04-01,7735.5377
Trinidad y Tobago,2016-05-01,9162.129120000001
Trinidad y Tobago,2016-06-01,8859.12671
Trinidad y Tobago,2016-07-01,5757.43904
Trinidad y Tobago,2016-08-01,5667.999570000002
Trinidad y Tobago,2016-09-01,3005.32818
Trinidad y Tobago,2016-10-01,5282.567639999999
Trinidad y Tobago,2016-11-01,4627.20251
Trinidad y Tobago,2016-12-01,8414.3862
Trinidad y Tobago,2017-01-01,2680.72861
Trinidad y Tobago,2017-02-01,3249.5271199999997
Trinidad y Tobago,2017-03-01,4966.651809999999
Trinidad y Tobago,2017-04-01,4238.9881000000005
Trinidad y Tobago,2017-05-01,5640.33717
Trinidad y Tobago,2017-06-01,4345.06279
Trinidad y Tobago,2017-07-01,4468.27626
Trinidad y Tobago,2017-08-01,8011.91332
Trinidad y Tobago,2017-09-01,11500.7535
Trinidad y Tobago,2017-10-01,4747.47059
Trinidad y Tobago,2017-11-01,6794.835139999999
Trinidad y Tobago,2017-12-01,14561.96881
Trinidad y Tobago,2018-01-01,7691.0178799999985
Trinidad y Tobago,2018-02-01,5838.65496
Trinidad y Tobago,2018-03-01,6639.60711
Trinidad y Tobago,2018-04-01,6384.53295
Trinidad y Tobago,2018-05-01,5574.07829
Trinidad y Tobago,2018-06-01,14229.022219999999
Trinidad y Tobago,2018-07-01,7534.702340000001
Trinidad y Tobago,2018-08-01,6131.1304900000005
Trinidad y Tobago,2018-09-01,3955.15853
Trinidad y Tobago,2018-10-01,31212.98291
Trinidad y Tobago,2018-11-01,15336.969630000003
Trinidad y Tobago,2018-12-01,8649.68435
Trinidad y Tobago,2019-01-01,8822.611219999999
Trinidad y Tobago,2019-02-01,20790.15735
Trinidad y Tobago,2019-03-01,6067.23137
Trinidad y Tobago,2019-04-01,7903.059310000001
Trinidad y Tobago,2019-05-01,5520.27504
Trinidad y Tobago,2019-06-01,9656.15905
Trinidad y Tobago,2019-07-01,8683.23185
Trinidad y Tobago,2019-08-01,15824.47701
Trinidad y Tobago,2019-09-01,18212.815629999997
Trinidad y Tobago,2019-10-01,4442.848379999999
Trinidad y Tobago,2019-11-01,6094.05395
Trinidad y Tobago,2019-12-01,3974.42806
Trinidad y Tobago,2020-01-01,9444.39607
Trinidad y Tobago,2020-02-01,12150.54312
Trinidad y Tobago,2020-03-01,18383.120700000003
Trinidad y Tobago,2020-04-01,4689.2588000000005
Trinidad y Tobago,2020-05-01,5779.85138
Trinidad y Tobago,2020-06-01,10880.02256
Trinidad y Tobago,2020-07-01,8616.98576
Trinidad y Tobago,2020-08-01,4267.87211
Trinidad y Tobago,2020-09-01,8796.5102
Trinidad y Tobago,2020-10-01,11885.79612
Trinidad y Tobago,2020-11-01,10431.60242
Trinidad y Tobago,2020-12-01,6738.76518
Trinidad y Tobago,2021-01-01,23484.936709999998
Trinidad y Tobago,2021-02-01,11619.85783
Trinidad y Tobago,2021-03-01,24287.84794
Trinidad y Tobago,2021-04-01,3138.9208399999998
Trinidad y Tobago,2021-05-01,15857.42672
Trinidad y Tobago,2021-06-01,4944.26672
Trinidad y Tobago,2021-07-01,46546.952119999994
Trinidad y Tobago,2021-08-01,60870.93231999999
Trinidad y Tobago,2021-09-01,10838.50792
Trinidad y Tobago,2021-10-01,17916.181109999998
Trinidad y Tobago,2021-11-01,32201.287510000002
Trinidad y Tobago,2021-12-01,17344.23459
Trinidad y Tobago,2022-01-01,16607.02675
Trinidad y Tobago,2022-02-01,4787.93423
Trinidad y Tobago,2022-03-01,13937.36752
Trinidad y Tobago,2022-04-01,86441.36784
Trinidad y Tobago,2022-05-01,20651.51472
Trinidad y Tobago,2022-06-01,13391.378729999999
Trinidad y Tobago,2022-07-01,4807.49036
Trinidad y Tobago,2022-08-01,66932.06622
Trinidad y Tobago,2022-09-01,2553.43175
Trinidad y Tobago,2022-10-01,13269.60552
Trinidad y Tobago,2022-11-01,4829.322990000001
Trinidad y Tobago,2022-12-01,4506.21229
Trinidad y Tobago,2023-01-01,8042.628839999999
Trinidad y Tobago,2023-02-01,22085.209420000003
Trinidad y Tobago,2023-03-01,8999.36502
Trinidad y Tobago,2023-04-01,3416.7653800000003
Trinidad y Tobago,2023-05-01,6714.321789999999
Trinidad y Tobago,2023-06-01,4688.36565
Trinidad y Tobago,2023-07-01,14708.885529999998
Trinidad y Tobago,2023-08-01,7374.3010699999995
Trinidad y Tobago,2023-09-01,4373.9537199999995
Trinidad y Tobago,2023-10-01,5075.74691
Trinidad y Tobago,2023-11-01,5400.30251
Trinidad y Tobago,2023-12-01,7267.466300000001
Trinidad y Tobago,2024-01-01,10472.877849999997
Trinidad y Tobago,2024-02-01,7098.81229
Trinidad y Tobago,2024-03-01,6375.71414
Trinidad y Tobago,2024-04-01,7976.0499199999995
Trinidad y Tobago,2024-05-01,9201.841819999998
Trinidad y Tobago,2024-06-01,4147.13101
Trinidad y Tobago,2024-07-01,3665.31836
Trinidad y Tobago,2024-08-01,7364.64324
Trinidad y Tobago,2024-09-01,48381.435509999996
Trinidad y Tobago,2024-10-01,8260.80678
Trinidad y Tobago,2024-11-01,12790.7839
Trinidad y Tobago,2024-12-01,121880.8621
Trinidad y Tobago,2025-01-01,91427.80221
Trinidad y Tobago,2025-02-01,74837.06323000001
Trinidad y Tobago,2025-03-01,72537.87278
Trinidad y Tobago,2025-04-01,6455.06678
Trinidad y Tobago,2025-05-01,19682.25521
Trinidad y Tobago,2025-06-01,32785.04492
Trinidad y Tobago,2025-07-01,62370.09239999999
Trinidad y Tobago,2025-08-01,31250.91379
Trinidad y Tobago,2025-09-01,48992.94400999999
Trinidad y Tobago,2025-10-01,28633.705360000004
Trinidad y Tobago,2025-11-01,41994.60373999999
Trinidad y Tobago,2025-12-01,42899.26239
Trinidad y Tobago,2026-01-01,49570.13222000001
Trinidad y Tobago,2026-02-01,45490.00144000001
Trinidad y Tobago,2026-03-01,33739.609520000005
Trinidad y Tobago,2026-04-01,69925.05854000001
Trinidad y Tobago,2026-05-01,79509.19879000001
Trinidad y Tobago,2026-06-01,107418.15708
Venezuela,2007-01-01,105204.08078000005
Venezuela,2007-02-01,106737.55171000003
Venezuela,2007-03-01,127111.80501000003
Venezuela,2007-04-01,109884.74845000004
Venezuela,2007-05-01,152814.5108899999
Venezuela,2007-06-01,130999.42087999993
Venezuela,2007-07-01,129863.59478999986
Venezuela,2007-08-01,121087.9422
Venezuela,2007-09-01,97990.84873999993
Venezuela,2007-10-01,109540.12426999991
Venezuela,2007-11-01,87666.19196000005
Venezuela,2007-12-01,87055.21297999997
Venezuela,2008-01-01,94893.75752000001
Venezuela,2008-02-01,111887.8205900001
Venezuela,2008-03-01,78205.56584999994
Venezuela,2008-04-01,85850.84784000002
Venezuela,2008-05-01,107511.23898000001
Venezuela,2008-06-01,105517.80132000006
Venezuela,2008-07-01,154899.9234200001
Venezuela,2008-08-01,126717.74588000009
Venezuela,2008-09-01,114876.31924999999
Venezuela,2008-10-01,89995.67763999997
Venezuela,2008-11-01,70718.51425999991
Venezuela,2008-12-01,57031.897190000025
Venezuela,2009-01-01,40547.82750999999
Venezuela,2009-02-01,29393.074769999985
Venezuela,2009-03-01,65194.91060999999
Venezuela,2009-04-01,45568.64748999999
Venezuela,2009-05-01,57908.01254000001
Venezuela,2009-06-01,56829.45967
Venezuela,2009-07-01,50174.43684999998
Venezuela,2009-08-01,56552.46132000003
Venezuela,2009-09-01,43245.166680000024
Venezuela,2009-10-01,40167.81794999999
Venezuela,2009-11-01,36885.150660000014
Venezuela,2009-12-01,40929.130010000015
Venezuela,2010-01-01,31945.539359999984
Venezuela,2010-02-01,22648.76841
Venezuela,2010-03-01,19634.429210000002
Venezuela,2010-04-01,21253.32942
Venezuela,2010-05-01,22838.923670000004
Venezuela,2010-06-01,23474.664579999997
Venezuela,2010-07-01,16954.957929999993
Venezuela,2010-08-01,13644.87932
Venezuela,2010-09-01,17090.57533
Venezuela,2010-10-01,35893.960500000016
Venezuela,2010-11-01,30384.61577
Venezuela,2010-12-01,48981.09773999997
Venezuela,2011-01-01,50272.18654000001
Venezuela,2011-02-01,59588.915190000014
Venezuela,2011-03-01,57025.27424
Venezuela,2011-04-01,78406.83698000001
Venezuela,2011-05-01,37199.65864999998
Venezuela,2011-06-01,35493.72031
Venezuela,2011-07-01,48210.05385
Venezuela,2011-08-01,31710.705870000005
Venezuela,2011-09-01,38544.66702
Venezuela,2011-10-01,40029.68644999999
Venezuela,2011-11-01,48122.521649999995
Venezuela,2011-12-01,38491.44889
Venezuela,2012-01-01,42774.05653999999
Venezuela,2012-02-01,51363.01191999999
Venezuela,2012-03-01,58855.2181
Venezuela,2012-04-01,46191.913469999985
Venezuela,2012-05-01,52078.47443000002
Venezuela,2012-06-01,39438.707780000004
Venezuela,2012-07-01,39368.88327999998
Venezuela,2012-08-01,43282.68463999999
Venezuela,2012-09-01,36475.793600000005
Venezuela,2012-10-01,43613.239189999986
Venezuela,2012-11-01,28649.19182
Venezuela,2012-12-01,50969.83419000003
Venezuela,2013-01-01,27091.216419999993
Venezuela,2013-02-01,34271.115079999996
Venezuela,2013-03-01,26652.001769999995
Venezuela,2013-04-01,38125.64182
Venezuela,2013-05-01,47272.22181999999
Venezuela,2013-06-01,27688.818049999998
Venezuela,2013-07-01,32811.10891
Venezuela,2013-08-01,41284.49560999999
Venezuela,2013-09-01,41146.99428999998
Venezuela,2013-10-01,35818.24980000001
Venezuela,2013-11-01,42595.56002999999
Venezuela,2013-12-01,36297.08702000001
Venezuela,2014-01-01,48360.89198000001
Venezuela,2014-02-01,41010.52551999999
Venezuela,2014-03-01,35670.737010000004
Venezuela,2014-04-01,53046.595949999995
Venezuela,2014-05-01,44932.021700000005
Venezuela,2014-06-01,47747.87544999999
Venezuela,2014-07-01,41224.93682999999
Venezuela,2014-08-01,23991.117020000005
Venezuela,2014-09-01,13809.952190000004
Venezuela,2014-10-01,34619.59307999999
Venezuela,2014-11-01,35353.96492
Venezuela,2014-12-01,19986.46637
Venezuela,2015-01-01,22079.769480000003
Venezuela,2015-02-01,23253.871259999996
Venezuela,2015-03-01,30288.171899999994
Venezuela,2015-04-01,16728.34227
Venezuela,2015-05-01,20829.31725
Venezuela,2015-06-01,24948.93688
Venezuela,2015-07-01,22339.218870000004
Venezuela,2015-08-01,24798.714959999998
Venezuela,2015-09-01,23534.49981000001
Venezuela,2015-10-01,21389.839599999996
Venezuela,2015-11-01,20975.71477
Venezuela,2015-12-01,40951.642180000024
Venezuela,2016-01-01,23397.43966
Venezuela,2016-02-01,15504.426360000012
Venezuela,2016-03-01,14474.050009999999
Venezuela,2016-04-01,22173.625249999983
Venezuela,2016-05-01,14939.110689999994
Venezuela,2016-06-01,13191.884790000004
Venezuela,2016-07-01,15167.985040000003
Venezuela,2016-08-01,13372.689619999997
Venezuela,2016-09-01,10768.34449000001
Venezuela,2016-10-01,14053.014899999998
Venezuela,2016-11-01,19870.69522000001
Venezuela,2016-12-01,12962.032479999998
Venezuela,2017-01-01,17627.188859999984
Venezuela,2017-02-01,20801.82244
Venezuela,2017-03-01,20655.621979999993
Venezuela,2017-04-01,20477.599730000005
Venezuela,2017-05-01,14285.0766
Venezuela,2017-06-01,18740.645370000002
Venezuela,2017-07-01,9158.166620000004
Venezuela,2017-08-01,17137.894689999997
Venezuela,2017-09-01,15056.768800000003
Venezuela,2017-10-01,14082.096220000003
Venezuela,2017-11-01,27154.932539999983
Venezuela,2017-12-01,24635.98017999999
Venezuela,2018-01-01,14114.329499999996
Venezuela,2018-02-01,7202.645959999996
Venezuela,2018-03-01,19636.625679999994
Venezuela,2018-04-01,10246.074349999992
Venezuela,2018-05-01,12534.421960000003
Venezuela,2018-06-01,8232.319419999998
Venezuela,2018-07-01,12643.506370000005
Venezuela,2018-08-01,12565.010449999998
Venezuela,2018-09-01,9883.09648999999
Venezuela,2018-10-01,7291.491899999998
Venezuela,2018-11-01,11465.433729999999
Venezuela,2018-12-01,11155.288299999995
Venezuela,2019-01-01,5273.9384199999995
Venezuela,2019-02-01,2568.783529999999
Venezuela,2019-03-01,4810.807829999999
Venezuela,2019-04-01,7465.823919999999
Venezuela,2019-05-01,3572.84017
Venezuela,2019-06-01,4210.336150000001
Venezuela,2019-07-01,3383.8271799999998
Venezuela,2019-08-01,2767.412140000001
Venezuela,2019-09-01,2700.5889300000003
Venezuela,2019-10-01,2546.074350000001
Venezuela,2019-11-01,2496.4503899999995
Venezuela,2019-12-01,3111.0415099999996
Venezuela,2020-01-01,1503.24589
Venezuela,2020-02-01,2243.97267
Venezuela,2020-03-01,2038.70351
Venezuela,2020-04-01,846.7339000000002
Venezuela,2020-05-01,1446.35182
Venezuela,2020-06-01,1534.4706099999999
Venezuela,2020-07-01,2468.86211
Venezuela,2020-08-01,2273.9320899999993
Venezuela,2020-09-01,2918.2168799999995
Venezuela,2020-10-01,2686.6955800000005
Venezuela,2020-11-01,2528.8314400000004
Venezuela,2020-12-01,5065.56505
Venezuela,2021-01-01,4245.8425
Venezuela,2021-02-01,4144.58122
Venezuela,2021-03-01,4205.06243
Venezuela,2021-04-01,3168.5909199999996
Venezuela,2021-05-01,3749.5943199999992
Venezuela,2021-06-01,3394.94542
Venezuela,2021-07-01,14469.619359999999
Venezuela,2021-08-01,8500.75467
Venezuela,2021-09-01,5969.524430000001
Venezuela,2021-10-01,7000.61531
Venezuela,2021-11-01,4850.264280000003
Venezuela,2021-12-01,5678.213120000002
Venezuela,2022-01-01,6895.728810000003
Venezuela,2022-02-01,5589.608620000001
Venezuela,2022-03-01,3810.6863500000004
Venezuela,2022-04-01,5679.680270000001
Venezuela,2022-05-01,7521.233570000001
Venezuela,2022-06-01,9959.653049999997
Venezuela,2022-07-01,7484.348099999998
Venezuela,2022-08-01,9454.22761
Venezuela,2022-09-01,9631.467389999996
Venezuela,2022-10-01,13312.226579999999
Venezuela,2022-11-01,12422.209880000002
Venezuela,2022-12-01,16512.710229999997
Venezuela,2023-01-01,6682.4412999999995
Venezuela,2023-02-01,22024.401189999997
Venezuela,2023-03-01,13511.2199
Venezuela,2023-04-01,5723.82481
Venezuela,2023-05-01,16086.279769999996
Venezuela,2023-06-01,17277.320419999996
Venezuela,2023-07-01,4425.942379999999
Venezuela,2023-08-01,8418.702240000002
Venezuela,2023-09-01,6982.896119999999
Venezuela,2023-10-01,8565.806550000001
Venezuela,2023-11-01,10334.546110000003
Venezuela,2023-12-01,10858.2236
Venezuela,2024-01-01,13881.04361
Venezuela,2024-02-01,12151.879570000001
Venezuela,2024-03-01,8625.61878
Venezuela,2024-04-01,12339.229090000004
Venezuela,2024-05-01,8153.7595500000025
Venezuela,2024-06-01,15155.061300000007
Venezuela,2024-07-01,11566.21238
Venezuela,2024-08-01,7060.859329999998
Venezuela,2024-09-01,14452.895930000004
Venezuela,2024-10-01,8691.545209999997
Venezuela,2024-11-01,11333.68672
Venezuela,2024-12-01,10688.122349999998
Venezuela,2025-01-01,12797.439950000002
Venezuela,2025-02-01,7543.3443899999975
Venezuela,2025-03-01,12726.265739999999
Venezuela,2025-04-01,6179.398400000001
Venezuela,2025-05-01,8517.552420000002
Venezuela,2025-06-01,7564.809130000001
Venezuela,2025-07-01,8648.71517
Venezuela,2025-08-01,9932.629169999998
Venezuela,2025-09-01,9346.811590000001
Venezuela,2025-10-01,7322.43755
Venezuela,2025-11-01,6331.31985
Venezuela,2025-12-01,6868.579120000002
Venezuela,2026-01-01,5252.76344
Venezuela,2026-02-01,5950.51377
Venezuela,2026-03-01,15762.00098
Venezuela,2026-04-01,6808.131850000001
Venezuela,2026-05-01,15039.104130000002
Venezuela,2026-06-01,7591.687450000001
Vietnam,2007-01-01,1874.3248200000005
Vietnam,2007-02-01,3172.8777799999984
Vietnam,2007-03-01,4197.569089999998
Vietnam,2007-04-01,3514.9177599999994
Vietnam,2007-05-01,2572.98772
Vietnam,2007-06-01,4279.52505
Vietnam,2007-07-01,2537.5343000000016
Vietnam,2007-08-01,3545.897549999998
Vietnam,2007-09-01,5136.80981
Vietnam,2007-10-01,4400.623829999999
Vietnam,2007-11-01,3440.4004399999994
Vietnam,2007-12-01,3817.6076700000003
Vietnam,2008-01-01,4758.3138199999985
Vietnam,2008-02-01,4962.1938800000025
Vietnam,2008-03-01,5109.48615
Vietnam,2008-04-01,3525.49452
Vietnam,2008-05-01,3229.9663100000016
Vietnam,2008-06-01,4177.9702
Vietnam,2008-07-01,6781.90694
Vietnam,2008-08-01,6700.36261
Vietnam,2008-09-01,6424.4153499999975
Vietnam,2008-10-01,6971.681890000001
Vietnam,2008-11-01,6671.967930000001
Vietnam,2008-12-01,6570.053700000002
Vietnam,2009-01-01,5048.373830000001
Vietnam,2009-02-01,3495.7049600000005
Vietnam,2009-03-01,3133.913629999998
Vietnam,2009-04-01,3854.5047700000005
Vietnam,2009-05-01,3099.41001
Vietnam,2009-06-01,4304.501030000002
Vietnam,2009-07-01,5677.998620000001
Vietnam,2009-08-01,6108.0785
Vietnam,2009-09-01,8034.849479999998
Vietnam,2009-10-01,5452.356610000003
Vietnam,2009-11-01,7343.930509999999
Vietnam,2009-12-01,5910.588849999998
Vietnam,2010-01-01,6019.09243
Vietnam,2010-02-01,5631.881289999999
Vietnam,2010-03-01,6180.263220000001
Vietnam,2010-04-01,5454.165410000001
Vietnam,2010-05-01,6466.0733500000015
Vietnam,2010-06-01,5453.540440000001
Vietnam,2010-07-01,6622.955550000001
Vietnam,2010-08-01,8554.7949
Vietnam,2010-09-01,8334.883510000001
Vietnam,2010-10-01,9119.03576
Vietnam,2010-11-01,13099.042029999995
Vietnam,2010-12-01,13121.973609999997
Vietnam,2011-01-01,9717.28669
Vietnam,2011-02-01,9063.262930000003
Vietnam,2011-03-01,11554.315329999998
Vietnam,2011-04-01,9564.634279999997
Vietnam,2011-05-01,11918.001589999993
Vietnam,2011-06-01,10051.91653
Vietnam,2011-07-01,13449.416920000005
Vietnam,2011-08-01,15263.099300000003
Vietnam,2011-09-01,19695.50458999999
Vietnam,2011-10-01,17345.820720000007
Vietnam,2011-11-01,22800.90333999998
Vietnam,2011-12-01,19358.38618999999
Vietnam,2012-01-01,11764.861849999998
Vietnam,2012-02-01,15106.916550000002
Vietnam,2012-03-01,21451.681119999987
Vietnam,2012-04-01,15700.60873
Vietnam,2012-05-01,16463.427639999998
Vietnam,2012-06-01,12079.873430000001
Vietnam,2012-07-01,15788.89816
Vietnam,2012-08-01,24334.186419999995
Vietnam,2012-09-01,23493.813129999988
Vietnam,2012-10-01,26711.420830000014
Vietnam,2012-11-01,25778.00427
Vietnam,2012-12-01,18527.7006
Vietnam,2013-01-01,19175.74053
Vietnam,2013-02-01,24239.68301999999
Vietnam,2013-03-01,20711.003490000006
Vietnam,2013-04-01,22223.062409999995
Vietnam,2013-05-01,18560.153080000004
Vietnam,2013-06-01,22484.132300000005
Vietnam,2013-07-01,23893.356620000002
Vietnam,2013-08-01,32789.080140000005
Vietnam,2013-09-01,29802.338369999994
Vietnam,2013-10-01,36477.27289
Vietnam,2013-11-01,41502.20758000001
Vietnam,2013-12-01,24192.62999000001
Vietnam,2014-01-01,27721.92367
Vietnam,2014-02-01,26371.624370000005
Vietnam,2014-03-01,30511.959109999996
Vietnam,2014-04-01,30386.794390000003
Vietnam,2014-05-01,30786.871229999997
Vietnam,2014-06-01,26819.96440000001
Vietnam,2014-07-01,32362.31211999999
Vietnam,2014-08-01,36567.91870999999
Vietnam,2014-09-01,50889.84627000002
Vietnam,2014-10-01,51166.53951000001
Vietnam,2014-11-01,51289.8313
Vietnam,2014-12-01,42946.67829999999
Vietnam,2015-01-01,39552.23146
Vietnam,2015-02-01,37335.375
Vietnam,2015-03-01,36264.043990000006
Vietnam,2015-04-01,44595.35436
Vietnam,2015-05-01,44925.46429999998
Vietnam,2015-06-01,38460.50469999999
Vietnam,2015-07-01,43425.37544000002
Vietnam,2015-08-01,42748.86692999998
Vietnam,2015-09-01,46342.54533000002
Vietnam,2015-10-01,46365.18487
Vietnam,2015-11-01,43460.85581000001
Vietnam,2015-12-01,27693.302769999995
Vietnam,2016-01-01,44735.334869999984
Vietnam,2016-02-01,35755.73878999999
Vietnam,2016-03-01,41766.716629999995
Vietnam,2016-04-01,33689.63402000002
Vietnam,2016-05-01,48951.055949999994
Vietnam,2016-06-01,36392.370929999975
Vietnam,2016-07-01,40855.84955000003
Vietnam,2016-08-01,39451.827310000015
Vietnam,2016-09-01,34931.12363000002
Vietnam,2016-10-01,39951.82180999999
Vietnam,2016-11-01,45479.39839
Vietnam,2016-12-01,28770.973130000006
Vietnam,2017-01-01,29599.023119999998
Vietnam,2017-02-01,37481.85558000001
Vietnam,2017-03-01,33907.62131000001
Vietnam,2017-04-01,44172.23643999999
Vietnam,2017-05-01,67394.45505000002
Vietnam,2017-06-01,47926.798749999965
Vietnam,2017-07-01,59736.28308999999
Vietnam,2017-08-01,44491.42207000001
Vietnam,2017-09-01,46864.911199999966
Vietnam,2017-10-01,54473.168289999994
Vietnam,2017-11-01,54392.97690000002
Vietnam,2017-12-01,36550.30988000003
Vietnam,2018-01-01,45868.61791999998
Vietnam,2018-02-01,41220.55190000003
Vietnam,2018-03-01,42194.45142000003
Vietnam,2018-04-01,44046.35085
Vietnam,2018-05-01,45658.69370999999
Vietnam,2018-06-01,38520.83969
Vietnam,2018-07-01,38686.12568000001
Vietnam,2018-08-01,38604.12780999997
Vietnam,2018-09-01,41651.880499999956
Vietnam,2018-10-01,49410.14789000003
Vietnam,2018-11-01,45715.97977
Vietnam,2018-12-01,37306.53472000002
Vietnam,2019-01-01,34371.69923000006
Vietnam,2019-02-01,35154.47985000001
Vietnam,2019-03-01,31498.634259999955
Vietnam,2019-04-01,43855.628909999985
Vietnam,2019-05-01,45582.350340000055
Vietnam,2019-06-01,43049.62267999998
Vietnam,2019-07-01,76912.36031999993
Vietnam,2019-08-01,71133.17056000004
Vietnam,2019-09-01,64176.46026000003
Vietnam,2019-10-01,69401.80618000004
Vietnam,2019-11-01,83963.94231000003
Vietnam,2019-12-01,52544.531930000005
Vietnam,2020-01-01,52862.065559999966
Vietnam,2020-02-01,63903.667629999996
Vietnam,2020-03-01,68930.63224000002
Vietnam,2020-04-01,34381.42572999997
Vietnam,2020-05-01,18989.479240000004
Vietnam,2020-06-01,35249.66551999999
Vietnam,2020-07-01,64870.58954000001
Vietnam,2020-08-01,59592.38369000001
Vietnam,2020-09-01,46601.06011000002
Vietnam,2020-10-01,55742.860750000036
Vietnam,2020-11-01,71786.02879999988
Vietnam,2020-12-01,49658.97068000002
Vietnam,2021-01-01,66900.18837999999
Vietnam,2021-02-01,54082.24807000001
Vietnam,2021-03-01,79065.79699000003
Vietnam,2021-04-01,78868.93455000002
Vietnam,2021-05-01,62288.44756000001
Vietnam,2021-06-01,53397.89173000002
Vietnam,2021-07-01,83097.91178000007
Vietnam,2021-08-01,64648.88442999998
Vietnam,2021-09-01,84021.58389999995
Vietnam,2021-10-01,78796.15387999997
Vietnam,2021-11-01,99942.98673000006
Vietnam,2021-12-01,111056.56538000003
Vietnam,2022-01-01,90888.98792999999
Vietnam,2022-02-01,78853.86128999997
Vietnam,2022-03-01,102012.84402999992
Vietnam,2022-04-01,110477.32730999998
Vietnam,2022-05-01,109856.93272000001
Vietnam,2022-06-01,75739.61394000001
Vietnam,2022-07-01,76860.94383000005
Vietnam,2022-08-01,101453.67410999989
Vietnam,2022-09-01,79375.74211999998
Vietnam,2022-10-01,92996.18516000004
Vietnam,2022-11-01,89229.9366
Vietnam,2022-12-01,57626.532160000024
Vietnam,2023-01-01,68087.0309
Vietnam,2023-02-01,58882.56050000001
Vietnam,2023-03-01,107380.99122000004
Vietnam,2023-04-01,72034.01207999997
Vietnam,2023-05-01,73729.98768999997
Vietnam,2023-06-01,54984.91116000002
Vietnam,2023-07-01,63202.19002000001
Vietnam,2023-08-01,68826.05305
Vietnam,2023-09-01,53547.5512
Vietnam,2023-10-01,73081.5299499999
Vietnam,2023-11-01,80611.47387999998
Vietnam,2023-12-01,49897.75967999997
Vietnam,2024-01-01,79961.08509
Vietnam,2024-02-01,77645.25825999992
Vietnam,2024-03-01,64869.54193999996
Vietnam,2024-04-01,99222.59471999995
Vietnam,2024-05-01,86456.96932000002
Vietnam,2024-06-01,75344.99779999998
Vietnam,2024-07-01,84963.48595000006
Vietnam,2024-08-01,83982.2592899999
Vietnam,2024-09-01,100902.38075000011
Vietnam,2024-10-01,90525.83978000011
Vietnam,2024-11-01,100753.01369
Vietnam,2024-12-01,61058.10410999999
Vietnam,2025-01-01,79016.58361000005
Vietnam,2025-02-01,84007.72878999995
Vietnam,2025-03-01,99525.68459000012
Vietnam,2025-04-01,90452.29644999997
Vietnam,2025-05-01,122732.71004000002
Vietnam,2025-06-01,99398.08689
Vietnam,2025-07-01,117033.72566000013
Vietnam,2025-08-01,112955.23827000007
Vietnam,2025-09-01,123063.69260000008
Vietnam,2025-10-01,130200.32405999987
Vietnam,2025-11-01,99678.56340000004
Vietnam,2025-12-01,81833.92002000002
Vietnam,2026-01-01,85766.86546000003
Vietnam,2026-02-01,134634.9230099999
Vietnam,2026-03-01,125540.76797
Vietnam,2026-04-01,140959.12580000004
Vietnam,2026-05-01,115306.21334000002
Vietnam,2026-06-01,107402.82999000007
