Periodo,Grupo,Categoria,Actividad,Sexo,hh:mm,L.i.,L.s.,cve %
2024-09_2025-08,Total nacional,Total nacional,Actividades personales,Total,17:09,17:04,17:13,
2024-09_2025-08,Total nacional,Total nacional,Actividades personales,Hombre,17:16,17:11,17:21,
2024-09_2025-08,Total nacional,Total nacional,Actividades personales,Mujer,17:01,16:56,17:07,
2024-09_2025-08,Total nacional,Total nacional,Educación y formación,Total,6:08,6:02,6:13,
2024-09_2025-08,Total nacional,Total nacional,Educación y formación,Hombre,6:06,5:59,6:13,
2024-09_2025-08,Total nacional,Total nacional,Educación y formación,Mujer,6:09,6:01,6:17,
2024-09_2025-08,Total nacional,Total nacional,Vida social,Total,2:06,2:04,2:08,0.8999999999999999
2024-09_2025-08,Total nacional,Total nacional,Vida social,Hombre,2:10,2:08,2:12,1.0
2024-09_2025-08,Total nacional,Total nacional,Vida social,Mujer,2:03,2:00,2:05,1.0
2024-09_2025-08,Total nacional,Total nacional,"Vida cultural, aficiones o deporte",Total,1:38,1:36,1:40,0.8999999999999999
2024-09_2025-08,Total nacional,Total nacional,"Vida cultural, aficiones o deporte",Hombre,1:47,1:45,1:50,1.0
2024-09_2025-08,Total nacional,Total nacional,"Vida cultural, aficiones o deporte",Mujer,1:27,1:25,1:29,1.2
2024-09_2025-08,Total nacional,Total nacional,Uso de medios de comunicación,Total,3:56,3:54,3:58,0.5
2024-09_2025-08,Total nacional,Total nacional,Uso de medios de comunicación,Hombre,4:02,4:00,4:05,0.6
2024-09_2025-08,Total nacional,Total nacional,Uso de medios de comunicación,Mujer,3:50,3:48,3:53,0.6
2024-09_2025-08,Total nacional,Total nacional,Actividades de cuidado personal,Total,10:15,10:13,10:17,0.2
2024-09_2025-08,Total nacional,Total nacional,Actividades de cuidado personal,Hombre,10:09,10:07,10:12,0.2
2024-09_2025-08,Total nacional,Total nacional,Actividades de cuidado personal,Mujer,10:21,10:19,10:23,0.2
2024-09_2025-08,Total nacional,Total nacional,Vida religiosa,Total,0:50,0:49,0:52,1.6
2024-09_2025-08,Total nacional,Total nacional,Vida religiosa,Hombre,0:46,0:44,0:49,2.4
2024-09_2025-08,Total nacional,Total nacional,Vida religiosa,Mujer,0:52,0:51,0:54,1.5
2024-09_2025-08,Total nacional,Total nacional,Actividades conexas a las actividades personales,Total,1:20,1:16,1:23,2.1
2024-09_2025-08,Total nacional,Total nacional,Actividades conexas a las actividades personales,Hombre,1:17,1:13,1:21,2.7
2024-09_2025-08,Total nacional,Total nacional,Actividades conexas a las actividades personales,Mujer,1:22,1:18,1:27,2.9000000000000004
2024-09_2025-08,Dominio geográfico,Cabeceras municipales,Actividades personales,Total,17:18,17:12,17:23,
2024-09_2025-08,Dominio geográfico,Cabeceras municipales,Actividades personales,Hombre,17:27,17:21,17:33,
2024-09_2025-08,Dominio geográfico,Cabeceras municipales,Actividades personales,Mujer,17:10,17:03,17:16,
2024-09_2025-08,Dominio geográfico,Cabeceras municipales,Educación y formación,Total,6:05,5:58,6:13,
2024-09_2025-08,Dominio geográfico,Cabeceras municipales,Educación y formación,Hombre,6:01,5:53,6:09,
2024-09_2025-08,Dominio geográfico,Cabeceras municipales,Educación y formación,Mujer,6:10,6:00,6:20,
2024-09_2025-08,Dominio geográfico,Cabeceras municipales,Vida social,Total,2:08,2:06,2:11,1.0999999999999999
2024-09_2025-08,Dominio geográfico,Cabeceras municipales,Vida social,Hombre,2:12,2:09,2:15,1.2
2024-09_2025-08,Dominio geográfico,Cabeceras municipales,Vida social,Mujer,2:05,2:02,2:08,1.0999999999999999
2024-09_2025-08,Dominio geográfico,Cabeceras municipales,"Vida cultural, aficiones o deporte",Total,1:38,1:36,1:40,1.0
2024-09_2025-08,Dominio geográfico,Cabeceras municipales,"Vida cultural, aficiones o deporte",Hombre,1:48,1:45,1:50,1.2
2024-09_2025-08,Dominio geográfico,Cabeceras municipales,"Vida cultural, aficiones o deporte",Mujer,1:28,1:26,1:30,1.3
2024-09_2025-08,Dominio geográfico,Cabeceras municipales,Uso de medios de comunicación,Total,4:06,4:03,4:09,0.6
2024-09_2025-08,Dominio geográfico,Cabeceras municipales,Uso de medios de comunicación,Hombre,4:15,4:12,4:19,0.7000000000000001
2024-09_2025-08,Dominio geográfico,Cabeceras municipales,Uso de medios de comunicación,Mujer,3:58,3:55,4:01,0.6
2024-09_2025-08,Dominio geográfico,Cabeceras municipales,Actividades de cuidado personal,Total,10:07,10:05,10:09,0.2
2024-09_2025-08,Dominio geográfico,Cabeceras municipales,Actividades de cuidado personal,Hombre,10:00,9:57,10:03,0.2
2024-09_2025-08,Dominio geográfico,Cabeceras municipales,Actividades de cuidado personal,Mujer,10:13,10:11,10:16,0.2
2024-09_2025-08,Dominio geográfico,Cabeceras municipales,Vida religiosa,Total,0:51,0:49,0:52,1.9
2024-09_2025-08,Dominio geográfico,Cabeceras municipales,Vida religiosa,Hombre,0:46,0:44,0:49,2.7
2024-09_2025-08,Dominio geográfico,Cabeceras municipales,Vida religiosa,Mujer,0:53,0:51,0:55,1.7999999999999998
2024-09_2025-08,Dominio geográfico,Cabeceras municipales,Actividades conexas a las actividades personales,Total,1:21,1:17,1:25,2.4
2024-09_2025-08,Dominio geográfico,Cabeceras municipales,Actividades conexas a las actividades personales,Hombre,1:18,1:13,1:23,3.3000000000000003
2024-09_2025-08,Dominio geográfico,Cabeceras municipales,Actividades conexas a las actividades personales,Mujer,1:24,1:18,1:29,3.4000000000000004
2024-09_2025-08,Dominio geográfico,Centros poblados y rural disperso,Actividades personales,Total,16:36,16:29,16:42,
2024-09_2025-08,Dominio geográfico,Centros poblados y rural disperso,Actividades personales,Hombre,16:41,16:33,16:49,
2024-09_2025-08,Dominio geográfico,Centros poblados y rural disperso,Actividades personales,Mujer,16:30,16:22,16:38,
2024-09_2025-08,Dominio geográfico,Centros poblados y rural disperso,Educación y formación,Total,6:16,6:07,6:24,
2024-09_2025-08,Dominio geográfico,Centros poblados y rural disperso,Educación y formación,Hombre,6:24,6:13,6:35,
2024-09_2025-08,Dominio geográfico,Centros poblados y rural disperso,Educación y formación,Mujer,6:06,5:55,6:18,
2024-09_2025-08,Dominio geográfico,Centros poblados y rural disperso,Vida social,Total,1:59,1:56,2:01,1.0999999999999999
2024-09_2025-08,Dominio geográfico,Centros poblados y rural disperso,Vida social,Hombre,2:04,2:01,2:07,1.2
2024-09_2025-08,Dominio geográfico,Centros poblados y rural disperso,Vida social,Mujer,1:54,1:51,1:56,1.2
2024-09_2025-08,Dominio geográfico,Centros poblados y rural disperso,"Vida cultural, aficiones o deporte",Total,1:36,1:33,1:39,1.7000000000000002
2024-09_2025-08,Dominio geográfico,Centros poblados y rural disperso,"Vida cultural, aficiones o deporte",Hombre,1:47,1:43,1:51,1.7999999999999998
2024-09_2025-08,Dominio geográfico,Centros poblados y rural disperso,"Vida cultural, aficiones o deporte",Mujer,1:21,1:17,1:25,2.3
2024-09_2025-08,Dominio geográfico,Centros poblados y rural disperso,Uso de medios de comunicación,Total,3:17,3:13,3:21,1.0
2024-09_2025-08,Dominio geográfico,Centros poblados y rural disperso,Uso de medios de comunicación,Hombre,3:18,3:13,3:22,1.0999999999999999
2024-09_2025-08,Dominio geográfico,Centros poblados y rural disperso,Uso de medios de comunicación,Mujer,3:17,3:12,3:22,1.3
2024-09_2025-08,Dominio geográfico,Centros poblados y rural disperso,Actividades de cuidado personal,Total,10:44,10:41,10:48,0.3
2024-09_2025-08,Dominio geográfico,Centros poblados y rural disperso,Actividades de cuidado personal,Hombre,10:39,10:35,10:43,0.3
2024-09_2025-08,Dominio geográfico,Centros poblados y rural disperso,Actividades de cuidado personal,Mujer,10:50,10:46,10:54,0.3
2024-09_2025-08,Dominio geográfico,Centros poblados y rural disperso,Vida religiosa,Total,0:48,0:45,0:51,3.3000000000000003
2024-09_2025-08,Dominio geográfico,Centros poblados y rural disperso,Vida religiosa,Hombre,0:47,0:42,0:52,5.3
2024-09_2025-08,Dominio geográfico,Centros poblados y rural disperso,Vida religiosa,Mujer,0:49,0:47,0:52,2.5
2024-09_2025-08,Dominio geográfico,Centros poblados y rural disperso,Actividades conexas a las actividades personales,Total,1:14,1:09,1:19,3.4000000000000004
2024-09_2025-08,Dominio geográfico,Centros poblados y rural disperso,Actividades conexas a las actividades personales,Hombre,1:12,1:06,1:18,4.0
2024-09_2025-08,Dominio geográfico,Centros poblados y rural disperso,Actividades conexas a las actividades personales,Mujer,1:16,1:09,1:22,4.2
2024-09_2025-08,Regiones,Caribe,Actividades personales,Total,16:48,16:42,16:54,
2024-09_2025-08,Regiones,Caribe,Actividades personales,Hombre,16:57,16:50,17:04,
2024-09_2025-08,Regiones,Caribe,Actividades personales,Mujer,16:40,16:33,16:46,
2024-09_2025-08,Regiones,Caribe,Educación y formación,Total,5:51,5:44,5:58,
2024-09_2025-08,Regiones,Caribe,Educación y formación,Hombre,5:56,5:46,6:05,
2024-09_2025-08,Regiones,Caribe,Educación y formación,Mujer,5:46,5:36,5:56,
2024-09_2025-08,Regiones,Caribe,Vida social,Total,2:07,2:04,2:09,1.0
2024-09_2025-08,Regiones,Caribe,Vida social,Hombre,2:11,2:08,2:14,1.2
2024-09_2025-08,Regiones,Caribe,Vida social,Mujer,2:03,2:00,2:05,1.0
2024-09_2025-08,Regiones,Caribe,"Vida cultural, aficiones o deporte",Total,1:43,1:41,1:46,1.3
2024-09_2025-08,Regiones,Caribe,"Vida cultural, aficiones o deporte",Hombre,1:53,1:50,1:56,1.5
2024-09_2025-08,Regiones,Caribe,"Vida cultural, aficiones o deporte",Mujer,1:29,1:25,1:32,2.0
2024-09_2025-08,Regiones,Caribe,Uso de medios de comunicación,Total,3:30,3:26,3:33,0.8
2024-09_2025-08,Regiones,Caribe,Uso de medios de comunicación,Hombre,3:34,3:30,3:38,1.0
2024-09_2025-08,Regiones,Caribe,Uso de medios de comunicación,Mujer,3:25,3:22,3:29,0.8999999999999999
2024-09_2025-08,Regiones,Caribe,Actividades de cuidado personal,Total,10:28,10:24,10:31,0.3
2024-09_2025-08,Regiones,Caribe,Actividades de cuidado personal,Hombre,10:21,10:17,10:25,0.3
2024-09_2025-08,Regiones,Caribe,Actividades de cuidado personal,Mujer,10:34,10:30,10:38,0.3
2024-09_2025-08,Regiones,Caribe,Vida religiosa,Total,0:59,0:56,1:01,2.3
2024-09_2025-08,Regiones,Caribe,Vida religiosa,Hombre,0:58,0:54,1:02,3.5000000000000004
2024-09_2025-08,Regiones,Caribe,Vida religiosa,Mujer,0:59,0:56,1:01,2.1999999999999997
2024-09_2025-08,Regiones,Caribe,Actividades conexas a las actividades personales,Total,1:05,1:00,1:10,3.9
2024-09_2025-08,Regiones,Caribe,Actividades conexas a las actividades personales,Hombre,1:04,0:58,1:10,4.8
2024-09_2025-08,Regiones,Caribe,Actividades conexas a las actividades personales,Mujer,1:07,1:01,1:13,4.5
2024-09_2025-08,Regiones,Central,Actividades personales,Total,16:44,16:37,16:52,
2024-09_2025-08,Regiones,Central,Actividades personales,Hombre,16:49,16:40,16:59,
2024-09_2025-08,Regiones,Central,Actividades personales,Mujer,16:39,16:31,16:48,
2024-09_2025-08,Regiones,Central,Educación y formación,Total,5:53,5:43,6:03,
2024-09_2025-08,Regiones,Central,Educación y formación,Hombre,5:53,5:40,6:06,
2024-09_2025-08,Regiones,Central,Educación y formación,Mujer,5:53,5:40,6:06,
2024-09_2025-08,Regiones,Central,Vida social,Total,2:02,1:59,2:05,1.4000000000000001
2024-09_2025-08,Regiones,Central,Vida social,Hombre,2:08,2:03,2:12,1.9
2024-09_2025-08,Regiones,Central,Vida social,Mujer,1:57,1:54,2:00,1.3
2024-09_2025-08,Regiones,Central,"Vida cultural, aficiones o deporte",Total,1:29,1:27,1:32,1.4000000000000001
2024-09_2025-08,Regiones,Central,"Vida cultural, aficiones o deporte",Hombre,1:38,1:35,1:42,1.9
2024-09_2025-08,Regiones,Central,"Vida cultural, aficiones o deporte",Mujer,1:20,1:17,1:22,1.5
2024-09_2025-08,Regiones,Central,Uso de medios de comunicación,Total,3:57,3:53,4:01,0.8999999999999999
2024-09_2025-08,Regiones,Central,Uso de medios de comunicación,Hombre,4:01,3:56,4:06,1.0999999999999999
2024-09_2025-08,Regiones,Central,Uso de medios de comunicación,Mujer,3:53,3:48,3:58,1.0999999999999999
2024-09_2025-08,Regiones,Central,Actividades de cuidado personal,Total,10:05,10:02,10:09,0.3
2024-09_2025-08,Regiones,Central,Actividades de cuidado personal,Hombre,9:57,9:53,10:01,0.3
2024-09_2025-08,Regiones,Central,Actividades de cuidado personal,Mujer,10:12,10:08,10:16,0.3
2024-09_2025-08,Regiones,Central,Vida religiosa,Total,0:49,0:47,0:51,1.7999999999999998
2024-09_2025-08,Regiones,Central,Vida religiosa,Hombre,0:46,0:44,0:49,2.6
2024-09_2025-08,Regiones,Central,Vida religiosa,Mujer,0:50,0:49,0:52,1.9
2024-09_2025-08,Regiones,Central,Actividades conexas a las actividades personales,Total,1:06,1:02,1:11,3.4000000000000004
2024-09_2025-08,Regiones,Central,Actividades conexas a las actividades personales,Hombre,1:01,0:56,1:06,4.3
2024-09_2025-08,Regiones,Central,Actividades conexas a las actividades personales,Mujer,1:11,1:05,1:17,4.2
2024-09_2025-08,Regiones,Oriental,Actividades personales,Total,17:19,17:05,17:34,
2024-09_2025-08,Regiones,Oriental,Actividades personales,Hombre,17:24,17:10,17:39,
2024-09_2025-08,Regiones,Oriental,Actividades personales,Mujer,17:14,16:56,17:33,
2024-09_2025-08,Regiones,Oriental,Educación y formación,Total,6:33,6:13,6:53,
2024-09_2025-08,Regiones,Oriental,Educación y formación,Hombre,6:28,6:08,6:48,
2024-09_2025-08,Regiones,Oriental,Educación y formación,Mujer,6:38,6:06,7:10,
2024-09_2025-08,Regiones,Oriental,Vida social,Total,2:27,2:18,2:35,2.9000000000000004
2024-09_2025-08,Regiones,Oriental,Vida social,Hombre,2:27,2:18,2:36,3.1
2024-09_2025-08,Regiones,Oriental,Vida social,Mujer,2:26,2:17,2:35,3.1
2024-09_2025-08,Regiones,Oriental,"Vida cultural, aficiones o deporte",Total,1:27,1:22,1:33,3.2
2024-09_2025-08,Regiones,Oriental,"Vida cultural, aficiones o deporte",Hombre,1:36,1:30,1:42,3.2
2024-09_2025-08,Regiones,Oriental,"Vida cultural, aficiones o deporte",Mujer,1:17,1:11,1:24,4.2
2024-09_2025-08,Regiones,Oriental,Uso de medios de comunicación,Total,3:59,3:52,4:06,1.5
2024-09_2025-08,Regiones,Oriental,Uso de medios de comunicación,Hombre,4:06,3:57,4:14,1.7999999999999998
2024-09_2025-08,Regiones,Oriental,Uso de medios de comunicación,Mujer,3:52,3:44,3:59,1.7000000000000002
2024-09_2025-08,Regiones,Oriental,Actividades de cuidado personal,Total,9:57,9:53,10:01,0.3
2024-09_2025-08,Regiones,Oriental,Actividades de cuidado personal,Hombre,9:52,9:47,9:57,0.4
2024-09_2025-08,Regiones,Oriental,Actividades de cuidado personal,Mujer,10:03,9:58,10:08,0.4
2024-09_2025-08,Regiones,Oriental,Vida religiosa,Total,0:45,0:41,0:48,4.5
2024-09_2025-08,Regiones,Oriental,Vida religiosa,Hombre,0:42,0:37,0:48,6.4
2024-09_2025-08,Regiones,Oriental,Vida religiosa,Mujer,0:46,0:42,0:50,4.0
2024-09_2025-08,Regiones,Oriental,Actividades conexas a las actividades personales,Total,1:22,1:14,1:31,5.3
2024-09_2025-08,Regiones,Oriental,Actividades conexas a las actividades personales,Hombre,1:17,1:10,1:25,4.7
2024-09_2025-08,Regiones,Oriental,Actividades conexas a las actividades personales,Mujer,1:27,1:12,1:41,8.6
2024-09_2025-08,Regiones,Pacífica,Actividades personales,Total,18:11,17:59,18:22,
2024-09_2025-08,Regiones,Pacífica,Actividades personales,Hombre,18:27,18:13,18:42,
2024-09_2025-08,Regiones,Pacífica,Actividades personales,Mujer,17:56,17:44,18:07,
2024-09_2025-08,Regiones,Pacífica,Educación y formación,Total,6:29,6:17,6:40,
2024-09_2025-08,Regiones,Pacífica,Educación y formación,Hombre,6:19,6:04,6:35,
2024-09_2025-08,Regiones,Pacífica,Educación y formación,Mujer,6:37,6:23,6:50,
2024-09_2025-08,Regiones,Pacífica,Vida social,Total,2:00,1:56,2:04,1.7000000000000002
2024-09_2025-08,Regiones,Pacífica,Vida social,Hombre,2:04,2:00,2:09,1.7000000000000002
2024-09_2025-08,Regiones,Pacífica,Vida social,Mujer,1:55,1:50,2:01,2.3
2024-09_2025-08,Regiones,Pacífica,"Vida cultural, aficiones o deporte",Total,1:54,1:50,1:59,2.0
2024-09_2025-08,Regiones,Pacífica,"Vida cultural, aficiones o deporte",Hombre,2:07,2:01,2:13,2.4
2024-09_2025-08,Regiones,Pacífica,"Vida cultural, aficiones o deporte",Mujer,1:40,1:35,1:46,2.8000000000000003
2024-09_2025-08,Regiones,Pacífica,Uso de medios de comunicación,Total,4:05,3:59,4:10,1.0999999999999999
2024-09_2025-08,Regiones,Pacífica,Uso de medios de comunicación,Hombre,4:16,4:09,4:24,1.5
2024-09_2025-08,Regiones,Pacífica,Uso de medios de comunicación,Mujer,3:55,3:49,4:00,1.2
2024-09_2025-08,Regiones,Pacífica,Actividades de cuidado personal,Total,11:02,10:56,11:08,0.5
2024-09_2025-08,Regiones,Pacífica,Actividades de cuidado personal,Hombre,11:00,10:51,11:09,0.7000000000000001
2024-09_2025-08,Regiones,Pacífica,Actividades de cuidado personal,Mujer,11:04,10:58,11:10,0.5
2024-09_2025-08,Regiones,Pacífica,Vida religiosa,Total,0:53,0:48,0:58,5.1
2024-09_2025-08,Regiones,Pacífica,Vida religiosa,Hombre,0:45,0:38,0:52,7.6
2024-09_2025-08,Regiones,Pacífica,Vida religiosa,Mujer,0:58,0:52,1:04,5.1
2024-09_2025-08,Regiones,Pacífica,Actividades conexas a las actividades personales,Total,1:34,1:22,1:46,6.3
2024-09_2025-08,Regiones,Pacífica,Actividades conexas a las actividades personales,Hombre,1:32,1:13,1:50,10.2
2024-09_2025-08,Regiones,Pacífica,Actividades conexas a las actividades personales,Mujer,1:36,1:21,1:50,7.8
2024-09_2025-08,Regiones,Bogotá,Actividades personales,Total,17:00,16:49,17:11,
2024-09_2025-08,Regiones,Bogotá,Actividades personales,Hombre,17:05,16:53,17:18,
2024-09_2025-08,Regiones,Bogotá,Actividades personales,Mujer,16:55,16:43,17:07,
2024-09_2025-08,Regiones,Bogotá,Educación y formación,Total,5:58,5:47,6:09,
2024-09_2025-08,Regiones,Bogotá,Educación y formación,Hombre,5:58,5:43,6:12,
2024-09_2025-08,Regiones,Bogotá,Educación y formación,Mujer,5:59,5:45,6:12,
2024-09_2025-08,Regiones,Bogotá,Vida social,Total,1:52,1:49,1:56,1.6
2024-09_2025-08,Regiones,Bogotá,Vida social,Hombre,1:55,1:51,1:59,1.7999999999999998
2024-09_2025-08,Regiones,Bogotá,Vida social,Mujer,1:50,1:46,1:54,1.7999999999999998
2024-09_2025-08,Regiones,Bogotá,"Vida cultural, aficiones o deporte",Total,1:40,1:36,1:44,2.0
2024-09_2025-08,Regiones,Bogotá,"Vida cultural, aficiones o deporte",Hombre,1:48,1:43,1:52,2.3
2024-09_2025-08,Regiones,Bogotá,"Vida cultural, aficiones o deporte",Mujer,1:32,1:28,1:36,2.1999999999999997
2024-09_2025-08,Regiones,Bogotá,Uso de medios de comunicación,Total,4:18,4:12,4:24,1.2
2024-09_2025-08,Regiones,Bogotá,Uso de medios de comunicación,Hombre,4:25,4:17,4:32,1.4000000000000001
2024-09_2025-08,Regiones,Bogotá,Uso de medios de comunicación,Mujer,4:12,4:06,4:18,1.2
2024-09_2025-08,Regiones,Bogotá,Actividades de cuidado personal,Total,9:49,9:45,9:53,0.3
2024-09_2025-08,Regiones,Bogotá,Actividades de cuidado personal,Hombre,9:43,9:39,9:48,0.4
2024-09_2025-08,Regiones,Bogotá,Actividades de cuidado personal,Mujer,9:54,9:49,9:58,0.4
2024-09_2025-08,Regiones,Bogotá,Vida religiosa,Total,0:47,0:45,0:50,2.7
2024-09_2025-08,Regiones,Bogotá,Vida religiosa,Hombre,0:43,0:40,0:46,3.8
2024-09_2025-08,Regiones,Bogotá,Vida religiosa,Mujer,0:50,0:47,0:52,2.6
2024-09_2025-08,Regiones,Bogotá,Actividades conexas a las actividades personales,Total,1:38,1:32,1:44,3.2
2024-09_2025-08,Regiones,Bogotá,Actividades conexas a las actividades personales,Hombre,1:41,1:33,1:50,4.3999999999999995
2024-09_2025-08,Regiones,Bogotá,Actividades conexas a las actividades personales,Mujer,1:35,1:28,1:42,3.9
2024-09_2025-08,Regiones,San Andrés,Actividades personales,Total,15:19,14:54,15:45,
2024-09_2025-08,Regiones,San Andrés,Actividades personales,Hombre,15:21,14:52,15:50,
2024-09_2025-08,Regiones,San Andrés,Actividades personales,Mujer,15:17,14:51,15:44,
2024-09_2025-08,Regiones,San Andrés,Educación y formación,Total,6:24,6:01,6:46,
2024-09_2025-08,Regiones,San Andrés,Educación y formación,Hombre,6:19,5:51,6:48,
2024-09_2025-08,Regiones,San Andrés,Educación y formación,Mujer,6:29,6:03,6:54,
2024-09_2025-08,Regiones,San Andrés,Vida social,Total,1:09,1:05,1:12,2.6
2024-09_2025-08,Regiones,San Andrés,Vida social,Hombre,1:10,1:06,1:14,3.0
2024-09_2025-08,Regiones,San Andrés,Vida social,Mujer,1:07,1:03,1:11,3.1
2024-09_2025-08,Regiones,San Andrés,"Vida cultural, aficiones o deporte",Total,1:27,1:23,1:31,2.3
2024-09_2025-08,Regiones,San Andrés,"Vida cultural, aficiones o deporte",Hombre,1:28,1:24,1:32,2.4
2024-09_2025-08,Regiones,San Andrés,"Vida cultural, aficiones o deporte",Mujer,1:25,1:20,1:31,3.2
2024-09_2025-08,Regiones,San Andrés,Uso de medios de comunicación,Total,3:11,3:03,3:19,2.1
2024-09_2025-08,Regiones,San Andrés,Uso de medios de comunicación,Hombre,3:13,3:03,3:23,2.6
2024-09_2025-08,Regiones,San Andrés,Uso de medios de comunicación,Mujer,3:09,3:01,3:18,2.1999999999999997
2024-09_2025-08,Regiones,San Andrés,Actividades de cuidado personal,Total,10:15,9:56,10:34,1.6
2024-09_2025-08,Regiones,San Andrés,Actividades de cuidado personal,Hombre,10:12,9:52,10:33,1.7000000000000002
2024-09_2025-08,Regiones,San Andrés,Actividades de cuidado personal,Mujer,10:18,9:59,10:37,1.6
2024-09_2025-08,Regiones,San Andrés,Vida religiosa,Total,0:25,0:21,0:28,7.3
2024-09_2025-08,Regiones,San Andrés,Vida religiosa,Hombre,0:20,0:15,0:24,11.5
2024-09_2025-08,Regiones,San Andrés,Vida religiosa,Mujer,0:28,0:24,0:32,7.1
2024-09_2025-08,Regiones,San Andrés,Actividades conexas a las actividades personales,Total,0:40,0:31,0:48,10.9
2024-09_2025-08,Regiones,San Andrés,Actividades conexas a las actividades personales,Hombre,0:35,0:27,0:42,10.8
2024-09_2025-08,Regiones,San Andrés,Actividades conexas a las actividades personales,Mujer,0:45,0:31,0:58,15.6
2024-09_2025-08,Grupos de edad,De 10 a 17 años,Actividades personales,Total,21:53,21:44,22:03,
2024-09_2025-08,Grupos de edad,De 10 a 17 años,Actividades personales,Hombre,21:53,21:42,22:04,
2024-09_2025-08,Grupos de edad,De 10 a 17 años,Actividades personales,Mujer,21:54,21:40,22:07,
2024-09_2025-08,Grupos de edad,De 10 a 17 años,Educación y formación,Total,6:28,6:20,6:35,
2024-09_2025-08,Grupos de edad,De 10 a 17 años,Educación y formación,Hombre,6:25,6:17,6:33,
2024-09_2025-08,Grupos de edad,De 10 a 17 años,Educación y formación,Mujer,6:30,6:20,6:41,
2024-09_2025-08,Grupos de edad,De 10 a 17 años,Vida social,Total,2:06,2:02,2:10,1.7000000000000002
2024-09_2025-08,Grupos de edad,De 10 a 17 años,Vida social,Hombre,2:09,2:04,2:14,1.9
2024-09_2025-08,Grupos de edad,De 10 a 17 años,Vida social,Mujer,2:03,1:58,2:08,2.1
2024-09_2025-08,Grupos de edad,De 10 a 17 años,"Vida cultural, aficiones o deporte",Total,2:10,2:06,2:14,1.5
2024-09_2025-08,Grupos de edad,De 10 a 17 años,"Vida cultural, aficiones o deporte",Hombre,2:17,2:13,2:22,1.6
2024-09_2025-08,Grupos de edad,De 10 a 17 años,"Vida cultural, aficiones o deporte",Mujer,1:56,1:50,2:03,2.9000000000000004
2024-09_2025-08,Grupos de edad,De 10 a 17 años,Uso de medios de comunicación,Total,4:11,4:06,4:15,0.8999999999999999
2024-09_2025-08,Grupos de edad,De 10 a 17 años,Uso de medios de comunicación,Hombre,4:14,4:09,4:20,1.0999999999999999
2024-09_2025-08,Grupos de edad,De 10 a 17 años,Uso de medios de comunicación,Mujer,4:07,4:01,4:12,1.2
2024-09_2025-08,Grupos de edad,De 10 a 17 años,Actividades de cuidado personal,Total,11:03,10:59,11:07,0.3
2024-09_2025-08,Grupos de edad,De 10 a 17 años,Actividades de cuidado personal,Hombre,10:59,10:55,11:04,0.4
2024-09_2025-08,Grupos de edad,De 10 a 17 años,Actividades de cuidado personal,Mujer,11:07,11:02,11:13,0.4
2024-09_2025-08,Grupos de edad,De 10 a 17 años,Vida religiosa,Total,1:00,0:52,1:08,6.800000000000001
2024-09_2025-08,Grupos de edad,De 10 a 17 años,Vida religiosa,Hombre,0:56,0:47,1:06,8.9
2024-09_2025-08,Grupos de edad,De 10 a 17 años,Vida religiosa,Mujer,1:03,0:53,1:14,8.7
2024-09_2025-08,Grupos de edad,De 10 a 17 años,Actividades conexas a las actividades personales,Total,0:57,0:54,0:59,2.5
2024-09_2025-08,Grupos de edad,De 10 a 17 años,Actividades conexas a las actividades personales,Hombre,0:56,0:53,0:59,2.8000000000000003
2024-09_2025-08,Grupos de edad,De 10 a 17 años,Actividades conexas a las actividades personales,Mujer,0:57,0:53,1:02,3.8
2024-09_2025-08,Grupos de edad,De 18 a 29 años,Actividades personales,Total,17:28,17:19,17:37,
2024-09_2025-08,Grupos de edad,De 18 a 29 años,Actividades personales,Hombre,17:40,17:29,17:50,
2024-09_2025-08,Grupos de edad,De 18 a 29 años,Actividades personales,Mujer,17:17,17:05,17:29,
2024-09_2025-08,Grupos de edad,De 18 a 29 años,Educación y formación,Total,5:52,5:43,6:01,
2024-09_2025-08,Grupos de edad,De 18 a 29 años,Educación y formación,Hombre,5:50,5:38,6:03,
2024-09_2025-08,Grupos de edad,De 18 a 29 años,Educación y formación,Mujer,5:54,5:40,6:08,
2024-09_2025-08,Grupos de edad,De 18 a 29 años,Vida social,Total,2:09,2:05,2:12,1.3
2024-09_2025-08,Grupos de edad,De 18 a 29 años,Vida social,Hombre,2:14,2:10,2:18,1.4000000000000001
2024-09_2025-08,Grupos de edad,De 18 a 29 años,Vida social,Mujer,2:03,1:59,2:08,2.0
2024-09_2025-08,Grupos de edad,De 18 a 29 años,"Vida cultural, aficiones o deporte",Total,1:47,1:44,1:50,1.5
2024-09_2025-08,Grupos de edad,De 18 a 29 años,"Vida cultural, aficiones o deporte",Hombre,1:54,1:50,1:57,1.6
2024-09_2025-08,Grupos de edad,De 18 a 29 años,"Vida cultural, aficiones o deporte",Mujer,1:39,1:34,1:44,2.6
2024-09_2025-08,Grupos de edad,De 18 a 29 años,Uso de medios de comunicación,Total,4:05,4:01,4:10,0.8
2024-09_2025-08,Grupos de edad,De 18 a 29 años,Uso de medios de comunicación,Hombre,4:14,4:08,4:19,1.0999999999999999
2024-09_2025-08,Grupos de edad,De 18 a 29 años,Uso de medios de comunicación,Mujer,3:58,3:53,4:03,1.0999999999999999
2024-09_2025-08,Grupos de edad,De 18 a 29 años,Actividades de cuidado personal,Total,10:12,10:09,10:15,0.3
2024-09_2025-08,Grupos de edad,De 18 a 29 años,Actividades de cuidado personal,Hombre,10:04,10:00,10:08,0.4
2024-09_2025-08,Grupos de edad,De 18 a 29 años,Actividades de cuidado personal,Mujer,10:19,10:15,10:22,0.3
2024-09_2025-08,Grupos de edad,De 18 a 29 años,Vida religiosa,Total,0:42,0:38,0:45,3.8
2024-09_2025-08,Grupos de edad,De 18 a 29 años,Vida religiosa,Hombre,0:43,0:36,0:49,7.9
2024-09_2025-08,Grupos de edad,De 18 a 29 años,Vida religiosa,Mujer,0:41,0:38,0:44,3.5000000000000004
2024-09_2025-08,Grupos de edad,De 18 a 29 años,Actividades conexas a las actividades personales,Total,1:47,1:41,1:53,2.9000000000000004
2024-09_2025-08,Grupos de edad,De 18 a 29 años,Actividades conexas a las actividades personales,Hombre,1:41,1:35,1:48,3.4000000000000004
2024-09_2025-08,Grupos de edad,De 18 a 29 años,Actividades conexas a las actividades personales,Mujer,1:52,1:43,2:00,3.9
2024-09_2025-08,Grupos de edad,De 30 a 39 años,Actividades personales,Total,15:36,15:29,15:43,
2024-09_2025-08,Grupos de edad,De 30 a 39 años,Actividades personales,Hombre,15:46,15:35,15:56,
2024-09_2025-08,Grupos de edad,De 30 a 39 años,Actividades personales,Mujer,15:27,15:19,15:35,
2024-09_2025-08,Grupos de edad,De 30 a 39 años,Educación y formación,Total,4:03,3:45,4:20,
2024-09_2025-08,Grupos de edad,De 30 a 39 años,Educación y formación,Hombre,3:57,3:35,4:20,
2024-09_2025-08,Grupos de edad,De 30 a 39 años,Educación y formación,Mujer,4:08,3:42,4:33,
2024-09_2025-08,Grupos de edad,De 30 a 39 años,Vida social,Total,2:05,2:02,2:09,1.5
2024-09_2025-08,Grupos de edad,De 30 a 39 años,Vida social,Hombre,2:13,2:07,2:18,2.0
2024-09_2025-08,Grupos de edad,De 30 a 39 años,Vida social,Mujer,1:58,1:54,2:02,1.7000000000000002
2024-09_2025-08,Grupos de edad,De 30 a 39 años,"Vida cultural, aficiones o deporte",Total,1:34,1:31,1:37,1.6
2024-09_2025-08,Grupos de edad,De 30 a 39 años,"Vida cultural, aficiones o deporte",Hombre,1:41,1:37,1:46,2.1
2024-09_2025-08,Grupos de edad,De 30 a 39 años,"Vida cultural, aficiones o deporte",Mujer,1:25,1:21,1:29,2.3
2024-09_2025-08,Grupos de edad,De 30 a 39 años,Uso de medios de comunicación,Total,3:49,3:45,3:53,0.8999999999999999
2024-09_2025-08,Grupos de edad,De 30 a 39 años,Uso de medios de comunicación,Hombre,3:57,3:51,4:02,1.2
2024-09_2025-08,Grupos de edad,De 30 a 39 años,Uso de medios de comunicación,Mujer,3:42,3:37,3:47,1.2
2024-09_2025-08,Grupos de edad,De 30 a 39 años,Actividades de cuidado personal,Total,9:48,9:45,9:51,0.3
2024-09_2025-08,Grupos de edad,De 30 a 39 años,Actividades de cuidado personal,Hombre,9:42,9:38,9:46,0.4
2024-09_2025-08,Grupos de edad,De 30 a 39 años,Actividades de cuidado personal,Mujer,9:53,9:49,9:57,0.3
2024-09_2025-08,Grupos de edad,De 30 a 39 años,Vida religiosa,Total,0:44,0:41,0:47,3.5999999999999996
2024-09_2025-08,Grupos de edad,De 30 a 39 años,Vida religiosa,Hombre,0:41,0:37,0:45,5.0
2024-09_2025-08,Grupos de edad,De 30 a 39 años,Vida religiosa,Mujer,0:46,0:42,0:50,4.1000000000000005
2024-09_2025-08,Grupos de edad,De 30 a 39 años,Actividades conexas a las actividades personales,Total,1:51,1:37,2:06,6.7
2024-09_2025-08,Grupos de edad,De 30 a 39 años,Actividades conexas a las actividades personales,Hombre,1:49,1:27,2:11,10.4
2024-09_2025-08,Grupos de edad,De 30 a 39 años,Actividades conexas a las actividades personales,Mujer,1:53,1:34,2:13,8.7
2024-09_2025-08,Grupos de edad,De 40 a 49 años,Actividades personales,Total,15:35,15:27,15:43,
2024-09_2025-08,Grupos de edad,De 40 a 49 años,Actividades personales,Hombre,15:33,15:22,15:44,
2024-09_2025-08,Grupos de edad,De 40 a 49 años,Actividades personales,Mujer,15:37,15:27,15:46,
2024-09_2025-08,Grupos de edad,De 40 a 49 años,Educación y formación,Total,3:44,3:21,4:06,
2024-09_2025-08,Grupos de edad,De 40 a 49 años,Educación y formación,Hombre,3:22,2:59,3:45,
2024-09_2025-08,Grupos de edad,De 40 a 49 años,Educación y formación,Mujer,4:02,3:27,4:37,
2024-09_2025-08,Grupos de edad,De 40 a 49 años,Vida social,Total,2:05,2:01,2:09,1.5
2024-09_2025-08,Grupos de edad,De 40 a 49 años,Vida social,Hombre,2:06,2:01,2:11,2.0
2024-09_2025-08,Grupos de edad,De 40 a 49 años,Vida social,Mujer,2:04,2:00,2:08,1.7000000000000002
2024-09_2025-08,Grupos de edad,De 40 a 49 años,"Vida cultural, aficiones o deporte",Total,1:29,1:26,1:33,2.0
2024-09_2025-08,Grupos de edad,De 40 a 49 años,"Vida cultural, aficiones o deporte",Hombre,1:38,1:33,1:43,2.7
2024-09_2025-08,Grupos de edad,De 40 a 49 años,"Vida cultural, aficiones o deporte",Mujer,1:21,1:17,1:25,2.5
2024-09_2025-08,Grupos de edad,De 40 a 49 años,Uso de medios de comunicación,Total,3:48,3:42,3:53,1.2
2024-09_2025-08,Grupos de edad,De 40 a 49 años,Uso de medios de comunicación,Hombre,3:56,3:48,4:04,1.7000000000000002
2024-09_2025-08,Grupos de edad,De 40 a 49 años,Uso de medios de comunicación,Mujer,3:40,3:35,3:46,1.3
2024-09_2025-08,Grupos de edad,De 40 a 49 años,Actividades de cuidado personal,Total,9:47,9:44,9:51,0.3
2024-09_2025-08,Grupos de edad,De 40 a 49 años,Actividades de cuidado personal,Hombre,9:38,9:33,9:44,0.5
2024-09_2025-08,Grupos de edad,De 40 a 49 años,Actividades de cuidado personal,Mujer,9:56,9:52,10:00,0.4
2024-09_2025-08,Grupos de edad,De 40 a 49 años,Vida religiosa,Total,0:47,0:45,0:50,2.9000000000000004
2024-09_2025-08,Grupos de edad,De 40 a 49 años,Vida religiosa,Hombre,0:43,0:39,0:47,4.5
2024-09_2025-08,Grupos de edad,De 40 a 49 años,Vida religiosa,Mujer,0:50,0:47,0:53,2.7
2024-09_2025-08,Grupos de edad,De 40 a 49 años,Actividades conexas a las actividades personales,Total,2:02,1:33,2:32,12.3
2024-09_2025-08,Grupos de edad,De 40 a 49 años,Actividades conexas a las actividades personales,Hombre,1:42,1:22,2:03,10.2
2024-09_2025-08,Grupos de edad,De 40 a 49 años,Actividades conexas a las actividades personales,Mujer,2:14,1:30,2:57,16.7
2024-09_2025-08,Grupos de edad,De 50 a 59 años,Actividades personales,Total,15:39,15:31,15:48,
2024-09_2025-08,Grupos de edad,De 50 a 59 años,Actividades personales,Hombre,15:34,15:22,15:46,
2024-09_2025-08,Grupos de edad,De 50 a 59 años,Actividades personales,Mujer,15:44,15:35,15:53,
2024-09_2025-08,Grupos de edad,De 50 a 59 años,Educación y formación,Total,3:21,2:52,3:49,
2024-09_2025-08,Grupos de edad,De 50 a 59 años,Educación y formación,Hombre,3:13,2:39,3:48,
2024-09_2025-08,Grupos de edad,De 50 a 59 años,Educación y formación,Mujer,3:27,2:43,4:11,
2024-09_2025-08,Grupos de edad,De 50 a 59 años,Vida social,Total,2:06,2:01,2:11,2.1999999999999997
2024-09_2025-08,Grupos de edad,De 50 a 59 años,Vida social,Hombre,2:09,2:01,2:17,3.3000000000000003
2024-09_2025-08,Grupos de edad,De 50 a 59 años,Vida social,Mujer,2:03,1:58,2:09,2.1999999999999997
2024-09_2025-08,Grupos de edad,De 50 a 59 años,"Vida cultural, aficiones o deporte",Total,1:16,1:13,1:19,1.7999999999999998
2024-09_2025-08,Grupos de edad,De 50 a 59 años,"Vida cultural, aficiones o deporte",Hombre,1:22,1:18,1:26,2.6
2024-09_2025-08,Grupos de edad,De 50 a 59 años,"Vida cultural, aficiones o deporte",Mujer,1:11,1:08,1:14,2.3
2024-09_2025-08,Grupos de edad,De 50 a 59 años,Uso de medios de comunicación,Total,3:44,3:39,3:48,1.0
2024-09_2025-08,Grupos de edad,De 50 a 59 años,Uso de medios de comunicación,Hombre,3:46,3:39,3:53,1.6
2024-09_2025-08,Grupos de edad,De 50 a 59 años,Uso de medios de comunicación,Mujer,3:42,3:37,3:47,1.2
2024-09_2025-08,Grupos de edad,De 50 a 59 años,Actividades de cuidado personal,Total,9:54,9:50,9:58,0.4
2024-09_2025-08,Grupos de edad,De 50 a 59 años,Actividades de cuidado personal,Hombre,9:49,9:42,9:56,0.6
2024-09_2025-08,Grupos de edad,De 50 a 59 años,Actividades de cuidado personal,Mujer,9:58,9:54,10:03,0.4
2024-09_2025-08,Grupos de edad,De 50 a 59 años,Vida religiosa,Total,0:51,0:48,0:54,2.7
2024-09_2025-08,Grupos de edad,De 50 a 59 años,Vida religiosa,Hombre,0:48,0:43,0:53,5.1
2024-09_2025-08,Grupos de edad,De 50 a 59 años,Vida religiosa,Mujer,0:53,0:50,0:55,2.7
2024-09_2025-08,Grupos de edad,De 50 a 59 años,Actividades conexas a las actividades personales,Total,2:02,1:32,2:33,12.8
2024-09_2025-08,Grupos de edad,De 50 a 59 años,Actividades conexas a las actividades personales,Hombre,2:40,1:24,3:55,24.2
2024-09_2025-08,Grupos de edad,De 50 a 59 años,Actividades conexas a las actividades personales,Mujer,1:41,1:27,1:54,6.800000000000001
2024-09_2025-08,Grupos de edad,De 60 a 75 años,Actividades personales,Total,16:32,16:25,16:38,
2024-09_2025-08,Grupos de edad,De 60 a 75 años,Actividades personales,Hombre,16:32,16:23,16:41,
2024-09_2025-08,Grupos de edad,De 60 a 75 años,Actividades personales,Mujer,16:31,16:24,16:39,
2024-09_2025-08,Grupos de edad,De 60 a 75 años,Educación y formación,Total,2:30,2:01,2:59,
2024-09_2025-08,Grupos de edad,De 60 a 75 años,Educación y formación,Hombre,2:04,1:26,2:42,
2024-09_2025-08,Grupos de edad,De 60 a 75 años,Educación y formación,Mujer,2:42,2:06,3:18,
2024-09_2025-08,Grupos de edad,De 60 a 75 años,Vida social,Total,2:04,2:02,2:07,1.0
2024-09_2025-08,Grupos de edad,De 60 a 75 años,Vida social,Hombre,2:06,2:03,2:10,1.4000000000000001
2024-09_2025-08,Grupos de edad,De 60 a 75 años,Vida social,Mujer,2:02,1:59,2:06,1.3
2024-09_2025-08,Grupos de edad,De 60 a 75 años,"Vida cultural, aficiones o deporte",Total,1:19,1:16,1:23,2.3
2024-09_2025-08,Grupos de edad,De 60 a 75 años,"Vida cultural, aficiones o deporte",Hombre,1:29,1:23,1:35,3.5999999999999996
2024-09_2025-08,Grupos de edad,De 60 a 75 años,"Vida cultural, aficiones o deporte",Mujer,1:10,1:08,1:13,1.9
2024-09_2025-08,Grupos de edad,De 60 a 75 años,Uso de medios de comunicación,Total,3:51,3:48,3:55,0.8
2024-09_2025-08,Grupos de edad,De 60 a 75 años,Uso de medios de comunicación,Hombre,3:56,3:50,4:02,1.3
2024-09_2025-08,Grupos de edad,De 60 a 75 años,Uso de medios de comunicación,Mujer,3:48,3:44,3:51,0.8999999999999999
2024-09_2025-08,Grupos de edad,De 60 a 75 años,Actividades de cuidado personal,Total,10:24,10:20,10:28,0.3
2024-09_2025-08,Grupos de edad,De 60 a 75 años,Actividades de cuidado personal,Hombre,10:20,10:15,10:26,0.4
2024-09_2025-08,Grupos de edad,De 60 a 75 años,Actividades de cuidado personal,Mujer,10:27,10:23,10:31,0.3
2024-09_2025-08,Grupos de edad,De 60 a 75 años,Vida religiosa,Total,0:54,0:52,0:56,1.9
2024-09_2025-08,Grupos de edad,De 60 a 75 años,Vida religiosa,Hombre,0:48,0:45,0:52,3.4000000000000004
2024-09_2025-08,Grupos de edad,De 60 a 75 años,Vida religiosa,Mujer,0:57,0:55,0:59,2.0
2024-09_2025-08,Grupos de edad,De 60 a 75 años,Actividades conexas a las actividades personales,Total,1:52,1:41,2:03,5.1
2024-09_2025-08,Grupos de edad,De 60 a 75 años,Actividades conexas a las actividades personales,Hombre,2:10,1:49,2:32,8.5
2024-09_2025-08,Grupos de edad,De 60 a 75 años,Actividades conexas a las actividades personales,Mujer,1:39,1:29,1:50,5.5
2024-09_2025-08,Grupos de edad,De 76 años y más,Actividades personales,Total,18:33,18:22,18:44,
2024-09_2025-08,Grupos de edad,De 76 años y más,Actividades personales,Hombre,18:39,18:21,18:56,
2024-09_2025-08,Grupos de edad,De 76 años y más,Actividades personales,Mujer,18:29,18:16,18:42,
2024-09_2025-08,Grupos de edad,De 76 años y más,Educación y formación,Total,2:51,1:30,4:12,
2024-09_2025-08,Grupos de edad,De 76 años y más,Educación y formación,Hombre,1:54,0:54,2:55,
2024-09_2025-08,Grupos de edad,De 76 años y más,Educación y formación,Mujer,3:33,1:34,5:32,
2024-09_2025-08,Grupos de edad,De 76 años y más,Vida social,Total,2:11,2:06,2:16,1.9
2024-09_2025-08,Grupos de edad,De 76 años y más,Vida social,Hombre,2:15,2:10,2:20,2.0
2024-09_2025-08,Grupos de edad,De 76 años y más,Vida social,Mujer,2:08,2:01,2:14,2.8000000000000003
2024-09_2025-08,Grupos de edad,De 76 años y más,"Vida cultural, aficiones o deporte",Total,1:15,1:10,1:19,3.0
2024-09_2025-08,Grupos de edad,De 76 años y más,"Vida cultural, aficiones o deporte",Hombre,1:17,1:11,1:24,4.3
2024-09_2025-08,Grupos de edad,De 76 años y más,"Vida cultural, aficiones o deporte",Mujer,1:12,1:07,1:17,3.6999999999999997
2024-09_2025-08,Grupos de edad,De 76 años y más,Uso de medios de comunicación,Total,4:11,4:05,4:17,1.2
2024-09_2025-08,Grupos de edad,De 76 años y más,Uso de medios de comunicación,Hombre,4:22,4:14,4:31,1.6
2024-09_2025-08,Grupos de edad,De 76 años y más,Uso de medios de comunicación,Mujer,4:03,3:56,4:09,1.4000000000000001
2024-09_2025-08,Grupos de edad,De 76 años y más,Actividades de cuidado personal,Total,12:08,12:00,12:17,0.6
2024-09_2025-08,Grupos de edad,De 76 años y más,Actividades de cuidado personal,Hombre,12:05,11:53,12:17,0.8999999999999999
2024-09_2025-08,Grupos de edad,De 76 años y más,Actividades de cuidado personal,Mujer,12:11,12:00,12:22,0.8
2024-09_2025-08,Grupos de edad,De 76 años y más,Vida religiosa,Total,0:56,0:53,0:59,2.8000000000000003
2024-09_2025-08,Grupos de edad,De 76 años y más,Vida religiosa,Hombre,0:49,0:45,0:54,4.7
2024-09_2025-08,Grupos de edad,De 76 años y más,Vida religiosa,Mujer,0:59,0:56,1:02,3.0
2024-09_2025-08,Grupos de edad,De 76 años y más,Actividades conexas a las actividades personales,Total,1:40,1:28,1:51,6.0
2024-09_2025-08,Grupos de edad,De 76 años y más,Actividades conexas a las actividades personales,Hombre,1:33,1:14,1:51,10.299999999999999
2024-09_2025-08,Grupos de edad,De 76 años y más,Actividades conexas a las actividades personales,Mujer,1:45,1:30,2:00,7.3999999999999995
2020-09_2021-08,Total nacional,Total nacional,Actividades personales,Total,16:27,16:23,16:31,0.2
2020-09_2021-08,Total nacional,Total nacional,Actividades personales,Hombre,16:35,16:30,16:39,0.2
2020-09_2021-08,Total nacional,Total nacional,Actividades personales,Mujer,16:19,16:15,16:24,0.2
2020-09_2021-08,Total nacional,Total nacional,Educación y formación,Total,4:55:00,4:50:00,4:59:00,0.80108421
2020-09_2021-08,Total nacional,Total nacional,Educación y formación,Hombre,4:52:00,4:46:00,4:58:00,1.0155765
2020-09_2021-08,Total nacional,Total nacional,Educación y formación,Mujer,4:58:00,4:52:00,5:03:00,0.96593218
2020-09_2021-08,Total nacional,Total nacional,Vida social,Total,1:58,1:56,1:59,0.6
2020-09_2021-08,Total nacional,Total nacional,Vida social,Hombre,2:01,1:59,2:03,0.8
2020-09_2021-08,Total nacional,Total nacional,Vida social,Mujer,1:54,1:53,1:56,0.7
2020-09_2021-08,Total nacional,Total nacional,"Vida cultural, aficiones o deporte",Total,1:30,1:29,1:32,0.7
2020-09_2021-08,Total nacional,Total nacional,"Vida cultural, aficiones o deporte",Hombre,1:40,1:38,1:41,0.8
2020-09_2021-08,Total nacional,Total nacional,"Vida cultural, aficiones o deporte",Mujer,1:19,1:18,1:21,0.9
2020-09_2021-08,Total nacional,Total nacional,Uso de medios de comunicación,Total,4:01:00,3:59:00,4:03:00,0.45365207
2020-09_2021-08,Total nacional,Total nacional,Uso de medios de comunicación,Hombre,4:07:00,4:04:00,4:09:00,0.50287248
2020-09_2021-08,Total nacional,Total nacional,Uso de medios de comunicación,Mujer,3:56:00,3:53:00,3:58:00,0.49929161
2020-09_2021-08,Total nacional,Total nacional,Actividades de cuidado personal,Total,10:19:00,10:17:00,10:21:00,0.19069584
2020-09_2021-08,Total nacional,Total nacional,Actividades de cuidado personal,Hombre,10:14:00,10:11:00,10:17:00,0.21658603699583165
2020-09_2021-08,Total nacional,Total nacional,Actividades de cuidado personal,Mujer,10:24:00,10:21:00,10:26:00,0.19980422962013175
2020-09_2021-08,Total nacional,Total nacional,Vida religiosa,Total,0:40:00,0:39:00,0:41:00,1.0310599
2020-09_2021-08,Total nacional,Total nacional,Vida religiosa,Hombre,0:35:00,0:34:00,0:36:00,1.5363308
2020-09_2021-08,Total nacional,Total nacional,Vida religiosa,Mujer,0:42:00,0:42:00,0:43:00,1.0182324
2020-09_2021-08,Total nacional,Total nacional,Actividades conexas a las actividades personales,Total,1:25,1:19,1:31,3.6
2020-09_2021-08,Total nacional,Total nacional,Actividades conexas a las actividades personales,Hombre,1:23,1:14,1:33,5.8
2020-09_2021-08,Total nacional,Total nacional,Actividades conexas a las actividades personales,Mujer,1:26,1:19,1:32,3.8
2020-09_2021-08,Dominio geográfico,Cabeceras municipales,Actividades personales,Total,16:40,16:35,16:44,0.2
2020-09_2021-08,Dominio geográfico,Cabeceras municipales,Actividades personales,Hombre,16:50,16:44,16:56,0.3
2020-09_2021-08,Dominio geográfico,Cabeceras municipales,Actividades personales,Mujer,16:30,16:25,16:35,0.3
2020-09_2021-08,Dominio geográfico,Cabeceras municipales,Educación y formación,Total,5:00:00,4:55:00,5:05:00,0.84736495
2020-09_2021-08,Dominio geográfico,Cabeceras municipales,Educación y formación,Hombre,4:56:00,4:49:00,5:02:00,1.0812464
2020-09_2021-08,Dominio geográfico,Cabeceras municipales,Educación y formación,Mujer,5:04:00,4:58:00,5:10:00,1.0650628
2020-09_2021-08,Dominio geográfico,Cabeceras municipales,Vida social,Total,1:57,1:56,1:59,0.7
2020-09_2021-08,Dominio geográfico,Cabeceras municipales,Vida social,Hombre,2:00,1:58,2:02,0.9
2020-09_2021-08,Dominio geográfico,Cabeceras municipales,Vida social,Mujer,1:55,1:53,1:56,0.8
2020-09_2021-08,Dominio geográfico,Cabeceras municipales,"Vida cultural, aficiones o deporte",Total,1:29,1:28,1:31,0.8
2020-09_2021-08,Dominio geográfico,Cabeceras municipales,"Vida cultural, aficiones o deporte",Hombre,1:38,1:36,1:40,0.9
2020-09_2021-08,Dominio geográfico,Cabeceras municipales,"Vida cultural, aficiones o deporte",Mujer,1:19,1:17,1:21,1.0
2020-09_2021-08,Dominio geográfico,Cabeceras municipales,Uso de medios de comunicación,Total,4:12:00,4:10:00,4:15:00,0.48223034
2020-09_2021-08,Dominio geográfico,Cabeceras municipales,Uso de medios de comunicación,Hombre,4:21:00,4:18:00,4:23:00,0.53607183
2020-09_2021-08,Dominio geográfico,Cabeceras municipales,Uso de medios de comunicación,Mujer,4:05:00,4:02:00,4:07:00,0.53240166
2020-09_2021-08,Dominio geográfico,Cabeceras municipales,Actividades de cuidado personal,Total,10:15:00,10:12:00,10:17:00,0.20538705
2020-09_2021-08,Dominio geográfico,Cabeceras municipales,Actividades de cuidado personal,Hombre,10:10:00,10:07:00,10:12:00,0.235786796687418
2020-09_2021-08,Dominio geográfico,Cabeceras municipales,Actividades de cuidado personal,Mujer,10:19:00,10:17:00,10:22:00,0.21770315416553684
2020-09_2021-08,Dominio geográfico,Cabeceras municipales,Vida religiosa,Total,0:38:00,0:38:00,0:39:00,1.0551212
2020-09_2021-08,Dominio geográfico,Cabeceras municipales,Vida religiosa,Hombre,0:33:00,0:32:00,0:34:00,1.5672696
2020-09_2021-08,Dominio geográfico,Cabeceras municipales,Vida religiosa,Mujer,0:41:00,0:40:00,0:42:00,1.0629443
2020-09_2021-08,Dominio geográfico,Cabeceras municipales,Actividades conexas a las actividades personales,Total,1:27,1:20,1:34,4.0
2020-09_2021-08,Dominio geográfico,Cabeceras municipales,Actividades conexas a las actividades personales,Hombre,1:27,1:15,1:38,6.6
2020-09_2021-08,Dominio geográfico,Cabeceras municipales,Actividades conexas a las actividades personales,Mujer,1:27,1:20,1:34,4.1
2020-09_2021-08,Dominio geográfico,Centros poblados y rural disperso,Actividades personales,Total,15:42,15:31,15:53,0.6
2020-09_2021-08,Dominio geográfico,Centros poblados y rural disperso,Actividades personales,Hombre,15:45,15:33,15:58,0.7
2020-09_2021-08,Dominio geográfico,Centros poblados y rural disperso,Actividades personales,Mujer,15:39,15:27,15:50,0.6
2020-09_2021-08,Dominio geográfico,Centros poblados y rural disperso,Educación y formación,Total,4:37:00,4:26:00,4:49:00,2.1249584
2020-09_2021-08,Dominio geográfico,Centros poblados y rural disperso,Educación y formación,Hombre,4:39:00,4:25:00,4:54:00,2.627876
2020-09_2021-08,Dominio geográfico,Centros poblados y rural disperso,Educación y formación,Mujer,4:35:00,4:23:00,4:47:00,2.2338348
2020-09_2021-08,Dominio geográfico,Centros poblados y rural disperso,Vida social,Total,1:58,1:54,2:01,1.6
2020-09_2021-08,Dominio geográfico,Centros poblados y rural disperso,Vida social,Hombre,2:03,1:58,2:07,1.8
2020-09_2021-08,Dominio geográfico,Centros poblados y rural disperso,Vida social,Mujer,1:52,1:49,1:56,1.6
2020-09_2021-08,Dominio geográfico,Centros poblados y rural disperso,"Vida cultural, aficiones o deporte",Total,1:37,1:33,1:40,1.8
2020-09_2021-08,Dominio geográfico,Centros poblados y rural disperso,"Vida cultural, aficiones o deporte",Hombre,1:47,1:42,1:51,2.1
2020-09_2021-08,Dominio geográfico,Centros poblados y rural disperso,"Vida cultural, aficiones o deporte",Mujer,1:21,1:17,1:24,2.4
2020-09_2021-08,Dominio geográfico,Centros poblados y rural disperso,Uso de medios de comunicación,Total,3:19:00,3:15:00,3:23:00,1.0668637
2020-09_2021-08,Dominio geográfico,Centros poblados y rural disperso,Uso de medios de comunicación,Hombre,3:19:00,3:14:00,3:24:00,1.1991413
2020-09_2021-08,Dominio geográfico,Centros poblados y rural disperso,Uso de medios de comunicación,Mujer,3:19:00,3:14:00,3:23:00,1.1935007
2020-09_2021-08,Dominio geográfico,Centros poblados y rural disperso,Actividades de cuidado personal,Total,10:34:00,10:28:00,10:39:00,0.43696768
2020-09_2021-08,Dominio geográfico,Centros poblados y rural disperso,Actividades de cuidado personal,Hombre,10:28:00,10:22:00,10:34:00,0.4936353591399866
2020-09_2021-08,Dominio geográfico,Centros poblados y rural disperso,Actividades de cuidado personal,Mujer,10:41:00,10:35:00,10:46:00,0.4578581317171473
2020-09_2021-08,Dominio geográfico,Centros poblados y rural disperso,Vida religiosa,Total,0:48:00,0:45:00,0:51:00,2.8744389
2020-09_2021-08,Dominio geográfico,Centros poblados y rural disperso,Vida religiosa,Hombre,0:46:00,0:42:00,0:50:00,4.3269174
2020-09_2021-08,Dominio geográfico,Centros poblados y rural disperso,Vida religiosa,Mujer,0:49:00,0:46:00,0:52:00,2.7089946
2020-09_2021-08,Dominio geográfico,Centros poblados y rural disperso,Actividades conexas a las actividades personales,Total,1:17,1:04,1:30,8.5
2020-09_2021-08,Dominio geográfico,Centros poblados y rural disperso,Actividades conexas a las actividades personales,Hombre,1:12,0:57,1:28,11.1
2020-09_2021-08,Dominio geográfico,Centros poblados y rural disperso,Actividades conexas a las actividades personales,Mujer,1:21,1:06,1:37,9.7
2020-09_2021-08,Regiones,Caribe,Actividades personales,Total,16:32,16:23,16:40,0.4
2020-09_2021-08,Regiones,Caribe,Actividades personales,Hombre,16:36,16:26,16:45,0.5
2020-09_2021-08,Regiones,Caribe,Actividades personales,Mujer,16:28,16:19,16:36,0.5
2020-09_2021-08,Regiones,Caribe,Educación y formación,Total,4:34:00,4:25:00,4:43:00,1.6671843
2020-09_2021-08,Regiones,Caribe,Educación y formación,Hombre,4:28:00,4:17:00,4:39:00,2.0366142
2020-09_2021-08,Regiones,Caribe,Educación y formación,Mujer,4:40:00,4:30:00,4:51:00,1.8955771
2020-09_2021-08,Regiones,Caribe,Vida social,Total,2:01,1:58,2:03,1.1
2020-09_2021-08,Regiones,Caribe,Vida social,Hombre,2:06,2:02,2:09,1.4
2020-09_2021-08,Regiones,Caribe,Vida social,Mujer,1:55,1:53,1:58,1.2
2020-09_2021-08,Regiones,Caribe,"Vida cultural, aficiones o deporte",Total,1:41,1:37,1:44,1.5
2020-09_2021-08,Regiones,Caribe,"Vida cultural, aficiones o deporte",Hombre,1:51,1:46,1:55,1.9
2020-09_2021-08,Regiones,Caribe,"Vida cultural, aficiones o deporte",Mujer,1:26,1:23,1:29,1.9
2020-09_2021-08,Regiones,Caribe,Uso de medios de comunicación,Total,3:36:00,3:32:00,3:39:00,0.8704956
2020-09_2021-08,Regiones,Caribe,Uso de medios de comunicación,Hombre,3:41:00,3:37:00,3:45:00,0.98026337
2020-09_2021-08,Regiones,Caribe,Uso de medios de comunicación,Mujer,3:31:00,3:27:00,3:35:00,0.94640082
2020-09_2021-08,Regiones,Caribe,Actividades de cuidado personal,Total,10:51:00,10:46:00,10:55:00,0.34710517
2020-09_2021-08,Regiones,Caribe,Actividades de cuidado personal,Hombre,10:42:00,10:38:00,10:47:00,0.3828732750168965
2020-09_2021-08,Regiones,Caribe,Actividades de cuidado personal,Mujer,10:41:00,10:35:00,10:46:00,0.4578581317171473
2020-09_2021-08,Regiones,Caribe,Vida religiosa,Total,0:43:00,0:41:00,0:45:00,2.524385
2020-09_2021-08,Regiones,Caribe,Vida religiosa,Hombre,0:38:00,0:35:00,0:41:00,3.8981866
2020-09_2021-08,Regiones,Caribe,Vida religiosa,Mujer,0:45:00,0:43:00,0:47:00,2.3144506
2020-09_2021-08,Regiones,Caribe,Actividades conexas a las actividades personales,Total,1:33,1:20,1:46,7.2
2020-09_2021-08,Regiones,Caribe,Actividades conexas a las actividades personales,Hombre,1:35,1:15,1:55,10.9
2020-09_2021-08,Regiones,Caribe,Actividades conexas a las actividades personales,Mujer,1:32,1:15,1:48,9.0
2020-09_2021-08,Regiones,Central,Actividades personales,Total,17:18,17:12,17:24,0.3
2020-09_2021-08,Regiones,Central,Actividades personales,Hombre,17:27,17:20,17:35,0.4
2020-09_2021-08,Regiones,Central,Actividades personales,Mujer,17:09,17:03,17:15,0.3
2020-09_2021-08,Regiones,Central,Educación y formación,Total,5:15:00,5:05:00,5:25:00,1.5810209
2020-09_2021-08,Regiones,Central,Educación y formación,Hombre,5:14:00,5:01:00,5:26:00,2.0133508
2020-09_2021-08,Regiones,Central,Educación y formación,Mujer,5:17:00,5:05:00,5:29:00,1.8771459
2020-09_2021-08,Regiones,Central,Vida social,Total,2:04,2:01,2:07,1.2
2020-09_2021-08,Regiones,Central,Vida social,Hombre,2:07,2:03,2:10,1.4
2020-09_2021-08,Regiones,Central,Vida social,Mujer,2:02,1:59,2:05,1.3
2020-09_2021-08,Regiones,Central,"Vida cultural, aficiones o deporte",Total,1:34,1:32,1:36,1.2
2020-09_2021-08,Regiones,Central,"Vida cultural, aficiones o deporte",Hombre,1:42,1:39,1:44,1.4
2020-09_2021-08,Regiones,Central,"Vida cultural, aficiones o deporte",Mujer,1:25,1:22,1:28,1.6
2020-09_2021-08,Regiones,Central,Uso de medios de comunicación,Total,4:23:00,4:19:00,4:27:00,0.74488503
2020-09_2021-08,Regiones,Central,Uso de medios de comunicación,Hombre,4:30:00,4:26:00,4:35:00,0.85660702
2020-09_2021-08,Regiones,Central,Uso de medios de comunicación,Mujer,4:16:00,4:12:00,4:21:00,0.82581327
2020-09_2021-08,Regiones,Central,Actividades de cuidado personal,Total,10:26:00,10:23:00,10:30:00,0.29787341
2020-09_2021-08,Regiones,Central,Actividades de cuidado personal,Hombre,10:21:00,10:16:00,10:25:00,0.34593191512984095
2020-09_2021-08,Regiones,Central,Actividades de cuidado personal,Mujer,10:58:00,10:54:00,11:03:00,0.3664224379323781
2020-09_2021-08,Regiones,Central,Vida religiosa,Total,0:44:00,0:42:00,0:46:00,1.8683782
2020-09_2021-08,Regiones,Central,Vida religiosa,Hombre,0:40:00,0:38:00,0:42:00,2.6072992
2020-09_2021-08,Regiones,Central,Vida religiosa,Mujer,0:46:00,0:44:00,0:48:00,1.8994693
2020-09_2021-08,Regiones,Central,Actividades conexas a las actividades personales,Total,1:31,1:22,1:39,5.0
2020-09_2021-08,Regiones,Central,Actividades conexas a las actividades personales,Hombre,1:26,1:15,1:37,6.6
2020-09_2021-08,Regiones,Central,Actividades conexas a las actividades personales,Mujer,1:34,1:22,1:45,6.2
2020-09_2021-08,Regiones,Oriental,Actividades personales,Total,15:58,15:46,16:10,0.6
2020-09_2021-08,Regiones,Oriental,Actividades personales,Hombre,16:02,15:49,16:15,0.7
2020-09_2021-08,Regiones,Oriental,Actividades personales,Mujer,15:54,15:41,16:06,0.7
2020-09_2021-08,Regiones,Oriental,Educación y formación,Total,4:59:00,4:47:00,5:10:00,1.9531173
2020-09_2021-08,Regiones,Oriental,Educación y formación,Hombre,4:54:00,4:38:00,5:09:00,2.7118871
2020-09_2021-08,Regiones,Oriental,Educación y formación,Mujer,5:04:00,4:50:00,5:18:00,2.3811825
2020-09_2021-08,Regiones,Oriental,Vida social,Total,2:09,2:05,2:14,1.7
2020-09_2021-08,Regiones,Oriental,Vida social,Hombre,2:11,2:06,2:16,2.0
2020-09_2021-08,Regiones,Oriental,Vida social,Mujer,2:07,2:02,2:12,2.0
2020-09_2021-08,Regiones,Oriental,"Vida cultural, aficiones o deporte",Total,1:28,1:25,1:31,1.8
2020-09_2021-08,Regiones,Oriental,"Vida cultural, aficiones o deporte",Hombre,1:37,1:33,1:41,2.1
2020-09_2021-08,Regiones,Oriental,"Vida cultural, aficiones o deporte",Mujer,1:17,1:13,1:21,2.6
2020-09_2021-08,Regiones,Oriental,Uso de medios de comunicación,Total,3:54:00,3:48:00,4:01:00,1.380909
2020-09_2021-08,Regiones,Oriental,Uso de medios de comunicación,Hombre,3:58:00,3:51:00,4:05:00,1.4361957
2020-09_2021-08,Regiones,Oriental,Uso de medios de comunicación,Mujer,3:51:00,3:44:00,3:58:00,1.5654218
2020-09_2021-08,Regiones,Oriental,Actividades de cuidado personal,Total,10:12:00,10:06:00,10:19:00,0.54260852
2020-09_2021-08,Regiones,Oriental,Actividades de cuidado personal,Hombre,10:09:00,10:01:00,10:16:00,0.6252766196679502
2020-09_2021-08,Regiones,Oriental,Actividades de cuidado personal,Mujer,10:32:00,10:28:00,10:35:00,0.307932363067047
2020-09_2021-08,Regiones,Oriental,Vida religiosa,Total,0:37:00,0:36:00,0:39:00,2.2609964
2020-09_2021-08,Regiones,Oriental,Vida religiosa,Hombre,0:31:00,0:29:00,0:33:00,3.4608098
2020-09_2021-08,Regiones,Oriental,Vida religiosa,Mujer,0:41:00,0:39:00,0:43:00,2.1707861
2020-09_2021-08,Regiones,Oriental,Actividades conexas a las actividades personales,Total,1:35,1:12,1:57,12.3
2020-09_2021-08,Regiones,Oriental,Actividades conexas a las actividades personales,Hombre,1:38,0:59,2:17,20.2
2020-09_2021-08,Regiones,Oriental,Actividades conexas a las actividades personales,Mujer,1:32,1:13,1:51,10.6
2020-09_2021-08,Regiones,Pacífica,Actividades personales,Total,16:08,15:57,16:18,0.6
2020-09_2021-08,Regiones,Pacífica,Actividades personales,Hombre,16:22,16:10,16:35,0.6
2020-09_2021-08,Regiones,Pacífica,Actividades personales,Mujer,15:55,15:44,16:05,0.6
2020-09_2021-08,Regiones,Pacífica,Educación y formación,Total,4:58:00,4:47:00,5:10:00,1.9861689
2020-09_2021-08,Regiones,Pacífica,Educación y formación,Hombre,5:01:00,4:48:00,5:14:00,2.2049706
2020-09_2021-08,Regiones,Pacífica,Educación y formación,Mujer,4:55:00,4:40:00,5:11:00,2.7021473
2020-09_2021-08,Regiones,Pacífica,Vida social,Total,1:53,1:50,1:56,1.5
2020-09_2021-08,Regiones,Pacífica,Vida social,Hombre,1:56,1:52,2:00,1.8
2020-09_2021-08,Regiones,Pacífica,Vida social,Mujer,1:50,1:47,1:53,1.5
2020-09_2021-08,Regiones,Pacífica,"Vida cultural, aficiones o deporte",Total,1:33,1:30,1:36,1.7
2020-09_2021-08,Regiones,Pacífica,"Vida cultural, aficiones o deporte",Hombre,1:42,1:39,1:46,1.8
2020-09_2021-08,Regiones,Pacífica,"Vida cultural, aficiones o deporte",Mujer,1:20,1:16,1:24,2.5
2020-09_2021-08,Regiones,Pacífica,Uso de medios de comunicación,Total,3:38:00,3:34:00,3:43:00,1.0778446
2020-09_2021-08,Regiones,Pacífica,Uso de medios de comunicación,Hombre,3:44:00,3:39:00,3:50:00,1.3157809
2020-09_2021-08,Regiones,Pacífica,Uso de medios de comunicación,Mujer,3:33:00,3:28:00,3:38:00,1.1404351
2020-09_2021-08,Regiones,Pacífica,Actividades de cuidado personal,Total,10:18:00,10:12:00,10:23:00,0.48963282
2020-09_2021-08,Regiones,Pacífica,Actividades de cuidado personal,Hombre,10:15:00,10:08:00,10:21:00,0.5394915287667322
2020-09_2021-08,Regiones,Pacífica,Actividades de cuidado personal,Mujer,10:16:00,10:09:00,10:22:00,0.559148246747811
2020-09_2021-08,Regiones,Pacífica,Vida religiosa,Total,0:38:00,0:37:00,0:40:00,2.2757694
2020-09_2021-08,Regiones,Pacífica,Vida religiosa,Hombre,0:34:00,0:32:00,0:37:00,3.4805471
2020-09_2021-08,Regiones,Pacífica,Vida religiosa,Mujer,0:40:00,0:39:00,0:42:00,2.3519708
2020-09_2021-08,Regiones,Pacífica,Actividades conexas a las actividades personales,Total,1:08,0:59,1:16,6.2
2020-09_2021-08,Regiones,Pacífica,Actividades conexas a las actividades personales,Hombre,1:05,0:54,1:17,8.8
2020-09_2021-08,Regiones,Pacífica,Actividades conexas a las actividades personales,Mujer,1:10,1:00,1:19,6.9
2020-09_2021-08,Regiones,Bogotá,Actividades personales,Total,15:55,15:45,16:05,0.5
2020-09_2021-08,Regiones,Bogotá,Actividades personales,Hombre,16:03,15:52,16:13,0.6
2020-09_2021-08,Regiones,Bogotá,Actividades personales,Mujer,15:48,15:38,15:59,0.6
2020-09_2021-08,Regiones,Bogotá,Educación y formación,Total,4:47:00,4:37:00,4:58:00,1.8321008
2020-09_2021-08,Regiones,Bogotá,Educación y formación,Hombre,4:43:00,4:30:00,4:57:00,2.4115289
2020-09_2021-08,Regiones,Bogotá,Educación y formación,Mujer,4:51:00,4:40:00,5:03:00,2.0822267
2020-09_2021-08,Regiones,Bogotá,Vida social,Total,1:34,1:30,1:37,1.8
2020-09_2021-08,Regiones,Bogotá,Vida social,Hombre,1:37,1:33,1:41,2.0
2020-09_2021-08,Regiones,Bogotá,Vida social,Mujer,1:31,1:28,1:34,1.8
2020-09_2021-08,Regiones,Bogotá,"Vida cultural, aficiones o deporte",Total,1:16,1:14,1:19,1.5
2020-09_2021-08,Regiones,Bogotá,"Vida cultural, aficiones o deporte",Hombre,1:25,1:22,1:28,1.8
2020-09_2021-08,Regiones,Bogotá,"Vida cultural, aficiones o deporte",Mujer,1:07,1:05,1:09,1.8
2020-09_2021-08,Regiones,Bogotá,Uso de medios de comunicación,Total,4:30:00,4:24:00,4:35:00,1.0692664
2020-09_2021-08,Regiones,Bogotá,Uso de medios de comunicación,Hombre,4:37:00,4:30:00,4:43:00,1.1708655
2020-09_2021-08,Regiones,Bogotá,Uso de medios de comunicación,Mujer,4:23:00,4:17:00,4:29:00,1.1345034
2020-09_2021-08,Regiones,Bogotá,Actividades de cuidado personal,Total,9:33:00,9:27:00,9:39:00,0.53420569
2020-09_2021-08,Regiones,Bogotá,Actividades de cuidado personal,Hombre,9:28:00,9:22:00,9:35:00,0.5777369500846644
2020-09_2021-08,Regiones,Bogotá,Actividades de cuidado personal,Mujer,10:20:00,10:14:00,10:27:00,0.5295343260649299
2020-09_2021-08,Regiones,Bogotá,Vida religiosa,Total,0:34:00,0:32:00,0:35:00,2.5369792
2020-09_2021-08,Regiones,Bogotá,Vida religiosa,Hombre,0:29:00,0:27:00,0:31:00,3.4949797
2020-09_2021-08,Regiones,Bogotá,Vida religiosa,Mujer,0:36:00,0:34:00,0:38:00,2.8749416
2020-09_2021-08,Regiones,Bogotá,Actividades conexas a las actividades personales,Total,1:14,1:03,1:24,7.3
2020-09_2021-08,Regiones,Bogotá,Actividades conexas a las actividades personales,Hombre,1:17,1:00,1:33,10.8
2020-09_2021-08,Regiones,Bogotá,Actividades conexas a las actividades personales,Mujer,1:11,0:57,1:24,9.5
2020-09_2021-08,Regiones,San Andrés,Actividades personales,Total,16:56,16:46,17:07,0.5
2020-09_2021-08,Regiones,San Andrés,Actividades personales,Hombre,17:11,16:56,17:25,0.7
2020-09_2021-08,Regiones,San Andrés,Actividades personales,Mujer,16:44,16:31,16:57,0.7
2020-09_2021-08,Regiones,San Andrés,Educación y formación,Total,4:32:00,4:19:00,4:46:00,2.5254806
2020-09_2021-08,Regiones,San Andrés,Educación y formación,Hombre,4:26:00,4:09:00,4:42:00,3.1523756
2020-09_2021-08,Regiones,San Andrés,Educación y formación,Mujer,4:38:00,4:20:00,4:56:00,3.3721399
2020-09_2021-08,Regiones,San Andrés,Vida social,Total,2:00,1:55,2:05,2.1
2020-09_2021-08,Regiones,San Andrés,Vida social,Hombre,2:09,2:02,2:15,2.6
2020-09_2021-08,Regiones,San Andrés,Vida social,Mujer,1:51,1:47,1:56,2.0
2020-09_2021-08,Regiones,San Andrés,"Vida cultural, aficiones o deporte",Total,1:44,1:39,1:49,2.5
2020-09_2021-08,Regiones,San Andrés,"Vida cultural, aficiones o deporte",Hombre,1:48,1:41,1:56,3.5
2020-09_2021-08,Regiones,San Andrés,"Vida cultural, aficiones o deporte",Mujer,1:38,1:32,1:45,3.3
2020-09_2021-08,Regiones,San Andrés,Uso de medios de comunicación,Total,3:22:00,3:14:00,3:29:00,1.9313958
2020-09_2021-08,Regiones,San Andrés,Uso de medios de comunicación,Hombre,3:31:00,3:22:00,3:39:00,2.050187
2020-09_2021-08,Regiones,San Andrés,Uso de medios de comunicación,Mujer,3:13:00,3:04:00,3:22:00,2.4357643
2020-09_2021-08,Regiones,San Andrés,Actividades de cuidado personal,Total,11:01:00,10:53:00,11:08:00,0.57604043
2020-09_2021-08,Regiones,San Andrés,Actividades de cuidado personal,Hombre,10:55:00,10:45:00,11:04:00,0.729002532524396
2020-09_2021-08,Regiones,San Andrés,Actividades de cuidado personal,Mujer,9:38:00,9:31:00,9:44:00,0.5482219734570655
2020-09_2021-08,Regiones,San Andrés,Vida religiosa,Total,1:01:00,0:58:00,1:05:00,2.970049
2020-09_2021-08,Regiones,San Andrés,Vida religiosa,Hombre,0:56:00,0:52:00,1:00:00,3.6993332
2020-09_2021-08,Regiones,San Andrés,Vida religiosa,Mujer,1:04:00,1:00:00,1:08:00,3.2855214
2020-09_2021-08,Regiones,San Andrés,Actividades conexas a las actividades personales,Total,1:03,0:53,1:14,8.5
2020-09_2021-08,Regiones,San Andrés,Actividades conexas a las actividades personales,Hombre,1:08,0:50,1:26,13.9
2020-09_2021-08,Regiones,San Andrés,Actividades conexas a las actividades personales,Mujer,0:59,0:51,1:08,7.5
2020-09_2021-08,Grupos de edad,De 10 a 17 años,Actividades personales,Total,20:31,20:23,20:39,0.3
2020-09_2021-08,Grupos de edad,De 10 a 17 años,Actividades personales,Hombre,20:34,20:24,20:44,0.4
2020-09_2021-08,Grupos de edad,De 10 a 17 años,Actividades personales,Mujer,20:28,20:18,20:37,0.4
2020-09_2021-08,Grupos de edad,De 10 a 17 años,Educación y formación,Total,4:52:00,4:46:00,4:57:00,0.96899062
2020-09_2021-08,Grupos de edad,De 10 a 17 años,Educación y formación,Hombre,4:47:00,4:40:00,4:54:00,1.2207859
2020-09_2021-08,Grupos de edad,De 10 a 17 años,Educación y formación,Mujer,4:57:00,4:50:00,5:03:00,1.1823722
2020-09_2021-08,Grupos de edad,De 10 a 17 años,Vida social,Total,2:05,2:02,2:08,1.1
2020-09_2021-08,Grupos de edad,De 10 a 17 años,Vida social,Hombre,2:08,2:04,2:11,1.4
2020-09_2021-08,Grupos de edad,De 10 a 17 años,Vida social,Mujer,2:02,1:59,2:05,1.3
2020-09_2021-08,Grupos de edad,De 10 a 17 años,"Vida cultural, aficiones o deporte",Total,1:59,1:56,2:02,1.3
2020-09_2021-08,Grupos de edad,De 10 a 17 años,"Vida cultural, aficiones o deporte",Hombre,2:07,2:04,2:11,1.5
2020-09_2021-08,Grupos de edad,De 10 a 17 años,"Vida cultural, aficiones o deporte",Mujer,1:45,1:41,1:49,2.0
2020-09_2021-08,Grupos de edad,De 10 a 17 años,Uso de medios de comunicación,Total,4:39:00,4:35:00,4:44:00,0.77985635
2020-09_2021-08,Grupos de edad,De 10 a 17 años,Uso de medios de comunicación,Hombre,4:41:00,4:36:00,4:47:00,0.95102931
2020-09_2021-08,Grupos de edad,De 10 a 17 años,Uso de medios de comunicación,Mujer,4:37:00,4:32:00,4:42:00,0.9399309
2020-09_2021-08,Grupos de edad,De 10 a 17 años,Actividades de cuidado personal,Total,11:12:00,11:08:00,11:16:00,0.30520536
2020-09_2021-08,Grupos de edad,De 10 a 17 años,Actividades de cuidado personal,Hombre,11:04:00,11:00:00,11:09:00,0.37871857348306254
2020-09_2021-08,Grupos de edad,De 10 a 17 años,Actividades de cuidado personal,Mujer,11:21:00,11:16:00,11:25:00,0.361954219471367
2020-09_2021-08,Grupos de edad,De 10 a 17 años,Vida religiosa,Total,0:34:00,0:32:00,0:37:00,4.0094328
2020-09_2021-08,Grupos de edad,De 10 a 17 años,Vida religiosa,Hombre,0:31:00,0:28:00,0:35:00,5.6372808
2020-09_2021-08,Grupos de edad,De 10 a 17 años,Vida religiosa,Mujer,0:36:00,0:33:00,0:40:00,4.3654798
2020-09_2021-08,Grupos de edad,De 10 a 17 años,Actividades conexas a las actividades personales,Total,0:53,0:46,1:00,6.7
2020-09_2021-08,Grupos de edad,De 10 a 17 años,Actividades conexas a las actividades personales,Hombre,0:53,0:43,1:02,9.2
2020-09_2021-08,Grupos de edad,De 10 a 17 años,Actividades conexas a las actividades personales,Mujer,0:54,0:45,1:04,8.9
2020-09_2021-08,Grupos de edad,De 18 a 29 años,Actividades personales,Total,16:51,16:45,16:57,0.3
2020-09_2021-08,Grupos de edad,De 18 a 29 años,Actividades personales,Hombre,17:06,16:58,17:13,0.4
2020-09_2021-08,Grupos de edad,De 18 a 29 años,Actividades personales,Mujer,16:37,16:30,16:44,0.4
2020-09_2021-08,Grupos de edad,De 18 a 29 años,Educación y formación,Total,5:15:00,5:08:00,5:22:00,1.1291673
2020-09_2021-08,Grupos de edad,De 18 a 29 años,Educación y formación,Hombre,5:18:00,5:08:00,5:28:00,1.5834416
2020-09_2021-08,Grupos de edad,De 18 a 29 años,Educación y formación,Mujer,5:12:00,5:03:00,5:21:00,1.4606911
2020-09_2021-08,Grupos de edad,De 18 a 29 años,Vida social,Total,2:02,2:00,2:04,0.9
2020-09_2021-08,Grupos de edad,De 18 a 29 años,Vida social,Hombre,2:06,2:03,2:09,1.2
2020-09_2021-08,Grupos de edad,De 18 a 29 años,Vida social,Mujer,1:57,1:55,2:00,1.1
2020-09_2021-08,Grupos de edad,De 18 a 29 años,"Vida cultural, aficiones o deporte",Total,1:37,1:35,1:39,1.1
2020-09_2021-08,Grupos de edad,De 18 a 29 años,"Vida cultural, aficiones o deporte",Hombre,1:46,1:43,1:49,1.5
2020-09_2021-08,Grupos de edad,De 18 a 29 años,"Vida cultural, aficiones o deporte",Mujer,1:24,1:21,1:26,1.6
2020-09_2021-08,Grupos de edad,De 18 a 29 años,Uso de medios de comunicación,Total,4:18:00,4:15:00,4:21:00,0.65210454
2020-09_2021-08,Grupos de edad,De 18 a 29 años,Uso de medios de comunicación,Hombre,4:26:00,4:22:00,4:30:00,0.79744753
2020-09_2021-08,Grupos de edad,De 18 a 29 años,Uso de medios de comunicación,Mujer,4:10:00,4:06:00,4:14:00,0.80613322
2020-09_2021-08,Grupos de edad,De 18 a 29 años,Actividades de cuidado personal,Total,10:15:00,10:12:00,10:17:00,0.22742914
2020-09_2021-08,Grupos de edad,De 18 a 29 años,Actividades de cuidado personal,Hombre,10:09:00,10:05:00,10:12:00,0.2889472981130075
2020-09_2021-08,Grupos de edad,De 18 a 29 años,Actividades de cuidado personal,Mujer,10:20:00,10:17:00,10:24:00,0.2717515590767263
2020-09_2021-08,Grupos de edad,De 18 a 29 años,Vida religiosa,Total,0:29:00,0:28:00,0:30:00,2.1829801
2020-09_2021-08,Grupos de edad,De 18 a 29 años,Vida religiosa,Hombre,0:29:00,0:27:00,0:31:00,3.4837538
2020-09_2021-08,Grupos de edad,De 18 a 29 años,Vida religiosa,Mujer,0:29:00,0:28:00,0:31:00,2.4188663
2020-09_2021-08,Grupos de edad,De 18 a 29 años,Actividades conexas a las actividades personales,Total,1:26,1:15,1:36,6.1
2020-09_2021-08,Grupos de edad,De 18 a 29 años,Actividades conexas a las actividades personales,Hombre,1:23,1:10,1:37,8.4
2020-09_2021-08,Grupos de edad,De 18 a 29 años,Actividades conexas a las actividades personales,Mujer,1:27,1:14,1:41,8.0
2020-09_2021-08,Grupos de edad,De 30 a 39 años,Actividades personales,Total,14:55,14:49,15:01,0.3
2020-09_2021-08,Grupos de edad,De 30 a 39 años,Actividades personales,Hombre,15:00,14:52,15:08,0.4
2020-09_2021-08,Grupos de edad,De 30 a 39 años,Actividades personales,Mujer,14:51,14:44,14:57,0.4
2020-09_2021-08,Grupos de edad,De 30 a 39 años,Educación y formación,Total,4:09:00,3:52:00,4:25:00,3.3511102
2020-09_2021-08,Grupos de edad,De 30 a 39 años,Educación y formación,Hombre,4:01:00,3:37:00,4:25:00,5.1257018
2020-09_2021-08,Grupos de edad,De 30 a 39 años,Educación y formación,Mujer,4:15:00,3:54:00,4:36:00,4.1978087
2020-09_2021-08,Grupos de edad,De 30 a 39 años,Vida social,Total,1:51,1:48,1:53,1.0
2020-09_2021-08,Grupos de edad,De 30 a 39 años,Vida social,Hombre,1:55,1:52,1:58,1.3
2020-09_2021-08,Grupos de edad,De 30 a 39 años,Vida social,Mujer,1:46,1:44,1:49,1.2
2020-09_2021-08,Grupos de edad,De 30 a 39 años,"Vida cultural, aficiones o deporte",Total,1:24,1:22,1:26,1.3
2020-09_2021-08,Grupos de edad,De 30 a 39 años,"Vida cultural, aficiones o deporte",Hombre,1:31,1:28,1:34,1.7
2020-09_2021-08,Grupos de edad,De 30 a 39 años,"Vida cultural, aficiones o deporte",Mujer,1:17,1:14,1:20,1.9
2020-09_2021-08,Grupos de edad,De 30 a 39 años,Uso de medios de comunicación,Total,3:47:00,3:43:00,3:50:00,0.75161696
2020-09_2021-08,Grupos de edad,De 30 a 39 años,Uso de medios de comunicación,Hombre,3:54:00,3:50:00,3:59:00,0.97235242
2020-09_2021-08,Grupos de edad,De 30 a 39 años,Uso de medios de comunicación,Mujer,3:40:00,3:36:00,3:44:00,0.89870601
2020-09_2021-08,Grupos de edad,De 30 a 39 años,Actividades de cuidado personal,Total,9:49:00,9:46:00,9:52:00,0.26522202
2020-09_2021-08,Grupos de edad,De 30 a 39 años,Actividades de cuidado personal,Hombre,9:41:00,9:37:00,9:45:00,0.34809912617716543
2020-09_2021-08,Grupos de edad,De 30 a 39 años,Actividades de cuidado personal,Mujer,9:56:00,9:53:00,10:00:00,0.30352236914408465
2020-09_2021-08,Grupos de edad,De 30 a 39 años,Vida religiosa,Total,0:33:00,0:31:00,0:35:00,2.7388018
2020-09_2021-08,Grupos de edad,De 30 a 39 años,Vida religiosa,Hombre,0:30:00,0:27:00,0:32:00,4.1717717
2020-09_2021-08,Grupos de edad,De 30 a 39 años,Vida religiosa,Mujer,0:35:00,0:33:00,0:36:00,2.8889435
2020-09_2021-08,Grupos de edad,De 30 a 39 años,Actividades conexas a las actividades personales,Total,1:39,1:20,1:57,9.5
2020-09_2021-08,Grupos de edad,De 30 a 39 años,Actividades conexas a las actividades personales,Hombre,1:41,1:16,2:05,12.5
2020-09_2021-08,Grupos de edad,De 30 a 39 años,Actividades conexas a las actividades personales,Mujer,1:37,1:15,2:00,12.0
2020-09_2021-08,Grupos de edad,De 40 a 49 años,Actividades personales,Total,14:49,14:43,14:55,0.3
2020-09_2021-08,Grupos de edad,De 40 a 49 años,Actividades personales,Hombre,14:48,14:40,14:56,0.5
2020-09_2021-08,Grupos de edad,De 40 a 49 años,Actividades personales,Mujer,14:50,14:43,14:57,0.4
2020-09_2021-08,Grupos de edad,De 40 a 49 años,Educación y formación,Total,3:38:00,3:10:00,4:06:00,6.5880674
2020-09_2021-08,Grupos de edad,De 40 a 49 años,Educación y formación,Hombre,3:11:00,2:40:00,3:42:00,8.1753533
2020-09_2021-08,Grupos de edad,De 40 a 49 años,Educación y formación,Mujer,3:58:00,3:16:00,4:40:00,9.0154831
2020-09_2021-08,Grupos de edad,De 40 a 49 años,Vida social,Total,1:51,1:49,1:54,1.1
2020-09_2021-08,Grupos de edad,De 40 a 49 años,Vida social,Hombre,1:54,1:50,1:58,1.6
2020-09_2021-08,Grupos de edad,De 40 a 49 años,Vida social,Mujer,1:49,1:46,1:52,1.2
2020-09_2021-08,Grupos de edad,De 40 a 49 años,"Vida cultural, aficiones o deporte",Total,1:18,1:15,1:20,1.7
2020-09_2021-08,Grupos de edad,De 40 a 49 años,"Vida cultural, aficiones o deporte",Hombre,1:24,1:20,1:27,2.1
2020-09_2021-08,Grupos de edad,De 40 a 49 años,"Vida cultural, aficiones o deporte",Mujer,1:12,1:08,1:15,2.4
2020-09_2021-08,Grupos de edad,De 40 a 49 años,Uso de medios de comunicación,Total,3:42:00,3:38:00,3:45:00,0.80514063
2020-09_2021-08,Grupos de edad,De 40 a 49 años,Uso de medios de comunicación,Hombre,3:43:00,3:39:00,3:48:00,1.0002927
2020-09_2021-08,Grupos de edad,De 40 a 49 años,Uso de medios de comunicación,Mujer,3:40:00,3:36:00,3:44:00,0.99684863
2020-09_2021-08,Grupos de edad,De 40 a 49 años,Actividades de cuidado personal,Total,9:48:00,9:44:00,9:51:00,0.28431099
2020-09_2021-08,Grupos de edad,De 40 a 49 años,Actividades de cuidado personal,Hombre,9:42:00,9:38:00,9:47:00,0.3688180315601457
2020-09_2021-08,Grupos de edad,De 40 a 49 años,Actividades de cuidado personal,Mujer,9:52:00,9:49:00,9:56:00,0.31958407341908934
2020-09_2021-08,Grupos de edad,De 40 a 49 años,Vida religiosa,Total,0:36:00,0:35:00,0:38:00,1.7679005
2020-09_2021-08,Grupos de edad,De 40 a 49 años,Vida religiosa,Hombre,0:32:00,0:30:00,0:34:00,3.1793999
2020-09_2021-08,Grupos de edad,De 40 a 49 años,Vida religiosa,Mujer,0:39:00,0:37:00,0:40:00,1.8753503
2020-09_2021-08,Grupos de edad,De 40 a 49 años,Actividades conexas a las actividades personales,Total,1:33,1:17,1:49,8.9
2020-09_2021-08,Grupos de edad,De 40 a 49 años,Actividades conexas a las actividades personales,Hombre,1:42,1:09,2:15,16.7
2020-09_2021-08,Grupos de edad,De 40 a 49 años,Actividades conexas a las actividades personales,Mujer,1:29,1:11,1:47,10.3
2020-09_2021-08,Grupos de edad,De 50 a 59 años,Actividades personales,Total,15:02,14:57,15:08,0.3
2020-09_2021-08,Grupos de edad,De 50 a 59 años,Actividades personales,Hombre,14:57,14:49,15:05,0.4
2020-09_2021-08,Grupos de edad,De 50 a 59 años,Actividades personales,Mujer,15:07,15:00,15:14,0.4
2020-09_2021-08,Grupos de edad,De 50 a 59 años,Educación y formación,Total,3:13:00,2:41:00,3:46:00,8.679679
2020-09_2021-08,Grupos de edad,De 50 a 59 años,Educación y formación,Hombre,3:13:00,2:30:00,3:56:00,11.398508
2020-09_2021-08,Grupos de edad,De 50 a 59 años,Educación y formación,Mujer,3:14:00,2:25:00,4:03:00,12.983715
2020-09_2021-08,Grupos de edad,De 50 a 59 años,Vida social,Total,1:54,1:52,1:56,1.1
2020-09_2021-08,Grupos de edad,De 50 a 59 años,Vida social,Hombre,1:56,1:53,1:59,1.4
2020-09_2021-08,Grupos de edad,De 50 a 59 años,Vida social,Mujer,1:53,1:50,1:56,1.3
2020-09_2021-08,Grupos de edad,De 50 a 59 años,"Vida cultural, aficiones o deporte",Total,1:14,1:12,1:17,1.6
2020-09_2021-08,Grupos de edad,De 50 a 59 años,"Vida cultural, aficiones o deporte",Hombre,1:19,1:16,1:22,2.0
2020-09_2021-08,Grupos de edad,De 50 a 59 años,"Vida cultural, aficiones o deporte",Mujer,1:10,1:07,1:13,2.3
2020-09_2021-08,Grupos de edad,De 50 a 59 años,Uso de medios de comunicación,Total,3:40:00,3:37:00,3:43:00,0.73296325
2020-09_2021-08,Grupos de edad,De 50 a 59 años,Uso de medios de comunicación,Hombre,3:44:00,3:39:00,3:48:00,1.0494543
2020-09_2021-08,Grupos de edad,De 50 a 59 años,Uso de medios de comunicación,Mujer,3:37:00,3:33:00,3:40:00,0.86582473
2020-09_2021-08,Grupos de edad,De 50 a 59 años,Actividades de cuidado personal,Total,9:56:00,9:52:00,9:59:00,0.3034485
2020-09_2021-08,Grupos de edad,De 50 a 59 años,Actividades de cuidado personal,Hombre,9:51:00,9:47:00,9:55:00,0.37369586698084273
2020-09_2021-08,Grupos de edad,De 50 a 59 años,Actividades de cuidado personal,Mujer,10:00:00,9:55:00,10:04:00,0.3618347177051549
2020-09_2021-08,Grupos de edad,De 50 a 59 años,Vida religiosa,Total,0:42:00,0:41:00,0:44:00,1.8246902
2020-09_2021-08,Grupos de edad,De 50 a 59 años,Vida religiosa,Hombre,0:36:00,0:34:00,0:38:00,2.864889
2020-09_2021-08,Grupos de edad,De 50 a 59 años,Vida religiosa,Mujer,0:45:00,0:43:00,0:47:00,2.1499423
2020-09_2021-08,Grupos de edad,De 50 a 59 años,Actividades conexas a las actividades personales,Total,1:50,1:33,2:08,8.1
2020-09_2021-08,Grupos de edad,De 50 a 59 años,Actividades conexas a las actividades personales,Hombre,1:59,1:38,2:21,9.4
2020-09_2021-08,Grupos de edad,De 50 a 59 años,Actividades conexas a las actividades personales,Mujer,1:44,1:20,2:08,11.7
2020-09_2021-08,Grupos de edad,De 60 a 75 años,Actividades personales,Total,15:58,15:52,16:05,0.4
2020-09_2021-08,Grupos de edad,De 60 a 75 años,Actividades personales,Hombre,16:00,15:51,16:08,0.5
2020-09_2021-08,Grupos de edad,De 60 a 75 años,Actividades personales,Mujer,15:57,15:50,16:05,0.4
2020-09_2021-08,Grupos de edad,De 60 a 75 años,Educación y formación,Total,2:46:00,2:02:00,3:30:00,13.407812
2020-09_2021-08,Grupos de edad,De 60 a 75 años,Educación y formación,Hombre,2:33:00,1:47:00,3:19:00,15.420887
2020-09_2021-08,Grupos de edad,De 60 a 75 años,Educación y formación,Mujer,2:55:00,1:49:00,4:01:00,19.168042
2020-09_2021-08,Grupos de edad,De 60 a 75 años,Vida social,Total,1:58,1:56,2:01,1.1
2020-09_2021-08,Grupos de edad,De 60 a 75 años,Vida social,Hombre,2:01,1:58,2:04,1.3
2020-09_2021-08,Grupos de edad,De 60 a 75 años,Vida social,Mujer,1:56,1:53,1:59,1.3
2020-09_2021-08,Grupos de edad,De 60 a 75 años,"Vida cultural, aficiones o deporte",Total,1:14,1:12,1:16,1.6
2020-09_2021-08,Grupos de edad,De 60 a 75 años,"Vida cultural, aficiones o deporte",Hombre,1:22,1:18,1:25,2.0
2020-09_2021-08,Grupos de edad,De 60 a 75 años,"Vida cultural, aficiones o deporte",Mujer,1:07,1:04,1:09,2.0
2020-09_2021-08,Grupos de edad,De 60 a 75 años,Uso de medios de comunicación,Total,3:49:00,3:46:00,3:53:00,0.75798426
2020-09_2021-08,Grupos de edad,De 60 a 75 años,Uso de medios de comunicación,Hombre,3:54:00,3:49:00,3:59:00,1.0251601
2020-09_2021-08,Grupos de edad,De 60 a 75 años,Uso de medios de comunicación,Mujer,3:46:00,3:42:00,3:49:00,0.83448635
2020-09_2021-08,Grupos de edad,De 60 a 75 años,Actividades de cuidado personal,Total,10:28:00,10:25:00,10:32:00,0.31534359
2020-09_2021-08,Grupos de edad,De 60 a 75 años,Actividades de cuidado personal,Hombre,10:28:00,10:23:00,10:34:00,0.4319984014382238
2020-09_2021-08,Grupos de edad,De 60 a 75 años,Actividades de cuidado personal,Mujer,10:29:00,10:24:00,10:33:00,0.3603288714254746
2020-09_2021-08,Grupos de edad,De 60 a 75 años,Vida religiosa,Total,0:48:00,0:47:00,0:50:00,1.4112391
2020-09_2021-08,Grupos de edad,De 60 a 75 años,Vida religiosa,Hombre,0:42:00,0:39:00,0:44:00,2.6488113
2020-09_2021-08,Grupos de edad,De 60 a 75 años,Vida religiosa,Mujer,0:52:00,0:50:00,0:53:00,1.5073825
2020-09_2021-08,Grupos de edad,De 60 a 75 años,Actividades conexas a las actividades personales,Total,1:57,1:36,2:17,9.0
2020-09_2021-08,Grupos de edad,De 60 a 75 años,Actividades conexas a las actividades personales,Hombre,2:19,1:38,2:59,15.0
2020-09_2021-08,Grupos de edad,De 60 a 75 años,Actividades conexas a las actividades personales,Mujer,1:46,1:28,2:04,8.8
2020-09_2021-08,Grupos de edad,De 76 años y más,Actividades personales,Total,18:00,17:48,18:12,0.6
2020-09_2021-08,Grupos de edad,De 76 años y más,Actividades personales,Hombre,18:07,17:49,18:25,0.8
2020-09_2021-08,Grupos de edad,De 76 años y más,Actividades personales,Mujer,17:55,17:41,18:08,0.6
2020-09_2021-08,Grupos de edad,De 76 años y más,Educación y formación,Total,1:58:00,0:58:00,2:58:00,25.947964
2020-09_2021-08,Grupos de edad,De 76 años y más,Educación y formación,Hombre,3:00:00,3:00:00,3:00:00,0.0
2020-09_2021-08,Grupos de edad,De 76 años y más,Educación y formación,Mujer,1:57:00,0:57:00,2:57:00,26.234547
2020-09_2021-08,Grupos de edad,De 76 años y más,Vida social,Total,2:04,2:00,2:08,1.6
2020-09_2021-08,Grupos de edad,De 76 años y más,Vida social,Hombre,2:09,2:03,2:14,2.2
2020-09_2021-08,Grupos de edad,De 76 años y más,Vida social,Mujer,2:01,1:56,2:06,2.2
2020-09_2021-08,Grupos de edad,De 76 años y más,"Vida cultural, aficiones o deporte",Total,1:11,1:07,1:14,2.5
2020-09_2021-08,Grupos de edad,De 76 años y más,"Vida cultural, aficiones o deporte",Hombre,1:17,1:12,1:21,3.2
2020-09_2021-08,Grupos de edad,De 76 años y más,"Vida cultural, aficiones o deporte",Mujer,1:04,0:59,1:09,3.7
2020-09_2021-08,Grupos de edad,De 76 años y más,Uso de medios de comunicación,Total,3:59:00,3:53:00,4:05:00,1.2308731
2020-09_2021-08,Grupos de edad,De 76 años y más,Uso de medios de comunicación,Hombre,4:04:00,3:55:00,4:13:00,1.871888
2020-09_2021-08,Grupos de edad,De 76 años y más,Uso de medios de comunicación,Mujer,3:56:00,3:50:00,4:02:00,1.348922
2020-09_2021-08,Grupos de edad,De 76 años y más,Actividades de cuidado personal,Total,12:26:00,12:16:00,12:35:00,0.65612793
2020-09_2021-08,Grupos de edad,De 76 años y más,Actividades de cuidado personal,Hombre,12:31:00,12:16:00,12:47:00,1.0704956099911143
2020-09_2021-08,Grupos de edad,De 76 años y más,Actividades de cuidado personal,Mujer,12:21:00,12:11:00,12:32:00,0.7269143624860257
2020-09_2021-08,Grupos de edad,De 76 años y más,Vida religiosa,Total,0:56:00,0:54:00,0:58:00,1.8629251
2020-09_2021-08,Grupos de edad,De 76 años y más,Vida religiosa,Hombre,0:47:00,0:44:00,0:50:00,3.4547855
2020-09_2021-08,Grupos de edad,De 76 años y más,Vida religiosa,Mujer,1:01:00,0:58:00,1:03:00,1.9747235
2020-09_2021-08,Grupos de edad,De 76 años y más,Actividades conexas a las actividades personales,Total,2:19,1:24,3:13,20.1
2020-09_2021-08,Grupos de edad,De 76 años y más,Actividades conexas a las actividades personales,Hombre,2:30,0:37,4:22,38.3
2020-09_2021-08,Grupos de edad,De 76 años y más,Actividades conexas a las actividades personales,Mujer,2:10,1:30,2:50,15.6
2016-09_2017-08,Total nacional,Total nacional,Actividades personales,Total,17:25:00,17:22:00,17:29:00,0.170518291709069
2016-09_2017-08,Total nacional,Total nacional,Actividades personales,Hombre,17:36:00,17:31:00,17:40:00,0.207214984629832
2016-09_2017-08,Total nacional,Total nacional,Actividades personales,Mujer,17:15:00,17:11:00,17:19:00,0.189906301809098
2016-09_2017-08,Total nacional,Total nacional,Educación y formación,Total,6:08:00,6:02:00,6:13:00,0.76769992979105
2016-09_2017-08,Total nacional,Total nacional,Educación y formación,Hombre,6:08:00,6:01:00,6:14:00,0.950419779984917
2016-09_2017-08,Total nacional,Total nacional,Educación y formación,Mujer,6:08:00,6:01:00,6:14:00,0.888584551977195
2016-09_2017-08,Total nacional,Total nacional,Vida social,Total,2:18:00,2:16:00,2:20:00,0.678599165227222
2016-09_2017-08,Total nacional,Total nacional,Vida social,Hombre,2:23:00,2:20:00,2:25:00,0.737870044260099
2016-09_2017-08,Total nacional,Total nacional,Vida social,Mujer,2:14:00,2:12:00,2:16:00,0.733644928931816
2016-09_2017-08,Total nacional,Total nacional,"Vida cultural, aficiones o deporte",Total,1:59:00,1:57:00,2:02:00,0.903493531282684
2016-09_2017-08,Total nacional,Total nacional,"Vida cultural, aficiones o deporte",Hombre,2:04:00,2:02:00,2:07:00,0.967675357915641
2016-09_2017-08,Total nacional,Total nacional,"Vida cultural, aficiones o deporte",Mujer,1:50:00,1:47:00,1:53:00,1.39163446602089
2016-09_2017-08,Total nacional,Total nacional,Uso de medios de comunicación,Total,3:43:00,3:41:00,3:44:00,0.454874133959236
2016-09_2017-08,Total nacional,Total nacional,Uso de medios de comunicación,Hombre,3:48:00,3:46:00,3:51:00,0.546621748370555
2016-09_2017-08,Total nacional,Total nacional,Uso de medios de comunicación,Mujer,3:37:00,3:35:00,3:39:00,0.495441222045345
2016-09_2017-08,Total nacional,Total nacional,Actividades de cuidado personal,Total,10:41:00,10:39:00,10:43:00,0.163767244589269
2016-09_2017-08,Total nacional,Total nacional,Actividades de cuidado personal,Hombre,10:35:00,10:32:00,10:38:00,0.206127872910279
2016-09_2017-08,Total nacional,Total nacional,Actividades de cuidado personal,Mujer,10:46:00,10:44:00,10:49:00,0.168853658463873
2016-09_2017-08,Total nacional,Total nacional,Vida religiosa,Total,0:48:00,0:47:00,0:50:00,1.47746903160019
2016-09_2017-08,Total nacional,Total nacional,Vida religiosa,Hombre,0:46:00,0:44:00,0:48:00,2.10522360793578
2016-09_2017-08,Total nacional,Total nacional,Vida religiosa,Mujer,0:49:00,0:48:00,0:51:00,1.46560485119999
2016-09_2017-08,Total nacional,Total nacional,Actividades conexas a las actividades personales,Total,1:05:00,1:02:00,1:07:00,1.97964681398119
2016-09_2017-08,Total nacional,Total nacional,Actividades conexas a las actividades personales,Hombre,1:02:00,1:00:00,1:05:00,2.1035986016961
2016-09_2017-08,Total nacional,Total nacional,Actividades conexas a las actividades personales,Mujer,1:07:00,1:04:00,1:11:00,2.74642945779606
2016-09_2017-08,Dominio geográfico,Cabeceras municipales,Actividades personales,Total,17:33:00,17:29:00,17:36:00,0.189589160241766
2016-09_2017-08,Dominio geográfico,Cabeceras municipales,Actividades personales,Hombre,17:47:00,17:42:00,17:52:00,0.221988277572598
2016-09_2017-08,Dominio geográfico,Cabeceras municipales,Actividades personales,Mujer,17:20:00,17:15:00,17:24:00,0.215523923714959
2016-09_2017-08,Dominio geográfico,Cabeceras municipales,Educación y formación,Total,6:13:00,6:07:00,6:18:00,0.704317151775981
2016-09_2017-08,Dominio geográfico,Cabeceras municipales,Educación y formación,Hombre,6:13:00,6:07:00,6:20:00,0.869257976718719
2016-09_2017-08,Dominio geográfico,Cabeceras municipales,Educación y formación,Mujer,6:12:00,6:05:00,6:18:00,0.881188161816645
2016-09_2017-08,Dominio geográfico,Cabeceras municipales,Vida social,Total,2:23:00,2:20:00,2:25:00,0.783217718917563
2016-09_2017-08,Dominio geográfico,Cabeceras municipales,Vida social,Hombre,2:27:00,2:25:00,2:30:00,0.848488759290069
2016-09_2017-08,Dominio geográfico,Cabeceras municipales,Vida social,Mujer,2:18:00,2:16:00,2:21:00,0.838132064299339
2016-09_2017-08,Dominio geográfico,Cabeceras municipales,"Vida cultural, aficiones o deporte",Total,2:00:00,1:57:00,2:02:00,0.992937562372279
2016-09_2017-08,Dominio geográfico,Cabeceras municipales,"Vida cultural, aficiones o deporte",Hombre,2:04:00,2:02:00,2:07:00,1.05771735613507
2016-09_2017-08,Dominio geográfico,Cabeceras municipales,"Vida cultural, aficiones o deporte",Mujer,1:51:00,1:48:00,1:54:00,1.49962342425185
2016-09_2017-08,Dominio geográfico,Cabeceras municipales,Uso de medios de comunicación,Total,3:52:00,3:50:00,3:54:00,0.47423502902841
2016-09_2017-08,Dominio geográfico,Cabeceras municipales,Uso de medios de comunicación,Hombre,4:00:00,3:58:00,4:03:00,0.551238961958969
2016-09_2017-08,Dominio geográfico,Cabeceras municipales,Uso de medios de comunicación,Mujer,3:44:00,3:42:00,3:47:00,0.52718953238175
2016-09_2017-08,Dominio geográfico,Cabeceras municipales,Actividades de cuidado personal,Total,10:30:00,10:28:00,10:32:00,0.163833788011084
2016-09_2017-08,Dominio geográfico,Cabeceras municipales,Actividades de cuidado personal,Hombre,10:23:00,10:21:00,10:25:00,0.197017772412646
2016-09_2017-08,Dominio geográfico,Cabeceras municipales,Actividades de cuidado personal,Mujer,10:37:00,10:34:00,10:39:00,0.181104296858013
2016-09_2017-08,Dominio geográfico,Cabeceras municipales,Vida religiosa,Total,0:50:00,0:48:00,0:51:00,1.50753311494747
2016-09_2017-08,Dominio geográfico,Cabeceras municipales,Vida religiosa,Hombre,0:48:00,0:46:00,0:50:00,2.22370479529392
2016-09_2017-08,Dominio geográfico,Cabeceras municipales,Vida religiosa,Mujer,0:51:00,0:49:00,0:52:00,1.54671164076879
2016-09_2017-08,Dominio geográfico,Cabeceras municipales,Actividades conexas a las actividades personales,Total,1:05:00,1:02:00,1:08:00,2.00187931177497
2016-09_2017-08,Dominio geográfico,Cabeceras municipales,Actividades conexas a las actividades personales,Hombre,1:03:00,1:00:00,1:06:00,2.32824035075735
2016-09_2017-08,Dominio geográfico,Cabeceras municipales,Actividades conexas a las actividades personales,Mujer,1:07:00,1:04:00,1:10:00,2.40447210760268
2016-09_2017-08,Dominio geográfico,Centros poblados y rural disperso,Actividades personales,Total,17:01:00,16:53:00,17:08:00,0.38728755498844
2016-09_2017-08,Dominio geográfico,Centros poblados y rural disperso,Actividades personales,Hombre,17:01:00,16:51:00,17:12:00,0.510991621940553
2016-09_2017-08,Dominio geográfico,Centros poblados y rural disperso,Actividades personales,Mujer,17:00:00,16:52:00,17:08:00,0.391562622306311
2016-09_2017-08,Dominio geográfico,Centros poblados y rural disperso,Educación y formación,Total,5:50:00,5:33:00,6:08:00,2.52018102644663
2016-09_2017-08,Dominio geográfico,Centros poblados y rural disperso,Educación y formación,Hombre,5:47:00,5:26:00,6:08:00,3.05114653594868
2016-09_2017-08,Dominio geográfico,Centros poblados y rural disperso,Educación y formación,Mujer,5:54:00,5:36:00,6:12:00,2.60917448570597
2016-09_2017-08,Dominio geográfico,Centros poblados y rural disperso,Vida social,Total,2:04:00,2:01:00,2:07:00,1.25817565765878
2016-09_2017-08,Dominio geográfico,Centros poblados y rural disperso,Vida social,Hombre,2:09:00,2:05:00,2:13:00,1.46151396344
2016-09_2017-08,Dominio geográfico,Centros poblados y rural disperso,Vida social,Mujer,1:59:00,1:56:00,2:02:00,1.3580149311286
2016-09_2017-08,Dominio geográfico,Centros poblados y rural disperso,"Vida cultural, aficiones o deporte",Total,1:58:00,1:53:00,2:03:00,2.14631849662015
2016-09_2017-08,Dominio geográfico,Centros poblados y rural disperso,"Vida cultural, aficiones o deporte",Hombre,2:03:00,1:58:00,2:09:00,2.31603403456727
2016-09_2017-08,Dominio geográfico,Centros poblados y rural disperso,"Vida cultural, aficiones o deporte",Mujer,1:43:00,1:35:00,1:50:00,3.69573553541313
2016-09_2017-08,Dominio geográfico,Centros poblados y rural disperso,Uso de medios de comunicación,Total,3:08:00,3:04:00,3:13:00,1.23353872626328
2016-09_2017-08,Dominio geográfico,Centros poblados y rural disperso,Uso de medios de comunicación,Hombre,3:08:00,3:03:00,3:14:00,1.55585367893043
2016-09_2017-08,Dominio geográfico,Centros poblados y rural disperso,Uso de medios de comunicación,Mujer,3:08:00,3:04:00,3:13:00,1.2475716437763
2016-09_2017-08,Dominio geográfico,Centros poblados y rural disperso,Actividades de cuidado personal,Total,11:16:00,11:11:00,11:22:00,0.397036330642311
2016-09_2017-08,Dominio geográfico,Centros poblados y rural disperso,Actividades de cuidado personal,Hombre,11:11:00,11:05:00,11:18:00,0.520500224578462
2016-09_2017-08,Dominio geográfico,Centros poblados y rural disperso,Actividades de cuidado personal,Mujer,11:22:00,11:17:00,11:27:00,0.373423567510477
2016-09_2017-08,Dominio geográfico,Centros poblados y rural disperso,Vida religiosa,Total,0:43:00,0:41:00,0:46:00,3.35097091754187
2016-09_2017-08,Dominio geográfico,Centros poblados y rural disperso,Vida religiosa,Hombre,0:40:00,0:36:00,0:44:00,4.60676949331748
2016-09_2017-08,Dominio geográfico,Centros poblados y rural disperso,Vida religiosa,Mujer,0:46:00,0:43:00,0:49:00,3.17627033104255
2016-09_2017-08,Dominio geográfico,Centros poblados y rural disperso,Actividades conexas a las actividades personales,Total,1:04:00,0:58:00,1:11:00,5.42355796085261
2016-09_2017-08,Dominio geográfico,Centros poblados y rural disperso,Actividades conexas a las actividades personales,Hombre,0:59:00,0:53:00,1:05:00,4.91648092415769
2016-09_2017-08,Dominio geográfico,Centros poblados y rural disperso,Actividades conexas a las actividades personales,Mujer,1:10:00,0:57:00,1:22:00,9.16738926891614
2016-09_2017-08,Regiones,Caribe,Actividades personales,Total,17:40:00,17:34:00,17:45:00,0.270687586597923
2016-09_2017-08,Regiones,Caribe,Actividades personales,Hombre,17:47:00,17:39:00,17:54:00,0.362126905419655
2016-09_2017-08,Regiones,Caribe,Actividades personales,Mujer,17:33:00,17:27:00,17:39:00,0.29858175751389
2016-09_2017-08,Regiones,Caribe,Educación y formación,Total,5:51:00,5:37:00,6:06:00,2.0454353250013
2016-09_2017-08,Regiones,Caribe,Educación y formación,Hombre,5:55:00,5:40:00,6:11:00,2.26441317086451
2016-09_2017-08,Regiones,Caribe,Educación y formación,Mujer,5:47:00,5:32:00,6:03:00,2.27711913562072
2016-09_2017-08,Regiones,Caribe,Vida social,Total,2:18:00,2:15:00,2:21:00,1.02307249162653
2016-09_2017-08,Regiones,Caribe,Vida social,Hombre,2:24:00,2:20:00,2:27:00,1.16459002099997
2016-09_2017-08,Regiones,Caribe,Vida social,Mujer,2:12:00,2:09:00,2:15:00,1.08698743038713
2016-09_2017-08,Regiones,Caribe,"Vida cultural, aficiones o deporte",Total,2:03:00,1:59:00,2:08:00,1.78228981656171
2016-09_2017-08,Regiones,Caribe,"Vida cultural, aficiones o deporte",Hombre,2:08:00,2:02:00,2:13:00,2.03829451045116
2016-09_2017-08,Regiones,Caribe,"Vida cultural, aficiones o deporte",Mujer,1:52:00,1:46:00,1:58:00,2.84442828535913
2016-09_2017-08,Regiones,Caribe,Uso de medios de comunicación,Total,3:17:00,3:14:00,3:20:00,0.78101389096139
2016-09_2017-08,Regiones,Caribe,Uso de medios de comunicación,Hombre,3:21:00,3:17:00,3:24:00,0.939226933513544
2016-09_2017-08,Regiones,Caribe,Uso de medios de comunicación,Mujer,3:13:00,3:09:00,3:16:00,0.873993812071775
2016-09_2017-08,Regiones,Caribe,Actividades de cuidado personal,Total,11:23:00,11:18:00,11:28:00,0.372030361235493
2016-09_2017-08,Regiones,Caribe,Actividades de cuidado personal,Hombre,11:13:00,11:06:00,11:20:00,0.528832505092146
2016-09_2017-08,Regiones,Caribe,Actividades de cuidado personal,Mujer,11:33:00,11:28:00,11:37:00,0.314943958699218
2016-09_2017-08,Regiones,Caribe,Vida religiosa,Total,0:51:00,0:48:00,0:54:00,3.24760102996403
2016-09_2017-08,Regiones,Caribe,Vida religiosa,Hombre,0:51:00,0:46:00,0:56:00,5.07650121890658
2016-09_2017-08,Regiones,Caribe,Vida religiosa,Mujer,0:51:00,0:48:00,0:54:00,2.97743244329572
2016-09_2017-08,Regiones,Caribe,Actividades conexas a las actividades personales,Total,0:56:00,0:53:00,1:00:00,3.293022150379
2016-09_2017-08,Regiones,Caribe,Actividades conexas a las actividades personales,Hombre,0:56:00,0:52:00,1:00:00,3.67814336475142
2016-09_2017-08,Regiones,Caribe,Actividades conexas a las actividades personales,Mujer,0:57:00,0:52:00,1:02:00,4.25228103682893
2016-09_2017-08,Regiones,Central,Actividades personales,Total,17:38:00,17:32:00,17:45:00,0.305856359309519
2016-09_2017-08,Regiones,Central,Actividades personales,Hombre,17:52:00,17:44:00,18:00:00,0.370713141884231
2016-09_2017-08,Regiones,Central,Actividades personales,Mujer,17:26:00,17:19:00,17:33:00,0.327953901878117
2016-09_2017-08,Regiones,Central,Educación y formación,Total,6:07:00,5:58:00,6:16:00,1.24899705159325
2016-09_2017-08,Regiones,Central,Educación y formación,Hombre,6:08:00,5:58:00,6:19:00,1.49749326799339
2016-09_2017-08,Regiones,Central,Educación y formación,Mujer,6:06:00,5:55:00,6:18:00,1.6219716689443
2016-09_2017-08,Regiones,Central,Vida social,Total,2:18:00,2:15:00,2:21:00,1.07087948799536
2016-09_2017-08,Regiones,Central,Vida social,Hombre,2:24:00,2:20:00,2:27:00,1.22669195213074
2016-09_2017-08,Regiones,Central,Vida social,Mujer,2:12:00,2:09:00,2:15:00,1.15292251707395
2016-09_2017-08,Regiones,Central,"Vida cultural, aficiones o deporte",Total,2:03:00,1:59:00,2:07:00,1.58181414828473
2016-09_2017-08,Regiones,Central,"Vida cultural, aficiones o deporte",Hombre,2:10:00,2:05:00,2:14:00,1.74955696202275
2016-09_2017-08,Regiones,Central,"Vida cultural, aficiones o deporte",Mujer,1:51:00,1:46:00,1:56:00,2.20768132166509
2016-09_2017-08,Regiones,Central,Uso de medios de comunicación,Total,3:50:00,3:46:00,3:53:00,0.800482679012963
2016-09_2017-08,Regiones,Central,Uso de medios de comunicación,Hombre,3:56:00,3:52:00,4:01:00,0.965179546079214
2016-09_2017-08,Regiones,Central,Uso de medios de comunicación,Mujer,3:44:00,3:40:00,3:48:00,0.905164429580755
2016-09_2017-08,Regiones,Central,Actividades de cuidado personal,Total,10:47:00,10:44:00,10:51:00,0.277583294104795
2016-09_2017-08,Regiones,Central,Actividades de cuidado personal,Hombre,10:42:00,10:38:00,10:46:00,0.32494927062359
2016-09_2017-08,Regiones,Central,Actividades de cuidado personal,Mujer,10:52:00,10:49:00,10:56:00,0.2985604784252
2016-09_2017-08,Regiones,Central,Vida religiosa,Total,0:49:00,0:46:00,0:52:00,2.71300198184902
2016-09_2017-08,Regiones,Central,Vida religiosa,Hombre,0:47:00,0:44:00,0:51:00,3.82330961341087
2016-09_2017-08,Regiones,Central,Vida religiosa,Mujer,0:50:00,0:48:00,0:53:00,2.52277928318729
2016-09_2017-08,Regiones,Central,Actividades conexas a las actividades personales,Total,1:05:00,1:00:00,1:10:00,3.80583064583325
2016-09_2017-08,Regiones,Central,Actividades conexas a las actividades personales,Hombre,1:01:00,0:56:00,1:07:00,4.71619927197803
2016-09_2017-08,Regiones,Central,Actividades conexas a las actividades personales,Mujer,1:09:00,1:03:00,1:15:00,4.45940328916104
2016-09_2017-08,Regiones,Oriental,Actividades personales,Total,17:19:00,17:09:00,17:30:00,0.504994722096326
2016-09_2017-08,Regiones,Oriental,Actividades personales,Hombre,17:32:00,17:19:00,17:46:00,0.633325277380917
2016-09_2017-08,Regiones,Oriental,Actividades personales,Mujer,17:07:00,16:54:00,17:19:00,0.605202193933923
2016-09_2017-08,Regiones,Oriental,Educación y formación,Total,6:09:00,5:54:00,6:24:00,2.10963067648297
2016-09_2017-08,Regiones,Oriental,Educación y formación,Hombre,6:05:00,5:44:00,6:26:00,2.94198618210535
2016-09_2017-08,Regiones,Oriental,Educación y formación,Mujer,6:14:00,5:58:00,6:30:00,2.20481296865281
2016-09_2017-08,Regiones,Oriental,Vida social,Total,2:08:00,2:04:00,2:12:00,1.63288346933908
2016-09_2017-08,Regiones,Oriental,Vida social,Hombre,2:14:00,2:09:00,2:19:00,1.90614917962022
2016-09_2017-08,Regiones,Oriental,Vida social,Mujer,2:02:00,1:58:00,2:06:00,1.75788629038708
2016-09_2017-08,Regiones,Oriental,"Vida cultural, aficiones o deporte",Total,1:51:00,1:46:00,1:55:00,1.97191813081663
2016-09_2017-08,Regiones,Oriental,"Vida cultural, aficiones o deporte",Hombre,1:54:00,1:49:00,1:59:00,2.12998052145365
2016-09_2017-08,Regiones,Oriental,"Vida cultural, aficiones o deporte",Mujer,1:44:00,1:37:00,1:51:00,3.56925499714503
2016-09_2017-08,Regiones,Oriental,Uso de medios de comunicación,Total,3:49:00,3:43:00,3:56:00,1.43758384810611
2016-09_2017-08,Regiones,Oriental,Uso de medios de comunicación,Hombre,3:58:00,3:50:00,4:06:00,1.74811223251021
2016-09_2017-08,Regiones,Oriental,Uso de medios de comunicación,Mujer,3:41:00,3:35:00,3:48:00,1.5021627117209
2016-09_2017-08,Regiones,Oriental,Actividades de cuidado personal,Total,10:38:00,10:33:00,10:44:00,0.430750564378702
2016-09_2017-08,Regiones,Oriental,Actividades de cuidado personal,Hombre,10:35:00,10:29:00,10:41:00,0.503985147498661
2016-09_2017-08,Regiones,Oriental,Actividades de cuidado personal,Mujer,10:42:00,10:35:00,10:48:00,0.513878288127138
2016-09_2017-08,Regiones,Oriental,Vida religiosa,Total,0:46:00,0:43:00,0:50:00,3.85025988387466
2016-09_2017-08,Regiones,Oriental,Vida religiosa,Hombre,0:43:00,0:39:00,0:47:00,4.98375423307265
2016-09_2017-08,Regiones,Oriental,Vida religiosa,Mujer,0:49:00,0:45:00,0:53:00,4.13538329028724
2016-09_2017-08,Regiones,Oriental,Actividades conexas a las actividades personales,Total,1:10:00,1:00:00,1:19:00,7.14834332318856
2016-09_2017-08,Regiones,Oriental,Actividades conexas a las actividades personales,Hombre,1:03:00,0:55:00,1:12:00,6.61294664543978
2016-09_2017-08,Regiones,Oriental,Actividades conexas a las actividades personales,Mujer,1:15:00,1:00:00,1:30:00,10.1744761859126
2016-09_2017-08,Regiones,Pacífica,Actividades personales,Total,17:45:00,17:39:00,17:52:00,0.317839977632722
2016-09_2017-08,Regiones,Pacífica,Actividades personales,Hombre,17:56:00,17:48:00,18:05:00,0.420626225572334
2016-09_2017-08,Regiones,Pacífica,Actividades personales,Mujer,17:35:00,17:28:00,17:42:00,0.337190366002208
2016-09_2017-08,Regiones,Pacífica,Educación y formación,Total,5:54:00,5:43:00,6:06:00,1.67415837890242
2016-09_2017-08,Regiones,Pacífica,Educación y formación,Hombre,5:51:00,5:38:00,6:04:00,1.88156785652739
2016-09_2017-08,Regiones,Pacífica,Educación y formación,Mujer,5:58:00,5:43:00,6:13:00,2.16913959059157
2016-09_2017-08,Regiones,Pacífica,Vida social,Total,2:17:00,2:13:00,2:20:00,1.31199054414108
2016-09_2017-08,Regiones,Pacífica,Vida social,Hombre,2:19:00,2:15:00,2:23:00,1.58859398691559
2016-09_2017-08,Regiones,Pacífica,Vida social,Mujer,2:15:00,2:11:00,2:18:00,1.42098174453893
2016-09_2017-08,Regiones,Pacífica,"Vida cultural, aficiones o deporte",Total,1:55:00,1:50:00,2:00:00,2.19177517655843
2016-09_2017-08,Regiones,Pacífica,"Vida cultural, aficiones o deporte",Hombre,2:02:00,1:56:00,2:07:00,2.36495404722405
2016-09_2017-08,Regiones,Pacífica,"Vida cultural, aficiones o deporte",Mujer,1:41:00,1:35:00,1:47:00,3.15249103618171
2016-09_2017-08,Regiones,Pacífica,Uso de medios de comunicación,Total,3:43:00,3:39:00,3:47:00,0.892291911563746
2016-09_2017-08,Regiones,Pacífica,Uso de medios de comunicación,Hombre,3:50:00,3:45:00,3:55:00,1.12021303239437
2016-09_2017-08,Regiones,Pacífica,Uso de medios de comunicación,Mujer,3:36:00,3:32:00,3:40:00,1.02201686770373
2016-09_2017-08,Regiones,Pacífica,Actividades de cuidado personal,Total,10:49:00,10:45:00,10:53:00,0.296618013405654
2016-09_2017-08,Regiones,Pacífica,Actividades de cuidado personal,Hombre,10:44:00,10:39:00,10:48:00,0.39257494945671
2016-09_2017-08,Regiones,Pacífica,Actividades de cuidado personal,Mujer,10:54:00,10:50:00,10:58:00,0.327743733196116
2016-09_2017-08,Regiones,Pacífica,Vida religiosa,Total,0:42:00,0:40:00,0:45:00,2.88277993849731
2016-09_2017-08,Regiones,Pacífica,Vida religiosa,Hombre,0:39:00,0:36:00,0:42:00,4.40392812670457
2016-09_2017-08,Regiones,Pacífica,Vida religiosa,Mujer,0:44:00,0:42:00,0:47:00,2.77557470320069
2016-09_2017-08,Regiones,Pacífica,Actividades conexas a las actividades personales,Total,0:56:00,0:52:00,0:59:00,3.50131154721436
2016-09_2017-08,Regiones,Pacífica,Actividades conexas a las actividades personales,Hombre,0:55:00,0:50:00,1:00:00,4.86287269025622
2016-09_2017-08,Regiones,Pacífica,Actividades conexas a las actividades personales,Mujer,0:56:00,0:51:00,1:01:00,4.51571205477422
2016-09_2017-08,Regiones,Bogotá,Actividades personales,Total,16:31:00,16:20:00,16:41:00,0.538646605430395
2016-09_2017-08,Regiones,Bogotá,Actividades personales,Hombre,16:37:00,16:26:00,16:48:00,0.566887839121862
2016-09_2017-08,Regiones,Bogotá,Actividades personales,Mujer,16:25:00,16:14:00,16:37:00,0.583960562032308
2016-09_2017-08,Regiones,Bogotá,Educación y formación,Total,6:39:00,6:28:00,6:50:00,1.40839059491145
2016-09_2017-08,Regiones,Bogotá,Educación y formación,Hombre,6:41:00,6:27:00,6:54:00,1.77675852731751
2016-09_2017-08,Regiones,Bogotá,Educación y formación,Mujer,6:38:00,6:26:00,6:51:00,1.64611495673201
2016-09_2017-08,Regiones,Bogotá,Vida social,Total,2:35:00,2:26:00,2:44:00,2.83271534372322
2016-09_2017-08,Regiones,Bogotá,Vida social,Hombre,2:36:00,2:27:00,2:44:00,2.85947020087132
2016-09_2017-08,Regiones,Bogotá,Vida social,Mujer,2:35:00,2:26:00,2:44:00,2.95951512535567
2016-09_2017-08,Regiones,Bogotá,"Vida cultural, aficiones o deporte",Total,2:03:00,1:57:00,2:10:00,2.74855483972627
2016-09_2017-08,Regiones,Bogotá,"Vida cultural, aficiones o deporte",Hombre,2:05:00,1:59:00,2:12:00,2.72937412700544
2016-09_2017-08,Regiones,Bogotá,"Vida cultural, aficiones o deporte",Mujer,2:00:00,1:51:00,2:09:00,3.78691274219476
2016-09_2017-08,Regiones,Bogotá,Uso de medios de comunicación,Total,3:55:00,3:51:00,4:00:00,1.02790577270832
2016-09_2017-08,Regiones,Bogotá,Uso de medios de comunicación,Hombre,3:59:00,3:54:00,4:04:00,1.11187737964481
2016-09_2017-08,Regiones,Bogotá,Uso de medios de comunicación,Mujer,3:52:00,3:47:00,3:57:00,1.14550951426109
2016-09_2017-08,Regiones,Bogotá,Actividades de cuidado personal,Total,9:30:00,9:26:00,9:33:00,0.278139714031033
2016-09_2017-08,Regiones,Bogotá,Actividades de cuidado personal,Hombre,9:23:00,9:20:00,9:27:00,0.319211741122655
2016-09_2017-08,Regiones,Bogotá,Actividades de cuidado personal,Mujer,9:35:00,9:32:00,9:39:00,0.311088096502442
2016-09_2017-08,Regiones,Bogotá,Vida religiosa,Total,0:59:00,0:55:00,1:03:00,3.37520402233833
2016-09_2017-08,Regiones,Bogotá,Vida religiosa,Hombre,1:01:00,0:55:00,1:06:00,4.64752578822439
2016-09_2017-08,Regiones,Bogotá,Vida religiosa,Mujer,0:59:00,0:55:00,1:03:00,3.36586486526124
2016-09_2017-08,Regiones,Bogotá,Actividades conexas a las actividades personales,Total,1:23:00,1:18:00,1:27:00,2.67405388406898
2016-09_2017-08,Regiones,Bogotá,Actividades conexas a las actividades personales,Hombre,1:21:00,1:15:00,1:26:00,3.45459560403086
2016-09_2017-08,Regiones,Bogotá,Actividades conexas a las actividades personales,Mujer,1:25:00,1:19:00,1:30:00,3.18110853324068
2016-09_2017-08,Regiones,San Andrés,Actividades personales,Total,16:21:00,16:00:00,16:41:00,1.06716650869336
2016-09_2017-08,Regiones,San Andrés,Actividades personales,Hombre,16:44:00,16:20:00,17:07:00,1.18989674669554
2016-09_2017-08,Regiones,San Andrés,Actividades personales,Mujer,15:59:00,15:34:00,16:24:00,1.31433109636309
2016-09_2017-08,Regiones,San Andrés,Educación y formación,Total,5:45:00,5:17:00,6:13:00,4.15412747911759
2016-09_2017-08,Regiones,San Andrés,Educación y formación,Hombre,5:45:00,5:10:00,6:21:00,5.27064884417093
2016-09_2017-08,Regiones,San Andrés,Educación y formación,Mujer,5:44:00,5:07:00,6:21:00,5.55240754260741
2016-09_2017-08,Regiones,San Andrés,Vida social,Total,1:30:00,1:23:00,1:37:00,3.76589114508005
2016-09_2017-08,Regiones,San Andrés,Vida social,Hombre,1:38:00,1:30:00,1:47:00,4.23286908903371
2016-09_2017-08,Regiones,San Andrés,Vida social,Mujer,1:21:00,1:14:00,1:29:00,4.62727004082432
2016-09_2017-08,Regiones,San Andrés,"Vida cultural, aficiones o deporte",Total,2:02:00,1:50:00,2:14:00,4.98307060653424
2016-09_2017-08,Regiones,San Andrés,"Vida cultural, aficiones o deporte",Hombre,2:07:00,1:54:00,2:20:00,5.31107401224226
2016-09_2017-08,Regiones,San Andrés,"Vida cultural, aficiones o deporte",Mujer,1:52:00,1:37:00,2:07:00,6.78738908760513
2016-09_2017-08,Regiones,San Andrés,Uso de medios de comunicación,Total,4:54:00,4:42:00,5:05:00,1.95077508330903
2016-09_2017-08,Regiones,San Andrés,Uso de medios de comunicación,Hombre,5:04:00,4:50:00,5:17:00,2.25750471022693
2016-09_2017-08,Regiones,San Andrés,Uso de medios de comunicación,Mujer,4:44:00,4:32:00,4:57:00,2.23750026989124
2016-09_2017-08,Regiones,San Andrés,Actividades de cuidado personal,Total,9:52:00,9:40:00,10:04:00,1.0422808523721
2016-09_2017-08,Regiones,San Andrés,Actividades de cuidado personal,Hombre,9:51:00,9:38:00,10:03:00,1.10104281942066
2016-09_2017-08,Regiones,San Andrés,Actividades de cuidado personal,Mujer,9:54:00,9:40:00,10:08:00,1.18146806720623
2016-09_2017-08,Regiones,San Andrés,Vida religiosa,Total,0:53:00,0:45:00,1:01:00,7.43473084705789
2016-09_2017-08,Regiones,San Andrés,Vida religiosa,Hombre,0:56:00,0:45:00,1:07:00,10.225235106359
2016-09_2017-08,Regiones,San Andrés,Vida religiosa,Mujer,0:51:00,0:44:00,0:59:00,7.80910372812186
2016-09_2017-08,Regiones,San Andrés,Actividades conexas a las actividades personales,Total,0:30:00,0:23:00,0:36:00,11.281035074681
2016-09_2017-08,Regiones,San Andrés,Actividades conexas a las actividades personales,Hombre,0:34:00,0:22:00,0:46:00,17.9613834039652
2016-09_2017-08,Regiones,San Andrés,Actividades conexas a las actividades personales,Mujer,0:25:00,0:23:00,0:26:00,3.50922583772547
2016-09_2017-08,Grupos de edad,De 10 a 17 años,Actividades personales,Total,22:05:00,21:59:00,22:12:00,0.244058125684426
2016-09_2017-08,Grupos de edad,De 10 a 17 años,Actividades personales,Hombre,22:09:00,22:01:00,22:16:00,0.274074380598737
2016-09_2017-08,Grupos de edad,De 10 a 17 años,Actividades personales,Mujer,22:02:00,21:53:00,22:11:00,0.341368446131859
2016-09_2017-08,Grupos de edad,De 10 a 17 años,Educación y formación,Total,6:25:00,6:17:00,6:32:00,0.969041970648322
2016-09_2017-08,Grupos de edad,De 10 a 17 años,Educación y formación,Hombre,6:20:00,6:11:00,6:29:00,1.20460381187239
2016-09_2017-08,Grupos de edad,De 10 a 17 años,Educación y formación,Mujer,6:30:00,6:22:00,6:38:00,1.09172284126963
2016-09_2017-08,Grupos de edad,De 10 a 17 años,Vida social,Total,2:19:00,2:17:00,2:22:00,0.949415794713573
2016-09_2017-08,Grupos de edad,De 10 a 17 años,Vida social,Hombre,2:20:00,2:17:00,2:23:00,1.20106168947907
2016-09_2017-08,Grupos de edad,De 10 a 17 años,Vida social,Mujer,2:19:00,2:15:00,2:22:00,1.19739624979552
2016-09_2017-08,Grupos de edad,De 10 a 17 años,"Vida cultural, aficiones o deporte",Total,2:10:00,2:07:00,2:14:00,1.26456348842818
2016-09_2017-08,Grupos de edad,De 10 a 17 años,"Vida cultural, aficiones o deporte",Hombre,2:15:00,2:11:00,2:18:00,1.39610045745514
2016-09_2017-08,Grupos de edad,De 10 a 17 años,"Vida cultural, aficiones o deporte",Mujer,2:00:00,1:55:00,2:05:00,2.25158718393126
2016-09_2017-08,Grupos de edad,De 10 a 17 años,Uso de medios de comunicación,Total,4:12:00,4:08:00,4:15:00,0.791010889919756
2016-09_2017-08,Grupos de edad,De 10 a 17 años,Uso de medios de comunicación,Hombre,4:12:00,4:08:00,4:17:00,0.955062047192072
2016-09_2017-08,Grupos de edad,De 10 a 17 años,Uso de medios de comunicación,Mujer,4:11:00,4:06:00,4:15:00,1.01220161976618
2016-09_2017-08,Grupos de edad,De 10 a 17 años,Actividades de cuidado personal,Total,11:30:00,11:26:00,11:34:00,0.284223047674939
2016-09_2017-08,Grupos de edad,De 10 a 17 años,Actividades de cuidado personal,Hombre,11:21:00,11:17:00,11:26:00,0.336537221448734
2016-09_2017-08,Grupos de edad,De 10 a 17 años,Actividades de cuidado personal,Mujer,11:41:00,11:36:00,11:45:00,0.344357873731061
2016-09_2017-08,Grupos de edad,De 10 a 17 años,Vida religiosa,Total,0:50:00,0:45:00,0:54:00,4.90067882849352
2016-09_2017-08,Grupos de edad,De 10 a 17 años,Vida religiosa,Hombre,0:52:00,0:45:00,0:58:00,6.40790024073861
2016-09_2017-08,Grupos de edad,De 10 a 17 años,Vida religiosa,Mujer,0:48:00,0:43:00,0:53:00,5.20737805439005
2016-09_2017-08,Grupos de edad,De 10 a 17 años,Actividades conexas a las actividades personales,Total,0:47:00,0:46:00,0:49:00,1.97830570685533
2016-09_2017-08,Grupos de edad,De 10 a 17 años,Actividades conexas a las actividades personales,Hombre,0:47:00,0:45:00,0:49:00,2.63297292542207
2016-09_2017-08,Grupos de edad,De 10 a 17 años,Actividades conexas a las actividades personales,Mujer,0:48:00,0:46:00,0:50:00,2.46294367863601
2016-09_2017-08,Grupos de edad,De 18 a 29 años,Actividades personales,Total,17:41:00,17:35:00,17:46:00,0.283276725271218
2016-09_2017-08,Grupos de edad,De 18 a 29 años,Actividades personales,Hombre,17:55:00,17:47:00,18:04:00,0.397334886820576
2016-09_2017-08,Grupos de edad,De 18 a 29 años,Actividades personales,Mujer,17:26:00,17:20:00,17:33:00,0.31487464255582
2016-09_2017-08,Grupos de edad,De 18 a 29 años,Educación y formación,Total,5:59:00,5:51:00,6:06:00,1.08493676880443
2016-09_2017-08,Grupos de edad,De 18 a 29 años,Educación y formación,Hombre,6:04:00,5:53:00,6:15:00,1.53240922661302
2016-09_2017-08,Grupos de edad,De 18 a 29 años,Educación y formación,Mujer,5:53:00,5:44:00,6:03:00,1.38957054905234
2016-09_2017-08,Grupos de edad,De 18 a 29 años,Vida social,Total,2:24:00,2:22:00,2:27:00,0.967099888349579
2016-09_2017-08,Grupos de edad,De 18 a 29 años,Vida social,Hombre,2:31:00,2:28:00,2:35:00,1.14198077063068
2016-09_2017-08,Grupos de edad,De 18 a 29 años,Vida social,Mujer,2:17:00,2:14:00,2:20:00,1.09985007968767
2016-09_2017-08,Grupos de edad,De 18 a 29 años,"Vida cultural, aficiones o deporte",Total,1:59:00,1:56:00,2:01:00,1.21575955187065
2016-09_2017-08,Grupos de edad,De 18 a 29 años,"Vida cultural, aficiones o deporte",Hombre,2:01:00,1:58:00,2:05:00,1.39716035536579
2016-09_2017-08,Grupos de edad,De 18 a 29 años,"Vida cultural, aficiones o deporte",Mujer,1:52:00,1:48:00,1:57:00,1.99730776094858
2016-09_2017-08,Grupos de edad,De 18 a 29 años,Uso de medios de comunicación,Total,3:54:00,3:51:00,3:58:00,0.684909256924883
2016-09_2017-08,Grupos de edad,De 18 a 29 años,Uso de medios de comunicación,Hombre,4:04:00,4:00:00,4:09:00,0.940633091493716
2016-09_2017-08,Grupos de edad,De 18 a 29 años,Uso de medios de comunicación,Mujer,3:45:00,3:41:00,3:48:00,0.781234212550881
2016-09_2017-08,Grupos de edad,De 18 a 29 años,Actividades de cuidado personal,Total,10:30:00,10:27:00,10:33:00,0.214993376274078
2016-09_2017-08,Grupos de edad,De 18 a 29 años,Actividades de cuidado personal,Hombre,10:21:00,10:17:00,10:24:00,0.294194982449158
2016-09_2017-08,Grupos de edad,De 18 a 29 años,Actividades de cuidado personal,Mujer,10:39:00,10:36:00,10:42:00,0.252642424571899
2016-09_2017-08,Grupos de edad,De 18 a 29 años,Vida religiosa,Total,0:42:00,0:39:00,0:44:00,3.11933405304711
2016-09_2017-08,Grupos de edad,De 18 a 29 años,Vida religiosa,Hombre,0:43:00,0:39:00,0:47:00,4.85692111839429
2016-09_2017-08,Grupos de edad,De 18 a 29 años,Vida religiosa,Mujer,0:41:00,0:38:00,0:44:00,3.72292018059227
2016-09_2017-08,Grupos de edad,De 18 a 29 años,Actividades conexas a las actividades personales,Total,1:26:00,1:22:00,1:31:00,2.71434668849119
2016-09_2017-08,Grupos de edad,De 18 a 29 años,Actividades conexas a las actividades personales,Hombre,1:23:00,1:17:00,1:29:00,3.70668956191325
2016-09_2017-08,Grupos de edad,De 18 a 29 años,Actividades conexas a las actividades personales,Mujer,1:30:00,1:24:00,1:35:00,3.14872638577653
2016-09_2017-08,Grupos de edad,De 30 a 39 años,Actividades personales,Total,15:41:00,15:35:00,15:47:00,0.332905968698356
2016-09_2017-08,Grupos de edad,De 30 a 39 años,Actividades personales,Hombre,15:47:00,15:39:00,15:56:00,0.44350063779686
2016-09_2017-08,Grupos de edad,De 30 a 39 años,Actividades personales,Mujer,15:35:00,15:29:00,15:42:00,0.358191688022505
2016-09_2017-08,Grupos de edad,De 30 a 39 años,Educación y formación,Total,4:06:00,3:54:00,4:19:00,2.58113002819949
2016-09_2017-08,Grupos de edad,De 30 a 39 años,Educación y formación,Hombre,4:04:00,3:44:00,4:23:00,4.06125170337653
2016-09_2017-08,Grupos de edad,De 30 a 39 años,Educación y formación,Mujer,4:08:00,3:52:00,4:24:00,3.28356954329151
2016-09_2017-08,Grupos de edad,De 30 a 39 años,Vida social,Total,2:13:00,2:10:00,2:15:00,1.08228807509304
2016-09_2017-08,Grupos de edad,De 30 a 39 años,Vida social,Hombre,2:17:00,2:13:00,2:20:00,1.36756950703431
2016-09_2017-08,Grupos de edad,De 30 a 39 años,Vida social,Mujer,2:09:00,2:05:00,2:12:00,1.2778574920915
2016-09_2017-08,Grupos de edad,De 30 a 39 años,"Vida cultural, aficiones o deporte",Total,1:51:00,1:46:00,1:56:00,2.30347786196338
2016-09_2017-08,Grupos de edad,De 30 a 39 años,"Vida cultural, aficiones o deporte",Hombre,1:55:00,1:49:00,2:01:00,2.62038616232315
2016-09_2017-08,Grupos de edad,De 30 a 39 años,"Vida cultural, aficiones o deporte",Mujer,1:44:00,1:38:00,1:51:00,3.35815739259325
2016-09_2017-08,Grupos de edad,De 30 a 39 años,Uso de medios de comunicación,Total,3:34:00,3:30:00,3:38:00,0.929760840218567
2016-09_2017-08,Grupos de edad,De 30 a 39 años,Uso de medios de comunicación,Hombre,3:39:00,3:34:00,3:44:00,1.19509973808213
2016-09_2017-08,Grupos de edad,De 30 a 39 años,Uso de medios de comunicación,Mujer,3:29:00,3:25:00,3:33:00,1.07153945870948
2016-09_2017-08,Grupos de edad,De 30 a 39 años,Actividades de cuidado personal,Total,10:05:00,10:02:00,10:08:00,0.235562513643808
2016-09_2017-08,Grupos de edad,De 30 a 39 años,Actividades de cuidado personal,Hombre,9:59:00,9:55:00,10:03:00,0.34801436089786
2016-09_2017-08,Grupos de edad,De 30 a 39 años,Actividades de cuidado personal,Mujer,10:10:00,10:07:00,10:13:00,0.261995577095841
2016-09_2017-08,Grupos de edad,De 30 a 39 años,Vida religiosa,Total,0:44:00,0:42:00,0:47:00,3.11916437457735
2016-09_2017-08,Grupos de edad,De 30 a 39 años,Vida religiosa,Hombre,0:43:00,0:39:00,0:48:00,5.21377080281242
2016-09_2017-08,Grupos de edad,De 30 a 39 años,Vida religiosa,Mujer,0:45:00,0:42:00,0:48:00,3.29111434010863
2016-09_2017-08,Grupos de edad,De 30 a 39 años,Actividades conexas a las actividades personales,Total,1:24:00,1:14:00,1:33:00,5.81062314499438
2016-09_2017-08,Grupos de edad,De 30 a 39 años,Actividades conexas a las actividades personales,Hombre,1:19:00,1:07:00,1:32:00,8.14776361368359
2016-09_2017-08,Grupos de edad,De 30 a 39 años,Actividades conexas a las actividades personales,Mujer,1:27:00,1:14:00,1:39:00,7.42774444208276
2016-09_2017-08,Grupos de edad,De 40 a 49 años,Actividades personales,Total,15:27:00,15:21:00,15:32:00,0.294649762737658
2016-09_2017-08,Grupos de edad,De 40 a 49 años,Actividades personales,Hombre,15:32:00,15:25:00,15:39:00,0.403032888599753
2016-09_2017-08,Grupos de edad,De 40 a 49 años,Actividades personales,Mujer,15:22:00,15:15:00,15:29:00,0.366619467158676
2016-09_2017-08,Grupos de edad,De 40 a 49 años,Educación y formación,Total,3:41:00,3:20:00,4:02:00,4.85421682625679
2016-09_2017-08,Grupos de edad,De 40 a 49 años,Educación y formación,Hombre,3:31:00,3:06:00,3:55:00,5.9174376243013
2016-09_2017-08,Grupos de edad,De 40 a 49 años,Educación y formación,Mujer,3:49:00,3:17:00,4:20:00,7.00699018115534
2016-09_2017-08,Grupos de edad,De 40 a 49 años,Vida social,Total,2:13:00,2:10:00,2:16:00,1.11014580359736
2016-09_2017-08,Grupos de edad,De 40 a 49 años,Vida social,Hombre,2:18:00,2:14:00,2:21:00,1.40891942207275
2016-09_2017-08,Grupos de edad,De 40 a 49 años,Vida social,Mujer,2:08:00,2:05:00,2:12:00,1.31707127520575
2016-09_2017-08,Grupos de edad,De 40 a 49 años,"Vida cultural, aficiones o deporte",Total,1:52:00,1:46:00,1:58:00,2.74643911218882
2016-09_2017-08,Grupos de edad,De 40 a 49 años,"Vida cultural, aficiones o deporte",Hombre,1:58:00,1:52:00,2:05:00,2.91792163330144
2016-09_2017-08,Grupos de edad,De 40 a 49 años,"Vida cultural, aficiones o deporte",Mujer,1:41:00,1:32:00,1:49:00,4.36811037817473
2016-09_2017-08,Grupos de edad,De 40 a 49 años,Uso de medios de comunicación,Total,3:24:00,3:21:00,3:27:00,0.788435369207521
2016-09_2017-08,Grupos de edad,De 40 a 49 años,Uso de medios de comunicación,Hombre,3:28:00,3:24:00,3:31:00,0.944291208422933
2016-09_2017-08,Grupos de edad,De 40 a 49 años,Uso de medios de comunicación,Mujer,3:21:00,3:16:00,3:25:00,1.10839183523714
2016-09_2017-08,Grupos de edad,De 40 a 49 años,Actividades de cuidado personal,Total,10:05:00,10:02:00,10:08:00,0.264116233349352
2016-09_2017-08,Grupos de edad,De 40 a 49 años,Actividades de cuidado personal,Hombre,10:01:00,9:57:00,10:05:00,0.349165835955027
2016-09_2017-08,Grupos de edad,De 40 a 49 años,Actividades de cuidado personal,Mujer,10:09:00,10:05:00,10:13:00,0.333001234833398
2016-09_2017-08,Grupos de edad,De 40 a 49 años,Vida religiosa,Total,0:46:00,0:43:00,0:48:00,2.77686370700477
2016-09_2017-08,Grupos de edad,De 40 a 49 años,Vida religiosa,Hombre,0:44:00,0:41:00,0:48:00,3.89857895123933
2016-09_2017-08,Grupos de edad,De 40 a 49 años,Vida religiosa,Mujer,0:47:00,0:44:00,0:50:00,3.12668936984184
2016-09_2017-08,Grupos de edad,De 40 a 49 años,Actividades conexas a las actividades personales,Total,1:32:00,1:19:00,1:46:00,7.57869955412173
2016-09_2017-08,Grupos de edad,De 40 a 49 años,Actividades conexas a las actividades personales,Hombre,1:38:00,1:16:00,2:01:00,11.5964864289288
2016-09_2017-08,Grupos de edad,De 40 a 49 años,Actividades conexas a las actividades personales,Mujer,1:28:00,1:13:00,1:44:00,9.05409672453284
2016-09_2017-08,Grupos de edad,De 50 a 59 años,Actividades personales,Total,15:33:00,15:28:00,15:39:00,0.313082166416312
2016-09_2017-08,Grupos de edad,De 50 a 59 años,Actividades personales,Hombre,15:28:00,15:20:00,15:36:00,0.431452067911193
2016-09_2017-08,Grupos de edad,De 50 a 59 años,Actividades personales,Mujer,15:38:00,15:31:00,15:45:00,0.390165572406584
2016-09_2017-08,Grupos de edad,De 50 a 59 años,Educación y formación,Total,3:17:00,2:46:00,3:49:00,8.09115122675976
2016-09_2017-08,Grupos de edad,De 50 a 59 años,Educación y formación,Hombre,3:24:00,2:23:00,4:25:00,15.255504015324
2016-09_2017-08,Grupos de edad,De 50 a 59 años,Educación y formación,Mujer,3:13:00,2:39:00,3:46:00,8.8535116069265
2016-09_2017-08,Grupos de edad,De 50 a 59 años,Vida social,Total,2:14:00,2:11:00,2:16:00,1.07826417434105
2016-09_2017-08,Grupos de edad,De 50 a 59 años,Vida social,Hombre,2:16:00,2:13:00,2:20:00,1.42245887852691
2016-09_2017-08,Grupos de edad,De 50 a 59 años,Vida social,Mujer,2:11:00,2:08:00,2:14:00,1.23250499464454
2016-09_2017-08,Grupos de edad,De 50 a 59 años,"Vida cultural, aficiones o deporte",Total,1:42:00,1:35:00,1:48:00,3.21866122325634
2016-09_2017-08,Grupos de edad,De 50 a 59 años,"Vida cultural, aficiones o deporte",Hombre,1:45:00,1:35:00,1:55:00,4.73752353286018
2016-09_2017-08,Grupos de edad,De 50 a 59 años,"Vida cultural, aficiones o deporte",Mujer,1:37:00,1:30:00,1:44:00,3.64829350419721
2016-09_2017-08,Grupos de edad,De 50 a 59 años,Uso de medios de comunicación,Total,3:22:00,3:19:00,3:25:00,0.832661104147264
2016-09_2017-08,Grupos de edad,De 50 a 59 años,Uso de medios de comunicación,Hombre,3:25:00,3:20:00,3:30:00,1.25478692576518
2016-09_2017-08,Grupos de edad,De 50 a 59 años,Uso de medios de comunicación,Mujer,3:19:00,3:16:00,3:23:00,0.97554018850465
2016-09_2017-08,Grupos de edad,De 50 a 59 años,Actividades de cuidado personal,Total,10:13:00,10:10:00,10:16:00,0.281871288600586
2016-09_2017-08,Grupos de edad,De 50 a 59 años,Actividades de cuidado personal,Hombre,10:08:00,10:04:00,10:13:00,0.383814274621205
2016-09_2017-08,Grupos de edad,De 50 a 59 años,Actividades de cuidado personal,Mujer,10:17:00,10:13:00,10:22:00,0.35741239024876
2016-09_2017-08,Grupos de edad,De 50 a 59 años,Vida religiosa,Total,0:48:00,0:46:00,0:51:00,2.24273084744753
2016-09_2017-08,Grupos de edad,De 50 a 59 años,Vida religiosa,Hombre,0:43:00,0:40:00,0:46:00,3.73557258189471
2016-09_2017-08,Grupos de edad,De 50 a 59 años,Vida religiosa,Mujer,0:51:00,0:48:00,0:54:00,2.580443777728
2016-09_2017-08,Grupos de edad,De 50 a 59 años,Actividades conexas a las actividades personales,Total,1:35:00,1:10:00,2:00:00,13.4844959179509
2016-09_2017-08,Grupos de edad,De 50 a 59 años,Actividades conexas a las actividades personales,Hombre,1:23:00,1:08:00,1:38:00,9.27297182413375
2016-09_2017-08,Grupos de edad,De 50 a 59 años,Actividades conexas a las actividades personales,Mujer,1:43:00,1:03:00,2:23:00,19.8242136781711
2016-09_2017-08,Grupos de edad,De 60 a 75 años,Actividades personales,Total,16:56:00,16:50:00,17:02:00,0.309062422167827
2016-09_2017-08,Grupos de edad,De 60 a 75 años,Actividades personales,Hombre,16:59:00,16:51:00,17:08:00,0.428545201370604
2016-09_2017-08,Grupos de edad,De 60 a 75 años,Actividades personales,Mujer,16:53:00,16:46:00,17:00:00,0.353803313526779
2016-09_2017-08,Grupos de edad,De 60 a 75 años,Educación y formación,Total,2:57:00,2:20:00,3:35:00,10.7846232573995
2016-09_2017-08,Grupos de edad,De 60 a 75 años,Educación y formación,Hombre,3:26:00,2:28:00,4:24:00,14.3883370662191
2016-09_2017-08,Grupos de edad,De 60 a 75 años,Educación y formación,Mujer,2:44:00,2:10:00,3:18:00,10.5902558427989
2016-09_2017-08,Grupos de edad,De 60 a 75 años,Vida social,Total,2:22:00,2:18:00,2:25:00,1.23534288239601
2016-09_2017-08,Grupos de edad,De 60 a 75 años,Vida social,Hombre,2:27:00,2:22:00,2:31:00,1.56588688833094
2016-09_2017-08,Grupos de edad,De 60 a 75 años,Vida social,Mujer,2:18:00,2:14:00,2:21:00,1.35193764199387
2016-09_2017-08,Grupos de edad,De 60 a 75 años,"Vida cultural, aficiones o deporte",Total,1:42:00,1:35:00,1:48:00,3.21500999957547
2016-09_2017-08,Grupos de edad,De 60 a 75 años,"Vida cultural, aficiones o deporte",Hombre,1:48:00,1:38:00,1:59:00,4.79359279215984
2016-09_2017-08,Grupos de edad,De 60 a 75 años,"Vida cultural, aficiones o deporte",Mujer,1:33:00,1:27:00,1:39:00,3.43069669794454
2016-09_2017-08,Grupos de edad,De 60 a 75 años,Uso de medios de comunicación,Total,3:35:00,3:32:00,3:38:00,0.799198222366981
2016-09_2017-08,Grupos de edad,De 60 a 75 años,Uso de medios de comunicación,Hombre,3:41:00,3:36:00,3:46:00,1.1257077783946
2016-09_2017-08,Grupos de edad,De 60 a 75 años,Uso de medios de comunicación,Mujer,3:30:00,3:26:00,3:34:00,0.974556764045576
2016-09_2017-08,Grupos de edad,De 60 a 75 años,Actividades de cuidado personal,Total,11:08:00,11:04:00,11:13:00,0.322424448475337
2016-09_2017-08,Grupos de edad,De 60 a 75 años,Actividades de cuidado personal,Hombre,11:07:00,11:01:00,11:13:00,0.44421038946478
2016-09_2017-08,Grupos de edad,De 60 a 75 años,Actividades de cuidado personal,Mujer,11:09:00,11:04:00,11:15:00,0.386595257446562
2016-09_2017-08,Grupos de edad,De 60 a 75 años,Vida religiosa,Total,0:53:00,0:51:00,0:55:00,1.90744880721339
2016-09_2017-08,Grupos de edad,De 60 a 75 años,Vida religiosa,Hombre,0:49:00,0:46:00,0:53:00,4.01547155071811
2016-09_2017-08,Grupos de edad,De 60 a 75 años,Vida religiosa,Mujer,0:55:00,0:54:00,0:57:00,1.78222685339851
2016-09_2017-08,Grupos de edad,De 60 a 75 años,Actividades conexas a las actividades personales,Total,1:27:00,1:14:00,1:40:00,7.52007613319654
2016-09_2017-08,Grupos de edad,De 60 a 75 años,Actividades conexas a las actividades personales,Hombre,1:29:00,1:10:00,1:47:00,10.8025440389098
2016-09_2017-08,Grupos de edad,De 60 a 75 años,Actividades conexas a las actividades personales,Mujer,1:26:00,1:09:00,1:43:00,9.86662427307645
2016-09_2017-08,Grupos de edad,De 76 años y más,Actividades personales,Total,19:17:00,19:05:00,19:28:00,0.509428046323835
2016-09_2017-08,Grupos de edad,De 76 años y más,Actividades personales,Hombre,19:27:00,19:09:00,19:45:00,0.780479262708337
2016-09_2017-08,Grupos de edad,De 76 años y más,Actividades personales,Mujer,19:09:00,18:54:00,19:23:00,0.654237276249782
2016-09_2017-08,Grupos de edad,De 76 años y más,Educación y formación,Total,2:03:00,1:15:00,2:51:00,19.8600543001909
2016-09_2017-08,Grupos de edad,De 76 años y más,Educación y formación,Hombre,2:03:00,1:15:00,2:51:00,19.8600543001909
2016-09_2017-08,Grupos de edad,De 76 años y más,Educación y formación,Mujer,2:03:00,1:15:00,2:51:00,19.8600543001909
2016-09_2017-08,Grupos de edad,De 76 años y más,Vida social,Total,2:27:00,2:23:00,2:31:00,1.42552225197689
2016-09_2017-08,Grupos de edad,De 76 años y más,Vida social,Hombre,2:34:00,2:27:00,2:40:00,2.10516842371884
2016-09_2017-08,Grupos de edad,De 76 años y más,Vida social,Mujer,2:22:00,2:18:00,2:27:00,1.69688419579124
2016-09_2017-08,Grupos de edad,De 76 años y más,"Vida cultural, aficiones o deporte",Total,1:46:00,1:32:00,2:00:00,6.53452105712719
2016-09_2017-08,Grupos de edad,De 76 años y más,"Vida cultural, aficiones o deporte",Hombre,1:56:00,1:34:00,2:17:00,9.35469658205047
2016-09_2017-08,Grupos de edad,De 76 años y más,"Vida cultural, aficiones o deporte",Mujer,1:35:00,1:21:00,1:50:00,7.80104130869226
2016-09_2017-08,Grupos de edad,De 76 años y más,Uso de medios de comunicación,Total,3:44:00,3:39:00,3:50:00,1.24014830482897
2016-09_2017-08,Grupos de edad,De 76 años y más,Uso de medios de comunicación,Hombre,3:52:00,3:44:00,4:00:00,1.6753409256107
2016-09_2017-08,Grupos de edad,De 76 años y más,Uso de medios de comunicación,Mujer,3:38:00,3:32:00,3:45:00,1.58496635541338
2016-09_2017-08,Grupos de edad,De 76 años y más,Actividades de cuidado personal,Total,13:35:00,13:22:00,13:47:00,0.780604605295408
2016-09_2017-08,Grupos de edad,De 76 años y más,Actividades de cuidado personal,Hombre,13:43:00,13:19:00,14:07:00,1.47056495938308
2016-09_2017-08,Grupos de edad,De 76 años y más,Actividades de cuidado personal,Mujer,13:29:00,13:17:00,13:40:00,0.740519596914555
2016-09_2017-08,Grupos de edad,De 76 años y más,Vida religiosa,Total,0:56:00,0:54:00,0:59:00,2.23524207569576
2016-09_2017-08,Grupos de edad,De 76 años y más,Vida religiosa,Hombre,0:47:00,0:44:00,0:51:00,3.77151485108728
2016-09_2017-08,Grupos de edad,De 76 años y más,Vida religiosa,Mujer,1:01:00,0:58:00,1:04:00,2.68604162446802
2016-09_2017-08,Grupos de edad,De 76 años y más,Actividades conexas a las actividades personales,Total,1:02:00,0:50:00,1:14:00,9.776597130835
2016-09_2017-08,Grupos de edad,De 76 años y más,Actividades conexas a las actividades personales,Hombre,1:07:00,0:46:00,1:28:00,15.8736608174499
2016-09_2017-08,Grupos de edad,De 76 años y más,Actividades conexas a las actividades personales,Mujer,0:58:00,0:44:00,1:11:00,11.8978328296029
