Fecha,Perspectiva,Concepto,Periodo,Valor
2010,Total nacional,% población en edad de trabajar,I,72.55141
2010,Total nacional,% población en edad de trabajar,II,72.812827
2011,Total nacional,% población en edad de trabajar,I,73.074047
2011,Total nacional,% población en edad de trabajar,II,73.330821
2012,Total nacional,% población en edad de trabajar,I,73.585397
2012,Total nacional,% población en edad de trabajar,II,73.833874
2013,Total nacional,% población en edad de trabajar,I,74.078014
2013,Total nacional,% población en edad de trabajar,II,74.315074
2014,Total nacional,% población en edad de trabajar,I,74.51824
2014,Total nacional,% población en edad de trabajar,II,74.743517
2015,Total nacional,% población en edad de trabajar,I,74.965308
2015,Total nacional,% población en edad de trabajar,II,75.175295
2016,Total nacional,% población en edad de trabajar,I,75.379457
2016,Total nacional,% población en edad de trabajar,II,75.569545
2017,Total nacional,% población en edad de trabajar,I,75.751825
2017,Total nacional,% población en edad de trabajar,II,75.920828
2018,Total nacional,% población en edad de trabajar,I,76.078526
2018,Total nacional,% población en edad de trabajar,II,76.220603
2019,Total nacional,% población en edad de trabajar,I,76.352124
2019,Total nacional,% población en edad de trabajar,II,76.478698
2020,Total nacional,% población en edad de trabajar,I,76.608406
2020,Total nacional,% población en edad de trabajar,II,76.742753
2021,Total nacional,% población en edad de trabajar,I,76.885201
2021,Total nacional,% población en edad de trabajar,II,77.024713
2022,Total nacional,% población en edad de trabajar,I,77.163345
2022,Total nacional,% población en edad de trabajar,II,77.292927
2023,Total nacional,% población en edad de trabajar,I,77.425286
2023,Total nacional,% población en edad de trabajar,II,77.576775
2024,Total nacional,% población en edad de trabajar,I,77.7464
2024,Total nacional,% población en edad de trabajar,II,77.905871
2025,Total nacional,% población en edad de trabajar,I,78.051982
2025,Total nacional,% población en edad de trabajar,II,78.195044
2026,Total nacional,% población en edad de trabajar,I,78.344646
2010,Total nacional,Tasa Global de Participación (TGP),I,67.430026
2010,Total nacional,Tasa Global de Participación (TGP),II,67.993768
2011,Total nacional,Tasa Global de Participación (TGP),I,67.568825
2011,Total nacional,Tasa Global de Participación (TGP),II,68.614416
2012,Total nacional,Tasa Global de Participación (TGP),I,68.907246
2012,Total nacional,Tasa Global de Participación (TGP),II,68.256921
2013,Total nacional,Tasa Global de Participación (TGP),I,67.568971
2013,Total nacional,Tasa Global de Participación (TGP),II,67.954442
2014,Total nacional,Tasa Global de Participación (TGP),I,67.155936
2014,Total nacional,Tasa Global de Participación (TGP),II,67.70756
2015,Total nacional,Tasa Global de Participación (TGP),I,67.194758
2015,Total nacional,Tasa Global de Participación (TGP),II,67.754701
2016,Total nacional,Tasa Global de Participación (TGP),I,66.862126
2016,Total nacional,Tasa Global de Participación (TGP),II,66.878726
2017,Total nacional,Tasa Global de Participación (TGP),I,66.508347
2017,Total nacional,Tasa Global de Participación (TGP),II,66.369272
2018,Total nacional,Tasa Global de Participación (TGP),I,65.613733
2018,Total nacional,Tasa Global de Participación (TGP),II,65.730169
2019,Total nacional,Tasa Global de Participación (TGP),I,64.880756
2019,Total nacional,Tasa Global de Participación (TGP),II,64.632723
2020,Total nacional,Tasa Global de Participación (TGP),I,59.604923
2020,Total nacional,Tasa Global de Participación (TGP),II,61.224646
2021,Total nacional,Tasa Global de Participación (TGP),I,61.42519
2021,Total nacional,Tasa Global de Participación (TGP),II,61.671005
2022,Total nacional,Tasa Global de Participación (TGP),I,63.54709
2022,Total nacional,Tasa Global de Participación (TGP),II,63.712329
2023,Total nacional,Tasa Global de Participación (TGP),I,64.046206
2023,Total nacional,Tasa Global de Participación (TGP),II,64.22862
2024,Total nacional,Tasa Global de Participación (TGP),I,63.790623
2024,Total nacional,Tasa Global de Participación (TGP),II,64.027077
2025,Total nacional,Tasa Global de Participación (TGP),I,64.182798
2025,Total nacional,Tasa Global de Participación (TGP),II,64.415745
2026,Total nacional,Tasa Global de Participación (TGP),I,64.593991
2010,Total nacional,Tasa de Ocupación (TO),I,58.865952
2010,Total nacional,Tasa de Ocupación (TO),II,60.323363
2011,Total nacional,Tasa de Ocupación (TO),I,59.47883
2011,Total nacional,Tasa de Ocupación (TO),II,61.649387
2012,Total nacional,Tasa de Ocupación (TO),I,61.136322
2012,Total nacional,Tasa de Ocupación (TO),II,61.449063
2013,Total nacional,Tasa de Ocupación (TO),I,60.305116
2013,Total nacional,Tasa de Ocupación (TO),II,61.795686
2014,Total nacional,Tasa de Ocupación (TO),I,60.416421
2014,Total nacional,Tasa de Ocupación (TO),II,61.770785
2015,Total nacional,Tasa de Ocupación (TO),I,60.706857
2015,Total nacional,Tasa de Ocupación (TO),II,61.838267
2016,Total nacional,Tasa de Ocupación (TO),I,60.093207
2016,Total nacional,Tasa de Ocupación (TO),II,60.887393
2017,Total nacional,Tasa de Ocupación (TO),I,59.78622
2017,Total nacional,Tasa de Ocupación (TO),II,60.240827
2018,Total nacional,Tasa de Ocupación (TO),I,58.825618
2018,Total nacional,Tasa de Ocupación (TO),II,59.43192
2019,Total nacional,Tasa de Ocupación (TO),I,57.563335
2019,Total nacional,Tasa de Ocupación (TO),II,57.8531
2020,Total nacional,Tasa de Ocupación (TO),I,49.56632
2020,Total nacional,Tasa de Ocupación (TO),II,51.29095
2021,Total nacional,Tasa de Ocupación (TO),I,51.885648
2021,Total nacional,Tasa de Ocupación (TO),II,54.222512
2022,Total nacional,Tasa de Ocupación (TO),I,55.847409
2022,Total nacional,Tasa de Ocupación (TO),II,57.143599
2023,Total nacional,Tasa de Ocupación (TO),I,57.046376
2023,Total nacional,Tasa de Ocupación (TO),II,58.196005
2024,Total nacional,Tasa de Ocupación (TO),I,56.687729
2024,Total nacional,Tasa de Ocupación (TO),II,58.142124
2025,Total nacional,Tasa de Ocupación (TO),I,57.982673
2025,Total nacional,Tasa de Ocupación (TO),II,59.175703
2026,Total nacional,Tasa de Ocupación (TO),I,58.815811
2010,Total nacional,Tasa de Desocupación (TD),I,12.700684
2010,Total nacional,Tasa de Desocupación (TD),II,11.281041
2011,Total nacional,Tasa de Desocupación (TD),I,11.972969
2011,Total nacional,Tasa de Desocupación (TD),II,10.15097
2012,Total nacional,Tasa de Desocupación (TD),I,11.277368
2012,Total nacional,Tasa de Desocupación (TD),II,9.973872
2013,Total nacional,Tasa de Desocupación (TD),I,10.750282
2013,Total nacional,Tasa de Desocupación (TD),II,9.063065
2014,Total nacional,Tasa de Desocupación (TD),I,10.035622
2014,Total nacional,Tasa de Desocupación (TD),II,8.76826
2015,Total nacional,Tasa de Desocupación (TD),I,9.655367
2015,Total nacional,Tasa de Desocupación (TD),II,8.732137
2016,Total nacional,Tasa de Desocupación (TD),I,10.123697
2016,Total nacional,Tasa de Desocupación (TD),II,8.958504
2017,Total nacional,Tasa de Desocupación (TD),I,10.107194
2017,Total nacional,Tasa de Desocupación (TD),II,9.233859
2018,Total nacional,Tasa de Desocupación (TD),I,10.34557
2018,Total nacional,Tasa de Desocupación (TD),II,9.581977
2019,Total nacional,Tasa de Desocupación (TD),I,11.278262
2019,Total nacional,Tasa de Desocupación (TD),II,10.489459
2020,Total nacional,Tasa de Desocupación (TD),I,16.841902
2020,Total nacional,Tasa de Desocupación (TD),II,16.224996
2021,Total nacional,Tasa de Desocupación (TD),I,15.530343
2021,Total nacional,Tasa de Desocupación (TD),II,12.077787
2022,Total nacional,Tasa de Desocupación (TD),I,12.116496
2022,Total nacional,Tasa de Desocupación (TD),II,10.309984
2023,Total nacional,Tasa de Desocupación (TD),I,10.929343
2023,Total nacional,Tasa de Desocupación (TD),II,9.39241
2024,Total nacional,Tasa de Desocupación (TD),I,11.134699
2024,Total nacional,Tasa de Desocupación (TD),II,9.19135
2025,Total nacional,Tasa de Desocupación (TD),I,9.660103
2025,Total nacional,Tasa de Desocupación (TD),II,8.134723
2026,Total nacional,Tasa de Desocupación (TD),I,8.945383
2010,Total nacional,Tasa de Subocupación (TS),I,12.25841
2010,Total nacional,Tasa de Subocupación (TS),II,12.85212
2011,Total nacional,Tasa de Subocupación (TS),I,11.907636
2011,Total nacional,Tasa de Subocupación (TS),II,11.869483
2012,Total nacional,Tasa de Subocupación (TS),I,12.357071
2012,Total nacional,Tasa de Subocupación (TS),II,11.837605
2013,Total nacional,Tasa de Subocupación (TS),I,11.706983
2013,Total nacional,Tasa de Subocupación (TS),II,11.007101
2014,Total nacional,Tasa de Subocupación (TS),I,10.672235
2014,Total nacional,Tasa de Subocupación (TS),II,10.586253
2015,Total nacional,Tasa de Subocupación (TS),I,10.737325
2015,Total nacional,Tasa de Subocupación (TS),II,10.428584
2016,Total nacional,Tasa de Subocupación (TS),I,10.601513
2016,Total nacional,Tasa de Subocupación (TS),II,9.74764
2017,Total nacional,Tasa de Subocupación (TS),I,9.863068
2017,Total nacional,Tasa de Subocupación (TS),II,9.255936
2018,Total nacional,Tasa de Subocupación (TS),I,9.343555
2018,Total nacional,Tasa de Subocupación (TS),II,9.91507
2019,Total nacional,Tasa de Subocupación (TS),I,10.644557
2019,Total nacional,Tasa de Subocupación (TS),II,10.368943
2020,Total nacional,Tasa de Subocupación (TS),I,0.0
2020,Total nacional,Tasa de Subocupación (TS),II,0.0
2021,Total nacional,Tasa de Subocupación (TS),I,7.653996
2021,Total nacional,Tasa de Subocupación (TS),II,7.5811
2022,Total nacional,Tasa de Subocupación (TS),I,8.233011
2022,Total nacional,Tasa de Subocupación (TS),II,8.249514
2023,Total nacional,Tasa de Subocupación (TS),I,8.174322
2023,Total nacional,Tasa de Subocupación (TS),II,8.068552
2024,Total nacional,Tasa de Subocupación (TS),I,8.054838
2024,Total nacional,Tasa de Subocupación (TS),II,7.59698
2025,Total nacional,Tasa de Subocupación (TS),I,7.433825
2025,Total nacional,Tasa de Subocupación (TS),II,7.112411
2026,Total nacional,Tasa de Subocupación (TS),I,6.972771
2010,Total nacional,Población total,I,42768.196333
2010,Total nacional,Población total,II,42993.453333
2011,Total nacional,Población total,I,43217.012833
2011,Total nacional,Población total,II,43434.188167
2012,Total nacional,Población total,I,43648.054333
2012,Total nacional,Población total,II,43856.498667
2013,Total nacional,Población total,I,44062.6305
2013,Total nacional,Población total,II,44266.665667
2014,Total nacional,Población total,I,44810.623167
2014,Total nacional,Población total,II,45017.621667
2015,Total nacional,Población total,I,45233.636333
2015,Total nacional,Población total,II,45463.27
2016,Total nacional,Población total,I,45714.551833
2016,Total nacional,Población total,II,45974.590167
2017,Total nacional,Población total,I,46258.220833
2017,Total nacional,Población total,II,46585.3005
2018,Total nacional,Población total,I,46990.458
2018,Total nacional,Población total,II,47491.744667
2019,Total nacional,Población total,I,48057.232833
2019,Total nacional,Población total,II,48588.381667
2020,Total nacional,Población total,I,49063.446167
2020,Total nacional,Población total,II,49458.496333
2021,Total nacional,Población total,I,49792.044
2021,Total nacional,Población total,II,50090.7035
2022,Total nacional,Población total,I,50363.586833
2022,Total nacional,Población total,II,50626.772
2023,Total nacional,Población total,I,50896.065
2023,Total nacional,Población total,II,51159.686148
2024,Total nacional,Población total,I,51422.381667
2024,Total nacional,Población total,II,51679.6265
2025,Total nacional,Población total,I,51937.355833
2025,Total nacional,Población total,II,52190.373182
2026,Total nacional,Población total,I,52443.219167
2010,Total nacional,Población en edad de trabajar,I,31028.929667
2010,Total nacional,Población en edad de trabajar,II,31304.748833
2011,Total nacional,Población en edad de trabajar,I,31580.420333
2011,Total nacional,Población en edad de trabajar,II,31850.646833
2012,Total nacional,Población en edad de trabajar,I,32118.594167
2012,Total nacional,Población en edad de trabajar,II,32380.952
2013,Total nacional,Población en edad de trabajar,I,32640.7215
2013,Total nacional,Población en edad de trabajar,II,32896.805167
2014,Total nacional,Población en edad de trabajar,I,33392.087833
2014,Total nacional,Población en edad de trabajar,II,33647.753667
2015,Total nacional,Población en edad de trabajar,I,33909.534667
2015,Total nacional,Población en edad de trabajar,II,34177.147333
2016,Total nacional,Población en edad de trabajar,I,34459.381
2016,Total nacional,Población en edad de trabajar,II,34742.788833
2017,Total nacional,Población en edad de trabajar,I,35041.446333
2017,Total nacional,Población en edad de trabajar,II,35367.945833
2018,Total nacional,Población en edad de trabajar,I,35749.647667
2018,Total nacional,Población en edad de trabajar,II,36198.494167
2019,Total nacional,Población en edad de trabajar,I,36692.718167
2019,Total nacional,Población en edad de trabajar,II,37159.761667
2020,Total nacional,Población en edad de trabajar,I,37586.724167
2020,Total nacional,Población en edad de trabajar,II,37955.811667
2021,Total nacional,Población en edad de trabajar,I,38282.713333
2021,Total nacional,Población en edad de trabajar,II,38582.2205
2022,Total nacional,Población en edad de trabajar,I,38862.228333
2022,Total nacional,Población en edad de trabajar,II,39130.913833
2023,Total nacional,Población en edad de trabajar,I,39406.424
2023,Total nacional,Población en edad de trabajar,II,39688.034814
2024,Total nacional,Población en edad de trabajar,I,39979.050333
2024,Total nacional,Población en edad de trabajar,II,40261.463167
2025,Total nacional,Población en edad de trabajar,I,40538.135667
2025,Total nacional,Población en edad de trabajar,II,40810.285182
2026,Total nacional,Población en edad de trabajar,I,41086.454333
2010,Total nacional,Fuerza de trabajo,I,20922.815373
2010,Total nacional,Fuerza de trabajo,II,21285.278176
2011,Total nacional,Fuerza de trabajo,I,21338.51884
2011,Total nacional,Fuerza de trabajo,II,21854.135207
2012,Total nacional,Fuerza de trabajo,I,22132.038733
2012,Total nacional,Fuerza de trabajo,II,22102.240685
2013,Total nacional,Fuerza de trabajo,I,22054.99967
2013,Total nacional,Fuerza de trabajo,II,22354.840228
2014,Total nacional,Fuerza de trabajo,I,22424.769239
2014,Total nacional,Fuerza de trabajo,II,22782.072995
2015,Total nacional,Fuerza de trabajo,I,22785.429739
2015,Total nacional,Fuerza de trabajo,II,23156.623905
2016,Total nacional,Fuerza de trabajo,I,23040.274812
2016,Total nacional,Fuerza de trabajo,II,23235.53448
2017,Total nacional,Fuerza de trabajo,I,23305.486871
2017,Total nacional,Fuerza de trabajo,II,23473.448004
2018,Total nacional,Fuerza de trabajo,I,23456.678437
2018,Total nacional,Fuerza de trabajo,II,23793.331389
2019,Total nacional,Fuerza de trabajo,I,23806.51304
2019,Total nacional,Fuerza de trabajo,II,24017.365699
2020,Total nacional,Fuerza de trabajo,I,22403.537823
2020,Total nacional,Fuerza de trabajo,II,23238.311363
2021,Total nacional,Fuerza de trabajo,I,23515.229539
2021,Total nacional,Fuerza de trabajo,II,23794.042987
2022,Total nacional,Fuerza de trabajo,I,24695.815237
2022,Total nacional,Fuerza de trabajo,II,24931.216675
2023,Total nacional,Fuerza de trabajo,I,25238.31931
2023,Total nacional,Fuerza de trabajo,II,25491.077205
2024,Total nacional,Fuerza de trabajo,I,25502.88544
2024,Total nacional,Fuerza de trabajo,II,25778.237873
2025,Total nacional,Fuerza de trabajo,I,26018.509636
2025,Total nacional,Fuerza de trabajo,II,26288.249147
2026,Total nacional,Fuerza de trabajo,I,26539.380489
2010,Total nacional,Población ocupada,I,18265.474725
2010,Total nacional,Población ocupada,II,18884.07716
2011,Total nacional,Población ocupada,I,18783.664627
2011,Total nacional,Población ocupada,II,19635.728577
2012,Total nacional,Población ocupada,I,19636.127312
2012,Total nacional,Población ocupada,II,19897.791484
2013,Total nacional,Población ocupada,I,19684.025098
2013,Total nacional,Población ocupada,II,20328.806456
2014,Total nacional,Población ocupada,I,20174.30421
2014,Total nacional,Población ocupada,II,20784.481629
2015,Total nacional,Población ocupada,I,20585.412833
2015,Total nacional,Población ocupada,II,21134.55573
2016,Total nacional,Población ocupada,I,20707.747194
2016,Total nacional,Población ocupada,II,21153.978248
2017,Total nacional,Población ocupada,I,20949.956207
2017,Total nacional,Población ocupada,II,21305.942966
2018,Total nacional,Población ocupada,I,21029.951325
2018,Total nacional,Población ocupada,II,21513.459938
2019,Total nacional,Población ocupada,I,21121.55215
2019,Total nacional,Población ocupada,II,21498.074035
2020,Total nacional,Población ocupada,I,18630.355937
2020,Total nacional,Población ocupada,II,19467.896387
2021,Total nacional,Población ocupada,I,19863.233841
2021,Total nacional,Población ocupada,II,20920.24925
2022,Total nacional,Población ocupada,I,21703.547654
2022,Total nacional,Población ocupada,II,22360.812292
2023,Total nacional,Población ocupada,I,22479.93685
2023,Total nacional,Población ocupada,II,23096.850658
2024,Total nacional,Población ocupada,I,22663.2159
2024,Total nacional,Población ocupada,II,23408.869833
2025,Total nacional,Población ocupada,I,23505.094726
2025,Total nacional,Población ocupada,II,24149.772994
2026,Total nacional,Población ocupada,I,24165.331287
2010,Total nacional,Población desocupada,I,2657.340648
2010,Total nacional,Población desocupada,II,2401.201016
2011,Total nacional,Población desocupada,I,2554.854213
2011,Total nacional,Población desocupada,II,2218.40663
2012,Total nacional,Población desocupada,I,2495.911421
2012,Total nacional,Población desocupada,II,2204.449201
2013,Total nacional,Población desocupada,I,2370.974572
2013,Total nacional,Población desocupada,II,2026.033772
2014,Total nacional,Población desocupada,I,2250.465029
2014,Total nacional,Población desocupada,II,1997.591366
2015,Total nacional,Población desocupada,I,2200.016905
2015,Total nacional,Población desocupada,II,2022.068175
2016,Total nacional,Población desocupada,I,2332.527619
2016,Total nacional,Población desocupada,II,2081.556232
2017,Total nacional,Población desocupada,I,2355.530664
2017,Total nacional,Población desocupada,II,2167.505037
2018,Total nacional,Población desocupada,I,2426.727112
2018,Total nacional,Población desocupada,II,2279.87145
2019,Total nacional,Población desocupada,I,2684.96089
2019,Total nacional,Población desocupada,II,2519.291663
2020,Total nacional,Población desocupada,I,3773.181886
2020,Total nacional,Población desocupada,II,3770.414977
2021,Total nacional,Población desocupada,I,3651.995699
2021,Total nacional,Población desocupada,II,2873.793737
2022,Total nacional,Población desocupada,I,2992.267583
2022,Total nacional,Población desocupada,II,2570.404383
2023,Total nacional,Población desocupada,I,2758.382461
2023,Total nacional,Población desocupada,II,2394.226548
2024,Total nacional,Población desocupada,I,2839.66954
2024,Total nacional,Población desocupada,II,2369.36804
2025,Total nacional,Población desocupada,I,2513.41491
2025,Total nacional,Población desocupada,II,2138.476153
2026,Total nacional,Población desocupada,I,2374.049202
2010,Total nacional,Población fuera de la fuerza de trabajo,I,10106.114294
2010,Total nacional,Población fuera de la fuerza de trabajo,II,10019.470657
2011,Total nacional,Población fuera de la fuerza de trabajo,I,10241.901493
2011,Total nacional,Población fuera de la fuerza de trabajo,II,9996.511626
2012,Total nacional,Población fuera de la fuerza de trabajo,I,9986.555433
2012,Total nacional,Población fuera de la fuerza de trabajo,II,10278.711315
2013,Total nacional,Población fuera de la fuerza de trabajo,I,10585.72183
2013,Total nacional,Población fuera de la fuerza de trabajo,II,10541.964939
2014,Total nacional,Población fuera de la fuerza de trabajo,I,10967.318594
2014,Total nacional,Población fuera de la fuerza de trabajo,II,10865.680672
2015,Total nacional,Población fuera de la fuerza de trabajo,I,11124.104928
2015,Total nacional,Población fuera de la fuerza de trabajo,II,11020.523429
2016,Total nacional,Población fuera de la fuerza de trabajo,I,11419.106188
2016,Total nacional,Población fuera de la fuerza de trabajo,II,11507.254353
2017,Total nacional,Población fuera de la fuerza de trabajo,I,11735.959462
2017,Total nacional,Población fuera de la fuerza de trabajo,II,11894.49783
2018,Total nacional,Población fuera de la fuerza de trabajo,I,12292.96923
2018,Total nacional,Población fuera de la fuerza de trabajo,II,12405.162778
2019,Total nacional,Población fuera de la fuerza de trabajo,I,12886.205126
2019,Total nacional,Población fuera de la fuerza de trabajo,II,13142.395968
2020,Total nacional,Población fuera de la fuerza de trabajo,I,15183.186343
2020,Total nacional,Población fuera de la fuerza de trabajo,II,14717.500303
2021,Total nacional,Población fuera de la fuerza de trabajo,I,14767.483794
2021,Total nacional,Población fuera de la fuerza de trabajo,II,14788.177513
2022,Total nacional,Población fuera de la fuerza de trabajo,I,14166.413097
2022,Total nacional,Población fuera de la fuerza de trabajo,II,14199.697159
2023,Total nacional,Población fuera de la fuerza de trabajo,I,14168.10469
2023,Total nacional,Población fuera de la fuerza de trabajo,II,14196.957609
2024,Total nacional,Población fuera de la fuerza de trabajo,I,14476.164893
2024,Total nacional,Población fuera de la fuerza de trabajo,II,14483.225294
2025,Total nacional,Población fuera de la fuerza de trabajo,I,14519.626031
2025,Total nacional,Población fuera de la fuerza de trabajo,II,14522.036035
2026,Total nacional,Población fuera de la fuerza de trabajo,I,14547.073845
2010,Total nacional,Población subocupada,I,2564.80448
2010,Total nacional,Población subocupada,II,2735.609498
2011,Total nacional,Población subocupada,I,2540.913173
2011,Total nacional,Población subocupada,II,2593.972861
2012,Total nacional,Población subocupada,I,2734.871812
2012,Total nacional,Población subocupada,II,2616.376044
2013,Total nacional,Población subocupada,I,2581.975012
2013,Total nacional,Población subocupada,II,2460.61986
2014,Total nacional,Población subocupada,I,2393.224029
2014,Total nacional,Población subocupada,II,2411.767891
2015,Total nacional,Población subocupada,I,2446.545541
2015,Total nacional,Población subocupada,II,2414.907896
2016,Total nacional,Población subocupada,I,2442.617794
2016,Total nacional,Población subocupada,II,2264.916243
2017,Total nacional,Población subocupada,I,2298.636119
2017,Total nacional,Población subocupada,II,2172.687329
2018,Total nacional,Población subocupada,I,2191.687735
2018,Total nacional,Población subocupada,II,2359.125348
2019,Total nacional,Población subocupada,I,2534.097844
2019,Total nacional,Población subocupada,II,2490.346985
2020,Total nacional,Población subocupada,I,0.0
2020,Total nacional,Población subocupada,II,0.0
2021,Total nacional,Población subocupada,I,1799.854742
2021,Total nacional,Población subocupada,II,1803.850189
2022,Total nacional,Población subocupada,I,2033.209122
2022,Total nacional,Población subocupada,II,2056.704276
2023,Total nacional,Población subocupada,I,2063.06152
2023,Total nacional,Población subocupada,II,2056.760929
2024,Total nacional,Población subocupada,I,2054.216095
2024,Total nacional,Población subocupada,II,1958.367678
2025,Total nacional,Población subocupada,I,1934.170466
2025,Total nacional,Población subocupada,II,1869.728373
2026,Total nacional,Población subocupada,I,1850.530331
2010,Total nacional,Fuerza de trabajo potencial,I,0.0
2010,Total nacional,Fuerza de trabajo potencial,II,0.0
2011,Total nacional,Fuerza de trabajo potencial,I,0.0
2011,Total nacional,Fuerza de trabajo potencial,II,0.0
2012,Total nacional,Fuerza de trabajo potencial,I,0.0
2012,Total nacional,Fuerza de trabajo potencial,II,0.0
2013,Total nacional,Fuerza de trabajo potencial,I,0.0
2013,Total nacional,Fuerza de trabajo potencial,II,0.0
2014,Total nacional,Fuerza de trabajo potencial,I,0.0
2014,Total nacional,Fuerza de trabajo potencial,II,0.0
2015,Total nacional,Fuerza de trabajo potencial,I,0.0
2015,Total nacional,Fuerza de trabajo potencial,II,0.0
2016,Total nacional,Fuerza de trabajo potencial,I,0.0
2016,Total nacional,Fuerza de trabajo potencial,II,0.0
2017,Total nacional,Fuerza de trabajo potencial,I,0.0
2017,Total nacional,Fuerza de trabajo potencial,II,0.0
2018,Total nacional,Fuerza de trabajo potencial,I,0.0
2018,Total nacional,Fuerza de trabajo potencial,II,0.0
2019,Total nacional,Fuerza de trabajo potencial,I,0.0
2019,Total nacional,Fuerza de trabajo potencial,II,0.0
2020,Total nacional,Fuerza de trabajo potencial,I,0.0
2020,Total nacional,Fuerza de trabajo potencial,II,0.0
2021,Total nacional,Fuerza de trabajo potencial,I,1556.870224
2021,Total nacional,Fuerza de trabajo potencial,II,1314.444191
2022,Total nacional,Fuerza de trabajo potencial,I,1694.065189
2022,Total nacional,Fuerza de trabajo potencial,II,1663.368538
2023,Total nacional,Fuerza de trabajo potencial,I,1724.664393
2023,Total nacional,Fuerza de trabajo potencial,II,1720.797203
2024,Total nacional,Fuerza de trabajo potencial,I,1639.767633
2024,Total nacional,Fuerza de trabajo potencial,II,1485.522395
2025,Total nacional,Fuerza de trabajo potencial,I,1517.025562
2025,Total nacional,Fuerza de trabajo potencial,II,1552.025974
2026,Total nacional,Fuerza de trabajo potencial,I,1469.345318
2010,Total región Caribe,% población en edad de trabajar,I,68.92919
2010,Total región Caribe,% población en edad de trabajar,II,69.095303
2011,Total región Caribe,% población en edad de trabajar,I,69.262557
2011,Total región Caribe,% población en edad de trabajar,II,69.430723
2012,Total región Caribe,% población en edad de trabajar,I,69.602883
2012,Total región Caribe,% población en edad de trabajar,II,69.778173
2013,Total región Caribe,% población en edad de trabajar,I,69.957617
2013,Total región Caribe,% población en edad de trabajar,II,70.138739
2014,Total región Caribe,% población en edad de trabajar,I,70.32401
2014,Total región Caribe,% población en edad de trabajar,II,70.510456
2015,Total región Caribe,% población en edad de trabajar,I,70.701172
2015,Total región Caribe,% población en edad de trabajar,II,70.891
2016,Total región Caribe,% población en edad de trabajar,I,71.082964
2016,Total región Caribe,% población en edad de trabajar,II,71.269657
2017,Total región Caribe,% población en edad de trabajar,I,71.453412
2017,Total región Caribe,% población en edad de trabajar,II,71.629681
2018,Total región Caribe,% población en edad de trabajar,I,71.800535
2018,Total región Caribe,% población en edad de trabajar,II,71.967278
2019,Total región Caribe,% población en edad de trabajar,I,72.130355
2019,Total región Caribe,% población en edad de trabajar,II,72.287411
2020,Total región Caribe,% población en edad de trabajar,I,72.441588
2020,Total región Caribe,% población en edad de trabajar,II,72.593745
2021,Total región Caribe,% población en edad de trabajar,I,72.747903
2021,Total región Caribe,% población en edad de trabajar,II,72.901339
2022,Total región Caribe,% población en edad de trabajar,I,73.053609
2022,Total región Caribe,% población en edad de trabajar,II,73.195754
2023,Total región Caribe,% población en edad de trabajar,I,73.345564
2023,Total región Caribe,% población en edad de trabajar,II,73.534376
2024,Total región Caribe,% población en edad de trabajar,I,73.75734
2024,Total región Caribe,% población en edad de trabajar,II,73.966068
2025,Total región Caribe,% población en edad de trabajar,I,74.151351
2025,Total región Caribe,% población en edad de trabajar,II,74.334646
2026,Total región Caribe,% población en edad de trabajar,I,74.528651
2010,Total región Caribe,Tasa Global de Participación (TGP),I,62.910917
2010,Total región Caribe,Tasa Global de Participación (TGP),II,64.270649
2011,Total región Caribe,Tasa Global de Participación (TGP),I,64.055302
2011,Total región Caribe,Tasa Global de Participación (TGP),II,65.039469
2012,Total región Caribe,Tasa Global de Participación (TGP),I,67.261966
2012,Total región Caribe,Tasa Global de Participación (TGP),II,65.809014
2013,Total región Caribe,Tasa Global de Participación (TGP),I,64.736221
2013,Total región Caribe,Tasa Global de Participación (TGP),II,65.894134
2014,Total región Caribe,Tasa Global de Participación (TGP),I,64.55769
2014,Total región Caribe,Tasa Global de Participación (TGP),II,66.422017
2015,Total región Caribe,Tasa Global de Participación (TGP),I,66.175971
2015,Total región Caribe,Tasa Global de Participación (TGP),II,67.304407
2016,Total región Caribe,Tasa Global de Participación (TGP),I,66.251545
2016,Total región Caribe,Tasa Global de Participación (TGP),II,66.733723
2017,Total región Caribe,Tasa Global de Participación (TGP),I,66.642301
2017,Total región Caribe,Tasa Global de Participación (TGP),II,67.381063
2018,Total región Caribe,Tasa Global de Participación (TGP),I,65.624045
2018,Total región Caribe,Tasa Global de Participación (TGP),II,67.491639
2019,Total región Caribe,Tasa Global de Participación (TGP),I,66.675759
2019,Total región Caribe,Tasa Global de Participación (TGP),II,66.209916
2020,Total región Caribe,Tasa Global de Participación (TGP),I,60.553392
2020,Total región Caribe,Tasa Global de Participación (TGP),II,61.467203
2021,Total región Caribe,Tasa Global de Participación (TGP),I,63.089605
2021,Total región Caribe,Tasa Global de Participación (TGP),II,62.297138
2022,Total región Caribe,Tasa Global de Participación (TGP),I,62.637259
2022,Total región Caribe,Tasa Global de Participación (TGP),II,63.591903
2023,Total región Caribe,Tasa Global de Participación (TGP),I,63.303426
2023,Total región Caribe,Tasa Global de Participación (TGP),II,62.294791
2024,Total región Caribe,Tasa Global de Participación (TGP),I,60.416097
2024,Total región Caribe,Tasa Global de Participación (TGP),II,61.534088
2025,Total región Caribe,Tasa Global de Participación (TGP),I,61.581101
2025,Total región Caribe,Tasa Global de Participación (TGP),II,61.97354
2026,Total región Caribe,Tasa Global de Participación (TGP),I,61.93348
2010,Total región Caribe,Tasa de Ocupación (TO),I,56.045204
2010,Total región Caribe,Tasa de Ocupación (TO),II,57.897466
2011,Total región Caribe,Tasa de Ocupación (TO),I,57.317163
2011,Total región Caribe,Tasa de Ocupación (TO),II,59.353012
2012,Total región Caribe,Tasa de Ocupación (TO),I,60.833647
2012,Total región Caribe,Tasa de Ocupación (TO),II,60.279866
2013,Total región Caribe,Tasa de Ocupación (TO),I,59.081012
2013,Total región Caribe,Tasa de Ocupación (TO),II,61.214491
2014,Total región Caribe,Tasa de Ocupación (TO),I,59.695375
2014,Total región Caribe,Tasa de Ocupación (TO),II,61.660877
2015,Total región Caribe,Tasa de Ocupación (TO),I,61.213045
2015,Total región Caribe,Tasa de Ocupación (TO),II,62.384396
2016,Total región Caribe,Tasa de Ocupación (TO),I,60.371917
2016,Total región Caribe,Tasa de Ocupación (TO),II,61.375332
2017,Total región Caribe,Tasa de Ocupación (TO),I,61.190241
2017,Total región Caribe,Tasa de Ocupación (TO),II,62.370325
2018,Total región Caribe,Tasa de Ocupación (TO),I,60.91744
2018,Total región Caribe,Tasa de Ocupación (TO),II,62.576172
2019,Total región Caribe,Tasa de Ocupación (TO),I,61.197737
2019,Total región Caribe,Tasa de Ocupación (TO),II,60.671424
2020,Total región Caribe,Tasa de Ocupación (TO),I,53.294778
2020,Total región Caribe,Tasa de Ocupación (TO),II,54.155715
2021,Total región Caribe,Tasa de Ocupación (TO),I,55.620777
2021,Total región Caribe,Tasa de Ocupación (TO),II,55.568628
2022,Total región Caribe,Tasa de Ocupación (TO),I,55.268523
2022,Total región Caribe,Tasa de Ocupación (TO),II,56.632359
2023,Total región Caribe,Tasa de Ocupación (TO),I,56.302991
2023,Total región Caribe,Tasa de Ocupación (TO),II,56.415216
2024,Total región Caribe,Tasa de Ocupación (TO),I,53.627681
2024,Total región Caribe,Tasa de Ocupación (TO),II,55.611302
2025,Total región Caribe,Tasa de Ocupación (TO),I,55.121723
2025,Total región Caribe,Tasa de Ocupación (TO),II,56.287668
2026,Total región Caribe,Tasa de Ocupación (TO),I,55.995453
2010,Total región Caribe,Tasa de Desocupación (TD),I,10.913388
2010,Total región Caribe,Tasa de Desocupación (TD),II,9.916165
2011,Total región Caribe,Tasa de Desocupación (TD),I,10.519253
2011,Total región Caribe,Tasa de Desocupación (TD),II,8.743085
2012,Total región Caribe,Tasa de Desocupación (TD),I,9.557138
2012,Total región Caribe,Tasa de Desocupación (TD),II,8.401809
2013,Total región Caribe,Tasa de Desocupación (TD),I,8.735772
2013,Total región Caribe,Tasa de Desocupación (TD),II,7.101759
2014,Total región Caribe,Tasa de Desocupación (TD),I,7.531736
2014,Total región Caribe,Tasa de Desocupación (TD),II,7.168015
2015,Total región Caribe,Tasa de Desocupación (TD),I,7.499588
2015,Total región Caribe,Tasa de Desocupación (TD),II,7.310088
2016,Total región Caribe,Tasa de Desocupación (TD),I,8.874703
2016,Total región Caribe,Tasa de Desocupación (TD),II,8.02951
2017,Total región Caribe,Tasa de Desocupación (TD),I,8.18108
2017,Total región Caribe,Tasa de Desocupación (TD),II,7.436418
2018,Total región Caribe,Tasa de Desocupación (TD),I,7.172073
2018,Total región Caribe,Tasa de Desocupación (TD),II,7.283075
2019,Total región Caribe,Tasa de Desocupación (TD),I,8.215912
2019,Total región Caribe,Tasa de Desocupación (TD),II,8.36505
2020,Total región Caribe,Tasa de Desocupación (TD),I,11.987131
2020,Total región Caribe,Tasa de Desocupación (TD),II,11.894941
2021,Total región Caribe,Tasa de Desocupación (TD),I,11.838445
2021,Total región Caribe,Tasa de Desocupación (TD),II,10.800673
2022,Total región Caribe,Tasa de Desocupación (TD),I,11.764141
2022,Total región Caribe,Tasa de Desocupación (TD),II,10.944072
2023,Total región Caribe,Tasa de Desocupación (TD),I,11.058541
2023,Total región Caribe,Tasa de Desocupación (TD),II,9.43831
2024,Total región Caribe,Tasa de Desocupación (TD),I,11.236105
2024,Total región Caribe,Tasa de Desocupación (TD),II,9.625211
2025,Total región Caribe,Tasa de Desocupación (TD),I,10.48922
2025,Total región Caribe,Tasa de Desocupación (TD),II,9.174676
2026,Total región Caribe,Tasa de Desocupación (TD),I,9.58775
2010,Total región Caribe,Tasa de Subocupación (TS),I,10.305746
2010,Total región Caribe,Tasa de Subocupación (TS),II,11.280978
2011,Total región Caribe,Tasa de Subocupación (TS),I,10.810967
2011,Total región Caribe,Tasa de Subocupación (TS),II,10.896055
2012,Total región Caribe,Tasa de Subocupación (TS),I,12.092751
2012,Total región Caribe,Tasa de Subocupación (TS),II,9.87084
2013,Total región Caribe,Tasa de Subocupación (TS),I,9.320621
2013,Total región Caribe,Tasa de Subocupación (TS),II,8.275123
2014,Total región Caribe,Tasa de Subocupación (TS),I,8.860714
2014,Total región Caribe,Tasa de Subocupación (TS),II,8.807392
2015,Total región Caribe,Tasa de Subocupación (TS),I,9.963825
2015,Total región Caribe,Tasa de Subocupación (TS),II,9.947008
2016,Total región Caribe,Tasa de Subocupación (TS),I,10.214654
2016,Total región Caribe,Tasa de Subocupación (TS),II,9.91238
2017,Total región Caribe,Tasa de Subocupación (TS),I,10.208789
2017,Total región Caribe,Tasa de Subocupación (TS),II,9.890821
2018,Total región Caribe,Tasa de Subocupación (TS),I,10.648622
2018,Total región Caribe,Tasa de Subocupación (TS),II,10.683258
2019,Total región Caribe,Tasa de Subocupación (TS),I,11.848479
2019,Total región Caribe,Tasa de Subocupación (TS),II,11.794937
2020,Total región Caribe,Tasa de Subocupación (TS),I,0.0
2020,Total región Caribe,Tasa de Subocupación (TS),II,0.0
2021,Total región Caribe,Tasa de Subocupación (TS),I,11.049207
2021,Total región Caribe,Tasa de Subocupación (TS),II,11.330744
2022,Total región Caribe,Tasa de Subocupación (TS),I,11.918814
2022,Total región Caribe,Tasa de Subocupación (TS),II,11.605476
2023,Total región Caribe,Tasa de Subocupación (TS),I,11.004164
2023,Total región Caribe,Tasa de Subocupación (TS),II,10.507781
2024,Total región Caribe,Tasa de Subocupación (TS),I,9.611449
2024,Total región Caribe,Tasa de Subocupación (TS),II,9.40838
2025,Total región Caribe,Tasa de Subocupación (TS),I,9.432347
2025,Total región Caribe,Tasa de Subocupación (TS),II,8.934283
2026,Total región Caribe,Tasa de Subocupación (TS),I,8.357317
2010,Total región Caribe,Población total,I,9540.438
2010,Total región Caribe,Población total,II,9602.237833
2011,Total región Caribe,Población total,I,9663.535833
2011,Total región Caribe,Población total,II,9723.657167
2012,Total región Caribe,Población total,I,9783.5725
2012,Total región Caribe,Población total,II,9842.926167
2013,Total región Caribe,Población total,I,9902.279333
2013,Total región Caribe,Población total,II,9960.9585
2014,Total región Caribe,Población total,I,10019.581333
2014,Total región Caribe,Población total,II,10077.179667
2015,Total región Caribe,Población total,I,10136.883833
2015,Total región Caribe,Población total,II,10200.851333
2016,Total región Caribe,Población total,I,10271.676833
2016,Total región Caribe,Población total,II,10346.413167
2017,Total región Caribe,Población total,I,10428.832
2017,Total región Caribe,Población total,II,10524.8195
2018,Total región Caribe,Población total,I,10646.192333
2018,Total región Caribe,Población total,II,10804.085167
2019,Total región Caribe,Población total,I,10986.0835
2019,Total región Caribe,Población total,II,11155.2275
2020,Total región Caribe,Población total,I,11301.433667
2020,Total región Caribe,Población total,II,11417.706
2021,Total región Caribe,Población total,I,11509.287833
2021,Total región Caribe,Población total,II,11585.2545
2022,Total región Caribe,Población total,I,11648.0885
2022,Total región Caribe,Población total,II,11706.655167
2023,Total región Caribe,Población total,I,11767.068667
2023,Total región Caribe,Población total,II,11825.8865
2024,Total región Caribe,Población total,I,11883.940167
2024,Total región Caribe,Población total,II,11940.528833
2025,Total región Caribe,Población total,I,11997.462667
2025,Total región Caribe,Población total,II,12053.2995
2026,Total región Caribe,Población total,I,12109.425833
2010,Total región Caribe,Población en edad de trabajar,I,6576.146667
2010,Total región Caribe,Población en edad de trabajar,II,6634.695333
2011,Total región Caribe,Población en edad de trabajar,I,6693.212
2011,Total región Caribe,Población en edad de trabajar,II,6751.2055
2012,Total región Caribe,Población en edad de trabajar,I,6809.6485
2012,Total región Caribe,Población en edad de trabajar,II,6868.214
2013,Total región Caribe,Población en edad de trabajar,I,6927.398667
2013,Total región Caribe,Población en edad de trabajar,II,6986.490667
2014,Total región Caribe,Población en edad de trabajar,I,7046.171333
2014,Total región Caribe,Población en edad de trabajar,II,7105.465333
2015,Total región Caribe,Población en edad de trabajar,I,7166.895667
2015,Total región Caribe,Población en edad de trabajar,II,7231.4855
2016,Total región Caribe,Población en edad de trabajar,I,7301.412333
2016,Total región Caribe,Población en edad de trabajar,II,7373.853167
2017,Total región Caribe,Población en edad de trabajar,I,7451.756333
2017,Total región Caribe,Población en edad de trabajar,II,7538.894667
2018,Total región Caribe,Población en edad de trabajar,I,7644.023
2018,Total región Caribe,Población en edad de trabajar,II,7775.406
2019,Total región Caribe,Población en edad de trabajar,I,7924.301
2019,Total región Caribe,Población en edad de trabajar,II,8063.825167
2020,Total región Caribe,Población en edad de trabajar,I,8186.938
2020,Total región Caribe,Población en edad de trabajar,II,8288.540333
2021,Total región Caribe,Población en edad de trabajar,I,8372.7655
2021,Total región Caribe,Población en edad de trabajar,II,8445.805667
2022,Total región Caribe,Población en edad de trabajar,I,8509.349
2022,Total región Caribe,Población en edad de trabajar,II,8568.7745
2023,Total región Caribe,Población en edad de trabajar,I,8630.622833
2023,Total región Caribe,Población en edad de trabajar,II,8696.091833
2024,Total región Caribe,Población en edad de trabajar,I,8765.278167
2024,Total región Caribe,Población en edad de trabajar,II,8831.939667
2025,Total región Caribe,Población en edad de trabajar,I,8896.280667
2025,Total región Caribe,Población en edad de trabajar,II,8959.7775
2026,Total región Caribe,Población en edad de trabajar,I,9024.991667
2010,Total región Caribe,Fuerza de trabajo,I,4137.11414
2010,Total región Caribe,Fuerza de trabajo,II,4264.161758
2011,Total región Caribe,Fuerza de trabajo,I,4287.357155
2011,Total región Caribe,Fuerza de trabajo,II,4390.948178
2012,Total región Caribe,Fuerza de trabajo,I,4580.303427
2012,Total región Caribe,Fuerza de trabajo,II,4519.903895
2013,Total región Caribe,Fuerza de trabajo,I,4484.536079
2013,Total región Caribe,Fuerza de trabajo,II,4603.687543
2014,Total región Caribe,Fuerza de trabajo,I,4548.845457
2014,Total región Caribe,Fuerza de trabajo,II,4719.593406
2015,Total región Caribe,Fuerza de trabajo,I,4742.762764
2015,Total región Caribe,Fuerza de trabajo,II,4867.108407
2016,Total región Caribe,Fuerza de trabajo,I,4837.298453
2016,Total región Caribe,Fuerza de trabajo,II,4920.846742
2017,Total región Caribe,Fuerza de trabajo,I,4966.021889
2017,Total región Caribe,Fuerza de trabajo,II,5079.787343
2018,Total región Caribe,Fuerza de trabajo,I,5016.317081
2018,Total región Caribe,Fuerza de trabajo,II,5247.748919
2019,Total región Caribe,Fuerza de trabajo,I,5283.587801
2019,Total región Caribe,Fuerza de trabajo,II,5339.05189
2020,Total región Caribe,Fuerza de trabajo,I,4957.468688
2020,Total región Caribe,Fuerza de trabajo,II,5094.733918
2021,Total región Caribe,Fuerza de trabajo,I,5282.344715
2021,Total región Caribe,Fuerza de trabajo,II,5261.495252
2022,Total región Caribe,Fuerza de trabajo,I,5330.02295
2022,Total región Caribe,Fuerza de trabajo,II,5449.046805
2023,Total región Caribe,Fuerza de trabajo,I,5463.479948
2023,Total región Caribe,Fuerza de trabajo,II,5417.212263
2024,Total región Caribe,Fuerza de trabajo,I,5295.638945
2024,Total región Caribe,Fuerza de trabajo,II,5434.653568
2025,Total región Caribe,Fuerza de trabajo,I,5478.427554
2025,Total región Caribe,Fuerza de trabajo,II,5552.691295
2026,Total región Caribe,Fuerza de trabajo,I,5589.491379
2010,Total región Caribe,Población ocupada,I,3685.614805
2010,Total región Caribe,Población ocupada,II,3841.320442
2011,Total región Caribe,Población ocupada,I,3836.359201
2011,Total región Caribe,Población ocupada,II,4007.043844
2012,Total región Caribe,Población ocupada,I,4142.557505
2012,Total región Caribe,Población ocupada,II,4140.150222
2013,Total región Caribe,Población ocupada,I,4092.77725
2013,Total región Caribe,Población ocupada,II,4276.74473
2014,Total región Caribe,Población ocupada,I,4206.238416
2014,Total región Caribe,Población ocupada,II,4381.292234
2015,Total región Caribe,Población ocupada,I,4387.075077
2015,Total región Caribe,Población ocupada,II,4511.318517
2016,Total región Caribe,Población ocupada,I,4408.002575
2016,Total región Caribe,Población ocupada,II,4525.726859
2017,Total región Caribe,Población ocupada,I,4559.747667
2017,Total región Caribe,Población ocupada,II,4702.033118
2018,Total región Caribe,Población ocupada,I,4656.543134
2018,Total región Caribe,Población ocupada,II,4865.551448
2019,Total región Caribe,Población ocupada,I,4849.492875
2019,Total región Caribe,Población ocupada,II,4892.437519
2020,Total región Caribe,Población ocupada,I,4363.21044
2020,Total región Caribe,Población ocupada,II,4488.718316
2021,Total región Caribe,Población ocupada,I,4656.997225
2021,Total región Caribe,Población ocupada,II,4693.218331
2022,Total región Caribe,Población ocupada,I,4702.99154
2022,Total región Caribe,Población ocupada,II,4852.699173
2023,Total región Caribe,Población ocupada,I,4859.298777
2023,Total región Caribe,Población ocupada,II,4905.918999
2024,Total región Caribe,Población ocupada,I,4700.615415
2024,Total región Caribe,Población ocupada,II,4911.556675
2025,Total región Caribe,Población ocupada,I,4903.783213
2025,Total región Caribe,Población ocupada,II,5043.249838
2026,Total región Caribe,Población ocupada,I,5053.58494
2010,Total región Caribe,Población desocupada,I,451.499335
2010,Total región Caribe,Población desocupada,II,422.841316
2011,Total región Caribe,Población desocupada,I,450.997954
2011,Total región Caribe,Población desocupada,II,383.904334
2012,Total región Caribe,Población desocupada,I,437.745923
2012,Total región Caribe,Población desocupada,II,379.753673
2013,Total región Caribe,Población desocupada,I,391.758829
2013,Total región Caribe,Población desocupada,II,326.942813
2014,Total región Caribe,Población desocupada,I,342.607041
2014,Total región Caribe,Población desocupada,II,338.301172
2015,Total región Caribe,Población desocupada,I,355.687687
2015,Total región Caribe,Población desocupada,II,355.789891
2016,Total región Caribe,Población desocupada,I,429.295878
2016,Total región Caribe,Población desocupada,II,395.119883
2017,Total región Caribe,Población desocupada,I,406.274222
2017,Total región Caribe,Población desocupada,II,377.754225
2018,Total región Caribe,Población desocupada,I,359.773947
2018,Total región Caribe,Población desocupada,II,382.197471
2019,Total región Caribe,Población desocupada,I,434.094927
2019,Total región Caribe,Población desocupada,II,446.614371
2020,Total región Caribe,Población desocupada,I,594.258248
2020,Total región Caribe,Población desocupada,II,606.015602
2021,Total región Caribe,Población desocupada,I,625.34749
2021,Total región Caribe,Población desocupada,II,568.276921
2022,Total región Caribe,Población desocupada,I,627.03141
2022,Total región Caribe,Población desocupada,II,596.347632
2023,Total región Caribe,Población desocupada,I,604.181171
2023,Total región Caribe,Población desocupada,II,511.293264
2024,Total región Caribe,Población desocupada,I,595.02353
2024,Total región Caribe,Población desocupada,II,523.096893
2025,Total región Caribe,Población desocupada,I,574.644341
2025,Total región Caribe,Población desocupada,II,509.441457
2026,Total región Caribe,Población desocupada,I,535.906439
2010,Total región Caribe,Población fuera de la fuerza de trabajo,I,2439.032526
2010,Total región Caribe,Población fuera de la fuerza de trabajo,II,2370.533576
2011,Total región Caribe,Población fuera de la fuerza de trabajo,I,2405.854845
2011,Total región Caribe,Población fuera de la fuerza de trabajo,II,2360.257322
2012,Total región Caribe,Población fuera de la fuerza de trabajo,I,2229.345073
2012,Total región Caribe,Población fuera de la fuerza de trabajo,II,2348.310105
2013,Total región Caribe,Población fuera de la fuerza de trabajo,I,2442.862588
2013,Total región Caribe,Población fuera de la fuerza de trabajo,II,2382.803124
2014,Total región Caribe,Población fuera de la fuerza de trabajo,I,2497.325876
2014,Total región Caribe,Población fuera de la fuerza de trabajo,II,2385.871927
2015,Total región Caribe,Población fuera de la fuerza de trabajo,I,2424.132903
2015,Total región Caribe,Población fuera de la fuerza de trabajo,II,2364.377093
2016,Total región Caribe,Población fuera de la fuerza de trabajo,I,2464.113881
2016,Total región Caribe,Población fuera de la fuerza de trabajo,II,2453.006425
2017,Total región Caribe,Población fuera de la fuerza de trabajo,I,2485.734445
2017,Total región Caribe,Población fuera de la fuerza de trabajo,II,2459.107324
2018,Total región Caribe,Población fuera de la fuerza de trabajo,I,2627.705919
2018,Total región Caribe,Población fuera de la fuerza de trabajo,II,2527.657081
2019,Total región Caribe,Población fuera de la fuerza de trabajo,I,2640.713199
2019,Total región Caribe,Población fuera de la fuerza de trabajo,II,2724.773276
2020,Total región Caribe,Población fuera de la fuerza de trabajo,I,3229.469312
2020,Total región Caribe,Población fuera de la fuerza de trabajo,II,3193.806415
2021,Total región Caribe,Población fuera de la fuerza de trabajo,I,3090.420785
2021,Total región Caribe,Población fuera de la fuerza de trabajo,II,3184.310415
2022,Total región Caribe,Población fuera de la fuerza de trabajo,I,3179.32605
2022,Total región Caribe,Población fuera de la fuerza de trabajo,II,3119.727695
2023,Total región Caribe,Población fuera de la fuerza de trabajo,I,3167.142885
2023,Total región Caribe,Población fuera de la fuerza de trabajo,II,3278.879571
2024,Total región Caribe,Población fuera de la fuerza de trabajo,I,3469.639222
2024,Total región Caribe,Población fuera de la fuerza de trabajo,II,3397.286098
2025,Total región Caribe,Población fuera de la fuerza de trabajo,I,3417.853113
2025,Total región Caribe,Población fuera de la fuerza de trabajo,II,3407.086205
2026,Total región Caribe,Población fuera de la fuerza de trabajo,I,3435.500288
2010,Total región Caribe,Población subocupada,I,426.360489
2010,Total región Caribe,Población subocupada,II,481.039134
2011,Total región Caribe,Población subocupada,I,463.504755
2011,Total región Caribe,Población subocupada,II,478.440131
2012,Total región Caribe,Población subocupada,I,553.884706
2012,Total región Caribe,Población subocupada,II,446.152463
2013,Total región Caribe,Población subocupada,I,417.98663
2013,Total región Caribe,Población subocupada,II,380.960805
2014,Total región Caribe,Población subocupada,I,403.060199
2014,Total región Caribe,Población subocupada,II,415.673089
2015,Total región Caribe,Población subocupada,I,472.560598
2015,Total región Caribe,Población subocupada,II,484.131643
2016,Total región Caribe,Población subocupada,I,494.113304
2016,Total región Caribe,Población subocupada,II,487.773019
2017,Total región Caribe,Población subocupada,I,506.970676
2017,Total región Caribe,Población subocupada,II,502.432675
2018,Total región Caribe,Población subocupada,I,534.168638
2018,Total región Caribe,Población subocupada,II,560.630577
2019,Total región Caribe,Población subocupada,I,626.024778
2019,Total región Caribe,Población subocupada,II,629.737796
2020,Total región Caribe,Población subocupada,I,0.0
2020,Total región Caribe,Población subocupada,II,0.0
2021,Total región Caribe,Población subocupada,I,583.657185
2021,Total región Caribe,Población subocupada,II,596.166565
2022,Total región Caribe,Población subocupada,I,635.275547
2022,Total región Caribe,Población subocupada,II,632.38783
2023,Total región Caribe,Población subocupada,I,601.210278
2023,Total región Caribe,Población subocupada,II,569.228789
2024,Total región Caribe,Población subocupada,I,508.987626
2024,Total región Caribe,Población subocupada,II,511.312866
2025,Total región Caribe,Población subocupada,I,516.744323
2025,Total región Caribe,Población subocupada,II,496.093153
2026,Total región Caribe,Población subocupada,I,467.131502
2010,Total región Caribe,Fuerza de trabajo potencial,I,0.0
2010,Total región Caribe,Fuerza de trabajo potencial,II,0.0
2011,Total región Caribe,Fuerza de trabajo potencial,I,0.0
2011,Total región Caribe,Fuerza de trabajo potencial,II,0.0
2012,Total región Caribe,Fuerza de trabajo potencial,I,0.0
2012,Total región Caribe,Fuerza de trabajo potencial,II,0.0
2013,Total región Caribe,Fuerza de trabajo potencial,I,0.0
2013,Total región Caribe,Fuerza de trabajo potencial,II,0.0
2014,Total región Caribe,Fuerza de trabajo potencial,I,0.0
2014,Total región Caribe,Fuerza de trabajo potencial,II,0.0
2015,Total región Caribe,Fuerza de trabajo potencial,I,0.0
2015,Total región Caribe,Fuerza de trabajo potencial,II,0.0
2016,Total región Caribe,Fuerza de trabajo potencial,I,0.0
2016,Total región Caribe,Fuerza de trabajo potencial,II,0.0
2017,Total región Caribe,Fuerza de trabajo potencial,I,0.0
2017,Total región Caribe,Fuerza de trabajo potencial,II,0.0
2018,Total región Caribe,Fuerza de trabajo potencial,I,0.0
2018,Total región Caribe,Fuerza de trabajo potencial,II,0.0
2019,Total región Caribe,Fuerza de trabajo potencial,I,0.0
2019,Total región Caribe,Fuerza de trabajo potencial,II,0.0
2020,Total región Caribe,Fuerza de trabajo potencial,I,0.0
2020,Total región Caribe,Fuerza de trabajo potencial,II,0.0
2021,Total región Caribe,Fuerza de trabajo potencial,I,344.457024
2021,Total región Caribe,Fuerza de trabajo potencial,II,350.416317
2022,Total región Caribe,Fuerza de trabajo potencial,I,448.45899
2022,Total región Caribe,Fuerza de trabajo potencial,II,470.529501
2023,Total región Caribe,Fuerza de trabajo potencial,I,461.789086
2023,Total región Caribe,Fuerza de trabajo potencial,II,498.604323
2024,Total región Caribe,Fuerza de trabajo potencial,I,420.569951
2024,Total región Caribe,Fuerza de trabajo potencial,II,417.796147
2025,Total región Caribe,Fuerza de trabajo potencial,I,436.947472
2025,Total región Caribe,Fuerza de trabajo potencial,II,435.924325
2026,Total región Caribe,Fuerza de trabajo potencial,I,439.612954
2010,Total región Oriental,% población en edad de trabajar,I,72.83928
2010,Total región Oriental,% población en edad de trabajar,II,73.100781
2011,Total región Oriental,% población en edad de trabajar,I,73.365763
2011,Total región Oriental,% población en edad de trabajar,II,73.623634
2012,Total región Oriental,% población en edad de trabajar,I,73.881128
2012,Total región Oriental,% población en edad de trabajar,II,74.129953
2013,Total región Oriental,% población en edad de trabajar,I,74.375725
2013,Total región Oriental,% población en edad de trabajar,II,74.609863
2014,Total región Oriental,% población en edad de trabajar,I,74.842368
2014,Total región Oriental,% población en edad de trabajar,II,75.061014
2015,Total región Oriental,% población en edad de trabajar,I,75.27915
2015,Total región Oriental,% población en edad de trabajar,II,75.478256
2016,Total región Oriental,% población en edad de trabajar,I,75.674746
2016,Total región Oriental,% población en edad de trabajar,II,75.856231
2017,Total región Oriental,% población en edad de trabajar,I,76.030657
2017,Total región Oriental,% población en edad de trabajar,II,76.170303
2018,Total región Oriental,% población en edad de trabajar,I,76.282111
2018,Total región Oriental,% población en edad de trabajar,II,76.370048
2019,Total región Oriental,% población en edad de trabajar,I,76.451085
2019,Total región Oriental,% población en edad de trabajar,II,76.531596
2020,Total región Oriental,% población en edad de trabajar,I,76.620312
2020,Total región Oriental,% población en edad de trabajar,II,76.715647
2021,Total región Oriental,% población en edad de trabajar,I,76.821683
2021,Total región Oriental,% población en edad de trabajar,II,76.928095
2022,Total región Oriental,% población en edad de trabajar,I,77.035434
2022,Total región Oriental,% población en edad de trabajar,II,77.13253
2023,Total región Oriental,% población en edad de trabajar,I,77.236158
2023,Total región Oriental,% población en edad de trabajar,II,77.376786
2024,Total región Oriental,% población en edad de trabajar,I,77.549467
2024,Total región Oriental,% población en edad de trabajar,II,77.70523
2025,Total región Oriental,% población en edad de trabajar,I,77.838849
2025,Total región Oriental,% población en edad de trabajar,II,77.969218
2026,Total región Oriental,% población en edad de trabajar,I,78.112951
2010,Total región Oriental,Tasa Global de Participación (TGP),I,69.935707
2010,Total región Oriental,Tasa Global de Participación (TGP),II,69.32946
2011,Total región Oriental,Tasa Global de Participación (TGP),I,69.322672
2011,Total región Oriental,Tasa Global de Participación (TGP),II,69.951429
2012,Total región Oriental,Tasa Global de Participación (TGP),I,70.053629
2012,Total región Oriental,Tasa Global de Participación (TGP),II,68.979019
2013,Total región Oriental,Tasa Global de Participación (TGP),I,68.569383
2013,Total región Oriental,Tasa Global de Participación (TGP),II,68.399994
2014,Total región Oriental,Tasa Global de Participación (TGP),I,67.38969
2014,Total región Oriental,Tasa Global de Participación (TGP),II,68.750313
2015,Total región Oriental,Tasa Global de Participación (TGP),I,67.739606
2015,Total región Oriental,Tasa Global de Participación (TGP),II,68.140504
2016,Total región Oriental,Tasa Global de Participación (TGP),I,66.580521
2016,Total región Oriental,Tasa Global de Participación (TGP),II,66.410687
2017,Total región Oriental,Tasa Global de Participación (TGP),I,65.558377
2017,Total región Oriental,Tasa Global de Participación (TGP),II,66.063457
2018,Total región Oriental,Tasa Global de Participación (TGP),I,65.653928
2018,Total región Oriental,Tasa Global de Participación (TGP),II,64.906828
2019,Total región Oriental,Tasa Global de Participación (TGP),I,63.813051
2019,Total región Oriental,Tasa Global de Participación (TGP),II,62.886169
2020,Total región Oriental,Tasa Global de Participación (TGP),I,58.718331
2020,Total región Oriental,Tasa Global de Participación (TGP),II,59.024012
2021,Total región Oriental,Tasa Global de Participación (TGP),I,59.564381
2021,Total región Oriental,Tasa Global de Participación (TGP),II,61.309276
2022,Total región Oriental,Tasa Global de Participación (TGP),I,63.279662
2022,Total región Oriental,Tasa Global de Participación (TGP),II,63.079492
2023,Total región Oriental,Tasa Global de Participación (TGP),I,63.218236
2023,Total región Oriental,Tasa Global de Participación (TGP),II,63.462006
2024,Total región Oriental,Tasa Global de Participación (TGP),I,62.756637
2024,Total región Oriental,Tasa Global de Participación (TGP),II,62.994142
2025,Total región Oriental,Tasa Global de Participación (TGP),I,63.823506
2025,Total región Oriental,Tasa Global de Participación (TGP),II,64.370327
2026,Total región Oriental,Tasa Global de Participación (TGP),I,64.78256
2010,Total región Oriental,Tasa de Ocupación (TO),I,62.441691
2010,Total región Oriental,Tasa de Ocupación (TO),II,62.641175
2011,Total región Oriental,Tasa de Ocupación (TO),I,62.371535
2011,Total región Oriental,Tasa de Ocupación (TO),II,63.873188
2012,Total región Oriental,Tasa de Ocupación (TO),I,62.670035
2012,Total región Oriental,Tasa de Ocupación (TO),II,63.043887
2013,Total región Oriental,Tasa de Ocupación (TO),I,61.613026
2013,Total región Oriental,Tasa de Ocupación (TO),II,62.526153
2014,Total región Oriental,Tasa de Ocupación (TO),I,60.764136
2014,Total región Oriental,Tasa de Ocupación (TO),II,63.23095
2015,Total región Oriental,Tasa de Ocupación (TO),I,61.487709
2015,Total región Oriental,Tasa de Ocupación (TO),II,62.740799
2016,Total región Oriental,Tasa de Ocupación (TO),I,59.796707
2016,Total región Oriental,Tasa de Ocupación (TO),II,60.99445
2017,Total región Oriental,Tasa de Ocupación (TO),I,59.175241
2017,Total región Oriental,Tasa de Ocupación (TO),II,60.146465
2018,Total región Oriental,Tasa de Ocupación (TO),I,58.745339
2018,Total región Oriental,Tasa de Ocupación (TO),II,58.308315
2019,Total región Oriental,Tasa de Ocupación (TO),I,55.725981
2019,Total región Oriental,Tasa de Ocupación (TO),II,55.728183
2020,Total región Oriental,Tasa de Ocupación (TO),I,48.006101
2020,Total región Oriental,Tasa de Ocupación (TO),II,48.97668
2021,Total región Oriental,Tasa de Ocupación (TO),I,49.175482
2021,Total región Oriental,Tasa de Ocupación (TO),II,53.528972
2022,Total región Oriental,Tasa de Ocupación (TO),I,54.961612
2022,Total región Oriental,Tasa de Ocupación (TO),II,56.77412
2023,Total región Oriental,Tasa de Ocupación (TO),I,56.122872
2023,Total región Oriental,Tasa de Ocupación (TO),II,57.370532
2024,Total región Oriental,Tasa de Ocupación (TO),I,55.378398
2024,Total región Oriental,Tasa de Ocupación (TO),II,57.11672
2025,Total región Oriental,Tasa de Ocupación (TO),I,57.140177
2025,Total región Oriental,Tasa de Ocupación (TO),II,58.616311
2026,Total región Oriental,Tasa de Ocupación (TO),I,58.665652
2010,Total región Oriental,Tasa de Desocupación (TD),I,10.715579
2010,Total región Oriental,Tasa de Desocupación (TD),II,9.647104
2011,Total región Oriental,Tasa de Desocupación (TD),I,10.027221
2011,Total región Oriental,Tasa de Desocupación (TD),II,8.68923
2012,Total región Oriental,Tasa de Desocupación (TD),I,10.539917
2012,Total región Oriental,Tasa de Desocupación (TD),II,8.604257
2013,Total región Oriental,Tasa de Desocupación (TD),I,10.144989
2013,Total región Oriental,Tasa de Desocupación (TD),II,8.587488
2014,Total región Oriental,Tasa de Desocupación (TD),I,9.831703
2014,Total región Oriental,Tasa de Desocupación (TD),II,8.028128
2015,Total región Oriental,Tasa de Desocupación (TD),I,9.229308
2015,Total región Oriental,Tasa de Desocupación (TD),II,7.924369
2016,Total región Oriental,Tasa de Desocupación (TD),I,10.188887
2016,Total región Oriental,Tasa de Desocupación (TD),II,8.155671
2017,Total región Oriental,Tasa de Desocupación (TD),I,9.736569
2017,Total región Oriental,Tasa de Desocupación (TD),II,8.956528
2018,Total región Oriental,Tasa de Desocupación (TD),I,10.522736
2018,Total región Oriental,Tasa de Desocupación (TD),II,10.16613
2019,Total región Oriental,Tasa de Desocupación (TD),I,12.673067
2019,Total región Oriental,Tasa de Desocupación (TD),II,11.382449
2020,Total región Oriental,Tasa de Desocupación (TD),I,18.243416
2020,Total región Oriental,Tasa de Desocupación (TD),II,17.022449
2021,Total región Oriental,Tasa de Desocupación (TD),I,17.441462
2021,Total región Oriental,Tasa de Desocupación (TD),II,12.690256
2022,Total región Oriental,Tasa de Desocupación (TD),I,13.144903
2022,Total región Oriental,Tasa de Desocupación (TD),II,9.995914
2023,Total región Oriental,Tasa de Desocupación (TD),I,11.223604
2023,Total región Oriental,Tasa de Desocupación (TD),II,9.598615
2024,Total región Oriental,Tasa de Desocupación (TD),I,11.756906
2024,Total región Oriental,Tasa de Desocupación (TD),II,9.330109
2025,Total región Oriental,Tasa de Desocupación (TD),I,10.47158
2025,Total región Oriental,Tasa de Desocupación (TD),II,8.938926
2026,Total región Oriental,Tasa de Desocupación (TD),I,9.442214
2010,Total región Oriental,Tasa de Subocupación (TS),I,11.214779
2010,Total región Oriental,Tasa de Subocupación (TS),II,12.202906
2011,Total región Oriental,Tasa de Subocupación (TS),I,10.581168
2011,Total región Oriental,Tasa de Subocupación (TS),II,10.715702
2012,Total región Oriental,Tasa de Subocupación (TS),I,11.340433
2012,Total región Oriental,Tasa de Subocupación (TS),II,11.574872
2013,Total región Oriental,Tasa de Subocupación (TS),I,11.059012
2013,Total región Oriental,Tasa de Subocupación (TS),II,10.261386
2014,Total región Oriental,Tasa de Subocupación (TS),I,10.248566
2014,Total región Oriental,Tasa de Subocupación (TS),II,9.804912
2015,Total región Oriental,Tasa de Subocupación (TS),I,9.90245
2015,Total región Oriental,Tasa de Subocupación (TS),II,9.407009
2016,Total región Oriental,Tasa de Subocupación (TS),I,9.38579
2016,Total región Oriental,Tasa de Subocupación (TS),II,9.868764
2017,Total región Oriental,Tasa de Subocupación (TS),I,9.700637
2017,Total región Oriental,Tasa de Subocupación (TS),II,9.643476
2018,Total región Oriental,Tasa de Subocupación (TS),I,8.067607
2018,Total región Oriental,Tasa de Subocupación (TS),II,9.928716
2019,Total región Oriental,Tasa de Subocupación (TS),I,9.593363
2019,Total región Oriental,Tasa de Subocupación (TS),II,9.890735
2020,Total región Oriental,Tasa de Subocupación (TS),I,0.0
2020,Total región Oriental,Tasa de Subocupación (TS),II,0.0
2021,Total región Oriental,Tasa de Subocupación (TS),I,7.243429
2021,Total región Oriental,Tasa de Subocupación (TS),II,7.453841
2022,Total región Oriental,Tasa de Subocupación (TS),I,8.852961
2022,Total región Oriental,Tasa de Subocupación (TS),II,7.684174
2023,Total región Oriental,Tasa de Subocupación (TS),I,7.184177
2023,Total región Oriental,Tasa de Subocupación (TS),II,6.341303
2024,Total región Oriental,Tasa de Subocupación (TS),I,6.755206
2024,Total región Oriental,Tasa de Subocupación (TS),II,6.395196
2025,Total región Oriental,Tasa de Subocupación (TS),I,6.523841
2025,Total región Oriental,Tasa de Subocupación (TS),II,7.063779
2026,Total región Oriental,Tasa de Subocupación (TS),I,6.749628
2010,Total región Oriental,Población total,I,7545.282333
2010,Total región Oriental,Población total,II,7606.1105
2011,Total región Oriental,Población total,I,7668.6095
2011,Total región Oriental,Población total,II,7731.399167
2012,Total región Oriental,Población total,I,7796.034167
2012,Total región Oriental,Población total,II,7861.5885
2013,Total región Oriental,Población total,I,7928.979333
2013,Total región Oriental,Población total,II,7997.499167
2014,Total región Oriental,Población total,I,8068.2005
2014,Total región Oriental,Población total,II,8139.589167
2015,Total región Oriental,Población total,I,8214.928
2015,Total región Oriental,Población total,II,8294.174833
2016,Total región Oriental,Población total,I,8380.836
2016,Total región Oriental,Población total,II,8470.657667
2017,Total región Oriental,Población total,I,8568.7655
2017,Total región Oriental,Población total,II,8677.940667
2018,Total región Oriental,Población total,I,8807.246167
2018,Total región Oriental,Población total,II,8956.264667
2019,Total región Oriental,Población total,I,9119.399
2019,Total región Oriental,Población total,II,9271.9515
2020,Total región Oriental,Población total,I,9412.462333
2020,Total región Oriental,Población total,II,9530.11
2021,Total región Oriental,Población total,I,9630.124
2021,Total región Oriental,Población total,II,9715.235833
2022,Total región Oriental,Población total,I,9790.225
2022,Total región Oriental,Población total,II,9859.390333
2023,Total región Oriental,Población total,I,9930.35
2023,Total región Oriental,Población total,II,9998.236167
2024,Total región Oriental,Población total,I,10065.9675
2024,Total región Oriental,Población total,II,10131.089667
2025,Total región Oriental,Población total,I,10196.294833
2025,Total región Oriental,Población total,II,10259.169167
2026,Total región Oriental,Población total,I,10321.885833
2010,Total región Oriental,Población en edad de trabajar,I,5495.929333
2010,Total región Oriental,Población en edad de trabajar,II,5560.126167
2011,Total región Oriental,Población en edad de trabajar,I,5626.133833
2011,Total región Oriental,Población en edad de trabajar,II,5692.137
2012,Total región Oriental,Población en edad de trabajar,I,5759.798
2012,Total región Oriental,Población en edad de trabajar,II,5827.791833
2013,Total región Oriental,Población en edad de trabajar,I,5897.235833
2013,Total región Oriental,Población en edad de trabajar,II,5966.923167
2014,Total región Oriental,Población en edad de trabajar,I,6038.432333
2014,Total región Oriental,Población en edad de trabajar,II,6109.658167
2015,Total región Oriental,Población en edad de trabajar,I,6184.128
2015,Total región Oriental,Población en edad de trabajar,II,6260.2985
2016,Total región Oriental,Población en edad de trabajar,I,6342.176333
2016,Total región Oriental,Población en edad de trabajar,II,6425.521667
2017,Total región Oriental,Población en edad de trabajar,I,6514.888667
2017,Total región Oriental,Población en edad de trabajar,II,6610.013667
2018,Total región Oriental,Población en edad de trabajar,I,6718.353333
2018,Total región Oriental,Población en edad de trabajar,II,6839.903667
2019,Total región Oriental,Población en edad de trabajar,I,6971.8795
2019,Total región Oriental,Población en edad de trabajar,II,7095.9725
2020,Total región Oriental,Población en edad de trabajar,I,7211.858
2020,Total región Oriental,Población en edad de trabajar,II,7311.0855
2021,Total región Oriental,Población en edad de trabajar,I,7398.023333
2021,Total región Oriental,Población en edad de trabajar,II,7473.745833
2022,Total región Oriental,Población en edad de trabajar,I,7541.942333
2022,Total región Oriental,Población en edad de trabajar,II,7604.797167
2023,Total región Oriental,Población en edad de trabajar,I,7669.820833
2023,Total región Oriental,Población en edad de trabajar,II,7736.313833
2024,Total región Oriental,Población en edad de trabajar,I,7806.104167
2024,Total región Oriental,Población en edad de trabajar,II,7872.3865
2025,Total región Oriental,Población en edad de trabajar,I,7936.6785
2025,Total región Oriental,Población en edad de trabajar,II,7998.994
2026,Total región Oriental,Población en edad de trabajar,I,8062.729667
2010,Total región Oriental,Fuerza de trabajo,I,3843.617025
2010,Total región Oriental,Fuerza de trabajo,II,3854.805469
2011,Total región Oriental,Fuerza de trabajo,I,3900.186323
2011,Total región Oriental,Fuerza de trabajo,II,3981.731158
2012,Total región Oriental,Fuerza de trabajo,I,4034.94755
2012,Total región Oriental,Fuerza de trabajo,II,4019.953632
2013,Total región Oriental,Fuerza de trabajo,I,4043.6982
2013,Total región Oriental,Fuerza de trabajo,II,4081.375073
2014,Total región Oriental,Fuerza de trabajo,I,4069.280847
2014,Total región Oriental,Fuerza de trabajo,II,4200.40913
2015,Total región Oriental,Fuerza de trabajo,I,4189.103947
2015,Total región Oriental,Fuerza de trabajo,II,4265.798979
2016,Total región Oriental,Fuerza de trabajo,I,4222.654058
2016,Total región Oriental,Fuerza de trabajo,II,4267.233067
2017,Total región Oriental,Fuerza de trabajo,I,4271.055259
2017,Total región Oriental,Fuerza de trabajo,II,4366.80356
2018,Total región Oriental,Fuerza de trabajo,I,4410.86288
2018,Total región Oriental,Fuerza de trabajo,II,4439.56448
2019,Total región Oriental,Fuerza de trabajo,I,4448.969055
2019,Total región Oriental,Fuerza de trabajo,II,4462.385255
2020,Total región Oriental,Fuerza de trabajo,I,4234.682624
2020,Total región Oriental,Fuerza de trabajo,II,4315.296017
2021,Total región Oriental,Fuerza de trabajo,I,4406.586787
2021,Total región Oriental,Fuerza de trabajo,II,4582.099435
2022,Total región Oriental,Fuerza de trabajo,I,4772.515584
2022,Total región Oriental,Fuerza de trabajo,II,4797.06745
2023,Total región Oriental,Fuerza de trabajo,I,4848.725415
2023,Total región Oriental,Fuerza de trabajo,II,4909.619915
2024,Total región Oriental,Fuerza de trabajo,I,4898.848471
2024,Total región Oriental,Fuerza de trabajo,II,4959.142325
2025,Total región Oriental,Fuerza de trabajo,I,5065.466478
2025,Total región Oriental,Fuerza de trabajo,II,5148.978584
2026,Total región Oriental,Fuerza de trabajo,I,5223.24266
2010,Total región Oriental,Población ocupada,I,3431.751202
2010,Total región Oriental,Población ocupada,II,3482.928387
2011,Total región Oriental,Población ocupada,I,3509.106026
2011,Total región Oriental,Población ocupada,II,3635.749376
2012,Total región Oriental,Población ocupada,I,3609.667436
2012,Total región Oriental,Población ocupada,II,3674.06649
2013,Total región Oriental,Población ocupada,I,3633.465473
2013,Total región Oriental,Población ocupada,II,3730.887482
2014,Total región Oriental,Población ocupada,I,3669.201221
2014,Total región Oriental,Población ocupada,II,3863.194906
2015,Total región Oriental,Población ocupada,I,3802.478627
2015,Total región Oriental,Población ocupada,II,3927.761306
2016,Total región Oriental,Población ocupada,I,3792.412618
2016,Total región Oriental,Población ocupada,II,3919.211578
2017,Total región Oriental,Población ocupada,I,3855.201037
2017,Total región Oriental,Población ocupada,II,3975.689581
2018,Total región Oriental,Población ocupada,I,3946.719432
2018,Total región Oriental,Población ocupada,II,3988.232595
2019,Total región Oriental,Población ocupada,I,3885.148229
2019,Total región Oriental,Población ocupada,II,3954.45652
2020,Total región Oriental,Población ocupada,I,3462.131853
2020,Total región Oriental,Población ocupada,II,3580.726944
2021,Total región Oriental,Población ocupada,I,3638.013644
2021,Total región Oriental,Población ocupada,II,4000.619292
2022,Total región Oriental,Población ocupada,I,4145.17306
2022,Total región Oriental,Población ocupada,II,4317.556705
2023,Total región Oriental,Población ocupada,I,4304.523692
2023,Total región Oriental,Población ocupada,II,4438.364379
2024,Total región Oriental,Población ocupada,I,4322.895443
2024,Total región Oriental,Población ocupada,II,4496.448961
2025,Total región Oriental,Población ocupada,I,4535.032104
2025,Total región Oriental,Población ocupada,II,4688.715177
2026,Total región Oriental,Población ocupada,I,4730.052903
2010,Total región Oriental,Población desocupada,I,411.865823
2010,Total región Oriental,Población desocupada,II,371.877083
2011,Total región Oriental,Población desocupada,I,391.080297
2011,Total región Oriental,Población desocupada,II,345.981783
2012,Total región Oriental,Población desocupada,I,425.280114
2012,Total región Oriental,Población desocupada,II,345.887142
2013,Total región Oriental,Población desocupada,I,410.232727
2013,Total región Oriental,Población desocupada,II,350.487591
2014,Total región Oriental,Población desocupada,I,400.079626
2014,Total región Oriental,Población desocupada,II,337.214223
2015,Total región Oriental,Población desocupada,I,386.62532
2015,Total región Oriental,Población desocupada,II,338.037673
2016,Total región Oriental,Población desocupada,I,430.241441
2016,Total región Oriental,Población desocupada,II,348.021488
2017,Total región Oriental,Población desocupada,I,415.854222
2017,Total región Oriental,Población desocupada,II,391.113978
2018,Total región Oriental,Población desocupada,I,464.143448
2018,Total región Oriental,Población desocupada,II,451.331885
2019,Total región Oriental,Población desocupada,I,563.820826
2019,Total región Oriental,Población desocupada,II,507.928736
2020,Total región Oriental,Población desocupada,I,772.550771
2020,Total región Oriental,Población desocupada,II,734.569073
2021,Total región Oriental,Población desocupada,I,768.573143
2021,Total región Oriental,Población desocupada,II,581.480143
2022,Total región Oriental,Población desocupada,I,627.342524
2022,Total región Oriental,Población desocupada,II,479.510745
2023,Total región Oriental,Población desocupada,I,544.201723
2023,Total región Oriental,Población desocupada,II,471.255536
2024,Total región Oriental,Población desocupada,I,575.953028
2024,Total región Oriental,Población desocupada,II,462.693364
2025,Total región Oriental,Población desocupada,I,530.434374
2025,Total región Oriental,Población desocupada,II,460.263408
2026,Total región Oriental,Población desocupada,I,493.189757
2010,Total región Oriental,Población fuera de la fuerza de trabajo,I,1652.312309
2010,Total región Oriental,Población fuera de la fuerza de trabajo,II,1705.320697
2011,Total región Oriental,Población fuera de la fuerza de trabajo,I,1725.947511
2011,Total región Oriental,Población fuera de la fuerza de trabajo,II,1710.405842
2012,Total región Oriental,Población fuera de la fuerza de trabajo,I,1724.85045
2012,Total región Oriental,Población fuera de la fuerza de trabajo,II,1807.838201
2013,Total región Oriental,Población fuera de la fuerza de trabajo,I,1853.537633
2013,Total región Oriental,Población fuera de la fuerza de trabajo,II,1885.548094
2014,Total región Oriental,Población fuera de la fuerza de trabajo,I,1969.151486
2014,Total región Oriental,Población fuera de la fuerza de trabajo,II,1909.249037
2015,Total región Oriental,Población fuera de la fuerza de trabajo,I,1995.024053
2015,Total región Oriental,Población fuera de la fuerza de trabajo,II,1994.499521
2016,Total región Oriental,Población fuera de la fuerza de trabajo,I,2119.522275
2016,Total región Oriental,Población fuera de la fuerza de trabajo,II,2158.2886
2017,Total región Oriental,Población fuera de la fuerza de trabajo,I,2243.833407
2017,Total región Oriental,Población fuera de la fuerza de trabajo,II,2243.210107
2018,Total región Oriental,Población fuera de la fuerza de trabajo,I,2307.490453
2018,Total región Oriental,Población fuera de la fuerza de trabajo,II,2400.339187
2019,Total región Oriental,Población fuera de la fuerza de trabajo,I,2522.910445
2019,Total región Oriental,Población fuera de la fuerza de trabajo,II,2633.587245
2020,Total región Oriental,Población fuera de la fuerza de trabajo,I,2977.175376
2020,Total región Oriental,Población fuera de la fuerza de trabajo,II,2995.789483
2021,Total región Oriental,Población fuera de la fuerza de trabajo,I,2991.436546
2021,Total región Oriental,Población fuera de la fuerza de trabajo,II,2891.646399
2022,Total región Oriental,Población fuera de la fuerza de trabajo,I,2769.426749
2022,Total región Oriental,Población fuera de la fuerza de trabajo,II,2807.729717
2023,Total región Oriental,Población fuera de la fuerza de trabajo,I,2821.095418
2023,Total región Oriental,Población fuera de la fuerza de trabajo,II,2826.693918
2024,Total región Oriental,Población fuera de la fuerza de trabajo,I,2907.255696
2024,Total región Oriental,Población fuera de la fuerza de trabajo,II,2913.244175
2025,Total región Oriental,Población fuera de la fuerza de trabajo,I,2871.212022
2025,Total región Oriental,Población fuera de la fuerza de trabajo,II,2850.015416
2026,Total región Oriental,Población fuera de la fuerza de trabajo,I,2839.487006
2010,Total región Oriental,Población subocupada,I,431.053137
2010,Total región Oriental,Población subocupada,II,470.398272
2011,Total región Oriental,Población subocupada,I,412.685259
2011,Total región Oriental,Población subocupada,II,426.670433
2012,Total región Oriental,Población subocupada,I,457.580539
2012,Total región Oriental,Población subocupada,II,465.3045
2013,Total región Oriental,Población subocupada,I,447.193061
2013,Total región Oriental,Población subocupada,II,418.805666
2014,Total región Oriental,Población subocupada,I,417.042928
2014,Total región Oriental,Población subocupada,II,411.846429
2015,Total región Oriental,Población subocupada,I,414.823903
2015,Total región Oriental,Población subocupada,II,401.284086
2016,Total región Oriental,Población subocupada,I,396.329428
2016,Total región Oriental,Población subocupada,II,421.123171
2017,Total región Oriental,Población subocupada,I,414.319551
2017,Total región Oriental,Población subocupada,II,421.111665
2018,Total región Oriental,Población subocupada,I,355.851103
2018,Total región Oriental,Población subocupada,II,440.791758
2019,Total región Oriental,Población subocupada,I,426.805755
2019,Total región Oriental,Población subocupada,II,441.36269
2020,Total región Oriental,Población subocupada,I,0.0
2020,Total región Oriental,Población subocupada,II,0.0
2021,Total región Oriental,Población subocupada,I,319.187974
2021,Total región Oriental,Población subocupada,II,341.542408
2022,Total región Oriental,Población subocupada,I,422.508959
2022,Total región Oriental,Población subocupada,II,368.615029
2023,Total región Oriental,Población subocupada,I,348.341013
2023,Total región Oriental,Población subocupada,II,311.333885
2024,Total región Oriental,Población subocupada,I,330.927321
2024,Total región Oriental,Población subocupada,II,317.146867
2025,Total región Oriental,Población subocupada,I,330.46298
2025,Total región Oriental,Población subocupada,II,363.712478
2026,Total región Oriental,Población subocupada,I,352.54947
2010,Total región Oriental,Fuerza de trabajo potencial,I,0.0
2010,Total región Oriental,Fuerza de trabajo potencial,II,0.0
2011,Total región Oriental,Fuerza de trabajo potencial,I,0.0
2011,Total región Oriental,Fuerza de trabajo potencial,II,0.0
2012,Total región Oriental,Fuerza de trabajo potencial,I,0.0
2012,Total región Oriental,Fuerza de trabajo potencial,II,0.0
2013,Total región Oriental,Fuerza de trabajo potencial,I,0.0
2013,Total región Oriental,Fuerza de trabajo potencial,II,0.0
2014,Total región Oriental,Fuerza de trabajo potencial,I,0.0
2014,Total región Oriental,Fuerza de trabajo potencial,II,0.0
2015,Total región Oriental,Fuerza de trabajo potencial,I,0.0
2015,Total región Oriental,Fuerza de trabajo potencial,II,0.0
2016,Total región Oriental,Fuerza de trabajo potencial,I,0.0
2016,Total región Oriental,Fuerza de trabajo potencial,II,0.0
2017,Total región Oriental,Fuerza de trabajo potencial,I,0.0
2017,Total región Oriental,Fuerza de trabajo potencial,II,0.0
2018,Total región Oriental,Fuerza de trabajo potencial,I,0.0
2018,Total región Oriental,Fuerza de trabajo potencial,II,0.0
2019,Total región Oriental,Fuerza de trabajo potencial,I,0.0
2019,Total región Oriental,Fuerza de trabajo potencial,II,0.0
2020,Total región Oriental,Fuerza de trabajo potencial,I,0.0
2020,Total región Oriental,Fuerza de trabajo potencial,II,0.0
2021,Total región Oriental,Fuerza de trabajo potencial,I,269.481406
2021,Total región Oriental,Fuerza de trabajo potencial,II,200.174981
2022,Total región Oriental,Fuerza de trabajo potencial,I,264.264908
2022,Total región Oriental,Fuerza de trabajo potencial,II,246.401249
2023,Total región Oriental,Fuerza de trabajo potencial,I,281.556674
2023,Total región Oriental,Fuerza de trabajo potencial,II,260.583398
2024,Total región Oriental,Fuerza de trabajo potencial,I,210.68283
2024,Total región Oriental,Fuerza de trabajo potencial,II,194.809347
2025,Total región Oriental,Fuerza de trabajo potencial,I,244.931955
2025,Total región Oriental,Fuerza de trabajo potencial,II,254.779447
2026,Total región Oriental,Fuerza de trabajo potencial,I,249.743021
2010,Total región Central,% población en edad de trabajar,I,73.894378
2010,Total región Central,% población en edad de trabajar,II,74.179331
2011,Total región Central,% población en edad de trabajar,I,74.462283
2011,Total región Central,% población en edad de trabajar,II,74.73882
2012,Total región Central,% población en edad de trabajar,I,75.011815
2012,Total región Central,% población en edad de trabajar,II,75.27739
2013,Total región Central,% población en edad de trabajar,I,75.537657
2013,Total región Central,% población en edad de trabajar,II,75.789084
2014,Total región Central,% población en edad de trabajar,I,76.036123
2014,Total región Central,% población en edad de trabajar,II,76.272472
2015,Total región Central,% población en edad de trabajar,I,76.504275
2015,Total región Central,% población en edad de trabajar,II,76.722004
2016,Total región Central,% población en edad de trabajar,I,76.933651
2016,Total región Central,% población en edad de trabajar,II,77.130754
2017,Total región Central,% población en edad de trabajar,I,77.318621
2017,Total región Central,% población en edad de trabajar,II,77.485823
2018,Total región Central,% población en edad de trabajar,I,77.639952
2018,Total región Central,% población en edad de trabajar,II,77.787211
2019,Total región Central,% población en edad de trabajar,I,77.933948
2019,Total región Central,% población en edad de trabajar,II,78.075601
2020,Total región Central,% población en edad de trabajar,I,78.216669
2020,Total región Central,% población en edad de trabajar,II,78.357723
2021,Total región Central,% población en edad de trabajar,I,78.503067
2021,Total región Central,% población en edad de trabajar,II,78.642685
2022,Total región Central,% población en edad de trabajar,I,78.778877
2022,Total región Central,% población en edad de trabajar,II,78.905158
2023,Total región Central,% población en edad de trabajar,I,79.033195
2023,Total región Central,% población en edad de trabajar,II,79.176949
2024,Total región Central,% población en edad de trabajar,I,79.335377
2024,Total región Central,% población en edad de trabajar,II,79.482669
2025,Total región Central,% población en edad de trabajar,I,79.616671
2025,Total región Central,% población en edad de trabajar,II,79.745937
2026,Total región Central,% población en edad de trabajar,I,79.880678
2010,Total región Central,Tasa Global de Participación (TGP),I,65.565997
2010,Total región Central,Tasa Global de Participación (TGP),II,65.708116
2011,Total región Central,Tasa Global de Participación (TGP),I,64.982072
2011,Total región Central,Tasa Global de Participación (TGP),II,65.991275
2012,Total región Central,Tasa Global de Participación (TGP),I,66.274368
2012,Total región Central,Tasa Global de Participación (TGP),II,65.507032
2013,Total región Central,Tasa Global de Participación (TGP),I,64.773253
2013,Total región Central,Tasa Global de Participación (TGP),II,65.184318
2014,Total región Central,Tasa Global de Participación (TGP),I,64.691142
2014,Total región Central,Tasa Global de Participación (TGP),II,64.139779
2015,Total región Central,Tasa Global de Participación (TGP),I,63.387468
2015,Total región Central,Tasa Global de Participación (TGP),II,63.980722
2016,Total región Central,Tasa Global de Participación (TGP),I,63.365092
2016,Total región Central,Tasa Global de Participación (TGP),II,63.462842
2017,Total región Central,Tasa Global de Participación (TGP),I,63.182948
2017,Total región Central,Tasa Global de Participación (TGP),II,62.873095
2018,Total región Central,Tasa Global de Participación (TGP),I,62.179958
2018,Total región Central,Tasa Global de Participación (TGP),II,62.071625
2019,Total región Central,Tasa Global de Participación (TGP),I,60.962503
2019,Total región Central,Tasa Global de Participación (TGP),II,60.841654
2020,Total región Central,Tasa Global de Participación (TGP),I,57.558252
2020,Total región Central,Tasa Global de Participación (TGP),II,58.463729
2021,Total región Central,Tasa Global de Participación (TGP),I,57.141147
2021,Total región Central,Tasa Global de Participación (TGP),II,57.946793
2022,Total región Central,Tasa Global de Participación (TGP),I,60.922527
2022,Total región Central,Tasa Global de Participación (TGP),II,60.986292
2023,Total región Central,Tasa Global de Participación (TGP),I,61.290325
2023,Total región Central,Tasa Global de Participación (TGP),II,61.21644
2024,Total región Central,Tasa Global de Participación (TGP),I,61.24565
2024,Total región Central,Tasa Global de Participación (TGP),II,61.785072
2025,Total región Central,Tasa Global de Participación (TGP),I,62.206039
2025,Total región Central,Tasa Global de Participación (TGP),II,62.220257
2026,Total región Central,Tasa Global de Participación (TGP),I,62.409801
2010,Total región Central,Tasa de Ocupación (TO),I,56.107732
2010,Total región Central,Tasa de Ocupación (TO),II,57.431625
2011,Total región Central,Tasa de Ocupación (TO),I,56.220352
2011,Total región Central,Tasa de Ocupación (TO),II,58.340878
2012,Total región Central,Tasa de Ocupación (TO),I,58.046514
2012,Total región Central,Tasa de Ocupación (TO),II,58.235482
2013,Total región Central,Tasa de Ocupación (TO),I,57.131428
2013,Total región Central,Tasa de Ocupación (TO),II,58.959969
2014,Total región Central,Tasa de Ocupación (TO),I,57.712421
2014,Total región Central,Tasa de Ocupación (TO),II,57.966938
2015,Total región Central,Tasa de Ocupación (TO),I,56.537911
2015,Total región Central,Tasa de Ocupación (TO),II,57.811362
2016,Total región Central,Tasa de Ocupación (TO),I,56.468836
2016,Total región Central,Tasa de Ocupación (TO),II,57.134496
2017,Total región Central,Tasa de Ocupación (TO),I,56.311697
2017,Total región Central,Tasa de Ocupación (TO),II,56.567486
2018,Total región Central,Tasa de Ocupación (TO),I,54.619092
2018,Total región Central,Tasa de Ocupación (TO),II,55.418727
2019,Total región Central,Tasa de Ocupación (TO),I,53.279773
2019,Total región Central,Tasa de Ocupación (TO),II,53.618498
2020,Total región Central,Tasa de Ocupación (TO),I,46.469413
2020,Total región Central,Tasa de Ocupación (TO),II,48.31823
2021,Total región Central,Tasa de Ocupación (TO),I,48.368048
2021,Total región Central,Tasa de Ocupación (TO),II,51.114846
2022,Total región Central,Tasa de Ocupación (TO),I,53.996379
2022,Total región Central,Tasa de Ocupación (TO),II,54.832574
2023,Total región Central,Tasa de Ocupación (TO),I,55.079713
2023,Total región Central,Tasa de Ocupación (TO),II,55.819331
2024,Total región Central,Tasa de Ocupación (TO),I,54.523289
2024,Total región Central,Tasa de Ocupación (TO),II,56.433228
2025,Total región Central,Tasa de Ocupación (TO),I,56.618038
2025,Total región Central,Tasa de Ocupación (TO),II,57.637543
2026,Total región Central,Tasa de Ocupación (TO),I,57.010687
2010,Total región Central,Tasa de Desocupación (TD),I,14.425565
2010,Total región Central,Tasa de Desocupación (TD),II,12.595843
2011,Total región Central,Tasa de Desocupación (TD),I,13.483289
2011,Total región Central,Tasa de Desocupación (TD),II,11.593043
2012,Total región Central,Tasa de Desocupación (TD),I,12.414836
2012,Total región Central,Tasa de Desocupación (TD),II,11.100412
2013,Total región Central,Tasa de Desocupación (TD),I,11.797809
2013,Total región Central,Tasa de Desocupación (TD),II,9.548844
2014,Total región Central,Tasa de Desocupación (TD),I,10.787754
2014,Total región Central,Tasa de Desocupación (TD),II,9.624044
2015,Total región Central,Tasa de Desocupación (TD),I,10.805853
2015,Total región Central,Tasa de Desocupación (TD),II,9.64253
2016,Total región Central,Tasa de Desocupación (TD),I,10.883367
2016,Total región Central,Tasa de Desocupación (TD),II,9.971735
2017,Total región Central,Tasa de Desocupación (TD),I,10.875166
2017,Total región Central,Tasa de Desocupación (TD),II,10.029106
2018,Total región Central,Tasa de Desocupación (TD),I,12.159651
2018,Total región Central,Tasa de Desocupación (TD),II,10.718098
2019,Total región Central,Tasa de Desocupación (TD),I,12.602385
2019,Total región Central,Tasa de Desocupación (TD),II,11.872056
2020,Total región Central,Tasa de Desocupación (TD),I,19.265419
2020,Total región Central,Tasa de Desocupación (TD),II,17.353492
2021,Total región Central,Tasa de Desocupación (TD),I,15.353383
2021,Total región Central,Tasa de Desocupación (TD),II,11.790035
2022,Total región Central,Tasa de Desocupación (TD),I,11.368779
2022,Total región Central,Tasa de Desocupación (TD),II,10.090329
2023,Total región Central,Tasa de Desocupación (TD),I,10.133102
2023,Total región Central,Tasa de Desocupación (TD),II,8.816437
2024,Total región Central,Tasa de Desocupación (TD),I,10.976063
2024,Total región Central,Tasa de Desocupación (TD),II,8.662034
2025,Total región Central,Tasa de Desocupación (TD),I,8.983054
2025,Total región Central,Tasa de Desocupación (TD),II,7.365309
2026,Total región Central,Tasa de Desocupación (TD),I,8.651067
2010,Total región Central,Tasa de Subocupación (TS),I,12.766614
2010,Total región Central,Tasa de Subocupación (TS),II,12.167274
2011,Total región Central,Tasa de Subocupación (TS),I,11.807154
2011,Total región Central,Tasa de Subocupación (TS),II,11.308257
2012,Total región Central,Tasa de Subocupación (TS),I,11.492633
2012,Total región Central,Tasa de Subocupación (TS),II,11.738873
2013,Total región Central,Tasa de Subocupación (TS),I,11.071401
2013,Total región Central,Tasa de Subocupación (TS),II,10.358387
2014,Total región Central,Tasa de Subocupación (TS),I,9.328262
2014,Total región Central,Tasa de Subocupación (TS),II,9.450944
2015,Total región Central,Tasa de Subocupación (TS),I,9.326756
2015,Total región Central,Tasa de Subocupación (TS),II,8.739255
2016,Total región Central,Tasa de Subocupación (TS),I,9.641211
2016,Total región Central,Tasa de Subocupación (TS),II,8.758052
2017,Total región Central,Tasa de Subocupación (TS),I,9.394907
2017,Total región Central,Tasa de Subocupación (TS),II,8.267325
2018,Total región Central,Tasa de Subocupación (TS),I,9.027548
2018,Total región Central,Tasa de Subocupación (TS),II,8.578855
2019,Total región Central,Tasa de Subocupación (TS),I,9.463338
2019,Total región Central,Tasa de Subocupación (TS),II,9.251019
2021,Total región Central,Tasa de Subocupación (TS),I,5.558188
2021,Total región Central,Tasa de Subocupación (TS),II,5.526028
2022,Total región Central,Tasa de Subocupación (TS),I,6.033462
2022,Total región Central,Tasa de Subocupación (TS),II,5.901455
2023,Total región Central,Tasa de Subocupación (TS),I,5.845046
2023,Total región Central,Tasa de Subocupación (TS),II,5.719448
2024,Total región Central,Tasa de Subocupación (TS),I,5.98944
2024,Total región Central,Tasa de Subocupación (TS),II,5.24178
2025,Total región Central,Tasa de Subocupación (TS),I,5.964162
2025,Total región Central,Tasa de Subocupación (TS),II,5.92531
2026,Total región Central,Tasa de Subocupación (TS),I,5.804392
2010,Total región Central,Población total,I,10887.015667
2010,Total región Central,Población total,II,10932.4195
2011,Total región Central,Población total,I,10977.931
2011,Total región Central,Población total,II,11022.332
2012,Total región Central,Población total,I,11066.0465
2012,Total región Central,Población total,II,11108.713
2013,Total región Central,Población total,I,11150.984667
2013,Total región Central,Población total,II,11193.382167
2014,Total región Central,Población total,I,11236.740667
2014,Total región Central,Población total,II,11280.587833
2015,Total región Central,Población total,I,11326.6775
2015,Total región Central,Población total,II,11375.351167
2016,Total región Central,Población total,I,11427.913333
2016,Total región Central,Población total,II,11482.417667
2017,Total región Central,Población total,I,11540.725167
2017,Total región Central,Población total,II,11604.917667
2018,Total región Central,Población total,I,11679.762667
2018,Total región Central,Población total,II,11767.526333
2019,Total región Central,Población total,I,11864.425
2019,Total región Central,Población total,II,11957.704333
2020,Total región Central,Población total,I,12044.443
2020,Total región Central,Población total,II,12122.3905
2021,Total región Central,Población total,I,12195.266
2021,Total región Central,Población total,II,12267.775833
2022,Total región Central,Población total,I,12341.418833
2022,Total región Central,Población total,II,12416.264333
2023,Total región Central,Población total,I,12492.805333
2023,Total región Central,Población total,II,12567.754167
2024,Total región Central,Población total,I,12642.0405
2024,Total región Central,Población total,II,12714.478833
2025,Total región Central,Población total,I,12786.395
2025,Total región Central,Población total,II,12856.716667
2026,Total región Central,Población total,I,12926.209333
2010,Total región Central,Población en edad de trabajar,I,8044.8925
2010,Total región Central,Población en edad de trabajar,II,8109.595667
2011,Total región Central,Población en edad de trabajar,I,8174.418
2011,Total región Central,Población en edad de trabajar,II,8237.960833
2012,Total región Central,Población en edad de trabajar,I,8300.842333
2012,Total región Central,Población en edad de trabajar,II,8362.349167
2013,Total región Central,Población en edad de trabajar,I,8423.1925
2013,Total región Central,Población en edad de trabajar,II,8483.361833
2014,Total región Central,Población en edad de trabajar,I,8543.982
2014,Total región Central,Población en edad de trabajar,II,8603.983167
2015,Total región Central,Población en edad de trabajar,I,8665.3925
2015,Total región Central,Población en edad de trabajar,II,8727.397333
2016,Total región Central,Población en edad de trabajar,I,8791.911
2016,Total región Central,Población en edad de trabajar,II,8856.475333
2017,Total región Central,Población en edad de trabajar,I,8923.1295
2017,Total región Central,Población en edad de trabajar,II,8992.166
2018,Total región Central,Población en edad de trabajar,I,9068.162167
2018,Total región Central,Población en edad de trabajar,II,9153.6305
2019,Total región Central,Población en edad de trabajar,I,9246.414833
2019,Total región Central,Población en edad de trabajar,II,9336.0495
2020,Total región Central,Población en edad de trabajar,I,9420.762167
2020,Total región Central,Población en edad de trabajar,II,9498.829167
2021,Total región Central,Población en edad de trabajar,I,9573.657833
2021,Total región Central,Población en edad de trabajar,II,9647.708333
2022,Total región Central,Población en edad de trabajar,I,9722.431167
2022,Total región Central,Población en edad de trabajar,II,9797.073
2023,Total región Central,Población en edad de trabajar,I,9873.463167
2023,Total región Central,Población en edad de trabajar,II,9950.764333
2024,Total región Central,Población en edad de trabajar,I,10029.6105
2024,Total región Central,Población en edad de trabajar,II,10105.807167
2025,Total región Central,Población en edad de trabajar,I,10180.102
2025,Total región Central,Población en edad de trabajar,II,10252.709167
2026,Total región Central,Población en edad de trabajar,I,10325.543667
2010,Total región Central,Fuerza de trabajo,I,5274.714014
2010,Total región Central,Fuerza de trabajo,II,5328.662561
2011,Total región Central,Fuerza de trabajo,I,5311.906208
2011,Total región Central,Fuerza de trabajo,II,5436.335392
2012,Total región Central,Fuerza de trabajo,I,5501.330827
2012,Total región Central,Fuerza de trabajo,II,5477.926749
2013,Total región Central,Fuerza de trabajo,I,5455.975773
2013,Total región Central,Fuerza de trabajo,II,5529.821553
2014,Total región Central,Fuerza de trabajo,I,5527.199538
2014,Total región Central,Fuerza de trabajo,II,5518.575774
2015,Total región Central,Fuerza de trabajo,I,5492.77289
2015,Total región Central,Fuerza de trabajo,II,5583.85185
2016,Total región Central,Fuerza de trabajo,I,5571.002512
2016,Total región Central,Fuerza de trabajo,II,5620.57099
2017,Total región Central,Fuerza de trabajo,I,5637.896274
2017,Total región Central,Fuerza de trabajo,II,5653.653066
2018,Total región Central,Fuerza de trabajo,I,5638.57943
2018,Total región Central,Fuerza de trabajo,II,5681.807195
2019,Total región Central,Fuerza de trabajo,I,5636.845925
2019,Total región Central,Fuerza de trabajo,II,5680.206898
2020,Total región Central,Fuerza de trabajo,I,5422.426024
2020,Total región Central,Fuerza de trabajo,II,5553.369751
2021,Total región Central,Fuerza de trabajo,I,5470.49792
2021,Total región Central,Fuerza de trabajo,II,5590.537576
2022,Total región Central,Fuerza de trabajo,I,5923.150707
2022,Total región Central,Fuerza de trabajo,II,5974.871514
2023,Total región Central,Fuerza de trabajo,I,6051.477621
2023,Total región Central,Fuerza de trabajo,II,6091.50364
2024,Total región Central,Fuerza de trabajo,I,6142.700189
2024,Total región Central,Fuerza de trabajo,II,6243.880206
2025,Total región Central,Fuerza de trabajo,I,6332.638265
2025,Total región Central,Fuerza de trabajo,II,6379.262044
2026,Total región Central,Fuerza de trabajo,I,6444.151231
2010,Total región Central,Población ocupada,I,4513.806718
2010,Total región Central,Población ocupada,II,4657.472576
2011,Total región Central,Población ocupada,I,4595.686542
2011,Total región Central,Población ocupada,II,4806.09871
2012,Total región Central,Población ocupada,I,4818.349619
2012,Total región Central,Población ocupada,II,4869.854336
2013,Total región Central,Población ocupada,I,4812.290196
2013,Total región Central,Población ocupada,II,5001.787524
2014,Total región Central,Población ocupada,I,4930.938859
2014,Total región Central,Población ocupada,II,4987.465625
2015,Total región Central,Población ocupada,I,4899.231918
2015,Total región Central,Población ocupada,II,5045.427237
2016,Total región Central,Población ocupada,I,4964.689841
2016,Total región Central,Población ocupada,II,5060.10253
2017,Total región Central,Población ocupada,I,5024.765683
2017,Total región Central,Población ocupada,II,5086.642227
2018,Total región Central,Población ocupada,I,4952.947837
2018,Total región Central,Población ocupada,II,5072.825539
2019,Total región Central,Población ocupada,I,4926.468874
2019,Total región Central,Población ocupada,II,5005.849559
2020,Total región Central,Población ocupada,I,4377.772915
2020,Total región Central,Población ocupada,II,4589.666167
2021,Total región Central,Población ocupada,I,4630.591423
2021,Total región Central,Población ocupada,II,4931.411261
2022,Total región Central,Población ocupada,I,5249.760765
2022,Total región Central,Población ocupada,II,5371.987329
2023,Total región Central,Población ocupada,I,5438.275193
2023,Total región Central,Población ocupada,II,5554.450047
2024,Total región Central,Población ocupada,I,5468.473564
2024,Total región Central,Población ocupada,II,5703.033161
2025,Total región Central,Población ocupada,I,5763.773979
2025,Total región Central,Población ocupada,II,5909.409677
2026,Total región Central,Población ocupada,I,5886.663394
2010,Total región Central,Población desocupada,I,760.907296
2010,Total región Central,Población desocupada,II,671.189985
2011,Total región Central,Población desocupada,I,716.219666
2011,Total región Central,Población desocupada,II,630.236682
2012,Total región Central,Población desocupada,I,682.981208
2012,Total región Central,Población desocupada,II,608.072413
2013,Total región Central,Población desocupada,I,643.685577
2013,Total región Central,Población desocupada,II,528.03403
2014,Total región Central,Población desocupada,I,596.260679
2014,Total región Central,Población desocupada,II,531.110149
2015,Total región Central,Población desocupada,I,593.540972
2015,Total región Central,Población desocupada,II,538.424613
2016,Total región Central,Población desocupada,I,606.312671
2016,Total región Central,Población desocupada,II,560.46846
2017,Total región Central,Población desocupada,I,613.130592
2017,Total región Central,Población desocupada,II,567.010839
2018,Total región Central,Población desocupada,I,685.631593
2018,Total región Central,Población desocupada,II,608.981657
2019,Total región Central,Población desocupada,I,710.377051
2019,Total región Central,Población desocupada,II,674.357339
2020,Total región Central,Población desocupada,I,1044.653109
2020,Total región Central,Población desocupada,II,963.703584
2021,Total región Central,Población desocupada,I,839.906497
2021,Total región Central,Población desocupada,II,659.126315
2022,Total región Central,Población desocupada,I,673.389942
2022,Total región Central,Población desocupada,II,602.884185
2023,Total región Central,Población desocupada,I,613.202428
2023,Total región Central,Población desocupada,II,537.053594
2024,Total región Central,Población desocupada,I,674.226625
2024,Total región Central,Población desocupada,II,540.847045
2025,Total región Central,Población desocupada,I,568.864285
2025,Total región Central,Población desocupada,II,469.852366
2026,Total región Central,Población desocupada,I,557.487837
2010,Total región Central,Población fuera de la fuerza de trabajo,I,2770.178486
2010,Total región Central,Población fuera de la fuerza de trabajo,II,2780.933105
2011,Total región Central,Población fuera de la fuerza de trabajo,I,2862.511792
2011,Total región Central,Población fuera de la fuerza de trabajo,II,2801.625441
2012,Total región Central,Población fuera de la fuerza de trabajo,I,2799.511506
2012,Total región Central,Población fuera de la fuerza de trabajo,II,2884.422418
2013,Total región Central,Población fuera de la fuerza de trabajo,I,2967.216727
2013,Total región Central,Población fuera de la fuerza de trabajo,II,2953.54028
2014,Total región Central,Población fuera de la fuerza de trabajo,I,3016.782462
2014,Total región Central,Población fuera de la fuerza de trabajo,II,3085.407393
2015,Total región Central,Población fuera de la fuerza de trabajo,I,3172.61961
2015,Total región Central,Población fuera de la fuerza de trabajo,II,3143.545483
2016,Total región Central,Población fuera de la fuerza de trabajo,I,3220.908488
2016,Total región Central,Población fuera de la fuerza de trabajo,II,3235.904343
2017,Total región Central,Población fuera de la fuerza de trabajo,I,3285.233226
2017,Total región Central,Población fuera de la fuerza de trabajo,II,3338.512934
2018,Total región Central,Población fuera de la fuerza de trabajo,I,3429.582737
2018,Total región Central,Población fuera de la fuerza de trabajo,II,3471.823305
2019,Total región Central,Población fuera de la fuerza de trabajo,I,3609.568909
2019,Total región Central,Población fuera de la fuerza de trabajo,II,3655.842602
2020,Total región Central,Población fuera de la fuerza de trabajo,I,3998.336142
2020,Total región Central,Población fuera de la fuerza de trabajo,II,3945.459416
2021,Total región Central,Población fuera de la fuerza de trabajo,I,4103.159913
2021,Total región Central,Población fuera de la fuerza de trabajo,II,4057.170757
2022,Total región Central,Población fuera de la fuerza de trabajo,I,3799.28046
2022,Total región Central,Población fuera de la fuerza de trabajo,II,3822.201486
2023,Total región Central,Población fuera de la fuerza de trabajo,I,3821.985546
2023,Total región Central,Población fuera de la fuerza de trabajo,II,3859.260693
2024,Total región Central,Población fuera de la fuerza de trabajo,I,3886.910311
2024,Total región Central,Población fuera de la fuerza de trabajo,II,3861.92696
2025,Total región Central,Población fuera de la fuerza de trabajo,I,3847.463735
2025,Total región Central,Población fuera de la fuerza de trabajo,II,3873.447123
2026,Total región Central,Población fuera de la fuerza de trabajo,I,3881.392435
2010,Total región Central,Población subocupada,I,673.402383
2010,Total región Central,Población subocupada,II,648.352952
2011,Total región Central,Población subocupada,I,627.18497
2011,Total región Central,Población subocupada,II,614.754783
2012,Total región Central,Población subocupada,I,632.247775
2012,Total región Central,Población subocupada,II,643.046859
2013,Total región Central,Población subocupada,I,604.052981
2013,Total región Central,Población subocupada,II,572.800344
2014,Total región Central,Población subocupada,I,515.591672
2014,Total región Central,Población subocupada,II,521.557523
2015,Total región Central,Población subocupada,I,512.29754
2015,Total región Central,Población subocupada,II,487.987043
2016,Total región Central,Población subocupada,I,537.11208
2016,Total región Central,Población subocupada,II,492.252549
2017,Total región Central,Población subocupada,I,529.675084
2017,Total región Central,Población subocupada,II,467.405877
2018,Total región Central,Población subocupada,I,509.025458
2018,Total región Central,Población subocupada,II,487.434003
2019,Total región Central,Población subocupada,I,533.433772
2019,Total región Central,Población subocupada,II,525.477017
2020,Total región Central,Población subocupada,I,0.0
2020,Total región Central,Población subocupada,II,0.0
2021,Total región Central,Población subocupada,I,304.060557
2021,Total región Central,Población subocupada,II,308.934682
2022,Total región Central,Población subocupada,I,357.371069
2022,Total región Central,Población subocupada,II,352.604359
2023,Total región Central,Población subocupada,I,353.711659
2023,Total región Central,Población subocupada,II,348.400391
2024,Total región Central,Población subocupada,I,367.913362
2024,Total región Central,Población subocupada,II,327.290491
2025,Total región Central,Población subocupada,I,377.688819
2025,Total región Central,Población subocupada,II,377.991027
2026,Total región Central,Población subocupada,I,374.043788
2010,Total región Central,Fuerza de trabajo potencial,I,0.0
2010,Total región Central,Fuerza de trabajo potencial,II,0.0
2011,Total región Central,Fuerza de trabajo potencial,I,0.0
2011,Total región Central,Fuerza de trabajo potencial,II,0.0
2012,Total región Central,Fuerza de trabajo potencial,I,0.0
2012,Total región Central,Fuerza de trabajo potencial,II,0.0
2013,Total región Central,Fuerza de trabajo potencial,I,0.0
2013,Total región Central,Fuerza de trabajo potencial,II,0.0
2014,Total región Central,Fuerza de trabajo potencial,I,0.0
2014,Total región Central,Fuerza de trabajo potencial,II,0.0
2015,Total región Central,Fuerza de trabajo potencial,I,0.0
2015,Total región Central,Fuerza de trabajo potencial,II,0.0
2016,Total región Central,Fuerza de trabajo potencial,I,0.0
2016,Total región Central,Fuerza de trabajo potencial,II,0.0
2017,Total región Central,Fuerza de trabajo potencial,I,0.0
2017,Total región Central,Fuerza de trabajo potencial,II,0.0
2018,Total región Central,Fuerza de trabajo potencial,I,0.0
2018,Total región Central,Fuerza de trabajo potencial,II,0.0
2019,Total región Central,Fuerza de trabajo potencial,I,0.0
2019,Total región Central,Fuerza de trabajo potencial,II,0.0
2020,Total región Central,Fuerza de trabajo potencial,I,0.0
2020,Total región Central,Fuerza de trabajo potencial,II,0.0
2021,Total región Central,Fuerza de trabajo potencial,I,329.137018
2021,Total región Central,Fuerza de trabajo potencial,II,271.818448
2022,Total región Central,Fuerza de trabajo potencial,I,382.10954
2022,Total región Central,Fuerza de trabajo potencial,II,359.689407
2023,Total región Central,Fuerza de trabajo potencial,I,367.056896
2023,Total región Central,Fuerza de trabajo potencial,II,310.203687
2024,Total región Central,Fuerza de trabajo potencial,I,299.772571
2024,Total región Central,Fuerza de trabajo potencial,II,255.028794
2025,Total región Central,Fuerza de trabajo potencial,I,252.260434
2025,Total región Central,Fuerza de trabajo potencial,II,253.850464
2026,Total región Central,Fuerza de trabajo potencial,I,233.100569
2010,Total región Pacífica,% población en edad de trabajar,I,72.50424
2010,Total región Pacífica,% población en edad de trabajar,II,72.704891
2011,Total región Pacífica,% población en edad de trabajar,I,72.90466
2011,Total región Pacífica,% población en edad de trabajar,II,73.101165
2012,Total región Pacífica,% población en edad de trabajar,I,73.297137
2012,Total región Pacífica,% población en edad de trabajar,II,73.488963
2013,Total región Pacífica,% población en edad de trabajar,I,73.678585
2013,Total región Pacífica,% población en edad de trabajar,II,73.863919
2014,Total región Pacífica,% población en edad de trabajar,I,74.049236
2014,Total región Pacífica,% población en edad de trabajar,II,74.229475
2015,Total región Pacífica,% población en edad de trabajar,I,74.410561
2015,Total región Pacífica,% población en edad de trabajar,II,74.584175
2016,Total región Pacífica,% población en edad de trabajar,I,74.754801
2016,Total región Pacífica,% población en edad de trabajar,II,74.911473
2017,Total región Pacífica,% población en edad de trabajar,I,75.063287
2017,Total región Pacífica,% población en edad de trabajar,II,75.212843
2018,Total región Pacífica,% población en edad de trabajar,I,75.364679
2018,Total región Pacífica,% población en edad de trabajar,II,75.517148
2019,Total región Pacífica,% población en edad de trabajar,I,75.670831
2019,Total región Pacífica,% población en edad de trabajar,II,75.818347
2020,Total región Pacífica,% población en edad de trabajar,I,75.968452
2020,Total región Pacífica,% población en edad de trabajar,II,76.117859
2021,Total región Pacífica,% población en edad de trabajar,I,76.277943
2021,Total región Pacífica,% población en edad de trabajar,II,76.431657
2022,Total región Pacífica,% población en edad de trabajar,I,76.591583
2022,Total región Pacífica,% población en edad de trabajar,II,76.745929
2023,Total región Pacífica,% población en edad de trabajar,I,76.898148
2023,Total región Pacífica,% población en edad de trabajar,II,77.028847
2024,Total región Pacífica,% población en edad de trabajar,I,77.151582
2024,Total región Pacífica,% población en edad de trabajar,II,77.283975
2025,Total región Pacífica,% población en edad de trabajar,I,77.435143
2025,Total región Pacífica,% población en edad de trabajar,II,77.585686
2026,Total región Pacífica,% población en edad de trabajar,I,77.735347
2010,Total región Pacífica,Tasa Global de Participación (TGP),I,68.701647
2010,Total región Pacífica,Tasa Global de Participación (TGP),II,68.730946
2011,Total región Pacífica,Tasa Global de Participación (TGP),I,67.414327
2011,Total región Pacífica,Tasa Global de Participación (TGP),II,68.681322
2012,Total región Pacífica,Tasa Global de Participación (TGP),I,67.386811
2012,Total región Pacífica,Tasa Global de Participación (TGP),II,67.085758
2013,Total región Pacífica,Tasa Global de Participación (TGP),I,66.951515
2013,Total región Pacífica,Tasa Global de Participación (TGP),II,67.145089
2014,Total región Pacífica,Tasa Global de Participación (TGP),I,65.832348
2014,Total región Pacífica,Tasa Global de Participación (TGP),II,65.888599
2015,Total región Pacífica,Tasa Global de Participación (TGP),I,66.407537
2015,Total región Pacífica,Tasa Global de Participación (TGP),II,67.069865
2016,Total región Pacífica,Tasa Global de Participación (TGP),I,66.804924
2016,Total región Pacífica,Tasa Global de Participación (TGP),II,66.41983
2017,Total región Pacífica,Tasa Global de Participación (TGP),I,66.829853
2017,Total región Pacífica,Tasa Global de Participación (TGP),II,65.344994
2018,Total región Pacífica,Tasa Global de Participación (TGP),I,65.414428
2018,Total región Pacífica,Tasa Global de Participación (TGP),II,64.178293
2019,Total región Pacífica,Tasa Global de Participación (TGP),I,63.144799
2019,Total región Pacífica,Tasa Global de Participación (TGP),II,64.090218
2020,Total región Pacífica,Tasa Global de Participación (TGP),I,57.621064
2020,Total región Pacífica,Tasa Global de Participación (TGP),II,60.742515
2021,Total región Pacífica,Tasa Global de Participación (TGP),I,60.573358
2021,Total región Pacífica,Tasa Global de Participación (TGP),II,62.016224
2022,Total región Pacífica,Tasa Global de Participación (TGP),I,65.01843
2022,Total región Pacífica,Tasa Global de Participación (TGP),II,65.613159
2023,Total región Pacífica,Tasa Global de Participación (TGP),I,65.615659
2023,Total región Pacífica,Tasa Global de Participación (TGP),II,65.606702
2024,Total región Pacífica,Tasa Global de Participación (TGP),I,65.550044
2024,Total región Pacífica,Tasa Global de Participación (TGP),II,65.113198
2025,Total región Pacífica,Tasa Global de Participación (TGP),I,64.393987
2025,Total región Pacífica,Tasa Global de Participación (TGP),II,64.712833
2026,Total región Pacífica,Tasa Global de Participación (TGP),I,65.995794
2010,Total región Pacífica,Tasa de Ocupación (TO),I,58.555564
2010,Total región Pacífica,Tasa de Ocupación (TO),II,58.81361
2011,Total región Pacífica,Tasa de Ocupación (TO),I,57.429747
2011,Total región Pacífica,Tasa de Ocupación (TO),II,59.807993
2012,Total región Pacífica,Tasa de Ocupación (TO),I,58.295963
2012,Total región Pacífica,Tasa de Ocupación (TO),II,58.670305
2013,Total región Pacífica,Tasa de Ocupación (TO),I,58.122721
2013,Total región Pacífica,Tasa de Ocupación (TO),II,59.201204
2014,Total región Pacífica,Tasa de Ocupación (TO),I,57.470365
2014,Total región Pacífica,Tasa de Ocupación (TO),II,58.710656
2015,Total región Pacífica,Tasa de Ocupación (TO),I,58.611116
2015,Total región Pacífica,Tasa de Ocupación (TO),II,60.330138
2016,Total región Pacífica,Tasa de Ocupación (TO),I,59.569233
2016,Total región Pacífica,Tasa de Ocupación (TO),II,60.209749
2017,Total región Pacífica,Tasa de Ocupación (TO),I,59.971057
2017,Total región Pacífica,Tasa de Ocupación (TO),II,58.980086
2018,Total región Pacífica,Tasa de Ocupación (TO),I,58.626226
2018,Total región Pacífica,Tasa de Ocupación (TO),II,57.883923
2019,Total región Pacífica,Tasa de Ocupación (TO),I,56.091737
2019,Total región Pacífica,Tasa de Ocupación (TO),II,57.190909
2020,Total región Pacífica,Tasa de Ocupación (TO),I,47.798412
2020,Total región Pacífica,Tasa de Ocupación (TO),II,51.118849
2021,Total región Pacífica,Tasa de Ocupación (TO),I,51.631974
2021,Total región Pacífica,Tasa de Ocupación (TO),II,54.70632
2022,Total región Pacífica,Tasa de Ocupación (TO),I,57.572147
2022,Total región Pacífica,Tasa de Ocupación (TO),II,58.864588
2023,Total región Pacífica,Tasa de Ocupación (TO),I,58.484222
2023,Total región Pacífica,Tasa de Ocupación (TO),II,59.34633
2024,Total región Pacífica,Tasa de Ocupación (TO),I,58.331631
2024,Total región Pacífica,Tasa de Ocupación (TO),II,59.174084
2025,Total región Pacífica,Tasa de Ocupación (TO),I,58.696353
2025,Total región Pacífica,Tasa de Ocupación (TO),II,59.682159
2026,Total región Pacífica,Tasa de Ocupación (TO),I,60.493907
2010,Total región Pacífica,Tasa de Desocupación (TD),I,14.768325
2010,Total región Pacífica,Tasa de Desocupación (TD),II,14.429215
2011,Total región Pacífica,Tasa de Desocupación (TD),I,14.810769
2011,Total región Pacífica,Tasa de Desocupación (TD),II,12.919566
2012,Total región Pacífica,Tasa de Desocupación (TD),I,13.490545
2012,Total región Pacífica,Tasa de Desocupación (TD),II,12.544321
2013,Total región Pacífica,Tasa de Desocupación (TD),I,13.186848
2013,Total región Pacífica,Tasa de Desocupación (TD),II,11.830925
2014,Total región Pacífica,Tasa de Desocupación (TD),I,12.701937
2014,Total región Pacífica,Tasa de Desocupación (TD),II,10.89406
2015,Total región Pacífica,Tasa de Desocupación (TD),I,11.740266
2015,Total región Pacífica,Tasa de Desocupación (TD),II,10.048815
2016,Total región Pacífica,Tasa de Desocupación (TD),I,10.831074
2016,Total región Pacífica,Tasa de Desocupación (TD),II,9.34974
2017,Total región Pacífica,Tasa de Desocupación (TD),I,10.263071
2017,Total región Pacífica,Tasa de Desocupación (TD),II,9.740469
2018,Total región Pacífica,Tasa de Desocupación (TD),I,10.377225
2018,Total región Pacífica,Tasa de Desocupación (TD),II,9.80763
2019,Total región Pacífica,Tasa de Desocupación (TD),I,11.169664
2019,Total región Pacífica,Tasa de Desocupación (TD),II,10.764995
2020,Total región Pacífica,Tasa de Desocupación (TD),I,17.046983
2020,Total región Pacífica,Tasa de Desocupación (TD),II,15.843378
2021,Total región Pacífica,Tasa de Desocupación (TD),I,14.761249
2021,Total región Pacífica,Tasa de Desocupación (TD),II,11.787084
2022,Total región Pacífica,Tasa de Desocupación (TD),I,11.452573
2022,Total región Pacífica,Tasa de Desocupación (TD),II,10.285394
2023,Total región Pacífica,Tasa de Desocupación (TD),I,10.868498
2023,Total región Pacífica,Tasa de Desocupación (TD),II,9.542275
2024,Total región Pacífica,Tasa de Desocupación (TD),I,11.012064
2024,Total región Pacífica,Tasa de Desocupación (TD),II,9.121215
2025,Total región Pacífica,Tasa de Desocupación (TD),I,8.848085
2025,Total región Pacífica,Tasa de Desocupación (TD),II,7.773843
2026,Total región Pacífica,Tasa de Desocupación (TD),I,8.336723
2010,Total región Pacífica,Tasa de Subocupación (TS),I,13.703152
2010,Total región Pacífica,Tasa de Subocupación (TS),II,14.172137
2011,Total región Pacífica,Tasa de Subocupación (TS),I,12.605498
2011,Total región Pacífica,Tasa de Subocupación (TS),II,12.636824
2012,Total región Pacífica,Tasa de Subocupación (TS),I,13.22447
2012,Total región Pacífica,Tasa de Subocupación (TS),II,13.883288
2013,Total región Pacífica,Tasa de Subocupación (TS),I,13.453552
2013,Total región Pacífica,Tasa de Subocupación (TS),II,13.907526
2014,Total región Pacífica,Tasa de Subocupación (TS),I,13.155826
2014,Total región Pacífica,Tasa de Subocupación (TS),II,13.137613
2015,Total región Pacífica,Tasa de Subocupación (TS),I,13.795216
2015,Total región Pacífica,Tasa de Subocupación (TS),II,14.461364
2016,Total región Pacífica,Tasa de Subocupación (TS),I,13.595176
2016,Total región Pacífica,Tasa de Subocupación (TS),II,11.878324
2017,Total región Pacífica,Tasa de Subocupación (TS),I,11.876271
2017,Total región Pacífica,Tasa de Subocupación (TS),II,10.5832
2018,Total región Pacífica,Tasa de Subocupación (TS),I,11.319721
2018,Total región Pacífica,Tasa de Subocupación (TS),II,12.480068
2019,Total región Pacífica,Tasa de Subocupación (TS),I,11.878371
2019,Total región Pacífica,Tasa de Subocupación (TS),II,11.100243
2020,Total región Pacífica,Tasa de Subocupación (TS),I,0.0
2020,Total región Pacífica,Tasa de Subocupación (TS),II,0.0
2021,Total región Pacífica,Tasa de Subocupación (TS),I,6.314524
2021,Total región Pacífica,Tasa de Subocupación (TS),II,7.529473
2022,Total región Pacífica,Tasa de Subocupación (TS),I,9.129355
2022,Total región Pacífica,Tasa de Subocupación (TS),II,9.799408
2023,Total región Pacífica,Tasa de Subocupación (TS),I,10.393292
2023,Total región Pacífica,Tasa de Subocupación (TS),II,10.72962
2024,Total región Pacífica,Tasa de Subocupación (TS),I,10.240905
2024,Total región Pacífica,Tasa de Subocupación (TS),II,9.312743
2025,Total región Pacífica,Tasa de Subocupación (TS),I,8.379022
2025,Total región Pacífica,Tasa de Subocupación (TS),II,7.124496
2026,Total región Pacífica,Tasa de Subocupación (TS),I,7.9459
2010,Total región Pacífica,Población total,I,7692.124167
2010,Total región Pacífica,Población total,II,7719.016667
2011,Total región Pacífica,Población total,I,7745.704
2011,Total región Pacífica,Población total,II,7771.101667
2012,Total región Pacífica,Población total,I,7795.395167
2012,Total región Pacífica,Población total,II,7817.879667
2013,Total región Pacífica,Población total,I,7839.175833
2013,Total región Pacífica,Población total,II,7859.826167
2014,Total región Pacífica,Población total,I,7880.7995
2014,Total región Pacífica,Población total,II,7901.810833
2015,Total región Pacífica,Población total,I,7924.088667
2015,Total región Pacífica,Población total,II,7947.518833
2016,Total región Pacífica,Población total,I,7971.752
2016,Total región Pacífica,Población total,II,7993.356833
2017,Total región Pacífica,Población total,I,8016.3845
2017,Total región Pacífica,Población total,II,8048.4125
2018,Total región Pacífica,Población total,I,8087.547667
2018,Total región Pacífica,Población total,II,8120.385
2019,Total región Pacífica,Población total,I,8143.973833
2019,Total región Pacífica,Población total,II,8164.364
2020,Total región Pacífica,Población total,I,8185.7455
2020,Total región Pacífica,Población total,II,8206.167667
2021,Total región Pacífica,Población total,I,8226.511833
2021,Total región Pacífica,Población total,II,8249.5095
2022,Total región Pacífica,Población total,I,8275.069667
2022,Total región Pacífica,Población total,II,8300.840333
2023,Total región Pacífica,Población total,I,8326.294333
2023,Total región Pacífica,Población total,II,8352.0665
2024,Total región Pacífica,Población total,I,8378.688667
2024,Total región Pacífica,Población total,II,8405.734833
2025,Total región Pacífica,Población total,I,8433.304167
2025,Total región Pacífica,Población total,II,8461.091167
2026,Total región Pacífica,Población total,I,8489.457
2010,Total región Pacífica,Población en edad de trabajar,I,5577.116167
2010,Total región Pacífica,Población en edad de trabajar,II,5612.102667
2011,Total región Pacífica,Población en edad de trabajar,I,5646.979167
2011,Total región Pacífica,Población en edad de trabajar,II,5680.765833
2012,Total región Pacífica,Población en edad de trabajar,I,5713.8015
2012,Total región Pacífica,Población en edad de trabajar,II,5745.278667
2013,Total región Pacífica,Población en edad de trabajar,I,5775.793833
2013,Total región Pacífica,Población en edad de trabajar,II,5805.575667
2014,Total región Pacífica,Población en edad de trabajar,I,5835.671833
2014,Total región Pacífica,Población en edad de trabajar,II,5865.472667
2015,Total región Pacífica,Población en edad de trabajar,I,5896.358833
2015,Total región Pacífica,Población en edad de trabajar,II,5927.591333
2016,Total región Pacífica,Población en edad de trabajar,I,5959.267333
2016,Total región Pacífica,Población en edad de trabajar,II,5987.941333
2017,Total región Pacífica,Población en edad de trabajar,I,6017.361667
2017,Total región Pacífica,Población en edad de trabajar,II,6053.439833
2018,Total región Pacífica,Población en edad de trabajar,I,6095.154333
2018,Total región Pacífica,Población en edad de trabajar,II,6132.283167
2019,Total región Pacífica,Población en edad de trabajar,I,6162.612667
2019,Total región Pacífica,Población en edad de trabajar,II,6190.085833
2020,Total región Pacífica,Población en edad de trabajar,I,6218.584167
2020,Total región Pacífica,Población en edad de trabajar,II,6246.359167
2021,Total región Pacífica,Población en edad de trabajar,I,6275.014
2021,Total región Pacífica,Población en edad de trabajar,II,6305.236833
2022,Total región Pacífica,Población en edad de trabajar,I,6338.006833
2022,Total región Pacífica,Población en edad de trabajar,II,6370.557
2023,Total región Pacífica,Población en edad de trabajar,I,6402.766167
2023,Total región Pacífica,Población en edad de trabajar,II,6433.5005
2024,Total región Pacífica,Población en edad de trabajar,I,6464.290833
2024,Total región Pacífica,Población en edad de trabajar,II,6496.286
2025,Total región Pacífica,Población en edad de trabajar,I,6530.341167
2025,Total región Pacífica,Población en edad de trabajar,II,6564.595667
2026,Total región Pacífica,Población en edad de trabajar,I,6599.308833
2010,Total región Pacífica,Fuerza de trabajo,I,3831.570676
2010,Total región Pacífica,Fuerza de trabajo,II,3857.251249
2011,Total región Pacífica,Fuerza de trabajo,I,3806.873004
2011,Total región Pacífica,Fuerza de trabajo,II,3901.625057
2012,Total región Pacífica,Fuerza de trabajo,I,3850.348634
2012,Total región Pacífica,Fuerza de trabajo,II,3854.26374
2013,Total región Pacífica,Fuerza de trabajo,I,3866.981476
2013,Total región Pacífica,Fuerza de trabajo,II,3898.158958
2014,Total región Pacífica,Fuerza de trabajo,I,3841.759813
2014,Total región Pacífica,Fuerza de trabajo,II,3864.677787
2015,Total región Pacífica,Fuerza de trabajo,I,3915.6267
2015,Total región Pacífica,Fuerza de trabajo,II,3975.627476
2016,Total región Pacífica,Fuerza de trabajo,I,3981.083988
2016,Total región Pacífica,Fuerza de trabajo,II,3977.180454
2017,Total región Pacífica,Fuerza de trabajo,I,4021.393927
2017,Total región Pacífica,Fuerza de trabajo,II,3955.619917
2018,Total región Pacífica,Fuerza de trabajo,I,3987.110337
2018,Total región Pacífica,Fuerza de trabajo,II,3935.594634
2019,Total región Pacífica,Fuerza de trabajo,I,3891.369381
2019,Total región Pacífica,Fuerza de trabajo,II,3967.239497
2020,Total región Pacífica,Fuerza de trabajo,I,3583.21439
2020,Total región Pacífica,Fuerza de trabajo,II,3794.195643
2021,Total región Pacífica,Fuerza de trabajo,I,3800.986707
2021,Total región Pacífica,Fuerza de trabajo,II,3910.269799
2022,Total región Pacífica,Fuerza de trabajo,I,4120.872527
2022,Total región Pacífica,Fuerza de trabajo,II,4179.923713
2023,Total región Pacífica,Fuerza de trabajo,I,4201.217228
2023,Total región Pacífica,Fuerza de trabajo,II,4220.807506
2024,Total región Pacífica,Fuerza de trabajo,I,4237.345484
2024,Total región Pacífica,Fuerza de trabajo,II,4229.939595
2025,Total región Pacífica,Fuerza de trabajo,I,4205.147065
2025,Total región Pacífica,Fuerza de trabajo,II,4248.135855
2026,Total región Pacífica,Fuerza de trabajo,I,4355.266264
2010,Total región Pacífica,Población ocupada,I,3265.71185
2010,Total región Pacífica,Población ocupada,II,3300.680186
2011,Total región Pacífica,Población ocupada,I,3243.045845
2011,Total región Pacífica,Población ocupada,II,3397.552028
2012,Total región Pacífica,Población ocupada,I,3330.915624
2012,Total región Pacífica,Población ocupada,II,3370.772514
2013,Total región Pacífica,Población ocupada,I,3357.048513
2013,Total región Pacífica,Población ocupada,II,3436.970705
2014,Total región Pacífica,Población ocupada,I,3353.781916
2014,Total región Pacífica,Población ocupada,II,3443.657486
2015,Total región Pacífica,Población ocupada,I,3455.921715
2015,Total región Pacífica,Población ocupada,II,3576.124042
2016,Total región Pacífica,Población ocupada,I,3549.88982
2016,Total región Pacífica,Población ocupada,II,3605.324441
2017,Total región Pacífica,Población ocupada,I,3608.675408
2017,Total región Pacífica,Población ocupada,II,3570.324005
2018,Total región Pacífica,Población ocupada,I,3573.358932
2018,Total región Pacífica,Población ocupada,II,3549.606093
2019,Total región Pacífica,Población ocupada,I,3456.716501
2019,Total región Pacífica,Población ocupada,II,3540.166378
2020,Total región Pacífica,Población ocupada,I,2972.384451
2020,Total región Pacífica,Población ocupada,II,3193.066887
2021,Total región Pacífica,Población ocupada,I,3239.913596
2021,Total región Pacífica,Población ocupada,II,3449.363027
2022,Total región Pacífica,Población ocupada,I,3648.926585
2022,Total región Pacífica,Población ocupada,II,3750.002102
2023,Total región Pacífica,Población ocupada,I,3744.60801
2023,Total región Pacífica,Población ocupada,II,3818.046458
2024,Total región Pacífica,Población ocupada,I,3770.726304
2024,Total región Pacífica,Población ocupada,II,3844.11773
2025,Total región Pacífica,Población ocupada,I,3833.072088
2025,Total región Pacífica,Población ocupada,II,3917.892436
2026,Total región Pacífica,Población ocupada,I,3992.179767
2010,Total región Pacífica,Población desocupada,I,565.858827
2010,Total región Pacífica,Población desocupada,II,556.571063
2011,Total región Pacífica,Población desocupada,I,563.827159
2011,Total región Pacífica,Población desocupada,II,504.073028
2012,Total región Pacífica,Población desocupada,I,519.43301
2012,Total región Pacífica,Población desocupada,II,483.491226
2013,Total región Pacífica,Población desocupada,I,509.932962
2013,Total región Pacífica,Población desocupada,II,461.188254
2014,Total región Pacífica,Población desocupada,I,487.977896
2014,Total región Pacífica,Población desocupada,II,421.020302
2015,Total región Pacífica,Población desocupada,I,459.704985
2015,Total región Pacífica,Población desocupada,II,399.503434
2016,Total región Pacífica,Población desocupada,I,431.194167
2016,Total región Pacífica,Población desocupada,II,371.856013
2017,Total región Pacífica,Población desocupada,I,412.718519
2017,Total región Pacífica,Población desocupada,II,385.295912
2018,Total región Pacífica,Población desocupada,I,413.751404
2018,Total región Pacífica,Población desocupada,II,385.98854
2019,Total región Pacífica,Población desocupada,I,434.652879
2019,Total región Pacífica,Población desocupada,II,427.073119
2020,Total región Pacífica,Población desocupada,I,610.829939
2020,Total región Pacífica,Población desocupada,II,601.128757
2021,Total región Pacífica,Población desocupada,I,561.073111
2021,Total región Pacífica,Población desocupada,II,460.906772
2022,Total región Pacífica,Población desocupada,I,471.945942
2022,Total región Pacífica,Población desocupada,II,429.92161
2023,Total región Pacífica,Población desocupada,I,456.609218
2023,Total región Pacífica,Población desocupada,II,402.761048
2024,Total región Pacífica,Población desocupada,I,466.61918
2024,Total región Pacífica,Población desocupada,II,385.821865
2025,Total región Pacífica,Población desocupada,I,372.074977
2025,Total región Pacífica,Población desocupada,II,330.243419
2026,Total región Pacífica,Población desocupada,I,363.086497
2010,Total región Pacífica,Población fuera de la fuerza de trabajo,I,1745.54549
2010,Total región Pacífica,Población fuera de la fuerza de trabajo,II,1754.851418
2011,Total región Pacífica,Población fuera de la fuerza de trabajo,I,1840.106163
2011,Total región Pacífica,Población fuera de la fuerza de trabajo,II,1779.140777
2012,Total región Pacífica,Población fuera de la fuerza de trabajo,I,1863.452866
2012,Total región Pacífica,Población fuera de la fuerza de trabajo,II,1891.014926
2013,Total región Pacífica,Población fuera de la fuerza de trabajo,I,1908.812358
2013,Total región Pacífica,Población fuera de la fuerza de trabajo,II,1907.416708
2014,Total región Pacífica,Población fuera de la fuerza de trabajo,I,1993.912021
2014,Total región Pacífica,Población fuera de la fuerza de trabajo,II,2000.794879
2015,Total región Pacífica,Población fuera de la fuerza de trabajo,I,1980.732133
2015,Total región Pacífica,Población fuera de la fuerza de trabajo,II,1951.963858
2016,Total región Pacífica,Población fuera de la fuerza de trabajo,I,1978.183346
2016,Total región Pacífica,Población fuera de la fuerza de trabajo,II,2010.76088
2017,Total región Pacífica,Población fuera de la fuerza de trabajo,I,1995.96774
2017,Total región Pacífica,Población fuera de la fuerza de trabajo,II,2097.819917
2018,Total región Pacífica,Población fuera de la fuerza de trabajo,I,2108.043997
2018,Total región Pacífica,Población fuera de la fuerza de trabajo,II,2196.688533
2019,Total región Pacífica,Población fuera de la fuerza de trabajo,I,2271.243286
2019,Total región Pacífica,Población fuera de la fuerza de trabajo,II,2222.846337
2020,Total región Pacífica,Población fuera de la fuerza de trabajo,I,2635.369777
2020,Total región Pacífica,Población fuera de la fuerza de trabajo,II,2452.163523
2021,Total región Pacífica,Población fuera de la fuerza de trabajo,I,2474.027293
2021,Total región Pacífica,Población fuera de la fuerza de trabajo,II,2394.967034
2022,Total región Pacífica,Población fuera de la fuerza de trabajo,I,2217.134306
2022,Total región Pacífica,Población fuera de la fuerza de trabajo,II,2190.633287
2023,Total región Pacífica,Población fuera de la fuerza de trabajo,I,2201.548939
2023,Total región Pacífica,Población fuera de la fuerza de trabajo,II,2212.692994
2024,Total región Pacífica,Población fuera de la fuerza de trabajo,I,2226.945349
2024,Total región Pacífica,Población fuera de la fuerza de trabajo,II,2266.346405
2025,Total región Pacífica,Población fuera de la fuerza de trabajo,I,2325.194101
2025,Total región Pacífica,Población fuera de la fuerza de trabajo,II,2316.459812
2026,Total región Pacífica,Población fuera de la fuerza de trabajo,I,2244.042569
2010,Total región Pacífica,Población subocupada,I,525.045961
2010,Total región Pacífica,Población subocupada,II,546.654947
2011,Total región Pacífica,Población subocupada,I,479.875283
2011,Total región Pacífica,Población subocupada,II,493.041493
2012,Total región Pacífica,Población subocupada,I,509.188203
2012,Total región Pacífica,Población subocupada,II,535.098521
2013,Total región Pacífica,Población subocupada,I,520.246374
2013,Total región Pacífica,Población subocupada,II,542.137459
2014,Total región Pacífica,Población subocupada,I,505.415247
2014,Total región Pacífica,Población subocupada,II,507.726396
2015,Total región Pacífica,Población subocupada,I,540.169152
2015,Total región Pacífica,Población subocupada,II,574.92996
2016,Total región Pacífica,Población subocupada,I,541.235387
2016,Total región Pacífica,Población subocupada,II,472.422368
2017,Total región Pacífica,Población subocupada,I,477.591653
2017,Total región Pacífica,Población subocupada,II,418.631156
2018,Total región Pacífica,Población subocupada,I,451.329775
2018,Total región Pacífica,Población subocupada,II,491.164867
2019,Total región Pacífica,Población subocupada,I,462.231281
2019,Total región Pacífica,Población subocupada,II,440.373241
2020,Total región Pacífica,Población subocupada,I,0.0
2020,Total región Pacífica,Población subocupada,II,0.0
2021,Total región Pacífica,Población subocupada,I,240.014231
2021,Total región Pacífica,Población subocupada,II,294.422714
2022,Total región Pacífica,Población subocupada,I,376.209082
2022,Total región Pacífica,Población subocupada,II,409.607764
2023,Total región Pacífica,Población subocupada,I,436.644782
2023,Total región Pacífica,Población subocupada,II,452.876597
2024,Total región Pacífica,Población subocupada,I,433.942511
2024,Total región Pacífica,Población subocupada,II,393.923396
2025,Total región Pacífica,Población subocupada,I,352.350202
2025,Total región Pacífica,Población subocupada,II,302.658276
2026,Total región Pacífica,Población subocupada,I,346.065123
2010,Total región Pacífica,Fuerza de trabajo potencial,I,0.0
2010,Total región Pacífica,Fuerza de trabajo potencial,II,0.0
2011,Total región Pacífica,Fuerza de trabajo potencial,I,0.0
2011,Total región Pacífica,Fuerza de trabajo potencial,II,0.0
2012,Total región Pacífica,Fuerza de trabajo potencial,I,0.0
2012,Total región Pacífica,Fuerza de trabajo potencial,II,0.0
2013,Total región Pacífica,Fuerza de trabajo potencial,I,0.0
2013,Total región Pacífica,Fuerza de trabajo potencial,II,0.0
2014,Total región Pacífica,Fuerza de trabajo potencial,I,0.0
2014,Total región Pacífica,Fuerza de trabajo potencial,II,0.0
2015,Total región Pacífica,Fuerza de trabajo potencial,I,0.0
2015,Total región Pacífica,Fuerza de trabajo potencial,II,0.0
2016,Total región Pacífica,Fuerza de trabajo potencial,I,0.0
2016,Total región Pacífica,Fuerza de trabajo potencial,II,0.0
2017,Total región Pacífica,Fuerza de trabajo potencial,I,0.0
2017,Total región Pacífica,Fuerza de trabajo potencial,II,0.0
2018,Total región Pacífica,Fuerza de trabajo potencial,I,0.0
2018,Total región Pacífica,Fuerza de trabajo potencial,II,0.0
2019,Total región Pacífica,Fuerza de trabajo potencial,I,0.0
2019,Total región Pacífica,Fuerza de trabajo potencial,II,0.0
2020,Total región Pacífica,Fuerza de trabajo potencial,I,0.0
2020,Total región Pacífica,Fuerza de trabajo potencial,II,0.0
2021,Total región Pacífica,Fuerza de trabajo potencial,I,303.494967
2021,Total región Pacífica,Fuerza de trabajo potencial,II,279.863222
2022,Total región Pacífica,Fuerza de trabajo potencial,I,376.139405
2022,Total región Pacífica,Fuerza de trabajo potencial,II,360.042144
2023,Total región Pacífica,Fuerza de trabajo potencial,I,373.644244
2023,Total región Pacífica,Fuerza de trabajo potencial,II,373.681271
2024,Total región Pacífica,Fuerza de trabajo potencial,I,398.774893
2024,Total región Pacífica,Fuerza de trabajo potencial,II,365.314893
2025,Total región Pacífica,Fuerza de trabajo potencial,I,350.675668
2025,Total región Pacífica,Fuerza de trabajo potencial,II,392.442761
2026,Total región Pacífica,Fuerza de trabajo potencial,I,375.001247
2010,"Total regiones Orinoquía, Amazonía e Insular*",% población en edad de trabajar,I,0.0
2010,"Total regiones Orinoquía, Amazonía e Insular*",% población en edad de trabajar,II,0.0
2011,"Total regiones Orinoquía, Amazonía e Insular*",% población en edad de trabajar,I,0.0
2011,"Total regiones Orinoquía, Amazonía e Insular*",% población en edad de trabajar,II,0.0
2012,"Total regiones Orinoquía, Amazonía e Insular*",% población en edad de trabajar,I,0.0
2012,"Total regiones Orinoquía, Amazonía e Insular*",% población en edad de trabajar,II,0.0
2013,"Total regiones Orinoquía, Amazonía e Insular*",% población en edad de trabajar,I,0.0
2013,"Total regiones Orinoquía, Amazonía e Insular*",% población en edad de trabajar,II,0.0
2014,"Total regiones Orinoquía, Amazonía e Insular*",% población en edad de trabajar,I,71.152153
2014,"Total regiones Orinoquía, Amazonía e Insular*",% población en edad de trabajar,II,71.380857
2015,"Total regiones Orinoquía, Amazonía e Insular*",% población en edad de trabajar,I,71.606987
2015,"Total regiones Orinoquía, Amazonía e Insular*",% población en edad de trabajar,II,71.832048
2016,"Total regiones Orinoquía, Amazonía e Insular*",% población en edad de trabajar,I,72.043705
2016,"Total regiones Orinoquía, Amazonía e Insular*",% población en edad de trabajar,II,72.223352
2017,"Total regiones Orinoquía, Amazonía e Insular*",% población en edad de trabajar,I,72.427161
2017,"Total regiones Orinoquía, Amazonía e Insular*",% población en edad de trabajar,II,72.761969
2018,"Total regiones Orinoquía, Amazonía e Insular*",% población en edad de trabajar,I,73.184662
2018,"Total regiones Orinoquía, Amazonía e Insular*",% población en edad de trabajar,II,73.51021
2019,"Total regiones Orinoquía, Amazonía e Insular*",% población en edad de trabajar,I,73.700851
2019,"Total regiones Orinoquía, Amazonía e Insular*",% población en edad de trabajar,II,73.861779
2020,"Total regiones Orinoquía, Amazonía e Insular*",% población en edad de trabajar,I,74.043326
2020,"Total regiones Orinoquía, Amazonía e Insular*",% población en edad de trabajar,II,74.218259
2021,"Total regiones Orinoquía, Amazonía e Insular*",% población en edad de trabajar,I,74.378402
2021,"Total regiones Orinoquía, Amazonía e Insular*",% población en edad de trabajar,II,74.538849
2022,"Total regiones Orinoquía, Amazonía e Insular*",% población en edad de trabajar,I,74.690228
2022,"Total regiones Orinoquía, Amazonía e Insular*",% población en edad de trabajar,II,74.816132
2023,"Total regiones Orinoquía, Amazonía e Insular*",% población en edad de trabajar,I,74.94863
2023,"Total regiones Orinoquía, Amazonía e Insular*",% población en edad de trabajar,II,75.16047
2024,"Total regiones Orinoquía, Amazonía e Insular*",% población en edad de trabajar,I,75.436208
2024,"Total regiones Orinoquía, Amazonía e Insular*",% población en edad de trabajar,II,75.681402
2025,"Total regiones Orinoquía, Amazonía e Insular*",% población en edad de trabajar,I,75.871809
2025,"Total regiones Orinoquía, Amazonía e Insular*",% población en edad de trabajar,II,76.057268
2026,"Total regiones Orinoquía, Amazonía e Insular*",% población en edad de trabajar,I,76.257363
2010,"Total regiones Orinoquía, Amazonía e Insular*",Tasa Global de Participación (TGP),I,0.0
2010,"Total regiones Orinoquía, Amazonía e Insular*",Tasa Global de Participación (TGP),II,0.0
2011,"Total regiones Orinoquía, Amazonía e Insular*",Tasa Global de Participación (TGP),I,0.0
2011,"Total regiones Orinoquía, Amazonía e Insular*",Tasa Global de Participación (TGP),II,0.0
2012,"Total regiones Orinoquía, Amazonía e Insular*",Tasa Global de Participación (TGP),I,0.0
2012,"Total regiones Orinoquía, Amazonía e Insular*",Tasa Global de Participación (TGP),II,0.0
2013,"Total regiones Orinoquía, Amazonía e Insular*",Tasa Global de Participación (TGP),I,0.0
2013,"Total regiones Orinoquía, Amazonía e Insular*",Tasa Global de Participación (TGP),II,0.0
2014,"Total regiones Orinoquía, Amazonía e Insular*",Tasa Global de Participación (TGP),I,71.206915
2014,"Total regiones Orinoquía, Amazonía e Insular*",Tasa Global de Participación (TGP),II,71.305611
2015,"Total regiones Orinoquía, Amazonía e Insular*",Tasa Global de Participación (TGP),I,70.026236
2015,"Total regiones Orinoquía, Amazonía e Insular*",Tasa Global de Participación (TGP),II,70.575414
2016,"Total regiones Orinoquía, Amazonía e Insular*",Tasa Global de Participación (TGP),I,70.512346
2016,"Total regiones Orinoquía, Amazonía e Insular*",Tasa Global de Participación (TGP),II,70.750524
2017,"Total regiones Orinoquía, Amazonía e Insular*",Tasa Global de Participación (TGP),I,70.775568
2017,"Total regiones Orinoquía, Amazonía e Insular*",Tasa Global de Participación (TGP),II,70.030768
2018,"Total regiones Orinoquía, Amazonía e Insular*",Tasa Global de Participación (TGP),I,68.14524
2018,"Total regiones Orinoquía, Amazonía e Insular*",Tasa Global de Participación (TGP),II,67.911381
2019,"Total regiones Orinoquía, Amazonía e Insular*",Tasa Global de Participación (TGP),I,68.544493
2019,"Total regiones Orinoquía, Amazonía e Insular*",Tasa Global de Participación (TGP),II,68.018911
2020,"Total regiones Orinoquía, Amazonía e Insular*",Tasa Global de Participación (TGP),I,57.789314
2020,"Total regiones Orinoquía, Amazonía e Insular*",Tasa Global de Participación (TGP),II,62.490414
2021,"Total regiones Orinoquía, Amazonía e Insular*",Tasa Global de Participación (TGP),I,63.933279
2021,"Total regiones Orinoquía, Amazonía e Insular*",Tasa Global de Participación (TGP),II,63.739164
2022,"Total regiones Orinoquía, Amazonía e Insular*",Tasa Global de Participación (TGP),I,69.046358
2022,"Total regiones Orinoquía, Amazonía e Insular*",Tasa Global de Participación (TGP),II,69.698331
2023,"Total regiones Orinoquía, Amazonía e Insular*",Tasa Global de Participación (TGP),I,70.058706
2023,"Total regiones Orinoquía, Amazonía e Insular*",Tasa Global de Participación (TGP),II,70.331397
2024,"Total regiones Orinoquía, Amazonía e Insular*",Tasa Global de Participación (TGP),I,70.355086
2024,"Total regiones Orinoquía, Amazonía e Insular*",Tasa Global de Participación (TGP),II,70.003122
2025,"Total regiones Orinoquía, Amazonía e Insular*",Tasa Global de Participación (TGP),I,69.669657
2025,"Total regiones Orinoquía, Amazonía e Insular*",Tasa Global de Participación (TGP),II,69.388828
2026,"Total regiones Orinoquía, Amazonía e Insular*",Tasa Global de Participación (TGP),I,68.130213
2010,"Total regiones Orinoquía, Amazonía e Insular*",Tasa de Ocupación (TO),I,0.0
2010,"Total regiones Orinoquía, Amazonía e Insular*",Tasa de Ocupación (TO),II,0.0
2011,"Total regiones Orinoquía, Amazonía e Insular*",Tasa de Ocupación (TO),I,0.0
2011,"Total regiones Orinoquía, Amazonía e Insular*",Tasa de Ocupación (TO),II,0.0
2012,"Total regiones Orinoquía, Amazonía e Insular*",Tasa de Ocupación (TO),I,0.0
2012,"Total regiones Orinoquía, Amazonía e Insular*",Tasa de Ocupación (TO),II,0.0
2013,"Total regiones Orinoquía, Amazonía e Insular*",Tasa de Ocupación (TO),I,0.0
2013,"Total regiones Orinoquía, Amazonía e Insular*",Tasa de Ocupación (TO),II,0.0
2014,"Total regiones Orinoquía, Amazonía e Insular*",Tasa de Ocupación (TO),I,64.293763
2014,"Total regiones Orinoquía, Amazonía e Insular*",Tasa de Ocupación (TO),II,65.349647
2015,"Total regiones Orinoquía, Amazonía e Insular*",Tasa de Ocupación (TO),I,63.057034
2015,"Total regiones Orinoquía, Amazonía e Insular*",Tasa de Ocupación (TO),II,64.394789
2016,"Total regiones Orinoquía, Amazonía e Insular*",Tasa de Ocupación (TO),I,61.904938
2016,"Total regiones Orinoquía, Amazonía e Insular*",Tasa de Ocupación (TO),II,62.937182
2017,"Total regiones Orinoquía, Amazonía e Insular*",Tasa de Ocupación (TO),I,61.396198
2017,"Total regiones Orinoquía, Amazonía e Insular*",Tasa de Ocupación (TO),II,61.06825
2018,"Total regiones Orinoquía, Amazonía e Insular*",Tasa de Ocupación (TO),I,58.949543
2018,"Total regiones Orinoquía, Amazonía e Insular*",Tasa de Ocupación (TO),II,58.59949
2019,"Total regiones Orinoquía, Amazonía e Insular*",Tasa de Ocupación (TO),I,58.317816
2019,"Total regiones Orinoquía, Amazonía e Insular*",Tasa de Ocupación (TO),II,58.626286
2020,"Total regiones Orinoquía, Amazonía e Insular*",Tasa de Ocupación (TO),I,45.950592
2020,"Total regiones Orinoquía, Amazonía e Insular*",Tasa de Ocupación (TO),II,49.402069
2021,"Total regiones Orinoquía, Amazonía e Insular*",Tasa de Ocupación (TO),I,51.802861
2021,"Total regiones Orinoquía, Amazonía e Insular*",Tasa de Ocupación (TO),II,53.475183
2022,"Total regiones Orinoquía, Amazonía e Insular*",Tasa de Ocupación (TO),I,58.137914
2022,"Total regiones Orinoquía, Amazonía e Insular*",Tasa de Ocupación (TO),II,59.57818
2023,"Total regiones Orinoquía, Amazonía e Insular*",Tasa de Ocupación (TO),I,58.729934
2023,"Total regiones Orinoquía, Amazonía e Insular*",Tasa de Ocupación (TO),II,60.78973
2024,"Total regiones Orinoquía, Amazonía e Insular*",Tasa de Ocupación (TO),I,58.091534
2024,"Total regiones Orinoquía, Amazonía e Insular*",Tasa de Ocupación (TO),II,60.314201
2025,"Total regiones Orinoquía, Amazonía e Insular*",Tasa de Ocupación (TO),I,59.800472
2025,"Total regiones Orinoquía, Amazonía e Insular*",Tasa de Ocupación (TO),II,62.08284
2026,"Total regiones Orinoquía, Amazonía e Insular*",Tasa de Ocupación (TO),I,60.346646
2010,"Total regiones Orinoquía, Amazonía e Insular*",Tasa de Desocupación (TD),I,0.0
2010,"Total regiones Orinoquía, Amazonía e Insular*",Tasa de Desocupación (TD),II,0.0
2011,"Total regiones Orinoquía, Amazonía e Insular*",Tasa de Desocupación (TD),I,0.0
2011,"Total regiones Orinoquía, Amazonía e Insular*",Tasa de Desocupación (TD),II,0.0
2012,"Total regiones Orinoquía, Amazonía e Insular*",Tasa de Desocupación (TD),I,0.0
2012,"Total regiones Orinoquía, Amazonía e Insular*",Tasa de Desocupación (TD),II,0.0
2013,"Total regiones Orinoquía, Amazonía e Insular*",Tasa de Desocupación (TD),I,0.0
2013,"Total regiones Orinoquía, Amazonía e Insular*",Tasa de Desocupación (TD),II,0.0
2014,"Total regiones Orinoquía, Amazonía e Insular*",Tasa de Desocupación (TD),I,9.70854
2014,"Total regiones Orinoquía, Amazonía e Insular*",Tasa de Desocupación (TD),II,8.352729
2015,"Total regiones Orinoquía, Amazonía e Insular*",Tasa de Desocupación (TD),I,9.952272
2015,"Total regiones Orinoquía, Amazonía e Insular*",Tasa de Desocupación (TD),II,8.757476
2016,"Total regiones Orinoquía, Amazonía e Insular*",Tasa de Desocupación (TD),I,12.206952
2016,"Total regiones Orinoquía, Amazonía e Insular*",Tasa de Desocupación (TD),II,11.043511
2017,"Total regiones Orinoquía, Amazonía e Insular*",Tasa de Desocupación (TD),I,13.252272
2017,"Total regiones Orinoquía, Amazonía e Insular*",Tasa de Desocupación (TD),II,12.797971
2018,"Total regiones Orinoquía, Amazonía e Insular*",Tasa de Desocupación (TD),I,13.494262
2018,"Total regiones Orinoquía, Amazonía e Insular*",Tasa de Desocupación (TD),II,13.711826
2019,"Total regiones Orinoquía, Amazonía e Insular*",Tasa de Desocupación (TD),I,14.919764
2019,"Total regiones Orinoquía, Amazonía e Insular*",Tasa de Desocupación (TD),II,13.808843
2020,"Total regiones Orinoquía, Amazonía e Insular*",Tasa de Desocupación (TD),I,20.486005
2020,"Total regiones Orinoquía, Amazonía e Insular*",Tasa de Desocupación (TD),II,20.944565
2021,"Total regiones Orinoquía, Amazonía e Insular*",Tasa de Desocupación (TD),I,18.973558
2021,"Total regiones Orinoquía, Amazonía e Insular*",Tasa de Desocupación (TD),II,16.1031
2022,"Total regiones Orinoquía, Amazonía e Insular*",Tasa de Desocupación (TD),I,15.798725
2022,"Total regiones Orinoquía, Amazonía e Insular*",Tasa de Desocupación (TD),II,14.519933
2023,"Total regiones Orinoquía, Amazonía e Insular*",Tasa de Desocupación (TD),I,16.170399
2023,"Total regiones Orinoquía, Amazonía e Insular*",Tasa de Desocupación (TD),II,13.566724
2024,"Total regiones Orinoquía, Amazonía e Insular*",Tasa de Desocupación (TD),I,17.430939
2024,"Total regiones Orinoquía, Amazonía e Insular*",Tasa de Desocupación (TD),II,13.840697
2025,"Total regiones Orinoquía, Amazonía e Insular*",Tasa de Desocupación (TD),I,14.165686
2025,"Total regiones Orinoquía, Amazonía e Insular*",Tasa de Desocupación (TD),II,10.529056
2026,"Total regiones Orinoquía, Amazonía e Insular*",Tasa de Desocupación (TD),I,11.424546
2010,"Total regiones Orinoquía, Amazonía e Insular*",Tasa de Subocupación (TS),I,0.0
2010,"Total regiones Orinoquía, Amazonía e Insular*",Tasa de Subocupación (TS),II,0.0
2011,"Total regiones Orinoquía, Amazonía e Insular*",Tasa de Subocupación (TS),I,0.0
2011,"Total regiones Orinoquía, Amazonía e Insular*",Tasa de Subocupación (TS),II,0.0
2012,"Total regiones Orinoquía, Amazonía e Insular*",Tasa de Subocupación (TS),I,0.0
2012,"Total regiones Orinoquía, Amazonía e Insular*",Tasa de Subocupación (TS),II,0.0
2013,"Total regiones Orinoquía, Amazonía e Insular*",Tasa de Subocupación (TS),I,0.0
2013,"Total regiones Orinoquía, Amazonía e Insular*",Tasa de Subocupación (TS),II,0.0
2014,"Total regiones Orinoquía, Amazonía e Insular*",Tasa de Subocupación (TS),I,5.456391
2014,"Total regiones Orinoquía, Amazonía e Insular*",Tasa de Subocupación (TS),II,4.576953
2015,"Total regiones Orinoquía, Amazonía e Insular*",Tasa de Subocupación (TS),I,4.325267
2015,"Total regiones Orinoquía, Amazonía e Insular*",Tasa de Subocupación (TS),II,4.928076
2016,"Total regiones Orinoquía, Amazonía e Insular*",Tasa de Subocupación (TS),I,6.196606
2016,"Total regiones Orinoquía, Amazonía e Insular*",Tasa de Subocupación (TS),II,7.270229
2017,"Total regiones Orinoquía, Amazonía e Insular*",Tasa de Subocupación (TS),I,7.585231
2017,"Total regiones Orinoquía, Amazonía e Insular*",Tasa de Subocupación (TS),II,6.910675
2018,"Total regiones Orinoquía, Amazonía e Insular*",Tasa de Subocupación (TS),I,5.957831
2018,"Total regiones Orinoquía, Amazonía e Insular*",Tasa de Subocupación (TS),II,8.307491
2019,"Total regiones Orinoquía, Amazonía e Insular*",Tasa de Subocupación (TS),I,7.553583
2019,"Total regiones Orinoquía, Amazonía e Insular*",Tasa de Subocupación (TS),II,8.112763
2020,"Total regiones Orinoquía, Amazonía e Insular*",Tasa de Subocupación (TS),I,0.0
2020,"Total regiones Orinoquía, Amazonía e Insular*",Tasa de Subocupación (TS),II,0.0
2021,"Total regiones Orinoquía, Amazonía e Insular*",Tasa de Subocupación (TS),I,8.359148
2021,"Total regiones Orinoquía, Amazonía e Insular*",Tasa de Subocupación (TS),II,5.762713
2022,"Total regiones Orinoquía, Amazonía e Insular*",Tasa de Subocupación (TS),I,8.196357
2022,"Total regiones Orinoquía, Amazonía e Insular*",Tasa de Subocupación (TS),II,8.585298
2023,"Total regiones Orinoquía, Amazonía e Insular*",Tasa de Subocupación (TS),I,7.406573
2023,"Total regiones Orinoquía, Amazonía e Insular*",Tasa de Subocupación (TS),II,7.799813
2024,"Total regiones Orinoquía, Amazonía e Insular*",Tasa de Subocupación (TS),I,6.567363
2024,"Total regiones Orinoquía, Amazonía e Insular*",Tasa de Subocupación (TS),II,6.138861
2025,"Total regiones Orinoquía, Amazonía e Insular*",Tasa de Subocupación (TS),I,4.824708
2025,"Total regiones Orinoquía, Amazonía e Insular*",Tasa de Subocupación (TS),II,4.575333
2026,"Total regiones Orinoquía, Amazonía e Insular*",Tasa de Subocupación (TS),I,3.694338
2010,"Total regiones Orinoquía, Amazonía e Insular*",Población total,I,0.0
2010,"Total regiones Orinoquía, Amazonía e Insular*",Población total,II,0.0
2011,"Total regiones Orinoquía, Amazonía e Insular*",Población total,I,0.0
2011,"Total regiones Orinoquía, Amazonía e Insular*",Población total,II,0.0
2012,"Total regiones Orinoquía, Amazonía e Insular*",Población total,I,0.0
2012,"Total regiones Orinoquía, Amazonía e Insular*",Población total,II,0.0
2013,"Total regiones Orinoquía, Amazonía e Insular*",Población total,I,0.0
2013,"Total regiones Orinoquía, Amazonía e Insular*",Población total,II,0.0
2014,"Total regiones Orinoquía, Amazonía e Insular*",Población total,I,379.522833
2014,"Total regiones Orinoquía, Amazonía e Insular*",Población total,II,382.4835
2015,"Total regiones Orinoquía, Amazonía e Insular*",Población total,I,385.496833
2015,"Total regiones Orinoquía, Amazonía e Insular*",Población total,II,388.746167
2016,"Total regiones Orinoquía, Amazonía e Insular*",Población total,I,392.280167
2016,"Total regiones Orinoquía, Amazonía e Insular*",Población total,II,396.0155
2017,"Total regiones Orinoquía, Amazonía e Insular*",Población total,I,399.987833
2017,"Total regiones Orinoquía, Amazonía e Insular*",Población total,II,404.326833
2018,"Total regiones Orinoquía, Amazonía e Insular*",Población total,I,409.485167
2018,"Total regiones Orinoquía, Amazonía e Insular*",Población total,II,416.171667
2019,"Total regiones Orinoquía, Amazonía e Insular*",Población total,I,423.918667
2019,"Total regiones Orinoquía, Amazonía e Insular*",Población total,II,431.228667
2020,"Total regiones Orinoquía, Amazonía e Insular*",Población total,I,437.61
2020,"Total regiones Orinoquía, Amazonía e Insular*",Población total,II,442.671167
2021,"Total regiones Orinoquía, Amazonía e Insular*",Población total,I,446.631
2021,"Total regiones Orinoquía, Amazonía e Insular*",Población total,II,450.168833
2022,"Total regiones Orinoquía, Amazonía e Insular*",Población total,I,453.317
2022,"Total regiones Orinoquía, Amazonía e Insular*",Población total,II,456.3735
2023,"Total regiones Orinoquía, Amazonía e Insular*",Población total,I,459.489167
2023,"Total regiones Orinoquía, Amazonía e Insular*",Población total,II,462.675814
2024,"Total regiones Orinoquía, Amazonía e Insular*",Población total,I,465.889667
2024,"Total regiones Orinoquía, Amazonía e Insular*",Población total,II,469.088167
2025,"Total regiones Orinoquía, Amazonía e Insular*",Población total,I,472.2415
2025,"Total regiones Orinoquía, Amazonía e Insular*",Población total,II,475.325182
2026,"Total regiones Orinoquía, Amazonía e Insular*",Población total,I,478.372167
2010,"Total regiones Orinoquía, Amazonía e Insular*",Población en edad de trabajar,I,0.0
2010,"Total regiones Orinoquía, Amazonía e Insular*",Población en edad de trabajar,II,0.0
2011,"Total regiones Orinoquía, Amazonía e Insular*",Población en edad de trabajar,I,0.0
2011,"Total regiones Orinoquía, Amazonía e Insular*",Población en edad de trabajar,II,0.0
2012,"Total regiones Orinoquía, Amazonía e Insular*",Población en edad de trabajar,I,0.0
2012,"Total regiones Orinoquía, Amazonía e Insular*",Población en edad de trabajar,II,0.0
2013,"Total regiones Orinoquía, Amazonía e Insular*",Población en edad de trabajar,I,0.0
2013,"Total regiones Orinoquía, Amazonía e Insular*",Población en edad de trabajar,II,0.0
2014,"Total regiones Orinoquía, Amazonía e Insular*",Población en edad de trabajar,I,270.038667
2014,"Total regiones Orinoquía, Amazonía e Insular*",Población en edad de trabajar,II,273.02
2015,"Total regiones Orinoquía, Amazonía e Insular*",Población en edad de trabajar,I,276.042667
2015,"Total regiones Orinoquía, Amazonía e Insular*",Población en edad de trabajar,II,279.244333
2016,"Total regiones Orinoquía, Amazonía e Insular*",Población en edad de trabajar,I,282.613167
2016,"Total regiones Orinoquía, Amazonía e Insular*",Población en edad de trabajar,II,286.015667
2017,"Total regiones Orinoquía, Amazonía e Insular*",Población en edad de trabajar,I,289.699833
2017,"Total regiones Orinoquía, Amazonía e Insular*",Población en edad de trabajar,II,294.196167
2018,"Total regiones Orinoquía, Amazonía e Insular*",Población en edad de trabajar,I,299.680333
2018,"Total regiones Orinoquía, Amazonía e Insular*",Población en edad de trabajar,II,305.928667
2019,"Total regiones Orinoquía, Amazonía e Insular*",Población en edad de trabajar,I,312.431667
2019,"Total regiones Orinoquía, Amazonía e Insular*",Población en edad de trabajar,II,318.513167
2020,"Total regiones Orinoquía, Amazonía e Insular*",Población en edad de trabajar,I,324.021
2020,"Total regiones Orinoquía, Amazonía e Insular*",Población en edad de trabajar,II,328.542833
2021,"Total regiones Orinoquía, Amazonía e Insular*",Población en edad de trabajar,I,332.197
2021,"Total regiones Orinoquía, Amazonía e Insular*",Población en edad de trabajar,II,335.550667
2022,"Total regiones Orinoquía, Amazonía e Insular*",Población en edad de trabajar,I,338.5835
2022,"Total regiones Orinoquía, Amazonía e Insular*",Población en edad de trabajar,II,341.441
2023,"Total regiones Orinoquía, Amazonía e Insular*",Población en edad de trabajar,I,344.380833
2023,"Total regiones Orinoquía, Amazonía e Insular*",Población en edad de trabajar,II,347.749314
2024,"Total regiones Orinoquía, Amazonía e Insular*",Población en edad de trabajar,I,351.4495
2024,"Total regiones Orinoquía, Amazonía e Insular*",Población en edad de trabajar,II,355.0125
2025,"Total regiones Orinoquía, Amazonía e Insular*",Población en edad de trabajar,I,358.298167
2025,"Total regiones Orinoquía, Amazonía e Insular*",Población en edad de trabajar,II,361.519349
2026,"Total regiones Orinoquía, Amazonía e Insular*",Población en edad de trabajar,I,364.794
2010,"Total regiones Orinoquía, Amazonía e Insular*",Fuerza de trabajo,I,0.0
2010,"Total regiones Orinoquía, Amazonía e Insular*",Fuerza de trabajo,II,0.0
2011,"Total regiones Orinoquía, Amazonía e Insular*",Fuerza de trabajo,I,0.0
2011,"Total regiones Orinoquía, Amazonía e Insular*",Fuerza de trabajo,II,0.0
2012,"Total regiones Orinoquía, Amazonía e Insular*",Fuerza de trabajo,I,0.0
2012,"Total regiones Orinoquía, Amazonía e Insular*",Fuerza de trabajo,II,0.0
2013,"Total regiones Orinoquía, Amazonía e Insular*",Fuerza de trabajo,I,0.0
2013,"Total regiones Orinoquía, Amazonía e Insular*",Fuerza de trabajo,II,0.0
2014,"Total regiones Orinoquía, Amazonía e Insular*",Fuerza de trabajo,I,192.286204
2014,"Total regiones Orinoquía, Amazonía e Insular*",Fuerza de trabajo,II,194.678579
2015,"Total regiones Orinoquía, Amazonía e Insular*",Fuerza de trabajo,I,193.302289
2015,"Total regiones Orinoquía, Amazonía e Insular*",Fuerza de trabajo,II,197.077845
2016,"Total regiones Orinoquía, Amazonía e Insular*",Fuerza de trabajo,I,199.277175
2016,"Total regiones Orinoquía, Amazonía e Insular*",Fuerza de trabajo,II,202.357582
2017,"Total regiones Orinoquía, Amazonía e Insular*",Fuerza de trabajo,I,205.036703
2017,"Total regiones Orinoquía, Amazonía e Insular*",Fuerza de trabajo,II,206.027834
2018,"Total regiones Orinoquía, Amazonía e Insular*",Fuerza de trabajo,I,204.217883
2018,"Total regiones Orinoquía, Amazonía e Insular*",Fuerza de trabajo,II,207.760381
2019,"Total regiones Orinoquía, Amazonía e Insular*",Fuerza de trabajo,I,214.154701
2019,"Total regiones Orinoquía, Amazonía e Insular*",Fuerza de trabajo,II,216.649188
2020,"Total regiones Orinoquía, Amazonía e Insular*",Fuerza de trabajo,I,187.249513
2020,"Total regiones Orinoquía, Amazonía e Insular*",Fuerza de trabajo,II,205.307778
2021,"Total regiones Orinoquía, Amazonía e Insular*",Fuerza de trabajo,I,212.384435
2021,"Total regiones Orinoquía, Amazonía e Insular*",Fuerza de trabajo,II,213.877189
2022,"Total regiones Orinoquía, Amazonía e Insular*",Fuerza de trabajo,I,233.779577
2022,"Total regiones Orinoquía, Amazonía e Insular*",Fuerza de trabajo,II,237.978677
2023,"Total regiones Orinoquía, Amazonía e Insular*",Fuerza de trabajo,I,241.268756
2023,"Total regiones Orinoquía, Amazonía e Insular*",Fuerza de trabajo,II,244.576949
2024,"Total regiones Orinoquía, Amazonía e Insular*",Fuerza de trabajo,I,247.262598
2024,"Total regiones Orinoquía, Amazonía e Insular*",Fuerza de trabajo,II,248.519833
2025,"Total regiones Orinoquía, Amazonía e Insular*",Fuerza de trabajo,I,249.625105
2025,"Total regiones Orinoquía, Amazonía e Insular*",Fuerza de trabajo,II,250.854041
2026,"Total regiones Orinoquía, Amazonía e Insular*",Fuerza de trabajo,I,248.53493
2010,"Total regiones Orinoquía, Amazonía e Insular*",Población ocupada,I,0.0
2010,"Total regiones Orinoquía, Amazonía e Insular*",Población ocupada,II,0.0
2011,"Total regiones Orinoquía, Amazonía e Insular*",Población ocupada,I,0.0
2011,"Total regiones Orinoquía, Amazonía e Insular*",Población ocupada,II,0.0
2012,"Total regiones Orinoquía, Amazonía e Insular*",Población ocupada,I,0.0
2012,"Total regiones Orinoquía, Amazonía e Insular*",Población ocupada,II,0.0
2013,"Total regiones Orinoquía, Amazonía e Insular*",Población ocupada,I,0.0
2013,"Total regiones Orinoquía, Amazonía e Insular*",Población ocupada,II,0.0
2014,"Total regiones Orinoquía, Amazonía e Insular*",Población ocupada,I,173.61802
2014,"Total regiones Orinoquía, Amazonía e Insular*",Población ocupada,II,178.417605
2015,"Total regiones Orinoquía, Amazonía e Insular*",Población ocupada,I,174.064319
2015,"Total regiones Orinoquía, Amazonía e Insular*",Población ocupada,II,179.8188
2016,"Total regiones Orinoquía, Amazonía e Insular*",Población ocupada,I,174.951506
2016,"Total regiones Orinoquía, Amazonía e Insular*",Población ocupada,II,180.0102
2017,"Total regiones Orinoquía, Amazonía e Insular*",Población ocupada,I,177.864682
2017,"Total regiones Orinoquía, Amazonía e Insular*",Población ocupada,II,179.660451
2018,"Total regiones Orinoquía, Amazonía e Insular*",Población ocupada,I,176.660187
2018,"Total regiones Orinoquía, Amazonía e Insular*",Población ocupada,II,179.272639
2019,"Total regiones Orinoquía, Amazonía e Insular*",Población ocupada,I,182.203325
2019,"Total regiones Orinoquía, Amazonía e Insular*",Población ocupada,II,186.732441
2020,"Total regiones Orinoquía, Amazonía e Insular*",Población ocupada,I,148.889568
2020,"Total regiones Orinoquía, Amazonía e Insular*",Población ocupada,II,162.306957
2021,"Total regiones Orinoquía, Amazonía e Insular*",Población ocupada,I,172.087551
2021,"Total regiones Orinoquía, Amazonía e Insular*",Población ocupada,II,179.436332
2022,"Total regiones Orinoquía, Amazonía e Insular*",Población ocupada,I,196.845384
2022,"Total regiones Orinoquía, Amazonía e Insular*",Población ocupada,II,203.424334
2023,"Total regiones Orinoquía, Amazonía e Insular*",Población ocupada,I,202.254634
2023,"Total regiones Orinoquía, Amazonía e Insular*",Población ocupada,II,211.395869
2024,"Total regiones Orinoquía, Amazonía e Insular*",Población ocupada,I,204.162406
2024,"Total regiones Orinoquía, Amazonía e Insular*",Población ocupada,II,214.122954
2025,"Total regiones Orinoquía, Amazonía e Insular*",Población ocupada,I,214.263995
2025,"Total regiones Orinoquía, Amazonía e Insular*",Población ocupada,II,224.441479
2026,"Total regiones Orinoquía, Amazonía e Insular*",Población ocupada,I,220.140944
2010,"Total regiones Orinoquía, Amazonía e Insular*",Población desocupada,I,0.0
2010,"Total regiones Orinoquía, Amazonía e Insular*",Población desocupada,II,0.0
2011,"Total regiones Orinoquía, Amazonía e Insular*",Población desocupada,I,0.0
2011,"Total regiones Orinoquía, Amazonía e Insular*",Población desocupada,II,0.0
2012,"Total regiones Orinoquía, Amazonía e Insular*",Población desocupada,I,0.0
2012,"Total regiones Orinoquía, Amazonía e Insular*",Población desocupada,II,0.0
2013,"Total regiones Orinoquía, Amazonía e Insular*",Población desocupada,I,0.0
2013,"Total regiones Orinoquía, Amazonía e Insular*",Población desocupada,II,0.0
2014,"Total regiones Orinoquía, Amazonía e Insular*",Población desocupada,I,18.668184
2014,"Total regiones Orinoquía, Amazonía e Insular*",Población desocupada,II,16.260973
2015,"Total regiones Orinoquía, Amazonía e Insular*",Población desocupada,I,19.23797
2015,"Total regiones Orinoquía, Amazonía e Insular*",Población desocupada,II,17.259044
2016,"Total regiones Orinoquía, Amazonía e Insular*",Población desocupada,I,24.325669
2016,"Total regiones Orinoquía, Amazonía e Insular*",Población desocupada,II,22.347383
2017,"Total regiones Orinoquía, Amazonía e Insular*",Población desocupada,I,27.172021
2017,"Total regiones Orinoquía, Amazonía e Insular*",Población desocupada,II,26.367383
2018,"Total regiones Orinoquía, Amazonía e Insular*",Población desocupada,I,27.557696
2018,"Total regiones Orinoquía, Amazonía e Insular*",Población desocupada,II,28.487742
2019,"Total regiones Orinoquía, Amazonía e Insular*",Población desocupada,I,31.951376
2019,"Total regiones Orinoquía, Amazonía e Insular*",Población desocupada,II,29.916747
2020,"Total regiones Orinoquía, Amazonía e Insular*",Población desocupada,I,38.359945
2020,"Total regiones Orinoquía, Amazonía e Insular*",Población desocupada,II,43.000821
2021,"Total regiones Orinoquía, Amazonía e Insular*",Población desocupada,I,40.296884
2021,"Total regiones Orinoquía, Amazonía e Insular*",Población desocupada,II,34.440857
2022,"Total regiones Orinoquía, Amazonía e Insular*",Población desocupada,I,36.934192
2022,"Total regiones Orinoquía, Amazonía e Insular*",Población desocupada,II,34.554343
2023,"Total regiones Orinoquía, Amazonía e Insular*",Población desocupada,I,39.014121
2023,"Total regiones Orinoquía, Amazonía e Insular*",Población desocupada,II,33.18108
2024,"Total regiones Orinoquía, Amazonía e Insular*",Población desocupada,I,43.100192
2024,"Total regiones Orinoquía, Amazonía e Insular*",Población desocupada,II,34.396878
2025,"Total regiones Orinoquía, Amazonía e Insular*",Población desocupada,I,35.361109
2025,"Total regiones Orinoquía, Amazonía e Insular*",Población desocupada,II,26.412562
2026,"Total regiones Orinoquía, Amazonía e Insular*",Población desocupada,I,28.393986
2010,"Total regiones Orinoquía, Amazonía e Insular*",Población fuera de la fuerza de trabajo,I,0.0
2010,"Total regiones Orinoquía, Amazonía e Insular*",Población fuera de la fuerza de trabajo,II,0.0
2011,"Total regiones Orinoquía, Amazonía e Insular*",Población fuera de la fuerza de trabajo,I,0.0
2011,"Total regiones Orinoquía, Amazonía e Insular*",Población fuera de la fuerza de trabajo,II,0.0
2012,"Total regiones Orinoquía, Amazonía e Insular*",Población fuera de la fuerza de trabajo,I,0.0
2012,"Total regiones Orinoquía, Amazonía e Insular*",Población fuera de la fuerza de trabajo,II,0.0
2013,"Total regiones Orinoquía, Amazonía e Insular*",Población fuera de la fuerza de trabajo,I,0.0
2013,"Total regiones Orinoquía, Amazonía e Insular*",Población fuera de la fuerza de trabajo,II,0.0
2014,"Total regiones Orinoquía, Amazonía e Insular*",Población fuera de la fuerza de trabajo,I,77.752463
2014,"Total regiones Orinoquía, Amazonía e Insular*",Población fuera de la fuerza de trabajo,II,78.341421
2015,"Total regiones Orinoquía, Amazonía e Insular*",Población fuera de la fuerza de trabajo,I,82.740378
2015,"Total regiones Orinoquía, Amazonía e Insular*",Población fuera de la fuerza de trabajo,II,82.166489
2016,"Total regiones Orinoquía, Amazonía e Insular*",Población fuera de la fuerza de trabajo,I,83.335992
2016,"Total regiones Orinoquía, Amazonía e Insular*",Población fuera de la fuerza de trabajo,II,83.658084
2017,"Total regiones Orinoquía, Amazonía e Insular*",Población fuera de la fuerza de trabajo,I,84.66313
2017,"Total regiones Orinoquía, Amazonía e Insular*",Población fuera de la fuerza de trabajo,II,88.168332
2018,"Total regiones Orinoquía, Amazonía e Insular*",Población fuera de la fuerza de trabajo,I,95.462451
2018,"Total regiones Orinoquía, Amazonía e Insular*",Población fuera de la fuerza de trabajo,II,98.168285
2019,"Total regiones Orinoquía, Amazonía e Insular*",Población fuera de la fuerza de trabajo,I,98.276966
2019,"Total regiones Orinoquía, Amazonía e Insular*",Población fuera de la fuerza de trabajo,II,101.863978
2020,"Total regiones Orinoquía, Amazonía e Insular*",Población fuera de la fuerza de trabajo,I,136.771487
2020,"Total regiones Orinoquía, Amazonía e Insular*",Población fuera de la fuerza de trabajo,II,123.235055
2021,"Total regiones Orinoquía, Amazonía e Insular*",Población fuera de la fuerza de trabajo,I,119.812565
2021,"Total regiones Orinoquía, Amazonía e Insular*",Población fuera de la fuerza de trabajo,II,121.673478
2022,"Total regiones Orinoquía, Amazonía e Insular*",Población fuera de la fuerza de trabajo,I,104.803923
2022,"Total regiones Orinoquía, Amazonía e Insular*",Población fuera de la fuerza de trabajo,II,103.462323
2023,"Total regiones Orinoquía, Amazonía e Insular*",Población fuera de la fuerza de trabajo,I,103.112078
2023,"Total regiones Orinoquía, Amazonía e Insular*",Población fuera de la fuerza de trabajo,II,103.172365
2024,"Total regiones Orinoquía, Amazonía e Insular*",Población fuera de la fuerza de trabajo,I,104.186902
2024,"Total regiones Orinoquía, Amazonía e Insular*",Población fuera de la fuerza de trabajo,II,106.492667
2025,"Total regiones Orinoquía, Amazonía e Insular*",Población fuera de la fuerza de trabajo,I,108.673062
2025,"Total regiones Orinoquía, Amazonía e Insular*",Población fuera de la fuerza de trabajo,II,110.665308
2026,"Total regiones Orinoquía, Amazonía e Insular*",Población fuera de la fuerza de trabajo,I,116.25907
2010,"Total regiones Orinoquía, Amazonía e Insular*",Población subocupada,I,0.0
2010,"Total regiones Orinoquía, Amazonía e Insular*",Población subocupada,II,0.0
2011,"Total regiones Orinoquía, Amazonía e Insular*",Población subocupada,I,0.0
2011,"Total regiones Orinoquía, Amazonía e Insular*",Población subocupada,II,0.0
2012,"Total regiones Orinoquía, Amazonía e Insular*",Población subocupada,I,0.0
2012,"Total regiones Orinoquía, Amazonía e Insular*",Población subocupada,II,0.0
2013,"Total regiones Orinoquía, Amazonía e Insular*",Población subocupada,I,0.0
2013,"Total regiones Orinoquía, Amazonía e Insular*",Población subocupada,II,0.0
2014,"Total regiones Orinoquía, Amazonía e Insular*",Población subocupada,I,10.491888
2014,"Total regiones Orinoquía, Amazonía e Insular*",Población subocupada,II,8.910347
2015,"Total regiones Orinoquía, Amazonía e Insular*",Población subocupada,I,8.36084
2015,"Total regiones Orinoquía, Amazonía e Insular*",Población subocupada,II,9.712146
2016,"Total regiones Orinoquía, Amazonía e Insular*",Población subocupada,I,12.348421
2016,"Total regiones Orinoquía, Amazonía e Insular*",Población subocupada,II,14.711859
2017,"Total regiones Orinoquía, Amazonía e Insular*",Población subocupada,I,15.552508
2017,"Total regiones Orinoquía, Amazonía e Insular*",Población subocupada,II,14.237915
2018,"Total regiones Orinoquía, Amazonía e Insular*",Población subocupada,I,12.166956
2018,"Total regiones Orinoquía, Amazonía e Insular*",Población subocupada,II,17.259675
2019,"Total regiones Orinoquía, Amazonía e Insular*",Población subocupada,I,16.176353
2019,"Total regiones Orinoquía, Amazonía e Insular*",Población subocupada,II,17.576235
2020,"Total regiones Orinoquía, Amazonía e Insular*",Población subocupada,I,0.0
2020,"Total regiones Orinoquía, Amazonía e Insular*",Población subocupada,II,0.0
2021,"Total regiones Orinoquía, Amazonía e Insular*",Población subocupada,I,17.753528
2021,"Total regiones Orinoquía, Amazonía e Insular*",Población subocupada,II,12.325129
2022,"Total regiones Orinoquía, Amazonía e Insular*",Población subocupada,I,19.161409
2022,"Total regiones Orinoquía, Amazonía e Insular*",Población subocupada,II,20.431179
2023,"Total regiones Orinoquía, Amazonía e Insular*",Población subocupada,I,17.869747
2023,"Total regiones Orinoquía, Amazonía e Insular*",Población subocupada,II,19.076544
2024,"Total regiones Orinoquía, Amazonía e Insular*",Población subocupada,I,16.238633
2024,"Total regiones Orinoquía, Amazonía e Insular*",Población subocupada,II,15.256286
2025,"Total regiones Orinoquía, Amazonía e Insular*",Población subocupada,I,12.043682
2025,"Total regiones Orinoquía, Amazonía e Insular*",Población subocupada,II,11.477407
2026,"Total regiones Orinoquía, Amazonía e Insular*",Población subocupada,I,9.18172
2010,"Total regiones Orinoquía, Amazonía e Insular*",Fuerza de trabajo potencial,I,0.0
2010,"Total regiones Orinoquía, Amazonía e Insular*",Fuerza de trabajo potencial,II,0.0
2011,"Total regiones Orinoquía, Amazonía e Insular*",Fuerza de trabajo potencial,I,0.0
2011,"Total regiones Orinoquía, Amazonía e Insular*",Fuerza de trabajo potencial,II,0.0
2012,"Total regiones Orinoquía, Amazonía e Insular*",Fuerza de trabajo potencial,I,0.0
2012,"Total regiones Orinoquía, Amazonía e Insular*",Fuerza de trabajo potencial,II,0.0
2013,"Total regiones Orinoquía, Amazonía e Insular*",Fuerza de trabajo potencial,I,0.0
2013,"Total regiones Orinoquía, Amazonía e Insular*",Fuerza de trabajo potencial,II,0.0
2014,"Total regiones Orinoquía, Amazonía e Insular*",Fuerza de trabajo potencial,I,0.0
2014,"Total regiones Orinoquía, Amazonía e Insular*",Fuerza de trabajo potencial,II,0.0
2015,"Total regiones Orinoquía, Amazonía e Insular*",Fuerza de trabajo potencial,I,0.0
2015,"Total regiones Orinoquía, Amazonía e Insular*",Fuerza de trabajo potencial,II,0.0
2016,"Total regiones Orinoquía, Amazonía e Insular*",Fuerza de trabajo potencial,I,0.0
2016,"Total regiones Orinoquía, Amazonía e Insular*",Fuerza de trabajo potencial,II,0.0
2017,"Total regiones Orinoquía, Amazonía e Insular*",Fuerza de trabajo potencial,I,0.0
2017,"Total regiones Orinoquía, Amazonía e Insular*",Fuerza de trabajo potencial,II,0.0
2018,"Total regiones Orinoquía, Amazonía e Insular*",Fuerza de trabajo potencial,I,0.0
2018,"Total regiones Orinoquía, Amazonía e Insular*",Fuerza de trabajo potencial,II,0.0
2019,"Total regiones Orinoquía, Amazonía e Insular*",Fuerza de trabajo potencial,I,0.0
2019,"Total regiones Orinoquía, Amazonía e Insular*",Fuerza de trabajo potencial,II,0.0
2020,"Total regiones Orinoquía, Amazonía e Insular*",Fuerza de trabajo potencial,I,0.0
2020,"Total regiones Orinoquía, Amazonía e Insular*",Fuerza de trabajo potencial,II,0.0
2021,"Total regiones Orinoquía, Amazonía e Insular*",Fuerza de trabajo potencial,I,14.209361
2021,"Total regiones Orinoquía, Amazonía e Insular*",Fuerza de trabajo potencial,II,6.205938
2022,"Total regiones Orinoquía, Amazonía e Insular*",Fuerza de trabajo potencial,I,7.860417
2022,"Total regiones Orinoquía, Amazonía e Insular*",Fuerza de trabajo potencial,II,11.701584
2023,"Total regiones Orinoquía, Amazonía e Insular*",Fuerza de trabajo potencial,I,16.00679
2023,"Total regiones Orinoquía, Amazonía e Insular*",Fuerza de trabajo potencial,II,13.967039
2024,"Total regiones Orinoquía, Amazonía e Insular*",Fuerza de trabajo potencial,I,11.945108
2024,"Total regiones Orinoquía, Amazonía e Insular*",Fuerza de trabajo potencial,II,9.709022
2025,"Total regiones Orinoquía, Amazonía e Insular*",Fuerza de trabajo potencial,I,7.523367
2025,"Total regiones Orinoquía, Amazonía e Insular*",Fuerza de trabajo potencial,II,8.522644
2026,"Total regiones Orinoquía, Amazonía e Insular*",Fuerza de trabajo potencial,I,7.307201
2010,Bogotá D. C.,% población en edad de trabajar,I,75.10292
2010,Bogotá D. C.,% población en edad de trabajar,II,75.532979
2011,Bogotá D. C.,% población en edad de trabajar,I,75.961786
2011,Bogotá D. C.,% población en edad de trabajar,II,76.384914
2012,Bogotá D. C.,% población en edad de trabajar,I,76.797659
2012,Bogotá D. C.,% población en edad de trabajar,II,77.196084
2013,Bogotá D. C.,% población en edad de trabajar,I,77.578025
2013,Bogotá D. C.,% población en edad de trabajar,II,77.946664
2014,Bogotá D. C.,% población en edad de trabajar,I,78.3001
2014,Bogotá D. C.,% población en edad de trabajar,II,78.637056
2015,Bogotá D. C.,% población en edad de trabajar,I,78.954778
2015,Bogotá D. C.,% población en edad de trabajar,II,79.253485
2016,Bogotá D. C.,% población en edad de trabajar,I,79.531313
2016,Bogotá D. C.,% población en edad de trabajar,II,79.785858
2017,Bogotá D. C.,% población en edad de trabajar,I,80.024504
2017,Bogotá D. C.,% población en edad de trabajar,II,80.263879
2018,Bogotá D. C.,% población en edad de trabajar,I,80.49041
2018,Bogotá D. C.,% población en edad de trabajar,II,80.666361
2019,Bogotá D. C.,% población en edad de trabajar,I,80.791712
2019,Bogotá D. C.,% población en edad de trabajar,II,80.906833
2020,Bogotá D. C.,% población en edad de trabajar,I,81.030488
2020,Bogotá D. C.,% población en edad de trabajar,II,81.174423
2021,Bogotá D. C.,% población en edad de trabajar,I,81.331886
2021,Bogotá D. C.,% población en edad de trabajar,II,81.482418
2022,Bogotá D. C.,% población en edad de trabajar,I,81.623598
2022,Bogotá D. C.,% población en edad de trabajar,II,81.75565
2023,Bogotá D. C.,% población en edad de trabajar,I,81.885392
2023,Bogotá D. C.,% población en edad de trabajar,II,82.026406
2024,Bogotá D. C.,% población en edad de trabajar,I,82.174257
2024,Bogotá D. C.,% población en edad de trabajar,II,82.307933
2025,Bogotá D. C.,% población en edad de trabajar,I,82.423216
2025,Bogotá D. C.,% población en edad de trabajar,II,82.534052
2026,Bogotá D. C.,% población en edad de trabajar,I,82.645907
2010,Bogotá D. C.,Tasa Global de Participación (TGP),I,71.926007
2010,Bogotá D. C.,Tasa Global de Participación (TGP),II,73.916524
2011,Bogotá D. C.,Tasa Global de Participación (TGP),I,74.178113
2011,Bogotá D. C.,Tasa Global de Participación (TGP),II,75.532695
2012,Bogotá D. C.,Tasa Global de Participación (TGP),I,75.284243
2012,Bogotá D. C.,Tasa Global de Participación (TGP),II,75.861519
2013,Bogotá D. C.,Tasa Global de Participación (TGP),I,74.850533
2013,Bogotá D. C.,Tasa Global de Participación (TGP),II,75.023447
2014,Bogotá D. C.,Tasa Global de Participación (TGP),I,75.036297
2014,Bogotá D. C.,Tasa Global de Participación (TGP),II,75.290371
2015,Bogotá D. C.,Tasa Global de Participación (TGP),I,74.32392
2015,Bogotá D. C.,Tasa Global de Participación (TGP),II,74.196881
2016,Bogotá D. C.,Tasa Global de Participación (TGP),I,73.140056
2016,Bogotá D. C.,Tasa Global de Participación (TGP),II,73.066558
2017,Bogotá D. C.,Tasa Global de Participación (TGP),I,71.930934
2017,Bogotá D. C.,Tasa Global de Participación (TGP),II,71.634421
2018,Bogotá D. C.,Tasa Global de Participación (TGP),I,70.88785
2018,Bogotá D. C.,Tasa Global de Participación (TGP),II,71.450698
2019,Bogotá D. C.,Tasa Global de Participación (TGP),I,71.300909
2019,Bogotá D. C.,Tasa Global de Participación (TGP),II,70.700405
2020,Bogotá D. C.,Tasa Global de Participación (TGP),I,64.558717
2020,Bogotá D. C.,Tasa Global de Participación (TGP),II,68.053149
2021,Bogotá D. C.,Tasa Global de Participación (TGP),I,68.589335
2021,Bogotá D. C.,Tasa Global de Participación (TGP),II,66.451972
2022,Bogotá D. C.,Tasa Global de Participación (TGP),I,67.303973
2022,Bogotá D. C.,Tasa Global de Participación (TGP),II,66.565571
2023,Bogotá D. C.,Tasa Global de Participación (TGP),I,68.340746
2023,Bogotá D. C.,Tasa Global de Participación (TGP),II,70.625825
2024,Bogotá D. C.,Tasa Global de Participación (TGP),I,71.332879
2024,Bogotá D. C.,Tasa Global de Participación (TGP),II,70.637579
2025,Bogotá D. C.,Tasa Global de Participación (TGP),I,70.628358
2025,Bogotá D. C.,Tasa Global de Participación (TGP),II,70.561163
2026,Bogotá D. C.,Tasa Global de Participación (TGP),I,69.736678
2010,Bogotá D. C.,Tasa de Ocupación (TO),I,63.161479
2010,Bogotá D. C.,Tasa de Ocupación (TO),II,66.878848
2011,Bogotá D. C.,Tasa de Ocupación (TO),I,66.208893
2011,Bogotá D. C.,Tasa de Ocupación (TO),II,69.071256
2012,Bogotá D. C.,Tasa de Ocupación (TO),I,67.496418
2012,Bogotá D. C.,Tasa de Ocupación (TO),II,68.908285
2013,Bogotá D. C.,Tasa de Ocupación (TO),I,67.454123
2013,Bogotá D. C.,Tasa de Ocupación (TO),II,68.6649
2014,Bogotá D. C.,Tasa de Ocupación (TO),I,67.880297
2014,Bogotá D. C.,Tasa de Ocupación (TO),II,69.074643
2015,Bogotá D. C.,Tasa de Ocupación (TO),I,67.59015
2015,Bogotá D. C.,Tasa de Ocupación (TO),II,67.710269
2016,Bogotá D. C.,Tasa de Ocupación (TO),I,66.029061
2016,Bogotá D. C.,Tasa de Ocupación (TO),II,66.465075
2017,Bogotá D. C.,Tasa de Ocupación (TO),I,63.711719
2017,Bogotá D. C.,Tasa de Ocupación (TO),II,64.491269
2018,Bogotá D. C.,Tasa de Ocupación (TO),I,62.855322
2018,Bogotá D. C.,Tasa de Ocupación (TO),II,64.392444
2019,Bogotá D. C.,Tasa de Ocupación (TO),I,62.904905
2019,Bogotá D. C.,Tasa de Ocupación (TO),II,63.659314
2020,Bogotá D. C.,Tasa de Ocupación (TO),I,53.111646
2020,Bogotá D. C.,Tasa de Ocupación (TO),II,54.969137
2021,Bogotá D. C.,Tasa de Ocupación (TO),I,55.687876
2021,Bogotá D. C.,Tasa de Ocupación (TO),II,57.516495
2022,Bogotá D. C.,Tasa de Ocupación (TO),I,58.638488
2022,Bogotá D. C.,Tasa de Ocupación (TO),II,59.940759
2023,Bogotá D. C.,Tasa de Ocupación (TO),I,60.612986
2023,Bogotá D. C.,Tasa de Ocupación (TO),II,63.901302
2024,Bogotá D. C.,Tasa de Ocupación (TO),I,63.946052
2024,Bogotá D. C.,Tasa de Ocupación (TO),II,64.235912
2025,Bogotá D. C.,Tasa de Ocupación (TO),I,64.118299
2025,Bogotá D. C.,Tasa de Ocupación (TO),II,65.431853
2026,Bogotá D. C.,Tasa de Ocupación (TO),I,63.834463
2010,Bogotá D. C.,Tasa de Desocupación (TD),I,12.185479
2010,Bogotá D. C.,Tasa de Desocupación (TD),II,9.521113
2011,Bogotá D. C.,Tasa de Desocupación (TD),I,10.743357
2011,Bogotá D. C.,Tasa de Desocupación (TD),II,8.554493
2012,Bogotá D. C.,Tasa de Desocupación (TD),I,10.344562
2012,Bogotá D. C.,Tasa de Desocupación (TD),II,9.165693
2013,Bogotá D. C.,Tasa de Desocupación (TD),I,9.881573
2013,Bogotá D. C.,Tasa de Desocupación (TD),II,8.475412
2014,Bogotá D. C.,Tasa de Desocupación (TD),I,9.536719
2014,Bogotá D. C.,Tasa de Desocupación (TD),II,8.255675
2015,Bogotá D. C.,Tasa de Desocupación (TD),I,9.060032
2015,Bogotá D. C.,Tasa de Desocupación (TD),II,8.742432
2016,Bogotá D. C.,Tasa de Desocupación (TD),I,9.722436
2016,Bogotá D. C.,Tasa de Desocupación (TD),II,9.03489
2017,Bogotá D. C.,Tasa de Desocupación (TD),I,11.426537
2017,Bogotá D. C.,Tasa de Desocupación (TD),II,9.971675
2018,Bogotá D. C.,Tasa de Desocupación (TD),I,11.331319
2018,Bogotá D. C.,Tasa de Desocupación (TD),II,9.878496
2019,Bogotá D. C.,Tasa de Desocupación (TD),I,11.775452
2019,Bogotá D. C.,Tasa de Desocupación (TD),II,9.959053
2020,Bogotá D. C.,Tasa de Desocupación (TD),I,17.731255
2020,Bogotá D. C.,Tasa de Desocupación (TD),II,19.226167
2021,Bogotá D. C.,Tasa de Desocupación (TD),I,18.809716
2021,Bogotá D. C.,Tasa de Desocupación (TD),II,13.446518
2022,Bogotá D. C.,Tasa de Desocupación (TD),I,12.875146
2022,Bogotá D. C.,Tasa de Desocupación (TD),II,9.952311
2023,Bogotá D. C.,Tasa de Desocupación (TD),I,11.30769
2023,Bogotá D. C.,Tasa de Desocupación (TD),II,9.521338
2024,Bogotá D. C.,Tasa de Desocupación (TD),I,10.35543
2024,Bogotá D. C.,Tasa de Desocupación (TD),II,9.062692
2025,Bogotá D. C.,Tasa de Desocupación (TD),I,9.217344
2025,Bogotá D. C.,Tasa de Desocupación (TD),II,7.269311
2026,Bogotá D. C.,Tasa de Desocupación (TD),I,8.463573
2010,Bogotá D. C.,Tasa de Subocupación (TS),I,13.324623
2010,Bogotá D. C.,Tasa de Subocupación (TS),II,14.863013
2011,Bogotá D. C.,Tasa de Subocupación (TS),I,13.892951
2011,Bogotá D. C.,Tasa de Subocupación (TS),II,14.084689
2012,Bogotá D. C.,Tasa de Subocupación (TS),I,14.021708
2012,Bogotá D. C.,Tasa de Subocupación (TS),II,12.492512
2013,Bogotá D. C.,Tasa de Subocupación (TS),I,14.146751
2013,Bogotá D. C.,Tasa de Subocupación (TS),II,12.916419
2014,Bogotá D. C.,Tasa de Subocupación (TS),I,12.757866
2014,Bogotá D. C.,Tasa de Subocupación (TS),II,12.74595
2015,Bogotá D. C.,Tasa de Subocupación (TS),I,11.720362
2015,Bogotá D. C.,Tasa de Subocupación (TS),II,10.706491
2016,Bogotá D. C.,Tasa de Subocupación (TS),I,10.91236
2016,Bogotá D. C.,Tasa de Subocupación (TS),II,8.867498
2017,Bogotá D. C.,Tasa de Subocupación (TS),I,8.432913
2017,Bogotá D. C.,Tasa de Subocupación (TS),II,8.28359
2018,Bogotá D. C.,Tasa de Subocupación (TS),I,7.837568
2018,Bogotá D. C.,Tasa de Subocupación (TS),II,8.45262
2019,Bogotá D. C.,Tasa de Subocupación (TS),I,10.837275
2019,Bogotá D. C.,Tasa de Subocupación (TS),II,10.014631
2020,Bogotá D. C.,Tasa de Subocupación (TS),I,0.0
2020,Bogotá D. C.,Tasa de Subocupación (TS),II,0.0
2021,Bogotá D. C.,Tasa de Subocupación (TS),I,7.718751
2021,Bogotá D. C.,Tasa de Subocupación (TS),II,5.912952
2022,Bogotá D. C.,Tasa de Subocupación (TS),I,5.160107
2022,Bogotá D. C.,Tasa de Subocupación (TS),II,6.361538
2023,Bogotá D. C.,Tasa de Subocupación (TS),I,6.887944
2023,Bogotá D. C.,Tasa de Subocupación (TS),II,7.723403
2024,Bogotá D. C.,Tasa de Subocupación (TS),I,8.463983
2024,Bogotá D. C.,Tasa de Subocupación (TS),II,8.439063
2025,Bogotá D. C.,Tasa de Subocupación (TS),I,7.357913
2025,Bogotá D. C.,Tasa de Subocupación (TS),II,6.749659
2026,Bogotá D. C.,Tasa de Subocupación (TS),I,6.445361
2010,Bogotá D. C.,Población total,I,7062.318167
2010,Bogotá D. C.,Población total,II,7092.650667
2011,Bogotá D. C.,Población total,I,7120.209333
2011,Bogotá D. C.,Población total,II,7144.659667
2012,Bogotá D. C.,Población total,I,7165.948
2012,Bogotá D. C.,Población total,II,7184.3245
2013,Bogotá D. C.,Población total,I,7200.1365
2013,Bogotá D. C.,Población total,II,7213.8905
2014,Bogotá D. C.,Población total,I,7225.778333
2014,Bogotá D. C.,Población total,II,7235.970667
2015,Bogotá D. C.,Población total,I,7245.5615
2015,Bogotá D. C.,Población total,II,7256.627667
2016,Bogotá D. C.,Población total,I,7270.0935
2016,Bogotá D. C.,Población total,II,7285.729333
2017,Bogotá D. C.,Población total,I,7303.525833
2017,Bogotá D. C.,Población total,II,7324.883333
2018,Bogotá D. C.,Población total,I,7360.224
2018,Bogotá D. C.,Población total,II,7427.311833
2019,Bogotá D. C.,Población total,I,7519.432833
2019,Bogotá D. C.,Población total,II,7607.905667
2020,Bogotá D. C.,Población total,I,7681.751667
2020,Bogotá D. C.,Población total,II,7739.451
2021,Bogotá D. C.,Población total,I,7784.223333
2021,Bogotá D. C.,Población total,II,7822.759
2022,Bogotá D. C.,Población total,I,7855.467833
2022,Bogotá D. C.,Población total,II,7887.248333
2023,Bogotá D. C.,Población total,I,7920.0575
2023,Bogotá D. C.,Población total,II,7953.067
2024,Bogotá D. C.,Población total,I,7985.855167
2024,Bogotá D. C.,Población total,II,8018.706167
2025,Bogotá D. C.,Población total,I,8051.657667
2025,Bogotá D. C.,Población total,II,8084.7715
2026,Bogotá D. C.,Población total,I,8117.869
2010,Bogotá D. C.,Población en edad de trabajar,I,5304.007167
2010,Bogotá D. C.,Población en edad de trabajar,II,5357.290333
2011,Bogotá D. C.,Población en edad de trabajar,I,5408.638167
2011,Bogotá D. C.,Población en edad de trabajar,II,5457.442167
2012,Bogotá D. C.,Población en edad de trabajar,I,5503.280333
2012,Bogotá D. C.,Población en edad de trabajar,II,5546.017167
2013,Bogotá D. C.,Población en edad de trabajar,I,5585.723667
2013,Bogotá D. C.,Población en edad de trabajar,II,5622.987
2014,Bogotá D. C.,Población en edad de trabajar,I,5657.791667
2014,Bogotá D. C.,Población en edad de trabajar,II,5690.154333
2015,Bogotá D. C.,Población en edad de trabajar,I,5720.717
2015,Bogotá D. C.,Población en edad de trabajar,II,5751.130333
2016,Bogotá D. C.,Población en edad de trabajar,I,5782.000833
2016,Bogotá D. C.,Población en edad de trabajar,II,5812.981667
2017,Bogotá D. C.,Población en edad de trabajar,I,5844.610333
2017,Bogotá D. C.,Población en edad de trabajar,II,5879.2355
2018,Bogotá D. C.,Población en edad de trabajar,I,5924.2745
2018,Bogotá D. C.,Población en edad de trabajar,II,5991.342167
2019,Bogotá D. C.,Población en edad de trabajar,I,6075.0785
2019,Bogotá D. C.,Población en edad de trabajar,II,6155.3155
2020,Bogotá D. C.,Población en edad de trabajar,I,6224.560833
2020,Bogotá D. C.,Población en edad de trabajar,II,6282.454667
2021,Bogotá D. C.,Población en edad de trabajar,I,6331.055667
2021,Bogotá D. C.,Población en edad de trabajar,II,6374.173167
2022,Bogotá D. C.,Población en edad de trabajar,I,6411.9155
2022,Bogotá D. C.,Población en edad de trabajar,II,6448.271167
2023,Bogotá D. C.,Población en edad de trabajar,I,6485.370167
2023,Bogotá D. C.,Población en edad de trabajar,II,6523.615
2024,Bogotá D. C.,Población en edad de trabajar,I,6562.317167
2024,Bogotá D. C.,Población en edad de trabajar,II,6600.031333
2025,Bogotá D. C.,Población en edad de trabajar,I,6636.435167
2025,Bogotá D. C.,Población en edad de trabajar,II,6672.6895
2026,Bogotá D. C.,Población en edad de trabajar,I,6709.0865
2010,Bogotá D. C.,Fuerza de trabajo,I,3814.96058
2010,Bogotá D. C.,Fuerza de trabajo,II,3959.9228
2011,Bogotá D. C.,Fuerza de trabajo,I,4012.025724
2011,Bogotá D. C.,Fuerza de trabajo,II,4122.153173
2012,Bogotá D. C.,Fuerza de trabajo,I,4143.102946
2012,Bogotá D. C.,Fuerza de trabajo,II,4207.292863
2013,Bogotá D. C.,Fuerza de trabajo,I,4180.943958
2013,Bogotá D. C.,Fuerza de trabajo,II,4218.558665
2014,Bogotá D. C.,Fuerza de trabajo,I,4245.39738
2014,Bogotá D. C.,Fuerza de trabajo,II,4284.138319
2015,Bogotá D. C.,Fuerza de trabajo,I,4251.86115
2015,Bogotá D. C.,Fuerza de trabajo,II,4267.159348
2016,Bogotá D. C.,Fuerza de trabajo,I,4228.958627
2016,Bogotá D. C.,Fuerza de trabajo,II,4247.345645
2017,Bogotá D. C.,Fuerza de trabajo,I,4204.082819
2017,Bogotá D. C.,Fuerza de trabajo,II,4211.556284
2018,Bogotá D. C.,Fuerza de trabajo,I,4199.590827
2018,Bogotá D. C.,Fuerza de trabajo,II,4280.85578
2019,Bogotá D. C.,Fuerza de trabajo,I,4331.586179
2019,Bogotá D. C.,Fuerza de trabajo,II,4351.83297
2020,Bogotá D. C.,Fuerza de trabajo,I,4018.496584
2020,Bogotá D. C.,Fuerza de trabajo,II,4275.408256
2021,Bogotá D. C.,Fuerza de trabajo,I,4342.428975
2021,Bogotá D. C.,Fuerza de trabajo,II,4235.763737
2022,Bogotá D. C.,Fuerza de trabajo,I,4315.473892
2022,Bogotá D. C.,Fuerza de trabajo,II,4292.328516
2023,Bogotá D. C.,Fuerza de trabajo,I,4432.150342
2023,Bogotá D. C.,Fuerza de trabajo,II,4607.356931
2024,Bogotá D. C.,Fuerza de trabajo,I,4681.089753
2024,Bogotá D. C.,Fuerza de trabajo,II,4662.102346
2025,Bogotá D. C.,Fuerza de trabajo,I,4687.20517
2025,Bogotá D. C.,Fuerza de trabajo,II,4708.327328
2026,Bogotá D. C.,Fuerza de trabajo,I,4678.694023
2010,Bogotá D. C.,Población ocupada,I,3350.089365
2010,Bogotá D. C.,Población ocupada,II,3582.894078
2011,Bogotá D. C.,Población ocupada,I,3580.999462
2011,Bogotá D. C.,Población ocupada,II,3769.523853
2012,Bogotá D. C.,Población ocupada,I,3714.517104
2012,Bogotá D. C.,Población ocupada,II,3821.665323
2013,Bogotá D. C.,Población ocupada,I,3767.800916
2013,Bogotá D. C.,Población ocupada,II,3861.018428
2014,Bogotá D. C.,Población ocupada,I,3840.525777
2014,Bogotá D. C.,Población ocupada,II,3930.453773
2015,Bogotá D. C.,Población ocupada,I,3866.641178
2015,Bogotá D. C.,Población ocupada,II,3894.105828
2016,Bogotá D. C.,Población ocupada,I,3817.800834
2016,Bogotá D. C.,Población ocupada,II,3863.602639
2017,Bogotá D. C.,Población ocupada,I,3723.70173
2017,Bogotá D. C.,Población ocupada,II,3791.593585
2018,Bogotá D. C.,Población ocupada,I,3723.721803
2018,Bogotá D. C.,Población ocupada,II,3857.971625
2019,Bogotá D. C.,Población ocupada,I,3821.522347
2019,Bogotá D. C.,Población ocupada,II,3918.431618
2020,Bogotá D. C.,Población ocupada,I,3305.966709
2020,Bogotá D. C.,Población ocupada,II,3453.411116
2021,Bogotá D. C.,Población ocupada,I,3525.630401
2021,Bogotá D. C.,Población ocupada,II,3666.201008
2022,Bogotá D. C.,Población ocupada,I,3759.850321
2022,Bogotá D. C.,Población ocupada,II,3865.14265
2023,Bogotá D. C.,Población ocupada,I,3930.976543
2023,Bogotá D. C.,Población ocupada,II,4168.674905
2024,Bogotá D. C.,Población ocupada,I,4196.342769
2024,Bogotá D. C.,Población ocupada,II,4239.590351
2025,Bogotá D. C.,Población ocupada,I,4255.169346
2025,Bogotá D. C.,Población ocupada,II,4366.064386
2026,Bogotá D. C.,Población ocupada,I,4282.709338
2010,Bogotá D. C.,Población desocupada,I,464.871215
2010,Bogotá D. C.,Población desocupada,II,377.028722
2011,Bogotá D. C.,Población desocupada,I,431.026261
2011,Bogotá D. C.,Población desocupada,II,352.62932
2012,Bogotá D. C.,Población desocupada,I,428.585842
2012,Bogotá D. C.,Población desocupada,II,385.62754
2013,Bogotá D. C.,Población desocupada,I,413.143042
2013,Bogotá D. C.,Población desocupada,II,357.540237
2014,Bogotá D. C.,Población desocupada,I,404.871603
2014,Bogotá D. C.,Población desocupada,II,353.684547
2015,Bogotá D. C.,Población desocupada,I,385.219972
2015,Bogotá D. C.,Población desocupada,II,373.05352
2016,Bogotá D. C.,Población desocupada,I,411.157793
2016,Bogotá D. C.,Población desocupada,II,383.743006
2017,Bogotá D. C.,Población desocupada,I,480.381088
2017,Bogotá D. C.,Población desocupada,II,419.962699
2018,Bogotá D. C.,Población desocupada,I,475.869024
2018,Bogotá D. C.,Población desocupada,II,422.884155
2019,Bogotá D. C.,Población desocupada,I,510.063832
2019,Bogotá D. C.,Población desocupada,II,433.401352
2020,Bogotá D. C.,Población desocupada,I,712.529875
2020,Bogotá D. C.,Población desocupada,II,821.997141
2021,Bogotá D. C.,Población desocupada,I,816.798574
2021,Bogotá D. C.,Población desocupada,II,569.562729
2022,Bogotá D. C.,Población desocupada,I,555.623571
2022,Bogotá D. C.,Población desocupada,II,427.185866
2023,Bogotá D. C.,Población desocupada,I,501.173799
2023,Bogotá D. C.,Población desocupada,II,438.682026
2024,Bogotá D. C.,Población desocupada,I,484.746985
2024,Bogotá D. C.,Población desocupada,II,422.511995
2025,Bogotá D. C.,Población desocupada,I,432.035824
2025,Bogotá D. C.,Población desocupada,II,342.262942
2026,Bogotá D. C.,Población desocupada,I,395.984685
2010,Bogotá D. C.,Población fuera de la fuerza de trabajo,I,1489.046587
2010,Bogotá D. C.,Población fuera de la fuerza de trabajo,II,1397.367533
2011,Bogotá D. C.,Población fuera de la fuerza de trabajo,I,1396.612443
2011,Bogotá D. C.,Población fuera de la fuerza de trabajo,II,1335.288993
2012,Bogotá D. C.,Población fuera de la fuerza de trabajo,I,1360.177387
2012,Bogotá D. C.,Población fuera de la fuerza de trabajo,II,1338.724304
2013,Bogotá D. C.,Población fuera de la fuerza de trabajo,I,1404.779709
2013,Bogotá D. C.,Población fuera de la fuerza de trabajo,II,1404.428335
2014,Bogotá D. C.,Población fuera de la fuerza de trabajo,I,1412.394287
2014,Bogotá D. C.,Población fuera de la fuerza de trabajo,II,1406.016014
2015,Bogotá D. C.,Población fuera de la fuerza de trabajo,I,1468.85585
2015,Bogotá D. C.,Población fuera de la fuerza de trabajo,II,1483.970985
2016,Bogotá D. C.,Población fuera de la fuerza de trabajo,I,1553.042206
2016,Bogotá D. C.,Población fuera de la fuerza de trabajo,II,1565.636021
2017,Bogotá D. C.,Población fuera de la fuerza de trabajo,I,1640.527515
2017,Bogotá D. C.,Población fuera de la fuerza de trabajo,II,1667.679216
2018,Bogotá D. C.,Población fuera de la fuerza de trabajo,I,1724.683673
2018,Bogotá D. C.,Población fuera de la fuerza de trabajo,II,1710.486387
2019,Bogotá D. C.,Población fuera de la fuerza de trabajo,I,1743.492321
2019,Bogotá D. C.,Población fuera de la fuerza de trabajo,II,1803.48253
2020,Bogotá D. C.,Población fuera de la fuerza de trabajo,I,2206.06425
2020,Bogotá D. C.,Población fuera de la fuerza de trabajo,II,2007.046411
2021,Bogotá D. C.,Población fuera de la fuerza de trabajo,I,1988.626691
2021,Bogotá D. C.,Población fuera de la fuerza de trabajo,II,2138.40943
2022,Bogotá D. C.,Población fuera de la fuerza de trabajo,I,2096.441608
2022,Bogotá D. C.,Población fuera de la fuerza de trabajo,II,2155.942651
2023,Bogotá D. C.,Población fuera de la fuerza de trabajo,I,2053.219824
2023,Bogotá D. C.,Población fuera de la fuerza de trabajo,II,1916.258069
2024,Bogotá D. C.,Población fuera de la fuerza de trabajo,I,1881.227413
2024,Bogotá D. C.,Población fuera de la fuerza de trabajo,II,1937.928988
2025,Bogotá D. C.,Población fuera de la fuerza de trabajo,I,1949.229997
2025,Bogotá D. C.,Población fuera de la fuerza de trabajo,II,1964.362172
2026,Bogotá D. C.,Población fuera de la fuerza de trabajo,I,2030.392477
2010,Bogotá D. C.,Población subocupada,I,508.32911
2010,Bogotá D. C.,Población subocupada,II,588.563831
2011,Bogotá D. C.,Población subocupada,I,557.388768
2011,Bogotá D. C.,Población subocupada,II,580.592471
2012,Bogotá D. C.,Población subocupada,I,580.933808
2012,Bogotá D. C.,Población subocupada,II,525.596569
2013,Bogotá D. C.,Población subocupada,I,591.467731
2013,Bogotá D. C.,Población subocupada,II,544.886708
2014,Bogotá D. C.,Población subocupada,I,541.622095
2014,Bogotá D. C.,Población subocupada,II,546.054108
2015,Bogotá D. C.,Población subocupada,I,498.333507
2015,Bogotá D. C.,Población subocupada,II,456.863017
2016,Bogotá D. C.,Población subocupada,I,461.479174
2016,Bogotá D. C.,Población subocupada,II,376.633278
2017,Bogotá D. C.,Población subocupada,I,354.526648
2017,Bogotá D. C.,Población subocupada,II,348.868041
2018,Bogotá D. C.,Población subocupada,I,329.145805
2018,Bogotá D. C.,Población subocupada,II,361.844467
2019,Bogotá D. C.,Población subocupada,I,469.425906
2019,Bogotá D. C.,Población subocupada,II,435.820005
2020,Bogotá D. C.,Población subocupada,I,0.0
2020,Bogotá D. C.,Población subocupada,II,0.0
2021,Bogotá D. C.,Población subocupada,I,335.181268
2021,Bogotá D. C.,Población subocupada,II,250.458691
2022,Bogotá D. C.,Población subocupada,I,222.683057
2022,Bogotá D. C.,Población subocupada,II,273.058115
2023,Bogotá D. C.,Población subocupada,I,305.284041
2023,Bogotá D. C.,Población subocupada,II,355.844723
2024,Bogotá D. C.,Población subocupada,I,396.206642
2024,Bogotá D. C.,Población subocupada,II,393.437771
2025,Bogotá D. C.,Población subocupada,I,344.880461
2025,Bogotá D. C.,Población subocupada,II,317.796031
2026,Bogotá D. C.,Población subocupada,I,301.558729
2010,Bogotá D. C.,Fuerza de trabajo potencial,I,0.0
2010,Bogotá D. C.,Fuerza de trabajo potencial,II,0.0
2011,Bogotá D. C.,Fuerza de trabajo potencial,I,0.0
2011,Bogotá D. C.,Fuerza de trabajo potencial,II,0.0
2012,Bogotá D. C.,Fuerza de trabajo potencial,I,0.0
2012,Bogotá D. C.,Fuerza de trabajo potencial,II,0.0
2013,Bogotá D. C.,Fuerza de trabajo potencial,I,0.0
2013,Bogotá D. C.,Fuerza de trabajo potencial,II,0.0
2014,Bogotá D. C.,Fuerza de trabajo potencial,I,0.0
2014,Bogotá D. C.,Fuerza de trabajo potencial,II,0.0
2015,Bogotá D. C.,Fuerza de trabajo potencial,I,0.0
2015,Bogotá D. C.,Fuerza de trabajo potencial,II,0.0
2016,Bogotá D. C.,Fuerza de trabajo potencial,I,0.0
2016,Bogotá D. C.,Fuerza de trabajo potencial,II,0.0
2017,Bogotá D. C.,Fuerza de trabajo potencial,I,0.0
2017,Bogotá D. C.,Fuerza de trabajo potencial,II,0.0
2018,Bogotá D. C.,Fuerza de trabajo potencial,I,0.0
2018,Bogotá D. C.,Fuerza de trabajo potencial,II,0.0
2019,Bogotá D. C.,Fuerza de trabajo potencial,I,0.0
2019,Bogotá D. C.,Fuerza de trabajo potencial,II,0.0
2020,Bogotá D. C.,Fuerza de trabajo potencial,I,0.0
2020,Bogotá D. C.,Fuerza de trabajo potencial,II,0.0
2021,Bogotá D. C.,Fuerza de trabajo potencial,I,296.090448
2021,Bogotá D. C.,Fuerza de trabajo potencial,II,205.965285
2022,Bogotá D. C.,Fuerza de trabajo potencial,I,215.231928
2022,Bogotá D. C.,Fuerza de trabajo potencial,II,215.004652
2023,Bogotá D. C.,Fuerza de trabajo potencial,I,224.610703
2023,Bogotá D. C.,Fuerza de trabajo potencial,II,263.757485
2024,Bogotá D. C.,Fuerza de trabajo potencial,I,298.022281
2024,Bogotá D. C.,Fuerza de trabajo potencial,II,242.864191
2025,Bogotá D. C.,Fuerza de trabajo potencial,I,224.686665
2025,Bogotá D. C.,Fuerza de trabajo potencial,II,206.506333
2026,Bogotá D. C.,Fuerza de trabajo potencial,I,164.580326
