AÑO,Hombres_0,Hombres_1,Hombres_2,Hombres_3,Hombres_4,Hombres_5,Hombres_6,Hombres_7,Hombres_8,Hombres_9,Hombres_10,Hombres_11,Hombres_12,Hombres_13,Hombres_14,Hombres_15,Hombres_16,Hombres_17,Hombres_18,Hombres_19,Hombres_20,Hombres_21,Hombres_22,Hombres_23,Hombres_24,Hombres_25,Hombres_26,Hombres_27,Hombres_28,Hombres_29,Hombres_30,Hombres_31,Hombres_32,Hombres_33,Hombres_34,Hombres_35,Hombres_36,Hombres_37,Hombres_38,Hombres_39,Hombres_40,Hombres_41,Hombres_42,Hombres_43,Hombres_44,Hombres_45,Hombres_46,Hombres_47,Hombres_48,Hombres_49,Hombres_50,Hombres_51,Hombres_52,Hombres_53,Hombres_54,Hombres_55,Hombres_56,Hombres_57,Hombres_58,Hombres_59,Hombres_60,Hombres_61,Hombres_62,Hombres_63,Hombres_64,Hombres_65,Hombres_66,Hombres_67,Hombres_68,Hombres_69,Hombres_70,Hombres_71,Hombres_72,Hombres_73,Hombres_74,Hombres_75,Hombres_76,Hombres_77,Hombres_78,Hombres_79,Hombres_80,Hombres_81,Hombres_82,Hombres_83,Hombres_84,Hombres_85,Hombres_86,Hombres_87,Hombres_88,Hombres_89,Hombres_90,Hombres_91,Hombres_92,Hombres_93,Hombres_94,Hombres_95,Hombres_96,Hombres_97,Hombres_98,Hombres_99,Hombres_100,Mujeres_0,Mujeres_1,Mujeres_2,Mujeres_3,Mujeres_4,Mujeres_5,Mujeres_6,Mujeres_7,Mujeres_8,Mujeres_9,Mujeres_10,Mujeres_11,Mujeres_12,Mujeres_13,Mujeres_14,Mujeres_15,Mujeres_16,Mujeres_17,Mujeres_18,Mujeres_19,Mujeres_20,Mujeres_21,Mujeres_22,Mujeres_23,Mujeres_24,Mujeres_25,Mujeres_26,Mujeres_27,Mujeres_28,Mujeres_29,Mujeres_30,Mujeres_31,Mujeres_32,Mujeres_33,Mujeres_34,Mujeres_35,Mujeres_36,Mujeres_37,Mujeres_38,Mujeres_39,Mujeres_40,Mujeres_41,Mujeres_42,Mujeres_43,Mujeres_44,Mujeres_45,Mujeres_46,Mujeres_47,Mujeres_48,Mujeres_49,Mujeres_50,Mujeres_51,Mujeres_52,Mujeres_53,Mujeres_54,Mujeres_55,Mujeres_56,Mujeres_57,Mujeres_58,Mujeres_59,Mujeres_60,Mujeres_61,Mujeres_62,Mujeres_63,Mujeres_64,Mujeres_65,Mujeres_66,Mujeres_67,Mujeres_68,Mujeres_69,Mujeres_70,Mujeres_71,Mujeres_72,Mujeres_73,Mujeres_74,Mujeres_75,Mujeres_76,Mujeres_77,Mujeres_78,Mujeres_79,Mujeres_80,Mujeres_81,Mujeres_82,Mujeres_83,Mujeres_84,Mujeres_85,Mujeres_86,Mujeres_87,Mujeres_88,Mujeres_89,Mujeres_90,Mujeres_91,Mujeres_92,Mujeres_93,Mujeres_94,Mujeres_95,Mujeres_96,Mujeres_97,Mujeres_98,Mujeres_99,Mujeres_100,Total_0,Total_1,Total_2,Total_3,Total_4,Total_5,Total_6,Total_7,Total_8,Total_9,Total_10,Total_11,Total_12,Total_13,Total_14,Total_15,Total_16,Total_17,Total_18,Total_19,Total_20,Total_21,Total_22,Total_23,Total_24,Total_25,Total_26,Total_27,Total_28,Total_29,Total_30,Total_31,Total_32,Total_33,Total_34,Total_35,Total_36,Total_37,Total_38,Total_39,Total_40,Total_41,Total_42,Total_43,Total_44,Total_45,Total_46,Total_47,Total_48,Total_49,Total_50,Total_51,Total_52,Total_53,Total_54,Total_55,Total_56,Total_57,Total_58,Total_59,Total_60,Total_61,Total_62,Total_63,Total_64,Total_65,Total_66,Total_67,Total_68,Total_69,Total_70,Total_71,Total_72,Total_73,Total_74,Total_75,Total_76,Total_77,Total_78,Total_79,Total_80,Total_81,Total_82,Total_83,Total_84,Total_85,Total_86,Total_87,Total_88,Total_89,Total_90,Total_91,Total_92,Total_93,Total_94,Total_95,Total_96,Total_97,Total_98,Total_99,Total_100,Total Hombres,Total Mujeres,Total
1950,263402.0,243499.0,233589.0,225248.0,217591.0,210515.0,203825.0,197459.0,191521.0,186007.0,181460.0,177324.0,173752.0,170824.0,168528.0,165255.0,162493.0,159255.0,155083.0,150259.0,145538.0,140803.0,135766.0,130410.0,124808.0,119296.0,113807.0,108839.0,104791.0,101226.0,97766.0,94522.0,91866.0,89214.0,86539.0,84162.0,82294.0,80017.0,76857.0,73761.0,71003.0,68806.0,67062.0,67273.0,64785.0,62425.0,60107.0,57856.0,55642.0,53470.0,51369.0,49336.0,47343.0,45373.0,43431.0,41536.0,39677.0,37789.0,35855.0,33898.0,31948.0,30060.0,28272.0,26611.0,25057.0,23555.0,22063.0,20584.0,19104.0,17625.0,16230.0,14881.0,13474.0,11971.0,10443.0,8982.0,7680.0,6592.0,5749.0,5148.0,4776.0,4617.0,4648.0,4855.0,5222.0,4857.0,4292.0,3592.0,2840.0,2114.0,1475.0,959.0,582.0,324.0,164.0,77.0,32.0,13.0,5.0,1.0,699.0,254328.0,233738.0,222273.0,212146.0,203072.0,194523.0,186288.0,178444.0,170877.0,164132.0,158023.0,152515.0,147656.0,143310.0,139561.0,136879.0,134688.0,132047.0,128504.0,124309.0,120270.0,116265.0,112013.0,107464.0,102769.0,98078.0,93381.0,89138.0,85568.0,82405.0,79238.0,76068.0,73678.0,71160.0,68646.0,66439.0,64742.0,62528.0,59201.0,55931.0,52983.0,50767.0,49108.0,49612.0,47663.0,45846.0,44057.0,42264.0,40418.0,38556.0,36743.0,35041.0,33458.0,32019.0,30704.0,29446.0,28229.0,27090.0,26026.0,25023.0,24070.0,23128.0,22153.0,21115.0,20031.0,18943.0,17880.0,16826.0,15783.0,14751.0,13770.0,12804.0,11757.0,10607.0,9406.0,8253.0,7231.0,6391.0,5767.0,5346.0,5127.0,5089.0,5213.0,5482.0,5884.0,5483.0,4855.0,4071.0,3226.0,2404.0,1681.0,1097.0,663.0,372.0,191.0,89.0,37.0,14.0,4.0,3.0,1218.0,517730.0,477237.0,455862.0,437394.0,420663.0,405038.0,390113.0,375903.0,362398.0,350139.0,339483.0,329839.0,321408.0,314134.0,308089.0,302134.0,297181.0,291302.0,283587.0,274568.0,265808.0,257068.0,247779.0,237874.0,227577.0,217374.0,207188.0,197977.0,190359.0,183631.0,177004.0,170590.0,165544.0,160374.0,155185.0,150601.0,147036.0,142545.0,136058.0,129692.0,123986.0,119573.0,116170.0,116885.0,112448.0,108271.0,104164.0,100120.0,96060.0,92026.0,88112.0,84377.0,80801.0,77392.0,74135.0,70982.0,67906.0,64879.0,61881.0,58921.0,56018.0,53188.0,50425.0,47726.0,45088.0,42498.0,39943.0,37410.0,34887.0,32376.0,30000.0,27685.0,25231.0,22578.0,19849.0,17235.0,14911.0,12983.0,11516.0,10494.0,9903.0,9706.0,9861.0,10337.0,11106.0,10340.0,9147.0,7663.0,6066.0,4518.0,3156.0,2056.0,1245.0,696.0,355.0,166.0,69.0,27.0,9.0,4.0,1917.0,7365380.0,6205563.0,13570943.0
1951,267780.0,249506.0,239437.0,230969.0,223257.0,215965.0,209157.0,202682.0,196472.0,190660.0,185212.0,180677.0,176528.0,172911.0,169890.0,167508.0,164136.0,161272.0,157921.0,153625.0,148710.0,143919.0,139109.0,134040.0,128669.0,123063.0,117583.0,112114.0,107194.0,103211.0,99701.0,96302.0,93118.0,90517.0,87925.0,85315.0,82982.0,81158.0,78926.0,75822.0,72780.0,70046.0,67873.0,66151.0,66363.0,63913.0,61560.0,59278.0,57072.0,54889.0,52734.0,50648.0,48640.0,46648.0,44665.0,42724.0,40819.0,38942.0,37038.0,35071.0,33090.0,31111.0,29189.0,27354.0,25652.0,24062.0,22585.0,20994.0,19506.0,18025.0,16552.0,15162.0,13826.0,12442.0,10982.0,9511.0,8119.0,6891.0,5868.0,5071.0,4496.0,4126.0,3941.0,3914.0,4033.0,4277.0,3919.0,3412.0,2811.0,2188.0,1603.0,1101.0,705.0,422.0,231.0,115.0,54.0,22.0,8.0,4.0,436.0,263673.0,241261.0,229572.0,219556.0,210093.0,201427.0,193152.0,185114.0,177449.0,170011.0,163357.0,157313.0,151850.0,147022.0,142671.0,138912.0,136231.0,134008.0,131356.0,127784.0,123589.0,119523.0,115507.0,111231.0,106687.0,101994.0,97306.0,92617.0,88388.0,84834.0,81693.0,78554.0,75413.0,73023.0,70527.0,68039.0,65839.0,64166.0,61964.0,58646.0,55394.0,52471.0,50254.0,48593.0,49090.0,47204.0,45431.0,43667.0,41945.0,40136.0,38292.0,36505.0,34816.0,33238.0,31812.0,30475.0,29207.0,27978.0,26808.0,25725.0,24685.0,23697.0,22696.0,21675.0,20579.0,19456.0,18399.0,17211.0,16143.0,15088.0,14045.0,13054.0,12080.0,11037.0,9900.0,8726.0,7608.0,6622.0,5813.0,5204.0,4781.0,4542.0,4460.0,4517.0,4693.0,4974.0,4570.0,3991.0,3298.0,2574.0,1887.0,1300.0,833.0,496.0,273.0,138.0,63.0,27.0,9.0,3.0,800.0,531453.0,490767.0,469009.0,450525.0,433350.0,417392.0,402309.0,387796.0,373921.0,360671.0,348569.0,337990.0,328378.0,319933.0,312561.0,306420.0,300367.0,295280.0,289277.0,281409.0,272299.0,263442.0,254616.0,245271.0,235356.0,225057.0,214889.0,204731.0,195582.0,188045.0,181394.0,174856.0,168531.0,163540.0,158452.0,153354.0,148821.0,145324.0,140890.0,134468.0,128174.0,122517.0,118127.0,114744.0,115453.0,111117.0,106991.0,102945.0,99017.0,95025.0,91026.0,87153.0,83456.0,79886.0,76477.0,73199.0,70026.0,66920.0,63846.0,60796.0,57775.0,54808.0,51885.0,49029.0,46231.0,43518.0,40984.0,38205.0,35649.0,33113.0,30597.0,28216.0,25906.0,23479.0,20882.0,18237.0,15727.0,13513.0,11681.0,10275.0,9277.0,8668.0,8401.0,8431.0,8726.0,9251.0,8489.0,7403.0,6109.0,4762.0,3490.0,2401.0,1538.0,918.0,504.0,253.0,117.0,49.0,17.0,7.0,1236.0,7520607.0,6392340.0,13912947.0
1952,275645.0,253950.0,245468.0,236827.0,228983.0,221638.0,214616.0,208012.0,201702.0,195601.0,189855.0,184431.0,179880.0,175687.0,171986.0,168873.0,166386.0,162913.0,159932.0,156460.0,152067.0,147071.0,142211.0,137353.0,132267.0,126895.0,121305.0,115847.0,110426.0,105578.0,101661.0,98214.0,94881.0,91758.0,89214.0,86680.0,84127.0,81845.0,80060.0,77870.0,74816.0,71816.0,69121.0,66968.0,65259.0,65447.0,63038.0,60687.0,58435.0,56275.0,54118.0,51985.0,49915.0,47915.0,45926.0,43940.0,41989.0,40072.0,38177.0,36252.0,34265.0,32256.0,30239.0,28281.0,26411.0,24668.0,23033.0,21582.0,19905.0,18415.0,16938.0,15473.0,14097.0,12778.0,11425.0,10012.0,8606.0,7294.0,6141.0,5182.0,4435.0,3889.0,3527.0,3325.0,3257.0,3308.0,3458.0,3121.0,2676.0,2169.0,1663.0,1200.0,811.0,512.0,301.0,163.0,81.0,37.0,15.0,5.0,275.0,271032.0,250554.0,237108.0,226872.0,217513.0,208450.0,200059.0,191984.0,184114.0,176578.0,169237.0,162646.0,156641.0,151206.0,146379.0,142018.0,138253.0,135551.0,133303.0,130630.0,127038.0,122823.0,118738.0,114708.0,110427.0,105886.0,101195.0,96510.0,91837.0,87636.0,84110.0,80993.0,77877.0,74759.0,72381.0,69900.0,67430.0,65250.0,63586.0,61390.0,58092.0,54859.0,51949.0,49739.0,48084.0,48565.0,46733.0,45014.0,43280.0,41616.0,39837.0,38022.0,36254.0,34580.0,33010.0,31580.0,30235.0,28954.0,27707.0,26515.0,25400.0,24320.0,23287.0,22238.0,21166.0,20022.0,18850.0,17820.0,16521.0,15440.0,14373.0,13324.0,12325.0,11349.0,10309.0,9194.0,8052.0,6974.0,6029.0,5252.0,4661.0,4241.0,3986.0,3871.0,3873.0,3974.0,4154.0,3764.0,3240.0,2637.0,2026.0,1462.0,990.0,625.0,366.0,198.0,99.0,44.0,19.0,7.0,528.0,546677.0,504504.0,482576.0,463699.0,446496.0,430088.0,414675.0,399996.0,385816.0,372179.0,359092.0,347077.0,336521.0,326893.0,318365.0,310891.0,304639.0,298464.0,293235.0,287090.0,279105.0,269894.0,260949.0,252061.0,242694.0,232781.0,222500.0,212357.0,202263.0,193214.0,185771.0,179207.0,172758.0,166517.0,161595.0,156580.0,151557.0,147095.0,143646.0,139260.0,132908.0,126675.0,121070.0,116707.0,113343.0,114012.0,109771.0,105701.0,101715.0,97891.0,93955.0,90007.0,86169.0,82495.0,78936.0,75520.0,72224.0,69026.0,65884.0,62767.0,59665.0,56576.0,53526.0,50519.0,47577.0,44690.0,41883.0,39402.0,36426.0,33855.0,31311.0,28797.0,26422.0,24127.0,21734.0,19206.0,16658.0,14268.0,12170.0,10434.0,9096.0,8130.0,7513.0,7196.0,7130.0,7282.0,7612.0,6885.0,5916.0,4806.0,3689.0,2662.0,1801.0,1137.0,667.0,361.0,180.0,81.0,34.0,12.0,803.0,7683555.0,6586237.0,14269792.0
1953,283507.0,261808.0,249892.0,242873.0,234853.0,227373.0,220295.0,213474.0,207033.0,200830.0,194793.0,189070.0,183631.0,179037.0,174763.0,170971.0,167758.0,165165.0,161579.0,158470.0,154890.0,150411.0,145342.0,140432.0,135554.0,130459.0,125097.0,119530.0,114116.0,108776.0,104003.0,100152.0,96772.0,93505.0,90447.0,87959.0,85481.0,82983.0,80745.0,78998.0,76849.0,73836.0,70877.0,68216.0,66073.0,64366.0,64524.0,62150.0,59800.0,57573.0,55458.0,53327.0,51217.0,49159.0,47169.0,45178.0,43190.0,41229.0,39298.0,37386.0,35439.0,33427.0,31380.0,29330.0,27339.0,25434.0,23655.0,21979.0,20554.0,18802.0,17315.0,15846.0,14397.0,13039.0,11744.0,10426.0,9070.0,7739.0,6507.0,5431.0,4538.0,3842.0,3329.0,2981.0,2771.0,2677.0,2679.0,2760.0,2452.0,2071.0,1652.0,1247.0,887.0,589.0,367.0,213.0,114.0,55.0,26.0,10.0,175.0,278666.0,257950.0,246369.0,234416.0,224836.0,215873.0,207085.0,198891.0,190979.0,183239.0,175795.0,168518.0,161966.0,155989.0,150554.0,145717.0,141351.0,137568.0,134840.0,132568.0,129869.0,126253.0,122016.0,117918.0,113881.0,109601.0,105059.0,100370.0,95703.0,91061.0,86891.0,83392.0,80299.0,77207.0,74110.0,71743.0,69280.0,66830.0,64666.0,63003.0,60816.0,57539.0,54321.0,51427.0,49223.0,47572.0,48037.0,46259.0,44592.0,42886.0,41278.0,39527.0,37738.0,35989.0,34329.0,32763.0,31330.0,29977.0,28682.0,27415.0,26198.0,25048.0,23926.0,22846.0,21750.0,20628.0,19439.0,18216.0,17215.0,15810.0,14718.0,13643.0,12589.0,11587.0,10610.0,9582.0,8492.0,7389.0,6357.0,5454.0,4709.0,4140.0,3728.0,3464.0,3325.0,3285.0,3325.0,3428.0,3063.0,2595.0,2080.0,1574.0,1117.0,744.0,463.0,266.0,142.0,71.0,31.0,14.0,354.0,562173.0,519758.0,496261.0,477289.0,459689.0,443246.0,427380.0,412365.0,398012.0,384069.0,370588.0,357588.0,345597.0,335026.0,325317.0,316688.0,309109.0,302733.0,296419.0,291038.0,284759.0,276664.0,267358.0,258350.0,249435.0,240060.0,230156.0,219900.0,209819.0,199837.0,190894.0,183544.0,177071.0,170712.0,164557.0,159702.0,154761.0,149813.0,145411.0,142001.0,137665.0,131375.0,125198.0,119643.0,115296.0,111938.0,112561.0,108409.0,104392.0,100459.0,96736.0,92854.0,88955.0,85148.0,81498.0,77941.0,74520.0,71206.0,67980.0,64801.0,61637.0,58475.0,55306.0,52176.0,49089.0,46062.0,43094.0,40195.0,37769.0,34612.0,32033.0,29489.0,26986.0,24626.0,22354.0,20008.0,17562.0,15128.0,12864.0,10885.0,9247.0,7982.0,7057.0,6445.0,6096.0,5962.0,6004.0,6188.0,5515.0,4666.0,3732.0,2821.0,2004.0,1333.0,830.0,479.0,256.0,126.0,57.0,24.0,529.0,7853990.0,6787437.0,14641427.0
1954,291592.0,269655.0,257705.0,247261.0,240909.0,233251.0,226036.0,219156.0,212494.0,206159.0,200018.0,194004.0,188264.0,182784.0,178110.0,173748.0,169858.0,166545.0,163831.0,160119.0,156897.0,153219.0,148662.0,143541.0,138608.0,133716.0,128627.0,123281.0,117760.0,112425.0,107168.0,102470.0,98690.0,95377.0,92178.0,89185.0,86751.0,84326.0,81877.0,79682.0,77972.0,75855.0,72882.0,69958.0,67320.0,65178.0,63465.0,63588.0,61247.0,58895.0,56691.0,54621.0,52515.0,50426.0,48382.0,46396.0,44404.0,42413.0,40444.0,38497.0,36566.0,34593.0,32545.0,30465.0,28385.0,26362.0,24426.0,22614.0,20902.0,19506.0,17690.0,16210.0,14755.0,13328.0,11994.0,10728.0,9455.0,8166.0,6912.0,5762.0,4762.0,3937.0,3294.0,2817.0,2489.0,2282.0,2172.0,2142.0,2174.0,1901.0,1581.0,1243.0,923.0,648.0,423.0,260.0,149.0,80.0,37.0,18.0,117.0,286497.0,265630.0,253801.0,243651.0,232386.0,223201.0,214508.0,205918.0,197884.0,190097.0,182450.0,175065.0,167829.0,161304.0,155327.0,149882.0,145039.0,140656.0,136849.0,134097.0,131797.0,129067.0,125426.0,121173.0,117069.0,113030.0,108748.0,104207.0,99535.0,94900.0,90294.0,86155.0,82681.0,79612.0,76542.0,73466.0,71112.0,68671.0,66236.0,64078.0,62420.0,60244.0,56983.0,53781.0,50905.0,48705.0,47057.0,47506.0,45780.0,44162.0,42482.0,40928.0,39205.0,37440.0,35709.0,34058.0,32497.0,31062.0,29700.0,28388.0,27100.0,25853.0,24666.0,23500.0,22374.0,21233.0,20063.0,18825.0,17557.0,16584.0,15079.0,13980.0,12899.0,11844.0,10842.0,9870.0,8860.0,7800.0,6742.0,5758.0,4896.0,4189.0,3644.0,3245.0,2980.0,2826.0,2753.0,2749.0,2794.0,2459.0,2052.0,1619.0,1205.0,842.0,552.0,338.0,191.0,100.0,50.0,22.0,245.0,578089.0,535285.0,511506.0,490912.0,473295.0,456452.0,440544.0,425074.0,410378.0,396256.0,382468.0,369069.0,356093.0,344088.0,333437.0,323630.0,314897.0,307201.0,300680.0,294216.0,288694.0,282286.0,274088.0,264714.0,255677.0,246746.0,237375.0,227488.0,217295.0,207325.0,197462.0,188625.0,181371.0,174989.0,168720.0,162651.0,157863.0,152997.0,148113.0,143760.0,140392.0,136099.0,129865.0,123739.0,118225.0,113883.0,110522.0,111094.0,107027.0,103057.0,99173.0,95549.0,91720.0,87866.0,84091.0,80454.0,76901.0,73475.0,70144.0,66885.0,63666.0,60446.0,57211.0,53965.0,50759.0,47595.0,44489.0,41439.0,38459.0,36090.0,32769.0,30190.0,27654.0,25172.0,22836.0,20598.0,18315.0,15966.0,13654.0,11520.0,9658.0,8126.0,6938.0,6062.0,5469.0,5108.0,4925.0,4891.0,4968.0,4360.0,3633.0,2862.0,2128.0,1490.0,975.0,598.0,340.0,180.0,87.0,40.0,362.0,8031901.0,6996062.0,15027963.0
1955,299913.0,277739.0,265512.0,255029.0,245252.0,239314.0,231919.0,224900.0,218176.0,211617.0,205343.0,199222.0,193193.0,187410.0,181851.0,177091.0,172635.0,168647.0,165217.0,162370.0,158546.0,155221.0,151451.0,146838.0,141692.0,136744.0,131854.0,126774.0,121470.0,116031.0,110778.0,105603.0,100985.0,97276.0,94033.0,90902.0,87971.0,85588.0,83211.0,80808.0,78654.0,76974.0,74887.0,71949.0,69048.0,66423.0,64275.0,62551.0,62636.0,60326.0,57968.0,55791.0,53763.0,51680.0,49613.0,47580.0,45596.0,43604.0,41610.0,39629.0,37667.0,35711.0,33703.0,31622.0,29512.0,27404.0,25351.0,23388.0,21546.0,19808.0,18444.0,16571.0,15105.0,13671.0,12271.0,10967.0,9739.0,8521.0,7303.0,6128.0,5059.0,4136.0,3381.0,2792.0,2356.0,2053.0,1855.0,1740.0,1691.0,1690.0,1454.0,1192.0,923.0,675.0,467.0,301.0,183.0,104.0,56.0,25.0,87.0,294556.0,273516.0,261520.0,251112.0,241595.0,230754.0,221838.0,213340.0,204909.0,196997.0,189299.0,181713.0,174364.0,167156.0,160631.0,154643.0,149192.0,144332.0,139925.0,136097.0,133316.0,130983.0,128221.0,124563.0,120301.0,116195.0,112152.0,107870.0,103345.0,98707.0,94108.0,89535.0,85427.0,81979.0,78932.0,75883.0,72830.0,70492.0,68067.0,65639.0,63491.0,61838.0,59670.0,56425.0,53241.0,50380.0,48183.0,46539.0,46971.0,45292.0,43722.0,42068.0,40565.0,38868.0,37127.0,35410.0,33768.0,32213.0,30773.0,29401.0,28071.0,26756.0,25477.0,24250.0,23043.0,21873.0,20686.0,19466.0,18183.0,16873.0,15928.0,14332.0,13227.0,12145.0,11091.0,10095.0,9134.0,8147.0,7125.0,6113.0,5175.0,4361.0,3693.0,3176.0,2797.0,2537.0,2373.0,2282.0,2245.0,2248.0,1949.0,1601.0,1242.0,911.0,626.0,404.0,244.0,136.0,71.0,35.0,179.0,594469.0,551255.0,527032.0,506141.0,486847.0,470068.0,453757.0,438240.0,423085.0,408614.0,394642.0,380935.0,367557.0,354566.0,342482.0,331734.0,321827.0,312979.0,305142.0,298467.0,291862.0,286204.0,279672.0,271401.0,261993.0,252939.0,244006.0,234644.0,224815.0,214738.0,204886.0,195138.0,186412.0,179255.0,172965.0,166785.0,160801.0,156080.0,151278.0,146447.0,142145.0,138812.0,134557.0,128374.0,122289.0,116803.0,112458.0,109090.0,109607.0,105618.0,101690.0,97859.0,94328.0,90548.0,86740.0,82990.0,79364.0,75817.0,72383.0,69030.0,65738.0,62467.0,59180.0,55872.0,52555.0,49277.0,46037.0,42854.0,39729.0,36681.0,34372.0,30903.0,28332.0,25816.0,23362.0,21062.0,18873.0,16668.0,14428.0,12241.0,10234.0,8497.0,7074.0,5968.0,5153.0,4590.0,4228.0,4022.0,3936.0,3938.0,3403.0,2793.0,2165.0,1586.0,1093.0,705.0,427.0,240.0,127.0,60.0,266.0,8217335.0,7212279.0,15429614.0
1956,308511.0,286045.0,273556.0,262795.0,252974.0,243605.0,237986.0,230784.0,223917.0,217295.0,210796.0,204540.0,198402.0,192330.0,186468.0,180826.0,175973.0,171421.0,167319.0,163760.0,160792.0,156868.0,153446.0,149608.0,144964.0,139803.0,134853.0,129969.0,124927.0,119702.0,114347.0,109176.0,104087.0,99550.0,95914.0,92740.0,89673.0,86803.0,84464.0,82133.0,79774.0,77654.0,76000.0,73940.0,71023.0,68135.0,65516.0,63358.0,61621.0,61665.0,59382.0,57021.0,54869.0,52882.0,50823.0,48773.0,46751.0,44770.0,42777.0,40777.0,38785.0,36801.0,34810.0,32769.0,30661.0,28521.0,26387.0,24308.0,22319.0,20458.0,18701.0,17370.0,15453.0,14006.0,12598.0,11231.0,9966.0,8788.0,7629.0,6482.0,5388.0,4401.0,3556.0,2870.0,2340.0,1947.0,1672.0,1489.0,1377.0,1318.0,1296.0,1098.0,887.0,677.0,488.0,333.0,212.0,128.0,72.0,39.0,72.0,302885.0,281609.0,269446.0,258862.0,249080.0,239938.0,229390.0,220668.0,212326.0,204015.0,196191.0,188550.0,181001.0,173677.0,166470.0,159933.0,153940.0,148471.0,143588.0,139160.0,135305.0,132490.0,130124.0,127338.0,123670.0,119405.0,115294.0,111249.0,106983.0,102491.0,97891.0,93326.0,88786.0,84708.0,81284.0,78259.0,75232.0,72205.0,69877.0,67461.0,65041.0,62904.0,61253.0,59093.0,55866.0,52697.0,49851.0,47657.0,46017.0,46426.0,44794.0,43271.0,41639.0,40187.0,38515.0,36793.0,35092.0,33460.0,31908.0,30463.0,29077.0,27724.0,26381.0,25067.0,23802.0,22554.0,21343.0,20104.0,18837.0,17514.0,16166.0,15249.0,13570.0,12463.0,11382.0,10335.0,9351.0,8407.0,7451.0,6468.0,5502.0,4614.0,3851.0,3224.0,2741.0,2386.0,2135.0,1971.0,1869.0,1810.0,1786.0,1524.0,1232.0,941.0,680.0,459.0,293.0,174.0,96.0,50.0,145.0,611396.0,567654.0,543002.0,521657.0,502054.0,483543.0,467376.0,451452.0,436243.0,421310.0,406987.0,393090.0,379403.0,366007.0,352938.0,340759.0,329913.0,319892.0,310907.0,302920.0,296097.0,289358.0,283570.0,276946.0,268634.0,259208.0,250147.0,241218.0,231910.0,222193.0,212238.0,202502.0,192873.0,184258.0,177198.0,170999.0,164905.0,159008.0,154341.0,149594.0,144815.0,140558.0,137253.0,133033.0,126889.0,120832.0,115367.0,111015.0,107638.0,108091.0,104176.0,100292.0,96508.0,93069.0,89338.0,85566.0,81843.0,78230.0,74685.0,71240.0,67862.0,64525.0,61191.0,57836.0,54463.0,51075.0,47730.0,44412.0,41156.0,37972.0,34867.0,32619.0,29023.0,26469.0,23980.0,21566.0,19317.0,17195.0,15080.0,12950.0,10890.0,9015.0,7407.0,6094.0,5081.0,4333.0,3807.0,3460.0,3246.0,3128.0,3082.0,2622.0,2119.0,1618.0,1168.0,792.0,505.0,302.0,168.0,89.0,217.0,8410336.0,7436233.0,15846569.0
1957,317318.0,294631.0,281823.0,270798.0,260696.0,251281.0,242218.0,236850.0,229799.0,223030.0,216465.0,209985.0,203710.0,197528.0,191378.0,185430.0,179699.0,174753.0,170089.0,165859.0,162185.0,159105.0,155089.0,151593.0,147714.0,143048.0,137885.0,132939.0,128089.0,123125.0,117981.0,112710.0,107625.0,102621.0,98168.0,94603.0,91497.0,88490.0,85673.0,83377.0,81089.0,78766.0,76680.0,75044.0,72999.0,70092.0,67212.0,64593.0,62422.0,60671.0,60670.0,58417.0,56052.0,53923.0,51979.0,49939.0,47905.0,45894.0,43917.0,41921.0,39914.0,37904.0,35888.0,33864.0,31795.0,29659.0,27494.0,25334.0,23231.0,21229.0,19354.0,17584.0,16290.0,14340.0,12919.0,11541.0,10217.0,9002.0,7877.0,6780.0,5707.0,4694.0,3790.0,3023.0,2409.0,1937.0,1590.0,1346.0,1180.0,1076.0,1014.0,982.0,819.0,652.0,491.0,350.0,235.0,149.0,89.0,50.0,73.0,311367.0,290017.0,277577.0,266821.0,256855.0,247441.0,238548.0,228215.0,219648.0,211424.0,203199.0,195430.0,187824.0,180301.0,172974.0,165756.0,159213.0,153205.0,147711.0,142807.0,138353.0,134468.0,131618.0,129227.0,126424.0,122752.0,118482.0,114367.0,110337.0,106105.0,101650.0,97085.0,92555.0,88047.0,83997.0,80597.0,77594.0,74592.0,71585.0,69259.0,66853.0,64444.0,62313.0,60665.0,58513.0,55303.0,52147.0,49316.0,47126.0,45484.0,45871.0,44285.0,42804.0,41195.0,39793.0,38141.0,36439.0,34755.0,33131.0,31582.0,30127.0,28724.0,27345.0,25970.0,24624.0,23323.0,22036.0,20774.0,19488.0,18179.0,16820.0,15438.0,14548.0,12796.0,11690.0,10616.0,9582.0,8616.0,7696.0,6771.0,5829.0,4914.0,4079.0,3368.0,2788.0,2342.0,2012.0,1777.0,1617.0,1511.0,1442.0,1401.0,1176.0,936.0,704.0,500.0,333.0,210.0,124.0,68.0,132.0,628685.0,584648.0,559400.0,537619.0,517551.0,498722.0,480766.0,465065.0,449447.0,434454.0,419664.0,405415.0,391534.0,377829.0,364352.0,351186.0,338912.0,327958.0,317800.0,308666.0,300538.0,293573.0,286707.0,280820.0,274138.0,265800.0,256367.0,247306.0,238426.0,229230.0,219631.0,209795.0,200180.0,190668.0,182165.0,175200.0,169091.0,163082.0,157258.0,152636.0,147942.0,143210.0,138993.0,135709.0,131512.0,125395.0,119359.0,113909.0,109548.0,106155.0,106541.0,102702.0,98856.0,95118.0,91772.0,88080.0,84344.0,80649.0,77048.0,73503.0,70041.0,66628.0,63233.0,59834.0,56419.0,52982.0,49530.0,46108.0,42719.0,39408.0,36174.0,33022.0,30838.0,27136.0,24609.0,22157.0,19799.0,17618.0,15573.0,13551.0,11536.0,9608.0,7869.0,6391.0,5197.0,4279.0,3602.0,3123.0,2797.0,2587.0,2456.0,2383.0,1995.0,1588.0,1195.0,850.0,568.0,359.0,213.0,118.0,205.0,8610914.0,7668013.0,16278927.0
1958,326091.0,303429.0,290364.0,279027.0,268659.0,258957.0,249847.0,241019.0,235861.0,228907.0,222193.0,215645.0,209146.0,202824.0,196564.0,190329.0,184291.0,178469.0,173413.0,168624.0,164279.0,160499.0,157318.0,153230.0,149689.0,145777.0,141102.0,135944.0,131030.0,126257.0,121371.0,116309.0,111126.0,106126.0,101211.0,96839.0,93343.0,90299.0,87348.0,84581.0,82325.0,80073.0,77784.0,75723.0,74095.0,72052.0,69152.0,66272.0,63652.0,61466.0,59697.0,59654.0,57429.0,55059.0,52957.0,51049.0,49028.0,47011.0,45009.0,43034.0,41033.0,39014.0,36976.0,34929.0,32877.0,30779.0,28619.0,26426.0,24244.0,22130.0,20121.0,18238.0,16463.0,15209.0,13237.0,11847.0,10509.0,9239.0,8078.0,7010.0,5976.0,4978.0,4049.0,3228.0,2541.0,1998.0,1585.0,1282.0,1070.0,924.0,831.0,770.0,735.0,604.0,475.0,352.0,249.0,165.0,105.0,62.0,81.0,319682.0,298705.0,286021.0,274986.0,264844.0,255238.0,246065.0,237344.0,227187.0,218738.0,210597.0,202426.0,194691.0,187108.0,179582.0,172242.0,165020.0,158459.0,152428.0,146911.0,141982.0,137498.0,133583.0,130706.0,128297.0,125484.0,121804.0,117532.0,113432.0,109434.0,105242.0,100820.0,96291.0,91794.0,87315.0,83293.0,79918.0,76941.0,73957.0,70962.0,68639.0,66245.0,63842.0,61719.0,60074.0,57928.0,54732.0,51593.0,48775.0,46583.0,44940.0,45304.0,43761.0,42323.0,40735.0,39378.0,37747.0,36068.0,34396.0,32781.0,31230.0,29761.0,28338.0,26930.0,25525.0,24149.0,22813.0,21478.0,20167.0,18841.0,17494.0,16102.0,14690.0,13830.0,12011.0,10913.0,9853.0,8837.0,7895.0,7002.0,6111.0,5211.0,4351.0,3573.0,2917.0,2387.0,1979.0,1678.0,1462.0,1311.0,1207.0,1135.0,1084.0,896.0,703.0,520.0,364.0,240.0,150.0,88.0,138.0,645773.0,602134.0,576385.0,554013.0,533503.0,514195.0,495912.0,478363.0,463048.0,447645.0,432790.0,418071.0,403837.0,389932.0,376146.0,362571.0,349311.0,336928.0,325841.0,315535.0,306261.0,297997.0,290901.0,283936.0,277986.0,271261.0,262906.0,253476.0,244462.0,235691.0,226613.0,217129.0,207417.0,197920.0,188526.0,180132.0,173261.0,167240.0,161305.0,155543.0,150964.0,146318.0,141626.0,137442.0,134169.0,129980.0,123884.0,117865.0,112427.0,108049.0,104637.0,104958.0,101190.0,97382.0,93692.0,90427.0,86775.0,83079.0,79405.0,75815.0,72263.0,68775.0,65314.0,61859.0,58402.0,54928.0,51432.0,47904.0,44411.0,40971.0,37615.0,34340.0,31153.0,29039.0,25248.0,22760.0,20362.0,18076.0,15973.0,14012.0,12087.0,10189.0,8400.0,6801.0,5458.0,4385.0,3564.0,2960.0,2532.0,2235.0,2038.0,1905.0,1819.0,1500.0,1178.0,872.0,613.0,405.0,255.0,150.0,219.0,8818896.0,7907486.0,16726382.0
1959,334779.0,312212.0,299117.0,287525.0,276851.0,266878.0,257475.0,248599.0,239962.0,234963.0,228064.0,221364.0,214796.0,208250.0,201848.0,195502.0,189178.0,183049.0,177118.0,171938.0,167036.0,162588.0,158710.0,155450.0,151319.0,147741.0,143809.0,139132.0,134008.0,129171.0,124476.0,119668.0,114692.0,109597.0,104684.0,99856.0,95562.0,92132.0,89142.0,86245.0,83525.0,81301.0,79083.0,76821.0,74772.0,73141.0,71094.0,68194.0,65314.0,62690.0,60486.0,58703.0,58616.0,56418.0,54046.0,51965.0,50091.0,48092.0,46089.0,44094.0,42120.0,40108.0,38066.0,35999.0,33928.0,31847.0,29724.0,27535.0,25318.0,23128.0,21009.0,18998.0,17116.0,15343.0,14131.0,12149.0,10798.0,9513.0,8301.0,7196.0,6187.0,5221.0,4300.0,3454.0,2719.0,2111.0,1637.0,1282.0,1021.0,840.0,715.0,635.0,577.0,544.0,440.0,343.0,250.0,176.0,115.0,73.0,95.0,327819.0,307340.0,294738.0,283463.0,273040.0,263253.0,253880.0,244873.0,236286.0,226266.0,217900.0,209811.0,201674.0,193961.0,186371.0,178833.0,171485.0,164247.0,157662.0,151609.0,146065.0,141107.0,136592.0,132655.0,129761.0,127339.0,124514.0,120828.0,116573.0,112507.0,108547.0,104390.0,100002.0,95507.0,91040.0,86591.0,82598.0,79250.0,76293.0,73318.0,70336.0,68020.0,65631.0,63236.0,61122.0,59476.0,57336.0,54155.0,51032.0,48222.0,46029.0,44384.0,44722.0,43222.0,41827.0,40255.0,38944.0,37335.0,35676.0,34016.0,32405.0,30849.0,29361.0,27916.0,26479.0,25048.0,23644.0,22259.0,20878.0,19528.0,18164.0,16782.0,15363.0,13926.0,13094.0,11221.0,10138.0,9097.0,8106.0,7192.0,6325.0,5472.0,4621.0,3816.0,3100.0,2502.0,2022.0,1654.0,1384.0,1188.0,1051.0,953.0,881.0,829.0,674.0,521.0,381.0,262.0,172.0,106.0,157.0,662598.0,619552.0,593855.0,570988.0,549891.0,530131.0,511355.0,493472.0,476248.0,461229.0,445964.0,431175.0,416470.0,402211.0,388219.0,374335.0,360663.0,347296.0,334780.0,323547.0,313101.0,303695.0,295302.0,288105.0,281080.0,275080.0,268323.0,259960.0,250581.0,241678.0,233023.0,224058.0,214694.0,205104.0,195724.0,186447.0,178160.0,171382.0,165435.0,159563.0,153861.0,149321.0,144714.0,140057.0,135894.0,132617.0,128430.0,122349.0,116346.0,110912.0,106515.0,103087.0,103338.0,99640.0,95873.0,92220.0,89035.0,85427.0,81765.0,78110.0,74525.0,70957.0,67427.0,63915.0,60407.0,56895.0,53368.0,49794.0,46196.0,42656.0,39173.0,35780.0,32479.0,29269.0,27225.0,23370.0,20936.0,18610.0,16407.0,14388.0,12512.0,10693.0,8921.0,7270.0,5819.0,4613.0,3659.0,2936.0,2405.0,2028.0,1766.0,1588.0,1458.0,1373.0,1114.0,864.0,631.0,438.0,287.0,179.0,252.0,9034083.0,8154485.0,17188568.0
1960,343313.0,320925.0,307857.0,296236.0,285305.0,275031.0,265353.0,256177.0,247491.0,238993.0,234112.0,227227.0,220504.0,213889.0,207262.0,200774.0,194337.0,187923.0,181683.0,175630.0,170339.0,165334.0,160791.0,156840.0,153527.0,149362.0,145759.0,141815.0,137167.0,132123.0,127364.0,122746.0,118022.0,113131.0,108127.0,103300.0,98554.0,94334.0,90962.0,88025.0,85177.0,82497.0,80304.0,78112.0,75862.0,73816.0,72175.0,70119.0,67216.0,64336.0,61703.0,59487.0,57687.0,57555.0,55386.0,53008.0,50947.0,49109.0,47129.0,45138.0,43149.0,41168.0,39134.0,37068.0,34980.0,32883.0,30776.0,28622.0,26409.0,24181.0,21990.0,19871.0,17866.0,15992.0,14229.0,13060.0,11085.0,9784.0,8557.0,7404.0,6360.0,5412.0,4516.0,3674.0,2915.0,2262.0,1734.0,1326.0,1024.0,804.0,652.0,547.0,479.0,428.0,399.0,318.0,245.0,177.0,124.0,80.0,112.0,335852.0,315798.0,303403.0,292206.0,281547.0,271475.0,261918.0,252702.0,243824.0,235333.0,225415.0,217102.0,209045.0,200930.0,193208.0,185603.0,178057.0,170691.0,163428.0,156821.0,150742.0,145167.0,140179.0,135644.0,131692.0,128787.0,126351.0,123515.0,119845.0,115625.0,111599.0,107673.0,103551.0,99195.0,94732.0,90294.0,85877.0,81914.0,78587.0,75641.0,72677.0,69710.0,67395.0,65013.0,62627.0,60516.0,58871.0,56737.0,53571.0,50458.0,47657.0,45463.0,43814.0,44125.0,42669.0,41311.0,39757.0,38493.0,36904.0,35262.0,33611.0,31999.0,30433.0,28924.0,27458.0,25997.0,24540.0,23091.0,21659.0,20244.0,18857.0,17460.0,16047.0,14604.0,13148.0,12344.0,10434.0,9368.0,8354.0,7392.0,6505.0,5671.0,4858.0,4060.0,3316.0,2664.0,2123.0,1694.0,1367.0,1129.0,955.0,832.0,743.0,676.0,627.0,501.0,382.0,276.0,188.0,122.0,183.0,679165.0,636723.0,611260.0,588442.0,566852.0,546506.0,527271.0,508879.0,491315.0,474326.0,459527.0,444329.0,429549.0,414819.0,400470.0,386377.0,372394.0,358614.0,345111.0,332451.0,321081.0,310501.0,300970.0,292484.0,285219.0,278149.0,272110.0,265330.0,257012.0,247748.0,238963.0,230419.0,221573.0,212326.0,202859.0,193594.0,184431.0,176248.0,169549.0,163666.0,157854.0,152207.0,147699.0,143125.0,138489.0,134332.0,131046.0,126856.0,120787.0,114794.0,109360.0,104950.0,101501.0,101680.0,98055.0,94319.0,90704.0,87602.0,84033.0,80400.0,76760.0,73167.0,69567.0,65992.0,62438.0,58880.0,55316.0,51713.0,48068.0,44425.0,40847.0,37331.0,33913.0,30596.0,27377.0,25404.0,21519.0,19152.0,16911.0,14796.0,12865.0,11083.0,9374.0,7734.0,6231.0,4926.0,3857.0,3020.0,2391.0,1933.0,1607.0,1379.0,1222.0,1104.0,1026.0,819.0,627.0,453.0,312.0,202.0,295.0,9256203.0,8408834.0,17665037.0
1961,351231.0,329524.0,316507.0,304924.0,293973.0,283444.0,273469.0,264015.0,255020.0,246471.0,238071.0,233265.0,226358.0,219584.0,212886.0,206171.0,199591.0,193059.0,186537.0,180170.0,174007.0,168616.0,163518.0,158903.0,154907.0,151550.0,147365.0,143744.0,139821.0,135250.0,130288.0,125607.0,121072.0,116432.0,111630.0,106714.0,101970.0,97302.0,93150.0,89831.0,86946.0,84139.0,81498.0,79326.0,77147.0,74899.0,72850.0,71193.0,69126.0,66219.0,63334.0,60698.0,58468.0,56652.0,56475.0,54331.0,51946.0,49906.0,48103.0,46137.0,44157.0,42167.0,40166.0,38110.0,36026.0,33916.0,31796.0,29656.0,27472.0,25251.0,23021.0,20831.0,18722.0,16730.0,14870.0,13124.0,12006.0,10056.0,8809.0,7642.0,6552.0,5572.0,4688.0,3865.0,3104.0,2431.0,1861.0,1408.0,1060.0,809.0,627.0,500.0,414.0,357.0,315.0,290.0,228.0,174.0,126.0,87.0,128.0,343387.0,324080.0,311868.0,300885.0,290313.0,280013.0,270168.0,260765.0,251668.0,242879.0,234450.0,224603.0,216322.0,208284.0,200160.0,192420.0,184804.0,177239.0,169847.0,162561.0,155927.0,149817.0,144212.0,139204.0,134656.0,130698.0,127779.0,125333.0,122508.0,118873.0,114693.0,110704.0,106812.0,102723.0,98397.0,93966.0,89558.0,85174.0,81237.0,77920.0,74986.0,72037.0,69080.0,66766.0,64393.0,62011.0,59905.0,58260.0,56131.0,52976.0,49872.0,47080.0,44882.0,43232.0,43516.0,42098.0,40778.0,39245.0,38022.0,36453.0,34824.0,33175.0,31558.0,29979.0,28451.0,26968.0,25483.0,23982.0,22489.0,21024.0,19576.0,18156.0,16729.0,15291.0,13827.0,12360.0,11589.0,9651.0,8612.0,7626.0,6694.0,5840.0,5042.0,4274.0,3534.0,2854.0,2265.0,1783.0,1404.0,1117.0,911.0,759.0,652.0,573.0,513.0,468.0,370.0,278.0,199.0,135.0,213.0,694618.0,653604.0,628375.0,605809.0,584286.0,563457.0,543637.0,524780.0,506688.0,489350.0,472521.0,457868.0,442680.0,427868.0,413046.0,398591.0,384395.0,370298.0,356384.0,342731.0,329934.0,318433.0,307730.0,298107.0,289563.0,282248.0,275144.0,269077.0,262329.0,254123.0,244981.0,236311.0,227884.0,219155.0,210027.0,200680.0,191528.0,182476.0,174387.0,167751.0,161932.0,156176.0,150578.0,146092.0,141540.0,136910.0,132755.0,129453.0,125257.0,119195.0,113206.0,107778.0,103350.0,99884.0,99991.0,96429.0,92724.0,89151.0,86125.0,82590.0,78981.0,75342.0,71724.0,68089.0,64477.0,60884.0,57279.0,53638.0,49961.0,46275.0,42597.0,38987.0,35451.0,32021.0,28697.0,25484.0,23595.0,19707.0,17421.0,15268.0,13246.0,11412.0,9730.0,8139.0,6638.0,5285.0,4126.0,3191.0,2464.0,1926.0,1538.0,1259.0,1066.0,930.0,828.0,758.0,598.0,452.0,325.0,222.0,341.0,9484464.0,8669858.0,18154322.0
1962,358232.0,337703.0,324959.0,313502.0,302608.0,292070.0,281845.0,272095.0,262818.0,253953.0,245499.0,237153.0,232383.0,225426.0,218564.0,211775.0,204965.0,198288.0,191641.0,184993.0,178513.0,172251.0,166769.0,161602.0,156944.0,152912.0,149526.0,145327.0,141725.0,137872.0,133382.0,128501.0,123905.0,119455.0,114902.0,110186.0,105356.0,100691.0,96095.0,92006.0,88740.0,85898.0,83131.0,80519.0,78356.0,76178.0,73928.0,71871.0,70195.0,68115.0,65200.0,62315.0,59676.0,57431.0,55602.0,55375.0,53253.0,50864.0,48842.0,47069.0,45115.0,43138.0,41135.0,39113.0,37041.0,34940.0,32809.0,30656.0,28485.0,26289.0,24066.0,21838.0,19659.0,17566.0,15593.0,13755.0,12038.0,10981.0,9065.0,7876.0,6771.0,5747.0,4834.0,4018.0,3271.0,2592.0,2004.0,1513.0,1130.0,839.0,631.0,483.0,380.0,311.0,263.0,231.0,209.0,164.0,123.0,90.0,144.0,350204.0,331866.0,320063.0,309340.0,299001.0,288802.0,278738.0,269046.0,259757.0,250739.0,242005.0,233604.0,223808.0,215544.0,207493.0,199351.0,191597.0,183958.0,176366.0,168949.0,161637.0,154970.0,148831.0,143206.0,138187.0,133634.0,129668.0,126739.0,124304.0,121512.0,117918.0,113775.0,109822.0,105962.0,101904.0,97609.0,93208.0,88836.0,84478.0,80555.0,77251.0,74333.0,71393.0,68447.0,66135.0,63766.0,61390.0,59290.0,57644.0,55514.0,52369.0,49275.0,46491.0,44291.0,42639.0,42892.0,41512.0,40232.0,38716.0,37532.0,35978.0,34355.0,32705.0,31078.0,29488.0,27946.0,26447.0,24916.0,23369.0,21850.0,20354.0,18877.0,17426.0,15975.0,14514.0,13038.0,11567.0,10831.0,8881.0,7870.0,6914.0,6017.0,5201.0,4442.0,3726.0,3047.0,2431.0,1906.0,1481.0,1151.0,904.0,727.0,597.0,505.0,438.0,386.0,347.0,271.0,202.0,143.0,244.0,708436.0,669569.0,645022.0,622842.0,601609.0,580872.0,560583.0,541141.0,522575.0,504692.0,487504.0,470757.0,456191.0,440970.0,426057.0,411126.0,396562.0,382246.0,368007.0,353942.0,340150.0,327221.0,315600.0,304808.0,295131.0,286546.0,279194.0,272066.0,266029.0,259384.0,251300.0,242276.0,233727.0,225417.0,216806.0,207795.0,198564.0,189527.0,180573.0,172561.0,165991.0,160231.0,154524.0,148966.0,144491.0,139944.0,135318.0,131161.0,127839.0,123629.0,117569.0,111590.0,106167.0,101722.0,98241.0,98267.0,94765.0,91096.0,87558.0,84601.0,81093.0,77493.0,73840.0,70191.0,66529.0,62886.0,59256.0,55572.0,51854.0,48139.0,44420.0,40715.0,37085.0,33541.0,30107.0,26793.0,23605.0,21812.0,17946.0,15746.0,13685.0,11764.0,10035.0,8460.0,6997.0,5639.0,4435.0,3419.0,2611.0,1990.0,1535.0,1210.0,977.0,816.0,701.0,617.0,556.0,435.0,325.0,233.0,388.0,9717856.0,8936643.0,18654499.0
1963,364533.0,344993.0,332992.0,321877.0,311140.0,300665.0,290432.0,280433.0,270861.0,261707.0,252930.0,244528.0,236199.0,231437.0,224390.0,217434.0,210546.0,203636.0,196843.0,190063.0,183303.0,176722.0,170371.0,164823.0,159616.0,154925.0,150872.0,147464.0,143288.0,139755.0,135977.0,131567.0,126773.0,122264.0,117901.0,113434.0,108800.0,104052.0,99458.0,94932.0,90902.0,87683.0,84880.0,82145.0,79548.0,77383.0,75202.0,72943.0,70876.0,69180.0,67082.0,64164.0,61279.0,58636.0,56380.0,54530.0,54253.0,52155.0,49759.0,47752.0,46005.0,44056.0,42070.0,40050.0,38016.0,35927.0,33810.0,31647.0,29461.0,27279.0,25079.0,22857.0,20638.0,18477.0,16406.0,14461.0,12657.0,10983.0,9987.0,8115.0,6987.0,5947.0,4993.0,4149.0,3406.0,2737.0,2140.0,1633.0,1215.0,897.0,657.0,488.0,368.0,286.0,231.0,194.0,168.0,151.0,117.0,88.0,158.0,356239.0,338948.0,327773.0,317521.0,307475.0,297512.0,287553.0,277646.0,268065.0,258850.0,249877.0,241165.0,232772.0,223014.0,214735.0,206661.0,198505.0,190726.0,183057.0,175439.0,167992.0,160650.0,153952.0,147794.0,142159.0,137136.0,132579.0,128608.0,125693.0,123290.0,120536.0,116980.0,112874.0,108954.0,105123.0,101095.0,96832.0,92466.0,88120.0,83780.0,79872.0,76585.0,73676.0,70746.0,67811.0,65498.0,63135.0,60765.0,58670.0,57016.0,54885.0,51750.0,48666.0,45890.0,43689.0,42032.0,42254.0,40915.0,39669.0,38169.0,37019.0,35473.0,33851.0,32196.0,30561.0,28966.0,27411.0,25868.0,24291.0,22718.0,21174.0,19651.0,18146.0,16671.0,15197.0,13722.0,12242.0,10773.0,10076.0,8126.0,7144.0,6223.0,5366.0,4589.0,3879.0,3218.0,2600.0,2049.0,1587.0,1216.0,935.0,724.0,574.0,466.0,388.0,332.0,289.0,256.0,198.0,147.0,272.0,720772.0,683941.0,660765.0,639398.0,618615.0,598177.0,577985.0,558079.0,538926.0,520557.0,502807.0,485693.0,468971.0,454451.0,439125.0,424095.0,409051.0,394362.0,379900.0,365502.0,351295.0,337372.0,324323.0,312617.0,301775.0,292061.0,283451.0,276072.0,268981.0,263045.0,256513.0,248547.0,239647.0,231218.0,223024.0,214529.0,205632.0,196518.0,187578.0,178712.0,170774.0,164268.0,158556.0,152891.0,147359.0,142881.0,138337.0,133708.0,129546.0,126196.0,121967.0,115914.0,109945.0,104526.0,100069.0,96562.0,96507.0,93070.0,89428.0,85921.0,83024.0,79529.0,75921.0,72246.0,68577.0,64893.0,61221.0,57515.0,53752.0,49997.0,46253.0,42508.0,38784.0,35148.0,31603.0,28183.0,24899.0,21756.0,20063.0,16241.0,14131.0,12170.0,10359.0,8738.0,7285.0,5955.0,4740.0,3682.0,2802.0,2113.0,1592.0,1212.0,942.0,752.0,619.0,526.0,457.0,407.0,315.0,235.0,430.0,9955659.0,9208423.0,19164082.0
1964,369530.0,351838.0,340158.0,329833.0,319465.0,309164.0,298989.0,288981.0,279157.0,269709.0,260638.0,251906.0,243518.0,235178.0,230385.0,223243.0,216183.0,209192.0,202162.0,195235.0,188338.0,181477.0,174807.0,168393.0,162808.0,157572.0,152864.0,148797.0,145404.0,141303.0,137844.0,134139.0,129816.0,125111.0,120689.0,116412.0,112026.0,107471.0,102797.0,98271.0,93811.0,89833.0,86657.0,83885.0,81166.0,78575.0,76403.0,74212.0,71943.0,69864.0,68143.0,66031.0,63112.0,60224.0,57582.0,55309.0,53437.0,53111.0,51034.0,48628.0,46633.0,44904.0,42949.0,40949.0,38920.0,36875.0,34769.0,32622.0,30426.0,28230.0,26044.0,23842.0,21629.0,19427.0,17289.0,15249.0,13342.0,11586.0,9962.0,9027.0,7208.0,6146.0,5174.0,4293.0,3523.0,2854.0,2264.0,1747.0,1316.0,966.0,704.0,509.0,374.0,278.0,214.0,171.0,143.0,122.0,109.0,85.0,166.0,361106.0,345289.0,334778.0,325225.0,315671.0,306016.0,296287.0,286485.0,276692.0,267181.0,258005.0,249046.0,240337.0,231939.0,222185.0,213882.0,205792.0,197610.0,189799.0,182100.0,174452.0,166973.0,159600.0,152883.0,146719.0,141080.0,136055.0,131495.0,127544.0,124665.0,122301.0,119579.0,116061.0,111989.0,108098.0,104297.0,100300.0,96071.0,91731.0,87403.0,83081.0,79192.0,75916.0,73016.0,70097.0,67170.0,64856.0,62500.0,60135.0,58037.0,56376.0,54244.0,51118.0,48044.0,45278.0,43074.0,41413.0,41605.0,40303.0,39089.0,37600.0,36476.0,34933.0,33308.0,31650.0,30013.0,28415.0,26815.0,25226.0,23626.0,22030.0,20462.0,18915.0,17387.0,15890.0,14402.0,12921.0,11441.0,9987.0,9327.0,7385.0,6439.0,5557.0,4742.0,4014.0,3356.0,2752.0,2196.0,1709.0,1307.0,989.0,752.0,574.0,450.0,361.0,297.0,251.0,216.0,189.0,146.0,296.0,730636.0,697127.0,674936.0,655058.0,635136.0,615180.0,595276.0,575466.0,555849.0,536890.0,518643.0,500952.0,483855.0,467117.0,452570.0,437125.0,421975.0,406802.0,391961.0,377335.0,362790.0,348450.0,334407.0,321276.0,309527.0,298652.0,288919.0,280292.0,272948.0,265968.0,260145.0,253718.0,245877.0,237100.0,228787.0,220709.0,212326.0,203542.0,194528.0,185674.0,176892.0,169025.0,162573.0,156901.0,151263.0,145745.0,141259.0,136712.0,132078.0,127901.0,124519.0,120275.0,114230.0,108268.0,102860.0,98383.0,94850.0,94716.0,91337.0,87717.0,84233.0,81380.0,77882.0,74257.0,70570.0,66888.0,63184.0,59437.0,55652.0,51856.0,48074.0,44304.0,40544.0,36814.0,33179.0,29651.0,26263.0,23027.0,19949.0,18354.0,14593.0,12585.0,10731.0,9035.0,7537.0,6210.0,5016.0,3943.0,3025.0,2273.0,1693.0,1261.0,948.0,728.0,575.0,468.0,394.0,338.0,298.0,231.0,462.0,10196803.0,9484067.0,19680870.0
1965,372955.0,357166.0,347106.0,336939.0,327371.0,317448.0,307457.0,297498.0,287662.0,277960.0,268597.0,259564.0,250841.0,242438.0,234050.0,229218.0,221970.0,214804.0,207689.0,200522.0,193476.0,186475.0,179524.0,172792.0,166346.0,160735.0,155486.0,150767.0,146725.0,143400.0,139380.0,135992.0,132367.0,128131.0,123517.0,119181.0,114984.0,110676.0,106192.0,101589.0,97128.0,92724.0,88797.0,85652.0,82897.0,80185.0,77594.0,75409.0,73207.0,70926.0,68829.0,67088.0,64962.0,62042.0,59155.0,56507.0,54216.0,52327.0,51946.0,49886.0,47468.0,45479.0,43754.0,41788.0,39783.0,37747.0,35689.0,33551.0,31373.0,29167.0,26968.0,24780.0,22585.0,20388.0,18207.0,16101.0,14102.0,12249.0,10547.0,8977.0,8105.0,6349.0,5355.0,4455.0,3651.0,2958.0,2365.0,1853.0,1410.0,1049.0,760.0,548.0,390.0,285.0,209.0,160.0,127.0,106.0,90.0,80.0,171.0,364425.0,350451.0,341074.0,332222.0,323396.0,314236.0,304822.0,295242.0,285551.0,275831.0,266355.0,257187.0,248223.0,239503.0,231069.0,221311.0,212990.0,204872.0,196656.0,188814.0,181082.0,173400.0,165889.0,158499.0,151776.0,145611.0,139971.0,134945.0,130409.0,126501.0,123663.0,121333.0,118644.0,115158.0,111117.0,107256.0,103485.0,99522.0,95318.0,90995.0,86684.0,82385.0,78509.0,75244.0,72354.0,69441.0,66524.0,64210.0,61859.0,59492.0,57391.0,55723.0,53588.0,50473.0,47412.0,44654.0,42446.0,40784.0,40943.0,39674.0,38487.0,37003.0,35898.0,34353.0,32729.0,31074.0,29438.0,27797.0,26151.0,24544.0,22922.0,21305.0,19716.0,18149.0,16601.0,15089.0,13595.0,12111.0,10645.0,9210.0,8585.0,6664.0,5758.0,4919.0,4153.0,3480.0,2874.0,2329.0,1836.0,1410.0,1067.0,797.0,597.0,452.0,351.0,279.0,227.0,190.0,163.0,141.0,314.0,737380.0,707617.0,688180.0,669161.0,650767.0,631684.0,612279.0,592740.0,573213.0,553791.0,534952.0,516751.0,499064.0,481941.0,465119.0,450529.0,434960.0,419676.0,404345.0,389336.0,374558.0,359875.0,345413.0,331291.0,318122.0,306346.0,295457.0,285712.0,277134.0,269901.0,263043.0,257325.0,251011.0,243289.0,234634.0,226437.0,218469.0,210198.0,201510.0,192584.0,183812.0,175109.0,167306.0,160896.0,155251.0,149626.0,144118.0,139619.0,135066.0,130418.0,126220.0,122811.0,118550.0,112515.0,106567.0,101161.0,96662.0,93111.0,92889.0,89560.0,85955.0,82482.0,79652.0,76141.0,72512.0,68821.0,65127.0,61348.0,57524.0,53711.0,49890.0,46085.0,42301.0,38537.0,34808.0,31190.0,27697.0,24360.0,21192.0,18187.0,16690.0,13013.0,11113.0,9374.0,7804.0,6438.0,5239.0,4182.0,3246.0,2459.0,1827.0,1345.0,987.0,737.0,560.0,439.0,354.0,296.0,253.0,221.0,485.0,10439646.0,9761997.0,20201643.0
1966,374856.0,360972.0,352347.0,344059.0,334441.0,325309.0,315698.0,305928.0,296133.0,286417.0,276797.0,267477.0,258446.0,249704.0,241249.0,232806.0,227926.0,220569.0,213278.0,206021.0,198733.0,191583.0,184488.0,177476.0,170711.0,164244.0,158622.0,153368.0,148675.0,144712.0,141461.0,137517.0,134207.0,130663.0,126515.0,121990.0,117734.0,113614.0,109374.0,104959.0,100424.0,96017.0,91667.0,87780.0,84652.0,81904.0,79193.0,76597.0,74396.0,72182.0,69884.0,67774.0,66014.0,63874.0,60956.0,58064.0,55411.0,53106.0,51195.0,50756.0,48711.0,46275.0,44279.0,42553.0,40584.0,38577.0,36533.0,34441.0,32272.0,30086.0,27880.0,25679.0,23497.0,21315.0,19138.0,16987.0,14924.0,12980.0,11187.0,9544.0,8034.0,7226.0,5541.0,4618.0,3797.0,3071.0,2457.0,1940.0,1499.0,1127.0,828.0,592.0,421.0,298.0,216.0,157.0,120.0,95.0,80.0,67.0,172.0,366279.0,354154.0,346193.0,338546.0,330410.0,321986.0,313063.0,303802.0,294323.0,284702.0,275023.0,265551.0,256375.0,247393.0,238630.0,230154.0,220397.0,212047.0,203893.0,195644.0,187768.0,180001.0,172285.0,164755.0,157361.0,150637.0,144474.0,138836.0,133836.0,129346.0,125487.0,122684.0,120388.0,117726.0,114269.0,110259.0,106428.0,102689.0,98751.0,94563.0,90255.0,85967.0,81684.0,77821.0,74567.0,71683.0,68779.0,65871.0,63556.0,61203.0,58833.0,56731.0,55054.0,52919.0,49816.0,46766.0,44018.0,41810.0,40144.0,40267.0,39026.0,37859.0,36373.0,35284.0,33738.0,32122.0,30474.0,28794.0,27108.0,25448.0,23824.0,22182.0,20546.0,18941.0,17355.0,15795.0,14275.0,12779.0,11304.0,9857.0,8444.0,7855.0,5969.0,5104.0,4317.0,3607.0,2987.0,2438.0,1951.0,1519.0,1154.0,863.0,635.0,472.0,354.0,274.0,215.0,175.0,146.0,124.0,326.0,741135.0,715126.0,698540.0,682605.0,664851.0,647295.0,628761.0,609730.0,590456.0,571119.0,551820.0,533028.0,514821.0,497097.0,479879.0,462960.0,448323.0,432616.0,417171.0,401665.0,386501.0,371584.0,356773.0,342231.0,328072.0,314881.0,303096.0,292204.0,282511.0,274058.0,266948.0,260201.0,254595.0,248389.0,240784.0,232249.0,224162.0,216303.0,208125.0,199522.0,190679.0,181984.0,173351.0,165601.0,159219.0,153587.0,147972.0,142468.0,137952.0,133385.0,128717.0,124505.0,121068.0,116793.0,110772.0,104830.0,99429.0,94916.0,91339.0,91023.0,87737.0,84134.0,80652.0,77837.0,74322.0,70699.0,67007.0,63235.0,59380.0,55534.0,51704.0,47861.0,44043.0,40256.0,36493.0,32782.0,29199.0,25759.0,22491.0,19401.0,16478.0,15081.0,11510.0,9722.0,8114.0,6678.0,5444.0,4378.0,3450.0,2646.0,1982.0,1455.0,1056.0,770.0,570.0,431.0,335.0,270.0,226.0,191.0,498.0,10682723.0,10040865.0,20723588.0
1967,375388.0,363253.0,356140.0,349274.0,341755.0,332347.0,323511.0,314121.0,304518.0,294837.0,285201.0,275623.0,266310.0,257255.0,248455.0,239944.0,231438.0,226507.0,219023.0,211588.0,204208.0,196812.0,189570.0,182409.0,175366.0,168579.0,162105.0,156480.0,151257.0,146646.0,142766.0,139585.0,135723.0,132491.0,129029.0,124966.0,120523.0,116343.0,112292.0,108117.0,103767.0,99288.0,94934.0,90626.0,86764.0,83644.0,80898.0,78182.0,75579.0,73361.0,71129.0,68820.0,66698.0,64919.0,62770.0,59847.0,56953.0,54297.0,51975.0,50041.0,49541.0,47503.0,45040.0,43030.0,41313.0,39345.0,37333.0,35257.0,33130.0,30957.0,28773.0,26568.0,24371.0,22201.0,20037.0,17888.0,15778.0,13772.0,11889.0,10160.0,8581.0,7138.0,6394.0,4789.0,3944.0,3201.0,2556.0,2021.0,1574.0,1201.0,892.0,647.0,457.0,322.0,228.0,163.0,119.0,90.0,74.0,61.0,165.0,366850.0,356407.0,349932.0,343689.0,336784.0,329020.0,320835.0,312056.0,302899.0,293484.0,283900.0,274232.0,264750.0,255554.0,246523.0,237712.0,229198.0,219432.0,211046.0,202856.0,194574.0,186659.0,178856.0,171121.0,163585.0,156193.0,149472.0,143312.0,137703.0,132754.0,128314.0,124498.0,121728.0,119461.0,116822.0,113394.0,109415.0,105615.0,101899.0,97976.0,93801.0,89516.0,85244.0,80975.0,77126.0,73879.0,71003.0,68108.0,65208.0,62884.0,60530.0,58157.0,56054.0,54371.0,52237.0,49146.0,46109.0,43373.0,41164.0,39493.0,39575.0,38355.0,37201.0,35708.0,34638.0,33099.0,31495.0,29802.0,28077.0,26382.0,24707.0,23069.0,21408.0,19758.0,18137.0,16540.0,14976.0,13450.0,11964.0,10506.0,9078.0,7695.0,7145.0,5302.0,4488.0,3758.0,3103.0,2540.0,2049.0,1619.0,1246.0,937.0,691.0,504.0,372.0,278.0,214.0,168.0,137.0,114.0,325.0,742238.0,719660.0,706072.0,692963.0,678539.0,661367.0,644346.0,626177.0,607417.0,588321.0,569101.0,549855.0,531060.0,512809.0,494978.0,477656.0,460636.0,445939.0,430069.0,414444.0,398782.0,383471.0,368426.0,353530.0,338951.0,324772.0,311577.0,299792.0,288960.0,279400.0,271080.0,264083.0,257451.0,251952.0,245851.0,238360.0,229938.0,221958.0,214191.0,206093.0,197568.0,188804.0,180178.0,171601.0,163890.0,157523.0,151901.0,146290.0,140787.0,136245.0,131659.0,126977.0,122752.0,119290.0,115007.0,108993.0,103062.0,97670.0,93139.0,89534.0,89116.0,85858.0,82241.0,78738.0,75951.0,72444.0,68828.0,65059.0,61207.0,57339.0,53480.0,49637.0,45779.0,41959.0,38174.0,34428.0,30754.0,27222.0,23853.0,20666.0,17659.0,14833.0,13539.0,10091.0,8432.0,6959.0,5659.0,4561.0,3623.0,2820.0,2138.0,1584.0,1148.0,826.0,600.0,441.0,333.0,258.0,211.0,175.0,490.0,10924750.0,10319498.0,21244248.0
1968,374779.0,364166.0,358426.0,353047.0,346944.0,339853.0,330516.0,321886.0,312662.0,303179.0,293571.0,283977.0,274404.0,265071.0,255953.0,247092.0,238517.0,229947.0,224945.0,217318.0,209757.0,202270.0,194779.0,187473.0,180277.0,173215.0,166422.0,159949.0,154358.0,149221.0,144697.0,140893.0,137788.0,134007.0,130854.0,127469.0,123484.0,119119.0,115006.0,111019.0,106904.0,102609.0,98183.0,93869.0,89589.0,85742.0,82626.0,79875.0,77151.0,74541.0,72301.0,70055.0,67737.0,65603.0,63811.0,61644.0,58719.0,55825.0,53164.0,50822.0,48865.0,48295.0,46251.0,43756.0,41743.0,40039.0,38068.0,36025.0,33916.0,31785.0,29614.0,27434.0,25235.0,23049.0,20895.0,18756.0,16646.0,14593.0,12648.0,10831.0,9171.0,7663.0,6291.0,5612.0,4098.0,3332.0,2672.0,2107.0,1644.0,1264.0,954.0,699.0,501.0,351.0,245.0,174.0,124.0,92.0,69.0,59.0,158.0,366293.0,357388.0,352235.0,347454.0,341945.0,335441.0,327885.0,319848.0,311167.0,302076.0,292691.0,283116.0,273444.0,263941.0,254694.0,245607.0,236756.0,228195.0,218410.0,209990.0,201764.0,193443.0,185491.0,177666.0,169927.0,162390.0,155004.0,148289.0,142159.0,136603.0,131709.0,127313.0,123536.0,120796.0,118550.0,115937.0,112535.0,108588.0,104810.0,101107.0,97197.0,93042.0,88771.0,84514.0,80260.0,76420.0,73183.0,70315.0,67427.0,64527.0,62196.0,59840.0,57467.0,55362.0,53677.0,51543.0,48464.0,45445.0,42719.0,40508.0,38828.0,38862.0,37654.0,36508.0,35013.0,33968.0,32442.0,30793.0,29052.0,27321.0,25618.0,23931.0,22278.0,20603.0,18940.0,17311.0,15710.0,14143.0,12624.0,11154.0,9713.0,8313.0,6969.0,6454.0,4672.0,3915.0,3242.0,2645.0,2140.0,1706.0,1332.0,1014.0,753.0,551.0,400.0,293.0,219.0,169.0,134.0,109.0,320.0,741072.0,721554.0,710661.0,700501.0,688889.0,675294.0,658401.0,641734.0,623829.0,605255.0,586262.0,567093.0,547848.0,529012.0,510647.0,492699.0,475273.0,458142.0,443355.0,427308.0,411521.0,395713.0,380270.0,365139.0,350204.0,335605.0,321426.0,308238.0,296517.0,285824.0,276406.0,268206.0,261324.0,254803.0,249404.0,243406.0,236019.0,227707.0,219816.0,212126.0,204101.0,195651.0,186954.0,178383.0,169849.0,162162.0,155809.0,150190.0,144578.0,139068.0,134497.0,129895.0,125204.0,120965.0,117488.0,113187.0,107183.0,101270.0,95883.0,91330.0,87693.0,87157.0,83905.0,80264.0,76756.0,74007.0,70510.0,66818.0,62968.0,59106.0,55232.0,51365.0,47513.0,43652.0,39835.0,36067.0,32356.0,28736.0,25272.0,21985.0,18884.0,15976.0,13260.0,12066.0,8770.0,7247.0,5914.0,4752.0,3784.0,2970.0,2286.0,1713.0,1254.0,902.0,645.0,467.0,343.0,261.0,203.0,168.0,478.0,11164804.0,10596886.0,21761690.0
1969,373125.0,363958.0,359355.0,355326.0,350691.0,345014.0,338213.0,328856.0,320380.0,311274.0,301873.0,292298.0,282709.0,273114.0,263724.0,254539.0,245609.0,236967.0,228318.0,223228.0,215478.0,207807.0,200228.0,192671.0,185333.0,178115.0,171049.0,164260.0,157824.0,152323.0,147277.0,142832.0,139108.0,136079.0,132378.0,129299.0,125983.0,122071.0,117774.0,113722.0,109795.0,105729.0,101483.0,97100.0,92810.0,88549.0,84712.0,81592.0,78834.0,76103.0,73478.0,71224.0,68965.0,66637.0,64498.0,62683.0,60500.0,57576.0,54678.0,52010.0,49647.0,47657.0,47007.0,44949.0,42434.0,40426.0,38728.0,36725.0,34649.0,32539.0,30413.0,28245.0,26073.0,23886.0,21716.0,19584.0,17482.0,15425.0,13434.0,11555.0,9809.0,8225.0,6790.0,5497.0,4886.0,3470.0,2787.0,2208.0,1718.0,1325.0,1006.0,750.0,543.0,386.0,268.0,188.0,133.0,96.0,72.0,55.0,154.0,364717.0,357242.0,353275.0,349789.0,345727.0,340616.0,334349.0,326912.0,318977.0,310357.0,301300.0,291917.0,282336.0,272649.0,263095.0,253788.0,244655.0,235753.0,227137.0,217336.0,208881.0,200615.0,192257.0,184284.0,176450.0,168714.0,161181.0,153803.0,147122.0,141046.0,135547.0,130699.0,126345.0,122601.0,119885.0,117661.0,115070.0,111696.0,107772.0,104005.0,100313.0,96420.0,92280.0,88020.0,83778.0,79535.0,75707.0,72479.0,69618.0,66729.0,63830.0,61493.0,59135.0,56763.0,54662.0,52971.0,50838.0,47776.0,44773.0,42056.0,39840.0,38143.0,38119.0,36919.0,35787.0,34297.0,33282.0,31705.0,30006.0,28264.0,26527.0,24819.0,23118.0,21455.0,19766.0,18098.0,16468.0,14864.0,13306.0,11802.0,10346.0,8930.0,7567.0,6265.0,5792.0,4085.0,3385.0,2770.0,2235.0,1785.0,1409.0,1087.0,817.0,602.0,438.0,318.0,232.0,175.0,136.0,109.0,317.0,737842.0,721200.0,712630.0,705115.0,696418.0,685630.0,672562.0,655768.0,639357.0,621631.0,603173.0,584215.0,565045.0,545763.0,526819.0,508327.0,490264.0,472720.0,455455.0,440564.0,424359.0,408422.0,392485.0,376955.0,361783.0,346829.0,332230.0,318063.0,304946.0,293369.0,282824.0,273531.0,265453.0,258680.0,252263.0,246960.0,241053.0,233767.0,225546.0,217727.0,210108.0,202149.0,193763.0,185120.0,176588.0,168084.0,160419.0,154071.0,148452.0,142832.0,137308.0,132717.0,128100.0,123400.0,119160.0,115654.0,111338.0,105352.0,99451.0,94066.0,89487.0,85800.0,85126.0,81868.0,78221.0,74723.0,72010.0,68430.0,64655.0,60803.0,56940.0,53064.0,49191.0,45341.0,41482.0,37682.0,33950.0,30289.0,26740.0,23357.0,20155.0,17155.0,14357.0,11762.0,10678.0,7555.0,6172.0,4978.0,3953.0,3110.0,2415.0,1837.0,1360.0,988.0,706.0,506.0,365.0,271.0,208.0,164.0,471.0,11402078.0,10872122.0,22274200.0
1970,370645.0,362692.0,359173.0,356250.0,352950.0,348730.0,343340.0,336741.0,327313.0,318943.0,309920.0,300558.0,290980.0,281370.0,271715.0,262262.0,253003.0,244003.0,235278.0,226534.0,221376.0,213519.0,205755.0,198110.0,190520.0,183161.0,175939.0,168878.0,162128.0,155787.0,150378.0,145416.0,141055.0,137411.0,134454.0,130829.0,127816.0,124564.0,120716.0,116481.0,112486.0,108607.0,104587.0,100378.0,96022.0,91746.0,87501.0,83666.0,80540.0,77775.0,75030.0,72397.0,70129.0,67860.0,65528.0,63374.0,61538.0,59341.0,56413.0,53511.0,50834.0,48441.0,46407.0,45668.0,43610.0,41082.0,39074.0,37349.0,35311.0,33238.0,31136.0,29013.0,26854.0,24695.0,22524.0,20377.0,18279.0,16226.0,14229.0,12303.0,10496.0,8828.0,7323.0,5968.0,4761.0,4220.0,2908.0,2309.0,1806.0,1388.0,1058.0,794.0,584.0,419.0,297.0,205.0,145.0,103.0,76.0,59.0,150.0,362333.0,356064.0,353193.0,350862.0,348080.0,344406.0,339531.0,333415.0,326053.0,318183.0,309593.0,300541.0,291146.0,281549.0,271816.0,262201.0,252846.0,243656.0,234693.0,226025.0,216209.0,207714.0,199410.0,191032.0,183050.0,175214.0,167486.0,159961.0,152619.0,145995.0,139978.0,134526.0,129721.0,125404.0,121687.0,118995.0,116790.0,114222.0,110867.0,106955.0,103197.0,99521.0,95639.0,91509.0,87263.0,83031.0,78801.0,74986.0,71766.0,68903.0,66014.0,63117.0,60774.0,58417.0,56051.0,53952.0,52256.0,50128.0,47081.0,44092.0,41381.0,39151.0,37431.0,37344.0,36157.0,35047.0,33570.0,32512.0,30879.0,29180.0,27437.0,25698.0,23981.0,22273.0,20598.0,18905.0,17237.0,15605.0,14012.0,12469.0,10980.0,9546.0,8164.0,6839.0,5593.0,5167.0,3539.0,2900.0,2347.0,1870.0,1478.0,1154.0,878.0,655.0,480.0,348.0,254.0,186.0,143.0,112.0,319.0,732978.0,718756.0,712366.0,707112.0,701030.0,693136.0,682871.0,670156.0,653366.0,637126.0,619513.0,601099.0,582126.0,562919.0,543531.0,524463.0,505849.0,487659.0,469971.0,452559.0,437585.0,421233.0,405165.0,389142.0,373570.0,358375.0,343425.0,328839.0,314747.0,301782.0,290356.0,279942.0,270776.0,262815.0,256141.0,249824.0,244606.0,238786.0,231583.0,223436.0,215683.0,208128.0,200226.0,191887.0,183285.0,174777.0,166302.0,158652.0,152306.0,146678.0,141044.0,135514.0,130903.0,126277.0,121579.0,117326.0,113794.0,109469.0,103494.0,97603.0,92215.0,87592.0,83838.0,83012.0,79767.0,76129.0,72644.0,69861.0,66190.0,62418.0,58573.0,54711.0,50835.0,46968.0,43122.0,39282.0,35516.0,31831.0,28241.0,24772.0,21476.0,18374.0,15487.0,12807.0,10354.0,9387.0,6447.0,5209.0,4153.0,3258.0,2536.0,1948.0,1462.0,1074.0,777.0,553.0,399.0,289.0,219.0,171.0,469.0,11635669.0,11144338.0,22780007.0
1971,367679.0,360631.0,357940.0,356066.0,353855.0,350961.0,347018.0,341830.0,335385.0,325840.0,317542.0,308558.0,299201.0,289593.0,279923.0,270202.0,260677.0,251343.0,242257.0,233436.0,224617.0,219406.0,211456.0,203627.0,195948.0,188338.0,180976.0,173760.0,166740.0,160085.0,153843.0,148518.0,143646.0,139368.0,135801.0,132912.0,129355.0,126402.0,123206.0,119416.0,115239.0,111290.0,107454.0,103468.0,99280.0,94942.0,90677.0,86437.0,82603.0,79472.0,76691.0,73939.0,71298.0,69017.0,66744.0,64398.0,62229.0,60374.0,58157.0,55224.0,52313.0,49619.0,47185.0,45099.0,44282.0,42232.0,39689.0,37643.0,35887.0,33853.0,31791.0,29695.0,27582.0,25435.0,23292.0,21145.0,19031.0,16982.0,14985.0,13053.0,11198.0,9471.0,7884.0,6463.0,5200.0,4083.0,3616.0,2412.0,1892.0,1462.0,1111.0,836.0,619.0,452.0,323.0,227.0,158.0,113.0,81.0,62.0,152.0,359501.0,354127.0,352086.0,350813.0,349171.0,346765.0,343322.0,338600.0,332594.0,325272.0,317437.0,308847.0,299787.0,290369.0,280724.0,270936.0,261272.0,251856.0,242599.0,233579.0,224858.0,215024.0,206490.0,198165.0,189778.0,181796.0,173965.0,166248.0,158759.0,151477.0,144914.0,138946.0,133541.0,128772.0,124485.0,120795.0,118125.0,115941.0,113385.0,110040.0,106136.0,102393.0,98726.0,94852.0,90733.0,86496.0,82275.0,78060.0,74256.0,71036.0,68170.0,65282.0,62388.0,60039.0,57691.0,55326.0,53232.0,51534.0,49407.0,46374.0,43395.0,40682.0,38430.0,36682.0,36537.0,35374.0,34292.0,32749.0,31640.0,30007.0,28310.0,26565.0,24823.0,23102.0,21385.0,19708.0,18014.0,16347.0,14727.0,13152.0,11622.0,10157.0,8755.0,7408.0,6138.0,4956.0,4575.0,3037.0,2460.0,1968.0,1552.0,1213.0,935.0,705.0,523.0,383.0,278.0,204.0,153.0,119.0,325.0,727180.0,714758.0,710026.0,706879.0,703026.0,697726.0,690340.0,680430.0,667979.0,651112.0,634979.0,617405.0,598988.0,579962.0,560647.0,541138.0,521949.0,503199.0,484856.0,467015.0,449475.0,434430.0,417946.0,401792.0,385726.0,370134.0,354941.0,340008.0,325499.0,311562.0,298757.0,287464.0,277187.0,268140.0,260286.0,253707.0,247480.0,242343.0,236591.0,229456.0,221375.0,213683.0,206180.0,198320.0,190013.0,181438.0,172952.0,164497.0,156859.0,150508.0,144861.0,139221.0,133686.0,129056.0,124435.0,119724.0,115461.0,111908.0,107564.0,101598.0,95708.0,90301.0,85615.0,81781.0,80819.0,77606.0,73981.0,70392.0,67527.0,63860.0,60101.0,56260.0,52405.0,48537.0,44677.0,40853.0,37045.0,33329.0,29712.0,26205.0,22820.0,19628.0,16639.0,13871.0,11338.0,9039.0,8191.0,5449.0,4352.0,3430.0,2663.0,2049.0,1554.0,1157.0,846.0,610.0,436.0,317.0,234.0,181.0,477.0,11864898.0,11412954.0,23277852.0
1972,364551.0,358097.0,355945.0,354833.0,353654.0,351835.0,349214.0,345467.0,340434.0,334101.0,324404.0,316136.0,307157.0,297776.0,288099.0,278362.0,268566.0,258969.0,249542.0,240358.0,231461.0,222581.0,217333.0,209318.0,201454.0,193756.0,186145.0,178789.0,171614.0,164692.0,158139.0,151986.0,146752.0,141969.0,137770.0,134277.0,131447.0,127954.0,125051.0,121906.0,118171.0,114039.0,110131.0,106327.0,102358.0,98183.0,93857.0,89595.0,85357.0,81524.0,78378.0,75589.0,72829.0,70181.0,67893.0,65605.0,63243.0,61062.0,59179.0,56940.0,53996.0,51069.0,48345.0,45861.0,43738.0,42852.0,40803.0,38205.0,36119.0,34372.0,32350.0,30298.0,28212.0,26112.0,23981.0,21861.0,19749.0,17683.0,15690.0,13754.0,11894.0,10120.0,8476.0,6977.0,5653.0,4485.0,3467.0,3073.0,1977.0,1533.0,1171.0,879.0,653.0,479.0,348.0,248.0,175.0,123.0,89.0,67.0,155.0,356531.0,351768.0,350257.0,349742.0,349135.0,347861.0,345680.0,342389.0,337782.0,331851.0,324539.0,316710.0,308108.0,299028.0,289555.0,279853.0,270019.0,260295.0,250807.0,241486.0,232410.0,223631.0,213780.0,205225.0,196891.0,188504.0,180529.0,172708.0,165029.0,157601.0,150384.0,143871.0,137951.0,132586.0,127846.0,123591.0,119926.0,117278.0,115105.0,112552.0,109212.0,105324.0,101589.0,97926.0,94061.0,89949.0,85721.0,81513.0,77310.0,73508.0,70286.0,67419.0,64533.0,61643.0,59295.0,56951.0,54590.0,52502.0,50798.0,48671.0,45646.0,42668.0,39944.0,37666.0,35899.0,35706.0,34574.0,33431.0,31816.0,30715.0,29083.0,27388.0,25640.0,23898.0,22172.0,20454.0,18779.0,17086.0,15432.0,13832.0,12272.0,10767.0,9334.0,7966.0,6671.0,5467.0,4352.0,4019.0,2579.0,2063.0,1636.0,1275.0,983.0,753.0,563.0,417.0,306.0,224.0,167.0,129.0,336.0,721082.0,709865.0,706202.0,704575.0,702789.0,699696.0,694894.0,687856.0,678216.0,665952.0,648943.0,632846.0,615265.0,596804.0,577654.0,558215.0,538585.0,519264.0,500349.0,481844.0,463871.0,446212.0,431113.0,414543.0,398345.0,382260.0,366674.0,351497.0,336643.0,322293.0,308523.0,295857.0,284703.0,274555.0,265616.0,257868.0,251373.0,245232.0,240156.0,234458.0,227383.0,219363.0,211720.0,204253.0,196419.0,188132.0,179578.0,171108.0,162667.0,155032.0,148664.0,143008.0,137362.0,131824.0,127188.0,122556.0,117833.0,113564.0,109977.0,105611.0,99642.0,93737.0,88289.0,83527.0,79637.0,78558.0,75377.0,71636.0,67935.0,65087.0,61433.0,57686.0,53852.0,50010.0,46153.0,42315.0,38528.0,34769.0,31122.0,27586.0,24166.0,20887.0,17810.0,14943.0,12324.0,9952.0,7819.0,7092.0,4556.0,3596.0,2807.0,2154.0,1636.0,1232.0,911.0,665.0,481.0,347.0,256.0,196.0,491.0,12089427.0,11677703.0,23767130.0
1973,361884.0,355370.0,353486.0,352838.0,352397.0,351605.0,350052.0,347625.0,344028.0,339110.0,332854.0,322964.0,314690.0,305687.0,296242.0,286489.0,276676.0,266804.0,257119.0,247588.0,238326.0,229367.0,220445.0,215186.0,207136.0,199253.0,191554.0,183953.0,176637.0,169561.0,162743.0,156280.0,150224.0,145080.0,140381.0,136258.0,132829.0,130053.0,126616.0,123757.0,120660.0,116966.0,112876.0,108996.0,105208.0,101248.0,97081.0,92756.0,88494.0,84260.0,80418.0,77264.0,74467.0,71700.0,69053.0,66744.0,64440.0,62066.0,59863.0,57950.0,55683.0,52720.0,49764.0,47000.0,44484.0,42334.0,41372.0,39279.0,36626.0,34543.0,32814.0,30802.0,28762.0,26691.0,24608.0,22498.0,20415.0,18350.0,16341.0,14409.0,12540.0,10761.0,9072.0,7518.0,6121.0,4897.0,3833.0,2916.0,2591.0,1603.0,1229.0,927.0,688.0,506.0,369.0,268.0,191.0,137.0,98.0,73.0,163.0,354004.0,349235.0,348012.0,347950.0,348073.0,347825.0,346774.0,344744.0,341568.0,337043.0,331157.0,323824.0,315990.0,307364.0,298232.0,288694.0,278945.0,269054.0,259259.0,249703.0,240319.0,231182.0,222349.0,212498.0,203933.0,195599.0,187221.0,179259.0,171474.0,163858.0,156495.0,149331.0,142868.0,136988.0,131655.0,126946.0,122720.0,119080.0,116444.0,114275.0,111719.0,108391.0,104511.0,100780.0,97122.0,93262.0,89155.0,84939.0,80742.0,76540.0,72739.0,69518.0,66649.0,63767.0,60888.0,58540.0,56199.0,53845.0,51759.0,50047.0,47912.0,44887.0,41901.0,39161.0,36867.0,35095.0,34861.0,33665.0,32450.0,30832.0,29738.0,28108.0,26411.0,24666.0,22920.0,21199.0,19484.0,17811.0,16132.0,14499.0,12917.0,11382.0,9909.0,8511.0,7195.0,5964.0,4828.0,3787.0,3504.0,2166.0,1716.0,1345.0,1035.0,793.0,603.0,449.0,334.0,246.0,184.0,139.0,354.0,715888.0,704605.0,701498.0,700788.0,700470.0,699430.0,696826.0,692369.0,685596.0,676153.0,664011.0,646788.0,630680.0,613051.0,594474.0,575183.0,555621.0,535858.0,516378.0,497291.0,478645.0,460549.0,442794.0,427684.0,411069.0,394852.0,378775.0,363212.0,348111.0,333419.0,319238.0,305611.0,293092.0,282068.0,272036.0,263204.0,255549.0,249133.0,243060.0,238032.0,232379.0,225357.0,217387.0,209776.0,202330.0,194510.0,186236.0,177695.0,169236.0,160800.0,153157.0,146782.0,141116.0,135467.0,129941.0,125284.0,120639.0,115911.0,111622.0,107997.0,103595.0,97607.0,91665.0,86161.0,81351.0,77429.0,76233.0,72944.0,69076.0,65375.0,62552.0,58910.0,55173.0,51357.0,47528.0,43697.0,39899.0,36161.0,32473.0,28908.0,25457.0,22143.0,18981.0,16029.0,13316.0,10861.0,8661.0,6703.0,6095.0,3769.0,2945.0,2272.0,1723.0,1299.0,972.0,717.0,525.0,383.0,282.0,212.0,517.0,12309653.0,11939016.0,24248669.0
1974,360463.0,353077.0,350834.0,350391.0,350377.0,350311.0,349786.0,348421.0,346146.0,342662.0,337826.0,331601.0,321484.0,313175.0,304106.0,294592.0,284752.0,274862.0,264899.0,255114.0,245500.0,236176.0,227174.0,218238.0,212995.0,204928.0,197045.0,189357.0,181797.0,174580.0,167609.0,160883.0,154517.0,148557.0,143498.0,138878.0,134820.0,131452.0,128721.0,125334.0,122517.0,119453.0,115795.0,111735.0,107868.0,104086.0,100132.0,95962.0,91636.0,87373.0,83133.0,79291.0,76129.0,73325.0,70560.0,67900.0,65569.0,63251.0,60857.0,58630.0,56680.0,54375.0,51382.0,48386.0,45600.0,43064.0,40883.0,39794.0,37653.0,34997.0,32926.0,31212.0,29213.0,27189.0,25137.0,23075.0,21000.0,18965.0,16958.0,15010.0,13144.0,11354.0,9658.0,8061.0,6613.0,5321.0,4205.0,3249.0,2428.0,2172.0,1286.0,975.0,726.0,533.0,391.0,284.0,207.0,149.0,108.0,81.0,173.0,352695.0,347117.0,345596.0,345748.0,346290.0,346759.0,346732.0,345835.0,343919.0,340826.0,336352.0,330480.0,323118.0,315264.0,306582.0,297388.0,287796.0,277989.0,268030.0,258168.0,248547.0,239096.0,229901.0,221029.0,211192.0,202628.0,194302.0,185939.0,178015.0,170294.0,162743.0,155433.0,148320.0,141897.0,136051.0,130752.0,126071.0,121872.0,118249.0,115617.0,113443.0,110894.0,107570.0,103693.0,99966.0,96307.0,92453.0,88353.0,84147.0,79949.0,75749.0,71950.0,68729.0,65863.0,62992.0,60121.0,57772.0,55440.0,53088.0,51001.0,49274.0,47121.0,44086.0,41085.0,38343.0,36049.0,34280.0,33903.0,32629.0,31420.0,29798.0,28711.0,27078.0,25384.0,23638.0,21900.0,20186.0,18473.0,16816.0,15159.0,13545.0,11990.0,10488.0,9051.0,7704.0,6453.0,5289.0,4228.0,3268.0,3031.0,1804.0,1413.0,1093.0,836.0,637.0,482.0,360.0,269.0,201.0,154.0,376.0,713158.0,700194.0,696430.0,696139.0,696667.0,697070.0,696518.0,694256.0,690065.0,683488.0,674178.0,662081.0,644602.0,628439.0,610688.0,591980.0,572548.0,552851.0,532929.0,513282.0,494047.0,475272.0,457075.0,439267.0,424187.0,407556.0,391347.0,375296.0,359812.0,344874.0,330352.0,316316.0,302837.0,290454.0,279549.0,269630.0,260891.0,253324.0,246970.0,240951.0,235960.0,230347.0,223365.0,215428.0,207834.0,200393.0,192585.0,184315.0,175783.0,167322.0,158882.0,151241.0,144858.0,139188.0,133552.0,128021.0,123341.0,118691.0,113945.0,109631.0,105954.0,101496.0,95468.0,89471.0,83943.0,79113.0,75163.0,73697.0,70282.0,66417.0,62724.0,59923.0,56291.0,52573.0,48775.0,44975.0,41186.0,37438.0,33774.0,30169.0,26689.0,23344.0,20146.0,17112.0,14317.0,11774.0,9494.0,7477.0,5696.0,5203.0,3090.0,2388.0,1819.0,1369.0,1028.0,766.0,567.0,418.0,309.0,235.0,549.0,12526757.0,12198117.0,24724874.0
1975,361068.0,351987.0,348614.0,347750.0,347916.0,348254.0,348448.0,348115.0,346899.0,344740.0,341335.0,336536.0,330308.0,319934.0,311547.0,302408.0,292812.0,282883.0,272902.0,262839.0,252974.0,243296.0,233927.0,224910.0,215988.0,210777.0,202715.0,194842.0,187196.0,179737.0,172624.0,165747.0,159119.0,152849.0,146978.0,142001.0,137448.0,133451.0,130133.0,127444.0,124102.0,121314.0,118278.0,114645.0,110598.0,106737.0,102957.0,98996.0,94820.0,90495.0,86221.0,81982.0,78140.0,74974.0,72170.0,69393.0,66721.0,64372.0,62029.0,59613.0,57356.0,55358.0,53003.0,49966.0,46952.0,44158.0,41597.0,39330.0,38112.0,35976.0,33328.0,31270.0,29570.0,27587.0,25583.0,23555.0,21526.0,19500.0,17523.0,15577.0,13695.0,11907.0,10199.0,8594.0,7103.0,5764.0,4588.0,3584.0,2730.0,2007.0,1812.0,1020.0,764.0,564.0,413.0,301.0,219.0,162.0,119.0,87.0,188.0,353355.0,346183.0,343598.0,343379.0,344103.0,344970.0,345654.0,345783.0,345004.0,343174.0,340130.0,335678.0,329811.0,322405.0,314500.0,305751.0,296504.0,286850.0,276972.0,266951.0,257022.0,247333.0,237819.0,228582.0,219684.0,209871.0,201319.0,193008.0,184685.0,176826.0,169169.0,161672.0,154412.0,147341.0,140953.0,135140.0,129872.0,125218.0,121037.0,117424.0,114787.0,112618.0,110067.0,106742.0,102867.0,99139.0,95482.0,91633.0,87539.0,83331.0,79132.0,74936.0,71138.0,67923.0,65067.0,62205.0,59342.0,56998.0,54669.0,52316.0,50221.0,48468.0,46286.0,43234.0,40234.0,37504.0,35224.0,33346.0,32812.0,31546.0,30340.0,28717.0,27630.0,25998.0,24305.0,22567.0,20839.0,19131.0,17436.0,15802.0,14163.0,12578.0,11058.0,9592.0,8208.0,6927.0,5742.0,4653.0,3673.0,2796.0,2609.0,1488.0,1150.0,884.0,672.0,511.0,387.0,291.0,220.0,169.0,405.0,714423.0,698170.0,692212.0,691129.0,692019.0,693224.0,694102.0,693898.0,691903.0,687914.0,681465.0,672214.0,660119.0,642339.0,626047.0,608159.0,589316.0,569733.0,549874.0,529790.0,509996.0,490629.0,471746.0,453492.0,435672.0,420648.0,404034.0,387850.0,371881.0,356563.0,341793.0,327419.0,313531.0,300190.0,287931.0,277141.0,267320.0,258669.0,251170.0,244868.0,238889.0,233932.0,228345.0,221387.0,213465.0,205876.0,198439.0,190629.0,182359.0,173826.0,165353.0,156918.0,149278.0,142897.0,137237.0,131598.0,126063.0,121370.0,116698.0,111929.0,107577.0,103826.0,99289.0,93200.0,87186.0,81662.0,76821.0,72676.0,70924.0,67522.0,63668.0,59987.0,57200.0,53585.0,49888.0,46122.0,42365.0,38631.0,34959.0,31379.0,27858.0,24485.0,21257.0,18186.0,15311.0,12691.0,10330.0,8237.0,6403.0,4803.0,4421.0,2508.0,1914.0,1448.0,1085.0,812.0,606.0,453.0,339.0,256.0,593.0,12742655.0,12456889.0,25199544.0
1976,363768.0,352941.0,347621.0,345553.0,345266.0,345768.0,346346.0,346730.0,346550.0,345451.0,343374.0,340005.0,335207.0,328947.0,318274.0,309803.0,300583.0,290903.0,280873.0,270792.0,260651.0,250725.0,241000.0,231614.0,222610.0,213719.0,208560.0,200512.0,192680.0,185134.0,177782.0,170761.0,163982.0,157453.0,151270.0,145483.0,140575.0,136084.0,132139.0,128867.0,126215.0,122903.0,120141.0,117121.0,113496.0,109457.0,105595.0,101807.0,97836.0,93656.0,89319.0,85045.0,80809.0,76971.0,73810.0,70993.0,68204.0,65523.0,63147.0,60778.0,58335.0,56036.0,53978.0,51560.0,48501.0,45484.0,42676.0,40033.0,37677.0,36388.0,34269.0,31629.0,29586.0,27904.0,25940.0,23960.0,21967.0,19986.0,18016.0,16100.0,14221.0,12416.0,10709.0,9088.0,7589.0,6208.0,4988.0,3930.0,3032.0,2282.0,1648.0,1508.0,802.0,594.0,437.0,320.0,233.0,172.0,129.0,97.0,203.0,356142.0,347255.0,342808.0,341448.0,341758.0,342788.0,343853.0,344689.0,344942.0,344253.0,342474.0,339452.0,335012.0,329136.0,321654.0,313689.0,304882.0,295575.0,285843.0,275902.0,265820.0,255820.0,246067.0,236506.0,227240.0,218328.0,208549.0,200015.0,191746.0,183488.0,175694.0,168089.0,160643.0,153422.0,146388.0,140035.0,134252.0,129012.0,124377.0,120207.0,116593.0,113963.0,111789.0,109231.0,105904.0,102025.0,98298.0,94644.0,90800.0,86699.0,82488.0,78291.0,74100.0,70309.0,67109.0,64262.0,61409.0,58562.0,56215.0,53888.0,51528.0,49415.0,47623.0,45403.0,42351.0,39369.0,36668.0,34276.0,32280.0,31682.0,30422.0,29220.0,27592.0,26508.0,24873.0,23191.0,21465.0,19743.0,18056.0,16388.0,14772.0,13161.0,11612.0,10128.0,8717.0,7399.0,6185.0,5074.0,4065.0,3168.0,2380.0,2237.0,1213.0,932.0,713.0,540.0,412.0,314.0,240.0,185.0,441.0,719910.0,700196.0,690429.0,687001.0,687024.0,688556.0,690199.0,691419.0,691492.0,689704.0,685848.0,679457.0,670219.0,658083.0,639928.0,623492.0,605465.0,586478.0,566716.0,546694.0,526471.0,506545.0,487067.0,468120.0,449850.0,432047.0,417109.0,400527.0,384426.0,368622.0,353476.0,338850.0,324625.0,310875.0,297658.0,285518.0,274827.0,265096.0,256516.0,249074.0,242808.0,236866.0,231930.0,226352.0,219400.0,211482.0,203893.0,196451.0,188636.0,180355.0,171807.0,163336.0,154909.0,147280.0,140919.0,135255.0,129613.0,124085.0,119362.0,114666.0,109863.0,105451.0,101601.0,96963.0,90852.0,84853.0,79344.0,74309.0,69957.0,68070.0,64691.0,60849.0,57178.0,54412.0,50813.0,47151.0,43432.0,39729.0,36072.0,32488.0,28993.0,25577.0,22321.0,19216.0,16306.0,13607.0,11173.0,9004.0,7097.0,5450.0,4028.0,3745.0,2015.0,1526.0,1150.0,860.0,645.0,486.0,369.0,282.0,644.0,12959813.0,12717773.0,25677586.0
1977,368145.0,355954.0,348695.0,344612.0,343073.0,343098.0,343830.0,344579.0,345115.0,345060.0,344045.0,342006.0,338638.0,333811.0,327478.0,316503.0,307935.0,298632.0,288857.0,278719.0,268561.0,258359.0,248393.0,238648.0,229272.0,220297.0,211456.0,206361.0,198354.0,190621.0,183182.0,175921.0,168999.0,162315.0,155876.0,149774.0,144058.0,139214.0,134775.0,130877.0,127647.0,125017.0,121731.0,118982.0,115963.0,112340.0,108304.0,104430.0,100631.0,96652.0,92456.0,88119.0,83846.0,79620.0,75796.0,72626.0,69799.0,67003.0,64302.0,61900.0,59500.0,57018.0,54666.0,52533.0,50073.0,47011.0,43985.0,41099.0,38370.0,35992.0,34645.0,32540.0,29913.0,27889.0,26226.0,24287.0,22342.0,20397.0,18472.0,16560.0,14711.0,12908.0,11182.0,9561.0,8043.0,6654.0,5392.0,4293.0,3347.0,2557.0,1900.0,1348.0,1254.0,627.0,461.0,340.0,250.0,183.0,139.0,106.0,223.0,360570.0,350522.0,344062.0,340754.0,339873.0,340456.0,341669.0,342873.0,343832.0,344180.0,343548.0,341792.0,338784.0,334341.0,328425.0,320857.0,312841.0,303968.0,294587.0,284784.0,274782.0,264635.0,254570.0,244767.0,235172.0,225888.0,216974.0,207237.0,198746.0,190542.0,182352.0,174607.0,167052.0,159645.0,152458.0,145460.0,139139.0,133383.0,128163.0,123540.0,119370.0,115767.0,113133.0,110948.0,108382.0,105047.0,101168.0,97443.0,93790.0,89937.0,85830.0,81619.0,77427.0,73247.0,69475.0,66288.0,63452.0,60615.0,57778.0,55429.0,53098.0,50720.0,48575.0,46735.0,44495.0,41461.0,38513.0,35707.0,33194.0,31181.0,30521.0,29268.0,28064.0,26436.0,25350.0,23723.0,22055.0,20334.0,18636.0,16977.0,15330.0,13741.0,12167.0,10653.0,9224.0,7879.0,6630.0,5490.0,4459.0,3531.0,2724.0,2015.0,1910.0,987.0,755.0,576.0,437.0,336.0,259.0,203.0,482.0,728715.0,706476.0,692757.0,685366.0,682946.0,683554.0,685499.0,687452.0,688947.0,689240.0,687593.0,683798.0,677422.0,668152.0,655903.0,637360.0,620776.0,602600.0,583444.0,563503.0,543343.0,522994.0,502963.0,483415.0,464444.0,446185.0,428430.0,413598.0,397100.0,381163.0,365534.0,350528.0,336051.0,321960.0,308334.0,295234.0,283197.0,272597.0,262938.0,254417.0,247017.0,240784.0,234864.0,229930.0,224345.0,217387.0,209472.0,201873.0,194421.0,186589.0,178286.0,169738.0,161273.0,152867.0,145271.0,138914.0,133251.0,127618.0,122080.0,117329.0,112598.0,107738.0,103241.0,99268.0,94568.0,88472.0,82498.0,76806.0,71564.0,67173.0,65166.0,61808.0,57977.0,54325.0,51576.0,48010.0,44397.0,40731.0,37108.0,33537.0,30041.0,26649.0,23349.0,20214.0,17267.0,14533.0,12022.0,9783.0,7806.0,6088.0,4624.0,3363.0,3164.0,1614.0,1216.0,916.0,687.0,519.0,398.0,309.0,705.0,13180259.0,12982806.0,26163065.0
1978,373899.0,360648.0,351815.0,345739.0,342151.0,340891.0,341129.0,342024.0,342912.0,343575.0,343614.0,342637.0,340603.0,337205.0,332309.0,325895.0,314607.0,305939.0,296542.0,286667.0,276444.0,266226.0,255984.0,246004.0,236265.0,226916.0,217991.0,209211.0,204205.0,196298.0,188672.0,181321.0,174160.0,167334.0,160737.0,154380.0,148345.0,142694.0,137904.0,133513.0,129659.0,126454.0,123843.0,120570.0,117820.0,114795.0,111171.0,107125.0,103237.0,99430.0,95429.0,91230.0,86896.0,82630.0,78425.0,74602.0,71426.0,68594.0,65781.0,63063.0,60626.0,58184.0,55651.0,53229.0,51045.0,48563.0,45490.0,42383.0,39416.0,36674.0,34288.0,32882.0,30792.0,28185.0,26182.0,24543.0,22640.0,20741.0,18854.0,16985.0,15138.0,13365.0,11639.0,9998.0,8478.0,7068.0,5799.0,4660.0,3676.0,2842.0,2151.0,1577.0,1099.0,1047.0,490.0,359.0,266.0,198.0,148.0,115.0,245.0,366375.0,355375.0,347577.0,342117.0,339239.0,338596.0,339340.0,340681.0,341998.0,343053.0,343464.0,342860.0,341121.0,338110.0,333634.0,327667.0,320023.0,311947.0,302994.0,293546.0,283674.0,273607.0,263400.0,253286.0,243446.0,233826.0,224541.0,215631.0,205960.0,197538.0,189398.0,181261.0,173562.0,166046.0,158672.0,151518.0,144553.0,138259.0,132523.0,127316.0,122694.0,118535.0,114934.0,112289.0,110092.0,107511.0,104172.0,100294.0,96571.0,92905.0,89042.0,84933.0,80726.0,76545.0,72388.0,68637.0,65464.0,62646.0,59820.0,56993.0,54636.0,52288.0,49878.0,47692.0,45823.0,43581.0,40584.0,37523.0,34599.0,32079.0,30053.0,29332.0,28080.0,26879.0,25246.0,24167.0,22552.0,20888.0,19192.0,17525.0,15888.0,14271.0,12717.0,11178.0,9718.0,8357.0,7081.0,5906.0,4847.0,3898.0,3058.0,2333.0,1697.0,1634.0,803.0,613.0,468.0,359.0,279.0,220.0,529.0,740274.0,716023.0,699392.0,687856.0,681390.0,679487.0,680469.0,682705.0,684910.0,686628.0,687078.0,685497.0,681724.0,675315.0,665943.0,653562.0,634630.0,617886.0,599536.0,580213.0,560118.0,539833.0,519384.0,499290.0,479711.0,460742.0,442532.0,424842.0,410165.0,393836.0,378070.0,362582.0,347722.0,333380.0,319409.0,305898.0,292898.0,280953.0,270427.0,260829.0,252353.0,244989.0,238777.0,232859.0,227912.0,222306.0,215343.0,207419.0,199808.0,192335.0,184471.0,176163.0,167622.0,159175.0,150813.0,143239.0,136890.0,131240.0,125601.0,120056.0,115262.0,110472.0,105529.0,100921.0,96868.0,92144.0,86074.0,79906.0,74015.0,68753.0,64341.0,62214.0,58872.0,55064.0,51428.0,48710.0,45192.0,41629.0,38046.0,34510.0,31026.0,27636.0,24356.0,21176.0,18196.0,15425.0,12880.0,10566.0,8523.0,6740.0,5209.0,3910.0,2796.0,2681.0,1293.0,972.0,734.0,557.0,427.0,335.0,774.0,13405296.0,13253376.0,26658672.0
1979,380350.0,366733.0,356645.0,348910.0,343303.0,339970.0,338897.0,339284.0,340315.0,341320.0,342080.0,342168.0,341195.0,339135.0,335667.0,330694.0,324184.0,312580.0,303804.0,294307.0,284355.0,274066.0,263808.0,253552.0,243583.0,233867.0,224567.0,215703.0,207007.0,202151.0,194351.0,186814.0,179560.0,172495.0,165756.0,159237.0,152947.0,146974.0,141380.0,136638.0,132293.0,128465.0,125280.0,122676.0,119403.0,116645.0,113612.0,109974.0,105916.0,102018.0,98187.0,94179.0,89980.0,85655.0,81411.0,77211.0,73395.0,70218.0,67370.0,64541.0,61798.0,59316.0,56818.0,54215.0,51749.0,49537.0,47024.0,43858.0,40667.0,37699.0,34959.0,32564.0,31101.0,29031.0,26449.0,24472.0,22866.0,21011.0,19167.0,17338.0,15531.0,13760.0,12062.0,10419.0,8881.0,7465.0,6175.0,5030.0,4007.0,3139.0,2408.0,1806.0,1309.0,896.0,881.0,384.0,283.0,211.0,161.0,124.0,268.0,372909.0,361684.0,352653.0,345819.0,340681.0,338005.0,337492.0,338349.0,339795.0,341202.0,342320.0,342765.0,342184.0,340444.0,337399.0,332880.0,326871.0,319143.0,310991.0,301966.0,292453.0,282508.0,272381.0,262130.0,251979.0,242113.0,232485.0,223206.0,214326.0,204745.0,196390.0,188300.0,180212.0,172547.0,165061.0,157723.0,150597.0,143661.0,137385.0,131664.0,126457.0,121848.0,117692.0,114083.0,111426.0,109212.0,106620.0,103279.0,99401.0,95664.0,91986.0,88117.0,84011.0,79814.0,75658.0,71525.0,67797.0,64647.0,61842.0,59026.0,56204.0,53825.0,51444.0,48993.0,46786.0,44909.0,42685.0,39561.0,36373.0,33457.0,30934.0,28899.0,28111.0,26864.0,25661.0,24035.0,22963.0,21350.0,19710.0,18047.0,16404.0,14798.0,13216.0,11697.0,10212.0,8821.0,7528.0,6327.0,5235.0,4257.0,3399.0,2640.0,1989.0,1430.0,1404.0,654.0,501.0,386.0,300.0,238.0,581.0,753259.0,728417.0,709298.0,694729.0,683984.0,677975.0,676389.0,677633.0,680110.0,682522.0,684400.0,684933.0,683379.0,679579.0,673066.0,663574.0,651055.0,631723.0,614795.0,596273.0,576808.0,556574.0,536189.0,515682.0,495562.0,475980.0,457052.0,438909.0,421333.0,406896.0,390741.0,375114.0,359772.0,345042.0,330817.0,316960.0,303544.0,290635.0,278765.0,268302.0,258750.0,250313.0,242972.0,236759.0,230829.0,225857.0,220232.0,213253.0,205317.0,197682.0,190173.0,182296.0,173991.0,165469.0,157069.0,148736.0,141192.0,134865.0,129212.0,123567.0,118002.0,113141.0,108262.0,103208.0,98535.0,94446.0,89709.0,83419.0,77040.0,71156.0,65893.0,61463.0,59212.0,55895.0,52110.0,48507.0,45829.0,42361.0,38877.0,35385.0,31935.0,28558.0,25278.0,22116.0,19093.0,16286.0,13703.0,11357.0,9242.0,7396.0,5807.0,4446.0,3298.0,2326.0,2285.0,1038.0,784.0,597.0,461.0,362.0,849.0,13635620.0,13530351.0,27165971.0
1980,386368.0,373503.0,362887.0,353827.0,346500.0,341133.0,337967.0,337021.0,337533.0,338680.0,339776.0,340587.0,340689.0,339691.0,337563.0,334017.0,328950.0,322339.0,310412.0,301524.0,291951.0,281939.0,271606.0,261332.0,251088.0,241146.0,231477.0,222236.0,213456.0,204904.0,200208.0,192494.0,185054.0,177896.0,170915.0,164253.0,157797.0,151569.0,145650.0,140107.0,135410.0,131093.0,127286.0,124110.0,121498.0,118222.0,115453.0,112397.0,108745.0,104679.0,100754.0,96916.0,92904.0,88714.0,84413.0,80174.0,75986.0,72182.0,68993.0,66131.0,63278.0,60497.0,57957.0,55380.0,52737.0,50254.0,48001.0,45365.0,42104.0,38915.0,35962.0,33224.0,30822.0,29308.0,27261.0,24709.0,22771.0,21208.0,19409.0,17622.0,15855.0,14122.0,12424.0,10809.0,9266.0,7833.0,6536.0,5369.0,4341.0,3438.0,2676.0,2038.0,1517.0,1089.0,736.0,751.0,304.0,227.0,173.0,135.0,295.0,379039.0,368793.0,359281.0,351064.0,344543.0,339509.0,336934.0,336508.0,337458.0,338989.0,340451.0,341605.0,342080.0,341501.0,339729.0,336641.0,332088.0,326027.0,318198.0,309978.0,300884.0,291302.0,281291.0,271119.0,260835.0,250658.0,240785.0,231160.0,221908.0,213083.0,203592.0,195286.0,187243.0,179189.0,171553.0,164099.0,156790.0,149688.0,142772.0,136511.0,130790.0,125596.0,120991.0,116828.0,113211.0,110536.0,108309.0,105708.0,102363.0,98471.0,94719.0,91034.0,87164.0,83068.0,78898.0,74768.0,70663.0,66967.0,63834.0,61042.0,58231.0,55399.0,52981.0,50557.0,48087.0,45884.0,44020.0,41630.0,38365.0,35188.0,32284.0,29762.0,27714.0,26864.0,25618.0,24423.0,22806.0,21729.0,20136.0,18532.0,16891.0,15282.0,13713.0,12164.0,10699.0,9284.0,7961.0,6743.0,5626.0,4617.0,3731.0,2955.0,2270.0,1698.0,1209.0,1214.0,537.0,415.0,325.0,257.0,637.0,765407.0,742296.0,722168.0,704891.0,691043.0,680642.0,674901.0,673529.0,674991.0,677669.0,680227.0,682192.0,682769.0,681192.0,677292.0,670658.0,661038.0,648366.0,628610.0,611502.0,592835.0,573241.0,552897.0,532451.0,511923.0,491804.0,472262.0,453396.0,435364.0,417987.0,403800.0,387780.0,372297.0,357085.0,342468.0,328352.0,314587.0,301257.0,288422.0,276618.0,266200.0,256689.0,248277.0,240938.0,234709.0,228758.0,223762.0,218105.0,211108.0,203150.0,195473.0,187950.0,180068.0,171782.0,163311.0,154942.0,146649.0,139149.0,132827.0,127173.0,121509.0,115896.0,110938.0,105937.0,100824.0,96138.0,92021.0,86995.0,80469.0,74103.0,68246.0,62986.0,58536.0,56172.0,52879.0,49132.0,45577.0,42937.0,39545.0,36154.0,32746.0,29404.0,26137.0,22973.0,19965.0,17117.0,14497.0,12112.0,9967.0,8055.0,6407.0,4993.0,3787.0,2787.0,1945.0,1965.0,841.0,642.0,498.0,392.0,932.0,13870823.0,13813562.0,27684385.0
1981,391429.0,379838.0,369821.0,360184.0,351485.0,344346.0,339133.0,336078.0,335235.0,335859.0,337096.0,338234.0,339063.0,339149.0,338084.0,335881.0,332238.0,327072.0,320351.0,308101.0,299125.0,289496.0,279446.0,269091.0,258826.0,248610.0,238720.0,229109.0,219947.0,211311.0,202914.0,198354.0,190738.0,183391.0,176315.0,169410.0,162807.0,156408.0,150234.0,144364.0,138867.0,134197.0,129903.0,126104.0,122925.0,120303.0,117021.0,114225.0,111149.0,107485.0,103394.0,99460.0,95619.0,91615.0,87449.0,83156.0,78930.0,74761.0,70956.0,67758.0,64875.0,61983.0,59150.0,56525.0,53905.0,51250.0,48737.0,46338.0,43575.0,40314.0,37146.0,34208.0,31471.0,29070.0,27509.0,25489.0,22984.0,21092.0,19582.0,17838.0,16113.0,14419.0,12758.0,11139.0,9625.0,8184.0,6872.0,5696.0,4647.0,3739.0,2946.0,2281.0,1726.0,1279.0,913.0,612.0,650.0,245.0,188.0,147.0,325.0,384316.0,375551.0,366790.0,357964.0,349936.0,343519.0,338494.0,335979.0,335624.0,336647.0,338227.0,339718.0,340903.0,341388.0,340781.0,338966.0,335844.0,331248.0,325117.0,317195.0,308911.0,299744.0,290099.0,280037.0,269831.0,259527.0,249344.0,239475.0,229875.0,220674.0,211903.0,202483.0,194222.0,186212.0,178184.0,170579.0,163151.0,155865.0,148779.0,141881.0,135616.0,129912.0,124721.0,120109.0,115938.0,112306.0,109619.0,107381.0,104770.0,101405.0,97498.0,93738.0,90051.0,86189.0,82123.0,77981.0,73882.0,69815.0,66146.0,63032.0,60246.0,57424.0,54564.0,52096.0,49653.0,47192.0,45017.0,42961.0,40388.0,37135.0,33973.0,31086.0,28559.0,26508.0,25591.0,24357.0,23171.0,21550.0,20487.0,18927.0,17344.0,15738.0,14168.0,12631.0,11136.0,9741.0,8394.0,7146.0,6013.0,4979.0,4064.0,3262.0,2560.0,1957.0,1456.0,1028.0,1058.0,447.0,352.0,280.0,698.0,775745.0,755389.0,736611.0,718148.0,701421.0,687865.0,677627.0,672057.0,670859.0,672506.0,675323.0,677952.0,679966.0,680537.0,678865.0,674847.0,668082.0,658320.0,645468.0,625296.0,608036.0,589240.0,569545.0,549128.0,528657.0,508137.0,488064.0,468584.0,449822.0,431985.0,414817.0,400837.0,384960.0,369603.0,354499.0,339989.0,325958.0,312273.0,299013.0,286245.0,274483.0,264109.0,254624.0,246213.0,238863.0,232609.0,226640.0,221606.0,215919.0,208890.0,200892.0,193198.0,185670.0,177804.0,169572.0,161137.0,152812.0,144576.0,137102.0,130790.0,125121.0,119407.0,113714.0,108621.0,103558.0,98442.0,93754.0,89299.0,83963.0,77449.0,71119.0,65294.0,60030.0,55578.0,53100.0,49846.0,46155.0,42642.0,40069.0,36765.0,33457.0,30157.0,26926.0,23770.0,20761.0,17925.0,15266.0,12842.0,10660.0,8718.0,7010.0,5543.0,4286.0,3236.0,2369.0,1640.0,1708.0,692.0,540.0,427.0,1023.0,14110115.0,14102552.0,28212667.0
1982,395005.0,385165.0,376316.0,367242.0,357941.0,349389.0,342355.0,337243.0,334276.0,333529.0,334238.0,335517.0,336663.0,337480.0,337508.0,336368.0,334069.0,330323.0,325051.0,318223.0,305674.0,296629.0,286967.0,276902.0,266548.0,256309.0,246147.0,236321.0,226783.0,217764.0,209283.0,201014.0,196601.0,189080.0,181812.0,174807.0,167956.0,161407.0,155059.0,148932.0,143107.0,137636.0,132989.0,128704.0,124902.0,121717.0,119085.0,115780.0,112960.0,109867.0,106174.0,102077.0,98141.0,94309.0,90332.0,86173.0,81897.0,77691.0,73528.0,69728.0,66513.0,63590.0,60646.0,57731.0,55058.0,52430.0,49747.0,47085.0,44535.0,41750.0,38510.0,35360.0,32439.0,29709.0,27314.0,25712.0,23732.0,21284.0,19451.0,17989.0,16307.0,14654.0,13031.0,11446.0,9926.0,8512.0,7192.0,6002.0,4944.0,4016.0,3218.0,2525.0,1946.0,1469.0,1088.0,776.0,516.0,573.0,204.0,162.0,358.0,388270.0,381500.0,373997.0,365831.0,357090.0,349049.0,342646.0,337591.0,335125.0,334821.0,335881.0,337483.0,338999.0,340193.0,340658.0,340013.0,338164.0,335000.0,330338.0,324149.0,316136.0,307785.0,298552.0,288858.0,278755.0,268529.0,258227.0,248051.0,238208.0,228655.0,219505.0,210767.0,201413.0,193182.0,185197.0,177198.0,169616.0,162205.0,154937.0,147864.0,140964.0,134714.0,129014.0,123816.0,119195.0,115010.0,111369.0,108672.0,106423.0,103785.0,100399.0,96486.0,92724.0,89043.0,85214.0,81180.0,77072.0,73015.0,68981.0,65343.0,62241.0,59444.0,56590.0,53690.0,51199.0,48768.0,46345.0,43967.0,41700.0,39114.0,35875.0,32734.0,29858.0,27337.0,25276.0,24310.0,23087.0,21894.0,20291.0,19253.0,17712.0,16161.0,14596.0,13058.0,11576.0,10150.0,8823.0,7551.0,6387.0,5338.0,4400.0,3570.0,2843.0,2224.0,1695.0,1257.0,883.0,934.0,381.0,307.0,767.0,783275.0,766665.0,750313.0,733073.0,715031.0,698438.0,685001.0,674834.0,669401.0,668350.0,670119.0,673000.0,675662.0,677673.0,678166.0,676381.0,672233.0,665323.0,655389.0,642372.0,621810.0,604414.0,585519.0,565760.0,545303.0,524838.0,504374.0,484372.0,464991.0,446419.0,428788.0,411781.0,398014.0,382262.0,367009.0,352005.0,337572.0,323612.0,309996.0,296796.0,284071.0,272350.0,262003.0,252520.0,244097.0,236727.0,230454.0,224452.0,219383.0,213652.0,206573.0,198563.0,190865.0,183352.0,175546.0,167353.0,158969.0,150706.0,142509.0,135071.0,128754.0,123034.0,117236.0,111421.0,106257.0,101198.0,96092.0,91052.0,86235.0,80864.0,74385.0,68094.0,62297.0,57046.0,52590.0,50022.0,46819.0,43178.0,39742.0,37242.0,34019.0,30815.0,27627.0,24504.0,21502.0,18662.0,16015.0,13553.0,11331.0,9354.0,7618.0,6095.0,4789.0,3693.0,2783.0,2033.0,1399.0,1507.0,585.0,469.0,1125.0,14352143.0,14396443.0,28748586.0
1983,396638.0,388919.0,381757.0,373869.0,365115.0,355939.0,347456.0,340472.0,335443.0,332561.0,331884.0,332628.0,333915.0,335038.0,335803.0,335764.0,334530.0,332128.0,328276.0,322902.0,315991.0,303165.0,294080.0,284404.0,274346.0,264012.0,253827.0,243732.0,233981.0,224581.0,215715.0,207359.0,199230.0,194960.0,187515.0,180312.0,173357.0,166554.0,160051.0,153747.0,147664.0,141862.0,136412.0,131773.0,127488.0,123681.0,120492.0,117831.0,114506.0,111666.0,108536.0,104835.0,100740.0,96814.0,93013.0,89041.0,84897.0,80647.0,76446.0,72294.0,68489.0,65237.0,62259.0,59232.0,56275.0,53592.0,50938.0,48098.0,45281.0,42696.0,39911.0,36689.0,33558.0,30658.0,27942.0,25558.0,23930.0,21999.0,19620.0,17845.0,16437.0,14828.0,13241.0,11694.0,10205.0,8784.0,7488.0,6293.0,5219.0,4283.0,3468.0,2769.0,2166.0,1667.0,1261.0,936.0,669.0,444.0,515.0,175.0,396.0,390461.0,386214.0,380440.0,373458.0,365304.0,356453.0,348312.0,341888.0,336793.0,334356.0,334069.0,335138.0,336758.0,338278.0,339454.0,339888.0,339214.0,337325.0,334098.0,329382.0,323139.0,315034.0,306625.0,297340.0,287609.0,277477.0,267256.0,256971.0,246821.0,237023.0,227515.0,218392.0,209681.0,200376.0,192167.0,184208.0,176230.0,168662.0,161263.0,154009.0,146930.0,140045.0,133800.0,128092.0,122884.0,118248.0,114056.0,110409.0,107702.0,105424.0,102757.0,99361.0,95446.0,91693.0,88044.0,84247.0,80249.0,76186.0,72164.0,68166.0,64549.0,61441.0,58610.0,55713.0,52800.0,50320.0,47928.0,45300.0,42697.0,40406.0,37809.0,34590.0,31463.0,28608.0,26089.0,24035.0,23020.0,21793.0,20612.0,19042.0,18013.0,16501.0,14988.0,13456.0,11972.0,10560.0,9204.0,7948.0,6761.0,5682.0,4731.0,3878.0,3126.0,2484.0,1939.0,1476.0,1094.0,768.0,837.0,333.0,845.0,787099.0,775133.0,762197.0,747327.0,730419.0,712392.0,695768.0,682360.0,672236.0,666917.0,665953.0,667766.0,670673.0,673316.0,675257.0,675652.0,673744.0,669453.0,662374.0,652284.0,639130.0,618199.0,600705.0,581744.0,561955.0,541489.0,521083.0,500703.0,480802.0,461604.0,443230.0,425751.0,408911.0,395336.0,379682.0,364520.0,349587.0,335216.0,321314.0,307756.0,294594.0,281907.0,270212.0,259865.0,250372.0,241929.0,234548.0,228240.0,222208.0,217090.0,211293.0,204196.0,196186.0,188507.0,181057.0,173288.0,165146.0,156833.0,148610.0,140460.0,133038.0,126678.0,120869.0,114945.0,109075.0,103912.0,98866.0,93398.0,87978.0,83102.0,77720.0,71279.0,65021.0,59266.0,54031.0,49593.0,46950.0,43792.0,40232.0,36887.0,34450.0,31329.0,28229.0,25150.0,22177.0,19344.0,16692.0,14241.0,11980.0,9965.0,8199.0,6647.0,5292.0,4151.0,3200.0,2412.0,1763.0,1212.0,1352.0,508.0,1241.0,14595339.0,14694405.0,29289744.0
1984,400843.0,390720.0,385533.0,379394.0,371865.0,363226.0,354098.0,345632.0,338684.0,333737.0,330914.0,330255.0,331001.0,332266.0,333327.0,334030.0,333905.0,332568.0,330065.0,326114.0,320665.0,313691.0,300621.0,291515.0,281845.0,271814.0,261532.0,251414.0,241394.0,231781.0,222532.0,213784.0,205565.0,197569.0,193420.0,186037.0,178875.0,171963.0,165201.0,158738.0,152473.0,146410.0,140624.0,135183.0,130543.0,126258.0,122448.0,119235.0,116546.0,113208.0,110327.0,107182.0,103479.0,99402.0,95508.0,91714.0,87755.0,83635.0,79392.0,75201.0,71049.0,67216.0,63913.0,60844.0,57776.0,54823.0,52111.0,49285.0,46281.0,43440.0,40844.0,38054.0,34850.0,31743.0,28868.0,26173.0,23816.0,22171.0,20302.0,17992.0,16280.0,14938.0,13394.0,11880.0,10427.0,9034.0,7732.0,6558.0,5479.0,4530.0,3706.0,2993.0,2384.0,1866.0,1440.0,1094.0,817.0,587.0,391.0,473.0,435.0,395021.0,389455.0,385745.0,380364.0,373342.0,365012.0,355965.0,347694.0,341240.0,336087.0,333642.0,333342.0,334420.0,336037.0,337533.0,338681.0,339096.0,338388.0,336438.0,333161.0,328399.0,322103.0,313918.0,305464.0,296138.0,286383.0,276253.0,266050.0,255798.0,245691.0,235933.0,226443.0,217340.0,208638.0,199371.0,191188.0,183244.0,175278.0,167717.0,160330.0,153069.0,146000.0,139122.0,132867.0,127149.0,121925.0,117283.0,113086.0,109433.0,106697.0,104389.0,101704.0,98303.0,94398.0,90677.0,87062.0,83299.0,79345.0,75319.0,71333.0,67360.0,63742.0,60604.0,57726.0,54814.0,51925.0,49484.0,46873.0,44013.0,41393.0,39082.0,36479.0,33270.0,30169.0,27330.0,24830.0,22784.0,21705.0,20494.0,19340.0,17789.0,16776.0,15300.0,13814.0,12338.0,10924.0,9579.0,8298.0,7125.0,6024.0,5043.0,4181.0,3405.0,2741.0,2176.0,1698.0,1294.0,961.0,677.0,759.0,925.0,795864.0,780175.0,771278.0,759758.0,745207.0,728238.0,710063.0,693326.0,679924.0,669824.0,664556.0,663597.0,665421.0,668303.0,670860.0,672711.0,673001.0,670956.0,666503.0,659275.0,649064.0,635794.0,614539.0,596979.0,577983.0,558197.0,537785.0,517464.0,497192.0,477472.0,458465.0,440227.0,422905.0,406207.0,392791.0,377225.0,362119.0,347241.0,332918.0,319068.0,305542.0,292410.0,279746.0,268050.0,257692.0,248183.0,239731.0,232321.0,225979.0,219905.0,214716.0,208886.0,201782.0,193800.0,186185.0,178776.0,171054.0,162980.0,154711.0,146534.0,138409.0,130958.0,124517.0,118570.0,112590.0,106748.0,101595.0,96158.0,90294.0,84833.0,79926.0,74533.0,68120.0,61912.0,56198.0,51003.0,46600.0,43876.0,40796.0,37332.0,34069.0,31714.0,28694.0,25694.0,22765.0,19958.0,17311.0,14856.0,12604.0,10554.0,8749.0,7174.0,5789.0,4607.0,3616.0,2792.0,2111.0,1548.0,1068.0,1232.0,1360.0,14842645.0,15000046.0,29842691.0
1985,403415.0,396489.0,392407.0,387848.0,381825.0,373807.0,364270.0,354094.0,344572.0,336724.0,331182.0,327784.0,326696.0,327167.0,328238.0,329119.0,329759.0,329558.0,328059.0,325449.0,321337.0,315800.0,308737.0,300355.0,291101.0,281355.0,271287.0,260954.0,250817.0,240852.0,231338.0,222138.0,213477.0,205246.0,197389.0,189855.0,182631.0,175596.0,168777.0,162120.0,155752.0,149569.0,143579.0,137860.0,132483.0,127884.0,123649.0,119860.0,116650.0,113983.0,110635.0,107783.0,104654.0,101003.0,97011.0,93176.0,89429.0,85541.0,81451.0,77248.0,73098.0,68943.0,65092.0,61696.0,58616.0,55570.0,52610.0,49667.0,46684.0,43687.0,40864.0,38284.0,35503.0,32365.0,29324.0,26498.0,23972.0,21662.0,20044.0,18987.0,16876.0,16054.0,15236.0,14412.0,13594.0,12774.0,11957.0,11116.0,10298.0,9480.0,8656.0,7837.0,7019.0,6199.0,5345.0,4516.0,3707.0,2898.0,2090.0,1282.0,2555.0,397898.0,393398.0,390218.0,386297.0,380687.0,373464.0,364965.0,355837.0,347138.0,339995.0,333911.0,331075.0,330538.0,331545.0,333158.0,334713.0,336001.0,336556.0,335897.0,333952.0,330653.0,325850.0,319438.0,311524.0,302856.0,293326.0,283418.0,273166.0,262880.0,252584.0,242417.0,232599.0,223071.0,213888.0,205014.0,196625.0,188499.0,180629.0,172749.0,165270.0,157937.0,150744.0,143751.0,136914.0,130700.0,125017.0,119833.0,115231.0,111066.0,107413.0,104677.0,102362.0,99694.0,96326.0,92501.0,88856.0,85302.0,81609.0,77723.0,73768.0,69838.0,65893.0,62264.0,59084.0,56197.0,53335.0,50537.0,47763.0,44928.0,42079.0,39466.0,37161.0,34556.0,31400.0,28345.0,25577.0,23223.0,21166.0,20050.0,19710.0,19467.0,18537.0,17614.0,16681.0,15753.0,14819.0,13892.0,12966.0,12032.0,11100.0,10143.0,9219.0,8292.0,7368.0,6441.0,5522.0,4595.0,3665.0,2744.0,1818.0,3638.0,801313.0,789887.0,782625.0,774145.0,762512.0,747271.0,729235.0,709931.0,691710.0,676719.0,665093.0,658859.0,657234.0,658712.0,661396.0,663832.0,665760.0,666114.0,663956.0,659401.0,651990.0,641650.0,628175.0,611879.0,593957.0,574681.0,554705.0,534120.0,513697.0,493436.0,473755.0,454737.0,436548.0,419134.0,402403.0,386480.0,371130.0,356225.0,341526.0,327390.0,313689.0,300313.0,287330.0,274774.0,263183.0,252901.0,243482.0,235091.0,227716.0,221396.0,215312.0,210145.0,204348.0,197329.0,189512.0,182032.0,174731.0,167150.0,159174.0,151016.0,142936.0,134836.0,127356.0,120780.0,114813.0,108905.0,103147.0,97430.0,91612.0,85766.0,80330.0,75445.0,70059.0,63765.0,57669.0,52075.0,47195.0,42828.0,40094.0,38697.0,36343.0,34591.0,32850.0,31093.0,29347.0,27593.0,25849.0,24082.0,22330.0,20580.0,18799.0,17056.0,15311.0,13567.0,11786.0,10038.0,8302.0,6563.0,4834.0,3100.0,6193.0,15125891.0,15294001.0,30419892.0
1986,404814.0,398776.0,394217.0,391004.0,386823.0,380983.0,373103.0,363668.0,353569.0,344126.0,336339.0,330817.0,327377.0,326222.0,326573.0,327504.0,328239.0,328700.0,328341.0,326679.0,323936.0,319700.0,314063.0,306926.0,298494.0,289209.0,279464.0,269413.0,259128.0,249042.0,239186.0,229759.0,220629.0,212064.0,203887.0,196080.0,188591.0,181387.0,174382.0,167580.0,160952.0,154603.0,148416.0,142429.0,136710.0,131324.0,126718.0,122475.0,118645.0,115422.0,112718.0,109334.0,106476.0,103339.0,99712.0,95753.0,91917.0,88196.0,84316.0,80223.0,76037.0,71863.0,67687.0,63764.0,60266.0,57191.0,54148.0,51172.0,47885.0,44868.0,41865.0,39044.0,36434.0,33658.0,30555.0,27545.0,24764.0,22283.0,20018.0,18407.0,17299.0,15263.0,14385.0,13513.0,12650.0,11795.0,10947.0,10141.0,9299.0,8506.0,7740.0,6966.0,6223.0,5500.0,4799.0,4094.0,3412.0,2779.0,2158.0,1548.0,2686.0,399131.0,394641.0,391358.0,388985.0,385398.0,379966.0,372857.0,364447.0,355401.0,346771.0,339672.0,333587.0,330744.0,330185.0,331145.0,332692.0,334181.0,335412.0,335872.0,335127.0,333115.0,329742.0,324872.0,318416.0,310468.0,301785.0,292269.0,282391.0,272179.0,261947.0,251701.0,241564.0,231763.0,222260.0,213075.0,204213.0,195823.0,187711.0,179826.0,171943.0,164456.0,157098.0,149924.0,142892.0,136059.0,129820.0,124127.0,118931.0,114317.0,110142.0,106471.0,103690.0,101359.0,98684.0,95329.0,91546.0,87927.0,84405.0,80745.0,76895.0,72970.0,69054.0,65094.0,61427.0,58190.0,55324.0,52480.0,49776.0,46480.0,43639.0,40779.0,38157.0,35821.0,33207.0,30079.0,27036.0,24318.0,21974.0,19926.0,18786.0,18356.0,18000.0,17015.0,16038.0,15036.0,14080.0,13117.0,12158.0,11220.0,10288.0,9377.0,8466.0,7587.0,6731.0,5908.0,5094.0,4320.0,3539.0,2802.0,2084.0,3998.0,803945.0,793417.0,785575.0,779989.0,772221.0,760949.0,745960.0,728115.0,708970.0,690897.0,676011.0,664404.0,658121.0,656407.0,657718.0,660196.0,662420.0,664112.0,664213.0,661806.0,657051.0,649442.0,638935.0,625342.0,608962.0,590994.0,571733.0,551804.0,531307.0,510989.0,490887.0,471323.0,452392.0,434324.0,416962.0,400293.0,384414.0,369098.0,354208.0,339523.0,325408.0,311701.0,298340.0,285321.0,272769.0,261144.0,250845.0,241406.0,232962.0,225564.0,219189.0,213024.0,207835.0,202023.0,195041.0,187299.0,179844.0,172601.0,165061.0,157118.0,149007.0,140917.0,132781.0,125191.0,118456.0,112515.0,106628.0,100948.0,94365.0,88507.0,82644.0,77201.0,72255.0,66865.0,60634.0,54581.0,49082.0,44257.0,39944.0,37193.0,35655.0,33263.0,31400.0,29551.0,27686.0,25875.0,24064.0,22299.0,20519.0,18794.0,17117.0,15432.0,13810.0,12231.0,10707.0,9188.0,7732.0,6318.0,4960.0,3632.0,6684.0,15391629.0,15589183.0,30980812.0
1987,409260.0,400494.0,396585.0,392859.0,389989.0,385989.0,380266.0,372476.0,363124.0,353096.0,343715.0,335934.0,330398.0,326887.0,325629.0,325831.0,326605.0,327161.0,327459.0,326922.0,325116.0,322228.0,317878.0,312150.0,304951.0,296480.0,287192.0,277467.0,267462.0,257250.0,247259.0,237492.0,228161.0,219116.0,210628.0,202508.0,194750.0,187300.0,180136.0,173150.0,166372.0,159759.0,153413.0,147244.0,141247.0,135530.0,130134.0,125512.0,121243.0,117394.0,114136.0,111385.0,107986.0,105107.0,101967.0,98345.0,94416.0,90586.0,86882.0,83012.0,78923.0,74730.0,70552.0,66344.0,62353.0,58766.0,55679.0,52640.0,49660.0,46035.0,43007.0,40001.0,37166.0,34548.0,31773.0,28714.0,25753.0,23029.0,20599.0,18390.0,16786.0,15645.0,13680.0,12764.0,11870.0,10984.0,10123.0,9285.0,8498.0,7694.0,6947.0,6244.0,5542.0,4885.0,4270.0,3687.0,3109.0,2568.0,2074.0,1607.0,2972.0,403247.0,396023.0,392682.0,390166.0,388094.0,384671.0,379349.0,372326.0,363985.0,354997.0,346418.0,339327.0,333246.0,330368.0,329769.0,330676.0,332157.0,333592.0,334727.0,335111.0,334278.0,332190.0,328747.0,323825.0,317327.0,309366.0,300695.0,291219.0,281381.0,271223.0,261032.0,250827.0,240712.0,230929.0,221441.0,212262.0,203401.0,195024.0,186908.0,179015.0,171118.0,163620.0,156241.0,149064.0,142016.0,135166.0,128915.0,123216.0,118008.0,113377.0,109196.0,105522.0,102681.0,100331.0,97644.0,94298.0,90556.0,86961.0,83464.0,79835.0,76016.0,72116.0,68215.0,64240.0,60544.0,57234.0,54393.0,51552.0,48958.0,45166.0,42303.0,39447.0,36800.0,34443.0,31820.0,28717.0,25712.0,23026.0,20709.0,18688.0,17513.0,16995.0,16537.0,15503.0,14489.0,13453.0,12471.0,11500.0,10541.0,9615.0,8710.0,7846.0,6992.0,6187.0,5417.0,4692.0,4004.0,3355.0,2722.0,2146.0,4464.0,812507.0,796517.0,789267.0,783025.0,778083.0,770660.0,759615.0,744802.0,727109.0,708093.0,690133.0,675261.0,663644.0,657255.0,655398.0,656507.0,658762.0,660753.0,662186.0,662033.0,659394.0,654418.0,646625.0,635975.0,622278.0,605846.0,587887.0,568686.0,548843.0,528473.0,508291.0,488319.0,468873.0,450045.0,432069.0,414770.0,398151.0,382324.0,367044.0,352165.0,337490.0,323379.0,309654.0,296308.0,283263.0,270696.0,259049.0,248728.0,239251.0,230771.0,223332.0,216907.0,210667.0,205438.0,199611.0,192643.0,184972.0,177547.0,170346.0,162847.0,154939.0,146846.0,138767.0,130584.0,122897.0,116000.0,110072.0,104192.0,98618.0,91201.0,85310.0,79448.0,73966.0,68991.0,63593.0,57431.0,51465.0,46055.0,41308.0,37078.0,34299.0,32640.0,30217.0,28267.0,26359.0,24437.0,22594.0,20785.0,19039.0,17309.0,15657.0,14090.0,12534.0,11072.0,9687.0,8379.0,7113.0,5923.0,4796.0,3753.0,7436.0,15660919.0,15889213.0,31550132.0
1988,414015.0,404995.0,398401.0,395245.0,391839.0,389133.0,385247.0,379617.0,371891.0,362616.0,352639.0,343281.0,335472.0,329874.0,326251.0,324843.0,324888.0,325483.0,325847.0,325963.0,325261.0,323303.0,320283.0,315831.0,310024.0,302778.0,294305.0,285044.0,275367.0,265433.0,255328.0,245443.0,235771.0,226540.0,217580.0,209161.0,201097.0,193390.0,185970.0,178851.0,171878.0,165126.0,158519.0,152179.0,146023.0,140010.0,134299.0,128884.0,124247.0,119947.0,116078.0,112779.0,109992.0,106568.0,103667.0,100514.0,96906.0,92991.0,89173.0,85482.0,81617.0,77534.0,73333.0,69147.0,64908.0,60852.0,57180.0,54082.0,51054.0,48060.0,44129.0,41103.0,38084.0,35243.0,32626.0,29858.0,26856.0,23957.0,21299.0,18924.0,16781.0,15191.0,14024.0,12153.0,11220.0,10321.0,9438.0,8601.0,7790.0,7046.0,6295.0,5618.0,4984.0,4371.0,3800.0,3288.0,2816.0,2345.0,1931.0,1549.0,3218.0,407578.0,400001.0,394107.0,391503.0,389271.0,387346.0,384020.0,378773.0,371819.0,363538.0,354596.0,346027.0,338930.0,332845.0,329919.0,329262.0,330128.0,331523.0,332880.0,333926.0,334225.0,333312.0,331154.0,327637.0,322680.0,316164.0,308207.0,299576.0,290145.0,280361.0,270254.0,260097.0,249926.0,239830.0,230066.0,220578.0,211426.0,202560.0,194178.0,186065.0,178152.0,170244.0,162732.0,155336.0,148145.0,141094.0,134221.0,127970.0,122258.0,117039.0,112397.0,108215.0,104518.0,101633.0,99254.0,96546.0,93216.0,89499.0,85936.0,82463.0,78854.0,75065.0,71194.0,67305.0,63312.0,59589.0,56209.0,53391.0,50553.0,48063.0,43798.0,40928.0,38061.0,35385.0,33019.0,30386.0,27321.0,24358.0,21713.0,19424.0,17435.0,16233.0,15633.0,15087.0,14020.0,12981.0,11940.0,10953.0,9993.0,9053.0,8163.0,7307.0,6503.0,5728.0,4998.0,4330.0,3703.0,3133.0,2598.0,2098.0,4867.0,821593.0,804996.0,792508.0,786748.0,781110.0,776479.0,769267.0,758390.0,743710.0,726154.0,707235.0,689308.0,674402.0,662719.0,656170.0,654105.0,655016.0,657006.0,658727.0,659889.0,659486.0,656615.0,651437.0,643468.0,632704.0,618942.0,602512.0,584620.0,565512.0,545794.0,525582.0,505540.0,485697.0,466370.0,447646.0,429739.0,412523.0,395950.0,380148.0,364916.0,350030.0,335370.0,321251.0,307515.0,294168.0,281104.0,268520.0,256854.0,246505.0,236986.0,228475.0,220994.0,214510.0,208201.0,202921.0,197060.0,190122.0,182490.0,175109.0,167945.0,160471.0,152599.0,144527.0,136452.0,128220.0,120441.0,113389.0,107473.0,101607.0,96123.0,87927.0,82031.0,76145.0,70628.0,65645.0,60244.0,54177.0,48315.0,43012.0,38348.0,34216.0,31424.0,29657.0,27240.0,25240.0,23302.0,21378.0,19554.0,17783.0,16099.0,14458.0,12925.0,11487.0,10099.0,8798.0,7618.0,6519.0,5478.0,4529.0,3647.0,8085.0,15932188.0,16191985.0,32124173.0
1989,419165.0,409869.0,402796.0,397088.0,394189.0,390942.0,388339.0,384531.0,378968.0,371303.0,362090.0,352130.0,342752.0,334877.0,329157.0,325393.0,323809.0,323676.0,324066.0,324235.0,324163.0,323296.0,321183.0,318048.0,313503.0,307643.0,300381.0,291932.0,282731.0,273135.0,263307.0,253325.0,243560.0,233990.0,224850.0,215978.0,207619.0,199616.0,191952.0,184571.0,177487.0,170526.0,163794.0,157202.0,150861.0,144713.0,138689.0,132980.0,127539.0,122894.0,118558.0,114669.0,111339.0,108507.0,105058.0,102133.0,98973.0,95359.0,91472.0,87652.0,83982.0,80120.0,76046.0,71828.0,67643.0,63362.0,59254.0,55506.0,52396.0,49378.0,46385.0,42169.0,39136.0,36122.0,33279.0,30669.0,27928.0,24987.0,22155.0,19581.0,17272.0,15197.0,13633.0,12459.0,10687.0,9770.0,8876.0,8028.0,7227.0,6471.0,5782.0,5101.0,4500.0,3939.0,3418.0,2933.0,2515.0,2138.0,1768.0,1451.0,3355.0,412320.0,404223.0,397864.0,392897.0,390573.0,388473.0,386636.0,383368.0,378181.0,371290.0,363047.0,354121.0,345554.0,338439.0,332328.0,329344.0,328629.0,329428.0,330736.0,331999.0,332949.0,333166.0,332161.0,329936.0,326375.0,321391.0,314879.0,306957.0,298382.0,289003.0,279271.0,269216.0,259089.0,248948.0,238869.0,229126.0,219649.0,210507.0,201637.0,193246.0,185127.0,177205.0,169279.0,161751.0,154344.0,147145.0,140083.0,133201.0,126942.0,121231.0,115996.0,111348.0,107159.0,103450.0,100506.0,98101.0,95369.0,92052.0,88363.0,84824.0,81378.0,77793.0,74027.0,70180.0,66309.0,62299.0,58552.0,55100.0,52308.0,49473.0,47094.0,42376.0,39486.0,36611.0,33918.0,31541.0,28908.0,25892.0,22975.0,20374.0,18126.0,16170.0,14946.0,14279.0,13661.0,12582.0,11534.0,10507.0,9535.0,8602.0,7711.0,6867.0,6074.0,5346.0,4650.0,4014.0,3441.0,2909.0,2446.0,2016.0,5145.0,831485.0,814092.0,800660.0,789985.0,784762.0,779415.0,774975.0,767899.0,757149.0,742593.0,725137.0,706251.0,688306.0,673316.0,661485.0,654737.0,652438.0,653104.0,654802.0,656234.0,657112.0,656462.0,653344.0,647984.0,639878.0,629034.0,615260.0,598889.0,581113.0,562138.0,542578.0,522541.0,502649.0,482938.0,463719.0,445104.0,427268.0,410123.0,393589.0,377817.0,362614.0,347731.0,333073.0,318953.0,305205.0,291858.0,278772.0,266181.0,254481.0,244125.0,234554.0,226017.0,218498.0,211957.0,205564.0,200234.0,194342.0,187411.0,179835.0,172476.0,165360.0,157913.0,150073.0,142008.0,133952.0,125661.0,117806.0,110606.0,104704.0,98851.0,93479.0,84545.0,78622.0,72733.0,67197.0,62210.0,56836.0,50879.0,45130.0,39955.0,35398.0,31367.0,28579.0,26738.0,24348.0,22352.0,20410.0,18535.0,16762.0,15073.0,13493.0,11968.0,10574.0,9285.0,8068.0,6947.0,5956.0,5047.0,4214.0,3467.0,8500.0,16203009.0,16494838.0,32697847.0
1990,424466.0,415219.0,407644.0,401312.0,396016.0,393222.0,390067.0,387536.0,383794.0,378290.0,370672.0,361476.0,351500.0,342061.0,334060.0,328186.0,324250.0,322470.0,322122.0,322302.0,322266.0,322010.0,320974.0,318716.0,315474.0,310860.0,304980.0,297733.0,289348.0,280246.0,270760.0,261068.0,251216.0,241577.0,232112.0,223062.0,214270.0,205980.0,198029.0,190414.0,183063.0,176013.0,169066.0,162354.0,155773.0,149433.0,143288.0,137248.0,131542.0,126090.0,121422.0,117061.0,113158.0,109785.0,106918.0,103442.0,100485.0,97316.0,93699.0,89838.0,86025.0,82371.0,78509.0,74443.0,70213.0,66025.0,61709.0,57557.0,53735.0,50619.0,47617.0,44630.0,40164.0,37118.0,34112.0,31287.0,28686.0,25987.0,23112.0,20374.0,17875.0,15642.0,13646.0,12123.0,10965.0,9312.0,8418.0,7562.0,6754.0,6013.0,5323.0,4694.0,4093.0,3575.0,3090.0,2658.0,2245.0,1918.0,1621.0,1339.0,3386.0,417203.0,409070.0,401928.0,396376.0,391904.0,389714.0,387684.0,385908.0,382683.0,377552.0,370702.0,362478.0,353548.0,344976.0,337826.0,331667.0,328632.0,327834.0,328554.0,329755.0,330920.0,331775.0,331899.0,330808.0,328531.0,324945.0,319963.0,313486.0,305608.0,297105.0,287783.0,278105.0,268095.0,257998.0,247884.0,237827.0,228097.0,218631.0,209493.0,200616.0,192212.0,184092.0,176151.0,168213.0,160671.0,153257.0,146048.0,138985.0,132092.0,125831.0,120118.0,114876.0,110226.0,106022.0,102300.0,99296.0,96862.0,94111.0,90804.0,87138.0,83621.0,80202.0,76639.0,72902.0,69073.0,65221.0,61194.0,57429.0,53908.0,51141.0,48324.0,46045.0,40887.0,37979.0,35103.0,32399.0,30015.0,27397.0,24430.0,21572.0,19022.0,16810.0,14904.0,13668.0,12943.0,12273.0,11202.0,10161.0,9170.0,8225.0,7344.0,6508.0,5724.0,5012.0,4363.0,3747.0,3206.0,2720.0,2286.0,1914.0,5304.0,841669.0,824289.0,809572.0,797688.0,787920.0,782936.0,777751.0,773444.0,766477.0,755842.0,741374.0,723954.0,705048.0,687037.0,671886.0,659853.0,652882.0,650304.0,650676.0,652057.0,653186.0,653785.0,652873.0,649524.0,644005.0,635805.0,624943.0,611219.0,594956.0,577351.0,558543.0,539173.0,519311.0,499575.0,479996.0,460889.0,442367.0,424611.0,407522.0,391030.0,375275.0,360105.0,345217.0,330567.0,316444.0,302690.0,289336.0,276233.0,263634.0,251921.0,241540.0,231937.0,223384.0,215807.0,209218.0,202738.0,197347.0,191427.0,184503.0,176976.0,169646.0,162573.0,155148.0,147345.0,139286.0,131246.0,122903.0,114986.0,107643.0,101760.0,95941.0,90675.0,81051.0,75097.0,69215.0,63686.0,58701.0,53384.0,47542.0,41946.0,36897.0,32452.0,28550.0,25791.0,23908.0,21585.0,19620.0,17723.0,15924.0,14238.0,12667.0,11202.0,9817.0,8587.0,7453.0,6405.0,5451.0,4638.0,3907.0,3253.0,8690.0,16471299.0,16796855.0,33268154.0
1991,429517.0,420885.0,413090.0,406118.0,400081.0,395050.0,392294.0,389207.0,386729.0,383049.0,377587.0,369988.0,360775.0,350730.0,341181.0,333011.0,326957.0,322825.0,320825.0,320252.0,320212.0,319961.0,319527.0,318323.0,315953.0,312618.0,307978.0,302108.0,294922.0,286636.0,277663.0,268325.0,258770.0,249062.0,239549.0,230177.0,221216.0,212511.0,204281.0,196388.0,188816.0,181489.0,174468.0,167536.0,160846.0,154262.0,147926.0,141781.0,135725.0,130012.0,124548.0,119863.0,115480.0,111557.0,108156.0,105234.0,101736.0,98736.0,95558.0,91945.0,88099.0,84301.0,80653.0,76801.0,72732.0,68493.0,64305.0,59961.0,55767.0,51885.0,48765.0,45782.0,42811.0,38102.0,35057.0,32076.0,29271.0,26698.0,24045.0,21254.0,18607.0,16191.0,14051.0,12149.0,10679.0,9554.0,8037.0,7179.0,6376.0,5628.0,4953.0,4331.0,3782.0,3258.0,2816.0,2410.0,2053.0,1718.0,1462.0,1233.0,3337.0,421822.0,414178.0,406884.0,400293.0,395145.0,391023.0,388912.0,386935.0,385202.0,382019.0,376934.0,370099.0,361880.0,352946.0,344343.0,337150.0,330941.0,327828.0,326946.0,327572.0,328665.0,329733.0,330489.0,330527.0,329379.0,327073.0,323483.0,318535.0,312111.0,304289.0,295849.0,286589.0,276949.0,266989.0,256912.0,246826.0,236789.0,227061.0,217606.0,208462.0,199573.0,191159.0,183024.0,175069.0,167124.0,159568.0,152139.0,144926.0,137863.0,130957.0,124687.0,118984.0,113728.0,109071.0,104852.0,101113.0,98043.0,95575.0,92800.0,89502.0,85863.0,82356.0,78966.0,75418.0,71712.0,67898.0,64062.0,60028.0,56234.0,52654.0,49915.0,47113.0,44930.0,39346.0,36425.0,33550.0,30850.0,28457.0,25864.0,22948.0,20155.0,17658.0,15501.0,13640.0,12410.0,11647.0,10944.0,9887.0,8887.0,7931.0,7037.0,6213.0,5447.0,4735.0,4109.0,3535.0,3006.0,2556.0,2148.0,1803.0,5361.0,851339.0,835063.0,819974.0,806411.0,795226.0,786073.0,781206.0,776142.0,771931.0,765068.0,754521.0,740087.0,722655.0,703676.0,685524.0,670161.0,657898.0,650653.0,647771.0,647824.0,648877.0,649694.0,650016.0,648850.0,645332.0,639691.0,631461.0,620643.0,607033.0,590925.0,573512.0,554914.0,535719.0,516051.0,496461.0,477003.0,458005.0,439572.0,421887.0,404850.0,388389.0,372648.0,357492.0,342605.0,327970.0,313830.0,300065.0,286707.0,273588.0,260969.0,249235.0,238847.0,229208.0,220628.0,213008.0,206347.0,199779.0,194311.0,188358.0,181447.0,173962.0,166657.0,159619.0,152219.0,144444.0,136391.0,128367.0,119989.0,112001.0,104539.0,98680.0,92895.0,87741.0,77448.0,71482.0,65626.0,60121.0,55155.0,49909.0,44202.0,38762.0,33849.0,29552.0,25789.0,23089.0,21201.0,18981.0,17066.0,15263.0,13559.0,11990.0,10544.0,9229.0,7993.0,6925.0,5945.0,5059.0,4274.0,3610.0,3036.0,8698.0,16738667.0,17102324.0,33840991.0
1992,434298.0,426539.0,419059.0,411686.0,404894.0,399014.0,394176.0,391445.0,388409.0,385981.0,382351.0,376906.0,369287.0,360021.0,349850.0,340135.0,331786.0,325522.0,321170.0,318934.0,318141.0,317879.0,317429.0,316821.0,315477.0,313013.0,309637.0,305005.0,299191.0,292110.0,283954.0,275129.0,265954.0,256533.0,246971.0,237577.0,228302.0,219430.0,210799.0,202629.0,194780.0,187243.0,179943.0,172947.0,166029.0,159342.0,152758.0,146409.0,140260.0,134181.0,128463.0,122977.0,118277.0,113865.0,109926.0,106477.0,103499.0,99975.0,96931.0,93734.0,90127.0,86291.0,82499.0,78856.0,75004.0,70936.0,66692.0,62505.0,58138.0,53906.0,49967.0,46856.0,43893.0,40931.0,36004.0,32969.0,30019.0,27254.0,24714.0,22121.0,19414.0,16869.0,14555.0,12511.0,10715.0,9318.0,8250.0,6860.0,6065.0,5321.0,4645.0,4038.0,3498.0,3020.0,2577.0,2202.0,1873.0,1585.0,1312.0,1119.0,3232.0,426027.0,419135.0,412223.0,405385.0,398960.0,394075.0,390266.0,388206.0,386267.0,384582.0,381439.0,376371.0,369552.0,361324.0,352366.0,343719.0,336481.0,330212.0,327013.0,326037.0,326581.0,327560.0,328550.0,329212.0,329189.0,328019.0,325703.0,322141.0,317240.0,310877.0,303110.0,294722.0,285514.0,275909.0,265980.0,255930.0,245861.0,235833.0,226109.0,216651.0,207492.0,198585.0,190160.0,182006.0,174041.0,166085.0,158507.0,151067.0,143839.0,136775.0,129851.0,123575.0,117872.0,112598.0,107925.0,103687.0,99921.0,96782.0,94278.0,91469.0,88182.0,84557.0,81065.0,77694.0,74155.0,70474.0,66683.0,62855.0,58817.0,54993.0,51364.0,48648.0,45841.0,43748.0,37763.0,34838.0,31969.0,29276.0,26886.0,24314.0,21457.0,18732.0,16297.0,14203.0,12402.0,11191.0,10404.0,9680.0,8660.0,7703.0,6804.0,5971.0,5216.0,4525.0,3891.0,3346.0,2855.0,2409.0,2035.0,1704.0,5341.0,860325.0,845674.0,831282.0,817071.0,803854.0,793089.0,784442.0,779651.0,774676.0,770563.0,763790.0,753277.0,738839.0,721345.0,702216.0,683854.0,668267.0,655734.0,648183.0,644971.0,644722.0,645439.0,645979.0,646033.0,644666.0,641032.0,635340.0,627146.0,616431.0,602987.0,587064.0,569851.0,551468.0,532442.0,512951.0,493507.0,474163.0,455263.0,436908.0,419280.0,402272.0,385828.0,370103.0,354953.0,340070.0,325427.0,311265.0,297476.0,284099.0,270956.0,258314.0,246552.0,236149.0,226463.0,217851.0,210164.0,203420.0,196757.0,191209.0,185203.0,178309.0,170848.0,163564.0,156550.0,149159.0,141410.0,133375.0,125360.0,116955.0,108899.0,101331.0,95504.0,89734.0,84679.0,73767.0,67807.0,61988.0,56530.0,51600.0,46435.0,40871.0,35601.0,30852.0,26714.0,23117.0,20509.0,18654.0,16540.0,14725.0,13024.0,11449.0,10009.0,8714.0,7545.0,6468.0,5548.0,4728.0,3994.0,3347.0,2823.0,8573.0,17010121.0,17415794.0,34425915.0
1993,441599.0,432963.0,425547.0,418044.0,410578.0,403740.0,397970.0,393386.0,390189.0,387710.0,385315.0,381673.0,376242.0,368595.0,359185.0,348859.0,338930.0,330376.0,323855.0,319253.0,316770.0,315742.0,315266.0,314651.0,313893.0,312448.0,309947.0,306599.0,302051.0,296377.0,289474.0,281490.0,272844.0,263849.0,254609.0,245152.0,235862.0,226708.0,217905.0,209321.0,201176.0,193356.0,185826.0,178555.0,171542.0,164654.0,157933.0,151336.0,144969.0,138750.0,132725.0,126918.0,121456.0,116704.0,112309.0,108287.0,104799.0,101813.0,98192.0,95129.0,91885.0,88292.0,84470.0,80690.0,77024.0,73182.0,69113.0,64878.0,60673.0,56308.0,52047.0,48044.0,44927.0,42033.0,39094.0,33924.0,30938.0,28021.0,25298.0,22803.0,20280.0,17661.0,15218.0,13015.0,11094.0,9389.0,8100.0,7104.0,5820.0,5106.0,4446.0,3833.0,3304.0,2823.0,2420.0,2070.0,1745.0,1480.0,1250.0,1060.0,3019.0,430157.0,423656.0,417377.0,410759.0,403897.0,397466.0,392915.0,389546.0,387189.0,385707.0,384040.0,380922.0,375850.0,369016.0,360774.0,351781.0,343083.0,335784.0,329418.0,326177.0,325113.0,325509.0,326467.0,327330.0,327945.0,327882.0,326723.0,324422.0,320920.0,316079.0,309776.0,302088.0,293724.0,284553.0,275004.0,265074.0,255064.0,244986.0,234980.0,225240.0,215757.0,206588.0,197670.0,189220.0,181015.0,173046.0,165083.0,157499.0,150056.0,142769.0,135693.0,128801.0,122506.0,116733.0,111494.0,106792.0,102519.0,98741.0,95526.0,92941.0,90115.0,86822.0,83227.0,79719.0,76388.0,72869.0,69206.0,65423.0,61599.0,57594.0,53734.0,50048.0,47357.0,44525.0,42569.0,36184.0,33264.0,30397.0,27746.0,25341.0,22803.0,20002.0,17357.0,15010.0,12997.0,11243.0,10056.0,9280.0,8553.0,7582.0,6694.0,5856.0,5089.0,4410.0,3790.0,3249.0,2776.0,2355.0,1989.0,1680.0,5291.0,871756.0,856619.0,842924.0,828803.0,814475.0,801206.0,790885.0,782932.0,777378.0,773417.0,769355.0,762595.0,752092.0,737611.0,719959.0,700640.0,682013.0,666160.0,653273.0,645430.0,641883.0,641251.0,641733.0,641981.0,641838.0,640330.0,636670.0,631021.0,622971.0,612456.0,599250.0,583578.0,566568.0,548402.0,529613.0,510226.0,490926.0,471694.0,452885.0,434561.0,416933.0,399944.0,383496.0,367775.0,352557.0,337700.0,323016.0,308835.0,295025.0,281519.0,268418.0,255719.0,243962.0,233437.0,223803.0,215079.0,207318.0,200554.0,193718.0,188070.0,182000.0,175114.0,167697.0,160409.0,153412.0,146051.0,138319.0,130301.0,122272.0,113902.0,105781.0,98092.0,92284.0,86558.0,81663.0,70108.0,64202.0,58418.0,53044.0,48144.0,43083.0,37663.0,32575.0,28025.0,24091.0,20632.0,18156.0,16384.0,14373.0,12688.0,11140.0,9689.0,8393.0,7233.0,6210.0,5319.0,4521.0,3835.0,3239.0,2740.0,8310.0,17295277.0,17737031.0,35032308.0
1994,442145.0,438286.0,431055.0,424247.0,416977.0,409640.0,402878.0,397149.0,392621.0,389466.0,387024.0,384646.0,380981.0,375496.0,367728.0,358150.0,347642.0,337515.0,328738.0,321987.0,317159.0,314451.0,313211.0,312541.0,311772.0,310890.0,309377.0,306858.0,303553.0,299083.0,293534.0,286781.0,278957.0,270469.0,261621.0,252534.0,243199.0,234014.0,224957.0,216232.0,207712.0,199609.0,191838.0,184330.0,177076.0,170070.0,163184.0,156440.0,149834.0,143440.0,137198.0,131155.0,125332.0,119841.0,115059.0,110632.0,106566.0,103027.0,99981.0,96318.0,93203.0,89942.0,86343.0,82529.0,78744.0,75072.0,71228.0,67165.0,62929.0,58719.0,54348.0,50064.0,46020.0,42906.0,40046.0,37106.0,31780.0,28834.0,25968.0,23302.0,20857.0,18411.0,15900.0,13579.0,11498.0,9698.0,8131.0,6940.0,6016.0,4871.0,4233.0,3644.0,3106.0,2650.0,2242.0,1913.0,1620.0,1360.0,1148.0,973.0,2907.0,430428.0,427702.0,422031.0,416281.0,409868.0,403110.0,396730.0,392221.0,388880.0,386572.0,385123.0,383475.0,380367.0,375303.0,368449.0,360165.0,351134.0,342372.0,335011.0,328562.0,325237.0,324084.0,324379.0,325261.0,326065.0,326640.0,326574.0,325437.0,323175.0,319735.0,314943.0,308693.0,301048.0,292727.0,283578.0,274055.0,264155.0,254146.0,244077.0,234058.0,224306.0,214813.0,205624.0,196684.0,188220.0,179995.0,172010.0,164032.0,156431.0,148967.0,141664.0,134580.0,127678.0,121369.0,115587.0,110319.0,105598.0,101301.0,97486.0,94195.0,91566.0,88699.0,85406.0,81826.0,78314.0,75007.0,71501.0,67853.0,64086.0,60273.0,56263.0,52391.0,48642.0,45950.0,43132.0,41232.0,34519.0,31609.0,28755.0,26123.0,23728.0,21225.0,18493.0,15929.0,13675.0,11743.0,10076.0,8937.0,8155.0,7439.0,6525.0,5701.0,4935.0,4249.0,3647.0,3104.0,2641.0,2243.0,1891.0,1598.0,5232.0,872573.0,865988.0,853086.0,840528.0,826845.0,812750.0,799608.0,789370.0,781501.0,776038.0,772147.0,768121.0,761348.0,750799.0,736177.0,718315.0,698776.0,679887.0,663749.0,650549.0,642396.0,638535.0,637590.0,637802.0,637837.0,637530.0,635951.0,632295.0,626728.0,618818.0,608477.0,595474.0,580005.0,563196.0,545199.0,526589.0,507354.0,488160.0,469034.0,450290.0,432018.0,414422.0,397462.0,381014.0,365296.0,350065.0,335194.0,320472.0,306265.0,292407.0,278862.0,265735.0,253010.0,241210.0,230646.0,220951.0,212164.0,204328.0,197467.0,190513.0,184769.0,178641.0,171749.0,164355.0,157058.0,150079.0,142729.0,135018.0,127015.0,118992.0,110611.0,102455.0,94662.0,88856.0,83178.0,78338.0,66299.0,60443.0,54723.0,49425.0,44585.0,39636.0,34393.0,29508.0,25173.0,21441.0,18207.0,15877.0,14171.0,12310.0,10758.0,9345.0,8041.0,6899.0,5889.0,5017.0,4261.0,3603.0,3039.0,2571.0,8139.0,17572151.0,18057023.0,35629174.0
1995,444058.0,439184.0,436452.0,429784.0,423204.0,416051.0,408777.0,402062.0,396367.0,391876.0,388749.0,386320.0,383917.0,380192.0,374586.0,366650.0,356886.0,346182.0,335846.0,326865.0,319905.0,314882.0,311968.0,310565.0,309746.0,308884.0,307924.0,306402.0,303909.0,300680.0,296319.0,290904.0,284295.0,276631.0,268279.0,259543.0,250597.0,241358.0,232258.0,223282.0,214617.0,206139.0,198074.0,190333.0,182852.0,175593.0,168595.0,161689.0,154930.0,148307.0,141886.0,135623.0,129571.0,123726.0,118205.0,113394.0,108924.0,104815.0,101230.0,98123.0,94410.0,91261.0,87967.0,84364.0,80547.0,76765.0,73074.0,69239.0,65171.0,60945.0,56733.0,52368.0,48058.0,43973.0,40868.0,38047.0,35111.0,29664.0,26767.0,23958.0,21359.0,18971.0,16608.0,14214.0,12024.0,10082.0,8414.0,6993.0,5909.0,5056.0,4051.0,3486.0,2971.0,2505.0,2125.0,1777.0,1510.0,1275.0,1065.0,904.0,2786.0,432080.0,428224.0,426145.0,420969.0,415404.0,409081.0,402367.0,396027.0,391537.0,388218.0,385949.0,384507.0,382867.0,379756.0,374671.0,367783.0,359457.0,350373.0,341544.0,334111.0,327583.0,324178.0,322941.0,323156.0,323981.0,324755.0,325324.0,325287.0,324191.0,321980.0,318600.0,313850.0,307642.0,300021.0,291739.0,282609.0,273096.0,263209.0,253193.0,243123.0,233090.0,223317.0,213811.0,204605.0,195650.0,187172.0,178929.0,170933.0,162942.0,155319.0,147847.0,140540.0,133436.0,126539.0,120206.0,114409.0,109120.0,104382.0,100058.0,96192.0,92844.0,90162.0,87257.0,83954.0,80392.0,76871.0,73583.0,70083.0,66457.0,62696.0,58913.0,54889.0,50992.0,47183.0,44490.0,41684.0,39841.0,32831.0,29937.0,27095.0,24488.0,22108.0,19651.0,16995.0,14528.0,12377.0,10546.0,8972.0,7886.0,7114.0,6417.0,5574.0,4820.0,4134.0,3525.0,3002.0,2535.0,2149.0,1815.0,1532.0,5143.0,876138.0,867408.0,862597.0,850753.0,838608.0,825132.0,811144.0,798089.0,787904.0,780094.0,774698.0,770827.0,766784.0,759948.0,749257.0,734433.0,716343.0,696555.0,677390.0,660976.0,647488.0,639060.0,634909.0,633721.0,633727.0,633639.0,633248.0,631689.0,628100.0,622660.0,614919.0,604754.0,591937.0,576652.0,560018.0,542152.0,523693.0,504567.0,485451.0,466405.0,447707.0,429456.0,411885.0,394938.0,378502.0,362765.0,347524.0,332622.0,317872.0,303626.0,289733.0,276163.0,263007.0,250265.0,238411.0,227803.0,218044.0,209197.0,201288.0,194315.0,187254.0,181423.0,175224.0,168318.0,160939.0,153636.0,146657.0,139322.0,131628.0,123641.0,115646.0,107257.0,99050.0,91156.0,85358.0,79731.0,74952.0,62495.0,56704.0,51053.0,45847.0,41079.0,36259.0,31209.0,26552.0,22459.0,18960.0,15965.0,13795.0,12170.0,10468.0,9060.0,7791.0,6639.0,5650.0,4779.0,4045.0,3424.0,2880.0,2436.0,7929.0,17852340.0,18377490.0,36229830.0
1996,444550.0,441289.0,437616.0,435218.0,428770.0,422289.0,415197.0,407963.0,401282.0,395605.0,391134.0,388008.0,385553.0,383094.0,379230.0,373462.0,365331.0,355378.0,344471.0,333929.0,324765.0,317625.0,312436.0,309370.0,307841.0,306922.0,306012.0,305039.0,303542.0,301116.0,297991.0,293755.0,288465.0,281991.0,274461.0,266228.0,257591.0,248744.0,239594.0,230559.0,221641.0,213020.0,204580.0,196541.0,188825.0,181355.0,174089.0,167086.0,160158.0,153386.0,146738.0,140302.0,134019.0,127958.0,122091.0,116544.0,111691.0,107186.0,103036.0,99399.0,96238.0,92476.0,89286.0,85962.0,82350.0,78525.0,74739.0,71041.0,67212.0,63137.0,58921.0,54724.0,50354.0,46027.0,41909.0,38816.0,36040.0,33118.0,27578.0,24740.0,21993.0,19468.0,17142.0,14876.0,12611.0,10565.0,8774.0,7243.0,5966.0,4992.0,4224.0,3348.0,2860.0,2413.0,2018.0,1702.0,1416.0,1200.0,1008.0,847.0,2668.0,432439.0,429901.0,426869.0,425116.0,420108.0,414623.0,408337.0,401653.0,395327.0,390859.0,387549.0,385300.0,383851.0,382215.0,379069.0,373965.0,367018.0,358650.0,349503.0,340602.0,333093.0,326497.0,323004.0,321706.0,321862.0,322666.0,323437.0,324037.0,324042.0,322996.0,320836.0,317505.0,312794.0,306608.0,299014.0,290746.0,281624.0,272124.0,262230.0,252201.0,242124.0,232073.0,222277.0,212762.0,203539.0,194573.0,186082.0,177834.0,169820.0,161823.0,154181.0,146700.0,139393.0,132276.0,125375.0,119028.0,113211.0,107899.0,103142.0,98790.0,94880.0,91459.0,88723.0,85784.0,82460.0,78907.0,75393.0,72111.0,68615.0,65007.0,61267.0,57503.0,53462.0,49532.0,45666.0,42982.0,40185.0,38389.0,31118.0,28239.0,25416.0,22836.0,20482.0,18073.0,15515.0,13159.0,11120.0,9400.0,7924.0,6903.0,6163.0,5492.0,4730.0,4047.0,3443.0,2913.0,2463.0,2076.0,1747.0,1480.0,5044.0,876989.0,871190.0,864485.0,860334.0,848878.0,836912.0,823534.0,809616.0,796609.0,786464.0,778683.0,773308.0,769404.0,765309.0,758299.0,747427.0,732349.0,714028.0,693974.0,674531.0,657858.0,644122.0,635440.0,631076.0,629703.0,629588.0,629449.0,629076.0,627584.0,624112.0,618827.0,611260.0,601259.0,588599.0,573475.0,556974.0,539215.0,520868.0,501824.0,482760.0,463765.0,445093.0,426857.0,409303.0,392364.0,375928.0,360171.0,344920.0,329978.0,315209.0,300919.0,287002.0,273412.0,260234.0,247466.0,235572.0,224902.0,215085.0,206178.0,198189.0,191118.0,183935.0,178009.0,171746.0,164810.0,157432.0,150132.0,143152.0,135827.0,128144.0,120188.0,112227.0,103816.0,95559.0,87575.0,81798.0,76225.0,71507.0,58696.0,52979.0,47409.0,42304.0,37624.0,32949.0,28126.0,23724.0,19894.0,16643.0,13890.0,11895.0,10387.0,8840.0,7590.0,6460.0,5461.0,4615.0,3879.0,3276.0,2755.0,2327.0,7712.0,18133588.0,18696986.0,36830574.0
1997,443734.0,441940.0,439809.0,436612.0,434208.0,427862.0,421432.0,414374.0,407166.0,400496.0,394837.0,390356.0,387203.0,384680.0,382091.0,378059.0,372099.0,363763.0,353608.0,342508.0,331788.0,322463.0,315178.0,309857.0,306680.0,305070.0,304102.0,303189.0,302248.0,300813.0,298479.0,295468.0,291352.0,286179.0,279827.0,272397.0,264275.0,255714.0,246949.0,237871.0,228882.0,220020.0,211422.0,203017.0,195000.0,187292.0,179823.0,172549.0,165535.0,158585.0,151800.0,145129.0,138691.0,132388.0,126304.0,120415.0,114844.0,109954.0,105413.0,101222.0,97541.0,94316.0,90503.0,87277.0,83917.0,80285.0,76462.0,72669.0,68959.0,65138.0,61070.0,56861.0,52680.0,48303.0,43963.0,39836.0,36751.0,34030.0,31135.0,25525.0,22748.0,20076.0,17633.0,15380.0,13223.0,11104.0,9218.0,7571.0,6196.0,5053.0,4183.0,3508.0,2760.0,2336.0,1955.0,1622.0,1370.0,1134.0,959.0,812.0,2556.0,431513.0,430270.0,428520.0,425979.0,424251.0,419327.0,413864.0,407595.0,400915.0,394611.0,390157.0,386834.0,384596.0,383134.0,381483.0,378295.0,373150.0,366146.0,357717.0,348508.0,339524.0,331938.0,325282.0,321723.0,320377.0,320502.0,321316.0,322114.0,322765.0,322823.0,321823.0,319713.0,316413.0,311734.0,305564.0,297978.0,289725.0,280599.0,271103.0,261191.0,251156.0,241058.0,230992.0,221180.0,211648.0,202424.0,193445.0,184943.0,176698.0,168668.0,160661.0,153008.0,145525.0,138210.0,131090.0,124180.0,117825.0,111984.0,106645.0,101868.0,97486.0,93532.0,90034.0,87245.0,84258.0,80917.0,77372.0,73863.0,70582.0,67091.0,63514.0,59782.0,56021.0,51965.0,48009.0,44092.0,41412.0,38623.0,36876.0,29382.0,26521.0,23715.0,21175.0,18862.0,16512.0,14068.0,11832.0,9918.0,8315.0,6940.0,5999.0,5298.0,4672.0,3984.0,3385.0,2854.0,2405.0,2017.0,1707.0,1434.0,4944.0,875247.0,872210.0,868329.0,862591.0,858459.0,847189.0,835296.0,821969.0,808081.0,795107.0,784994.0,777190.0,771799.0,767814.0,763574.0,756354.0,745249.0,729909.0,711325.0,691016.0,671312.0,654401.0,640460.0,631580.0,627057.0,625572.0,625418.0,625303.0,625013.0,623636.0,620302.0,615181.0,607765.0,597913.0,585391.0,570375.0,554000.0,536313.0,518052.0,499062.0,480038.0,461078.0,442414.0,424197.0,406648.0,389716.0,373268.0,357492.0,342233.0,327253.0,312461.0,298137.0,284216.0,270598.0,257394.0,244595.0,232669.0,221938.0,212058.0,203090.0,195027.0,187848.0,180537.0,174522.0,168175.0,161202.0,153834.0,146532.0,139541.0,132229.0,124584.0,116643.0,108701.0,100268.0,91972.0,83928.0,78163.0,72653.0,68011.0,54907.0,49269.0,43791.0,38808.0,34242.0,29735.0,25172.0,21050.0,17489.0,14511.0,11993.0,10182.0,8806.0,7432.0,6320.0,5340.0,4476.0,3775.0,3151.0,2666.0,2246.0,7500.0,18413639.0,19012893.0,37426532.0
1998,441583.0,441285.0,440540.0,438837.0,435795.0,433288.0,426985.0,420587.0,413539.0,406344.0,399672.0,394013.0,389491.0,386275.0,383619.0,380862.0,376642.0,370464.0,361924.0,351570.0,340301.0,329429.0,319974.0,312574.0,307160.0,303911.0,302270.0,301295.0,300418.0,299541.0,298201.0,295969.0,293068.0,289060.0,283989.0,277743.0,270397.0,262364.0,253870.0,245169.0,236147.0,227199.0,218374.0,209804.0,201429.0,193418.0,185719.0,178246.0,170949.0,163929.0,156962.0,150166.0,143479.0,137033.0,130708.0,124609.0,118698.0,113098.0,108177.0,103599.0,99365.0,95640.0,92348.0,88491.0,85221.0,81811.0,78171.0,74347.0,70548.0,66829.0,63013.0,58958.0,54766.0,50585.0,46219.0,41872.0,37746.0,34685.0,32019.0,29161.0,23504.0,20797.0,18215.0,15849.0,13707.0,11667.0,9704.0,7979.0,6488.0,5262.0,4246.0,3490.0,2901.0,2261.0,1905.0,1585.0,1307.0,1106.0,913.0,780.0,2466.0,429393.0,429277.0,428826.0,427556.0,425235.0,423441.0,418539.0,413087.0,406817.0,400141.0,393846.0,389388.0,386057.0,383806.0,382331.0,380641.0,377412.0,372204.0,365139.0,356641.0,347355.0,338304.0,330632.0,323925.0,320326.0,318955.0,319086.0,319934.0,320781.0,321496.0,321602.0,320647.0,318571.0,315298.0,310636.0,304474.0,296900.0,288640.0,279517.0,270002.0,260072.0,250037.0,239911.0,229837.0,220013.0,210480.0,201247.0,192260.0,183753.0,175505.0,167466.0,159458.0,151791.0,144312.0,136993.0,129865.0,122952.0,116576.0,110722.0,105346.0,100548.0,96134.0,92133.0,88561.0,85706.0,82677.0,79321.0,75779.0,72271.0,68992.0,65511.0,61958.0,58230.0,54462.0,50398.0,46413.0,42454.0,39783.0,37002.0,35296.0,27621.0,24774.0,22015.0,19514.0,17253.0,14987.0,12662.0,10564.0,8776.0,7304.0,6033.0,5176.0,4532.0,3945.0,3342.0,2818.0,2363.0,1986.0,1660.0,1407.0,4856.0,870976.0,870562.0,869366.0,866393.0,861030.0,856729.0,845524.0,833674.0,820356.0,806485.0,793518.0,783401.0,775548.0,770081.0,765950.0,761503.0,754054.0,742668.0,727063.0,708211.0,687656.0,667733.0,650606.0,636499.0,627486.0,622866.0,621356.0,621229.0,621199.0,621037.0,619803.0,616616.0,611639.0,604358.0,594625.0,582217.0,567297.0,551004.0,533387.0,515171.0,496219.0,477236.0,458285.0,439641.0,421442.0,403898.0,386966.0,370506.0,354702.0,339434.0,324428.0,309624.0,295270.0,281345.0,267701.0,254474.0,241650.0,229674.0,218899.0,208945.0,199913.0,191774.0,184481.0,177052.0,170927.0,164488.0,157492.0,150126.0,142819.0,135821.0,128524.0,120916.0,112996.0,105047.0,96617.0,88285.0,80200.0,74468.0,69021.0,64457.0,51125.0,45571.0,40230.0,35363.0,30960.0,26654.0,22366.0,18543.0,15264.0,12566.0,10279.0,8666.0,7433.0,6206.0,5247.0,4403.0,3670.0,3092.0,2573.0,2187.0,7322.0,18689688.0,19322671.0,38012359.0
1999,438224.0,439275.0,439963.0,439594.0,438037.0,435046.0,432391.0,426097.0,419714.0,412667.0,405474.0,398783.0,393094.0,388499.0,385154.0,382325.0,379386.0,374959.0,368551.0,359813.0,349285.0,337866.0,326876.0,317325.0,309839.0,304370.0,301102.0,299462.0,298528.0,297714.0,296928.0,295683.0,293560.0,290761.0,286846.0,281861.0,275700.0,268429.0,260463.0,252033.0,243379.0,234403.0,225490.0,216700.0,208157.0,199792.0,191793.0,184086.0,176607.0,169302.0,162266.0,155290.0,148484.0,141787.0,135319.0,128986.0,122861.0,116928.0,111308.0,106355.0,101736.0,97466.0,93693.0,90331.0,86419.0,83105.0,79656.0,75993.0,72173.0,68370.0,64651.0,60846.0,56798.0,52620.0,48455.0,44096.0,39762.0,35645.0,32623.0,30000.0,27200.0,21520.0,18897.0,16408.0,14153.0,12120.0,10219.0,8417.0,6854.0,5522.0,4436.0,3554.0,2894.0,2391.0,1851.0,1551.0,1294.0,1064.0,893.0,751.0,2394.0,426088.0,427100.0,427766.0,427776.0,426715.0,424531.0,422629.0,417729.0,412272.0,405998.0,399321.0,393021.0,388553.0,385212.0,382931.0,381431.0,379695.0,376407.0,371131.0,363988.0,355426.0,346057.0,336935.0,329201.0,322460.0,318846.0,317487.0,317645.0,318551.0,319455.0,320233.0,320377.0,319460.0,317408.0,314151.0,309505.0,303340.0,295764.0,287505.0,278361.0,268831.0,258884.0,248840.0,238702.0,228624.0,218788.0,209257.0,200024.0,191028.0,182524.0,174265.0,166229.0,158219.0,150544.0,143065.0,135741.0,128604.0,121679.0,115292.0,109412.0,104011.0,99180.0,94734.0,90685.0,87030.0,84115.0,81035.0,77665.0,74127.0,70614.0,67349.0,63877.0,60327.0,56600.0,52830.0,48756.0,44752.0,40751.0,38094.0,35322.0,33650.0,25833.0,23020.0,20314.0,17872.0,15673.0,13506.0,11327.0,9359.0,7712.0,6367.0,5214.0,4436.0,3851.0,3319.0,2796.0,2343.0,1960.0,1647.0,1379.0,4780.0,864312.0,866375.0,867729.0,867370.0,864752.0,859577.0,855020.0,843826.0,831986.0,818665.0,804795.0,791804.0,781647.0,773711.0,768085.0,763756.0,759081.0,751366.0,739682.0,723801.0,704711.0,683923.0,663811.0,646526.0,632299.0,623216.0,618589.0,617107.0,617079.0,617169.0,617161.0,616060.0,613020.0,608169.0,600997.0,591366.0,579040.0,564193.0,547968.0,530394.0,512210.0,493287.0,474330.0,455402.0,436781.0,418580.0,401050.0,384110.0,367635.0,351826.0,336531.0,321519.0,306703.0,292331.0,278384.0,264727.0,251465.0,238607.0,226600.0,215767.0,205747.0,196646.0,188427.0,181016.0,173449.0,167220.0,160691.0,153658.0,146300.0,138984.0,132000.0,124723.0,117125.0,109220.0,101285.0,92852.0,84514.0,76396.0,70717.0,65322.0,60850.0,47353.0,41917.0,36722.0,32025.0,27793.0,23725.0,19744.0,16213.0,13234.0,10803.0,8768.0,7330.0,6242.0,5170.0,4347.0,3637.0,3024.0,2540.0,2130.0,7174.0,18959791.0,19625225.0,38585016.0
2000,433772.0,436043.0,438010.0,439061.0,438811.0,437283.0,434302.0,431467.0,425171.0,418793.0,411733.0,404521.0,397794.0,392038.0,387312.0,383799.0,380782.0,377639.0,372986.0,366369.0,357449.0,346769.0,335232.0,324147.0,314521.0,307006.0,301513.0,298267.0,296673.0,295806.0,295084.0,294389.0,293243.0,291225.0,288514.0,284672.0,279762.0,273673.0,266470.0,258550.0,250178.0,241562.0,232622.0,223751.0,214986.0,206458.0,198097.0,190112.0,182392.0,174905.0,167595.0,160556.0,153569.0,146749.0,140047.0,133555.0,127205.0,121063.0,115111.0,109468.0,104479.0,99833.0,95518.0,91691.0,88254.0,84296.0,80927.0,77432.0,73760.0,69933.0,66139.0,62426.0,58628.0,54587.0,50425.0,46281.0,41941.0,37639.0,33536.0,30563.0,27985.0,25245.0,19591.0,17054.0,14679.0,12542.0,10643.0,8881.0,7246.0,5853.0,4667.0,3722.0,2956.0,2397.0,1965.0,1518.0,1271.0,1060.0,873.0,737.0,2334.0,421706.0,423666.0,425460.0,426594.0,426817.0,425901.0,423801.0,421763.0,416858.0,411393.0,405113.0,398424.0,392113.0,387635.0,384271.0,381950.0,380408.0,378610.0,375248.0,369900.0,362674.0,354043.0,344587.0,335399.0,327640.0,320876.0,317279.0,315972.0,316181.0,317142.0,318114.0,318945.0,319121.0,318226.0,316187.0,312946.0,308300.0,302137.0,294550.0,286280.0,277116.0,267572.0,257611.0,247556.0,237417.0,227336.0,217500.0,207969.0,198739.0,189741.0,181236.0,172983.0,164945.0,156938.0,149262.0,141771.0,134438.0,127300.0,120359.0,113949.0,108053.0,102622.0,97760.0,93275.0,89175.0,85437.0,82464.0,79326.0,75941.0,72407.0,68901.0,65642.0,62163.0,58617.0,54890.0,51117.0,47038.0,43017.0,38986.0,36345.0,33572.0,31943.0,24026.0,21261.0,18627.0,16264.0,14141.0,12095.0,10052.0,8240.0,6728.0,5512.0,4482.0,3782.0,3262.0,2786.0,2340.0,1950.0,1635.0,1378.0,4721.0,855478.0,859709.0,863470.0,865655.0,865628.0,863184.0,858103.0,853230.0,842029.0,830186.0,816846.0,802945.0,789907.0,779673.0,771583.0,765749.0,761190.0,756249.0,748234.0,736269.0,720123.0,700812.0,679819.0,659546.0,642161.0,627882.0,618792.0,614239.0,612854.0,612948.0,613198.0,613334.0,612364.0,609451.0,604701.0,597618.0,588062.0,575810.0,561020.0,544830.0,527294.0,509134.0,490233.0,471307.0,452403.0,433794.0,415597.0,398081.0,381131.0,364646.0,348831.0,333539.0,318514.0,303687.0,289309.0,275326.0,261643.0,248363.0,235470.0,223417.0,212532.0,202455.0,193278.0,184966.0,177429.0,169733.0,163391.0,156758.0,149701.0,142340.0,135040.0,128068.0,120791.0,113204.0,105315.0,97398.0,88979.0,80656.0,72522.0,66908.0,61557.0,57188.0,43617.0,38315.0,33306.0,28806.0,24784.0,20976.0,17298.0,14093.0,11395.0,9234.0,7438.0,6179.0,5227.0,4304.0,3611.0,3010.0,2508.0,2115.0,7055.0,19222139.0,19917941.0,39140080.0
2001,428557.0,431695.0,434816.0,437134.0,438286.0,438060.0,436518.0,433519.0,430491.0,424179.0,417797.0,410706.0,403456.0,396653.0,390784.0,385881.0,382189.0,378960.0,375601.0,370730.0,363926.0,354845.0,344030.0,332410.0,321263.0,311590.0,304086.0,298610.0,295426.0,293909.0,293134.0,292513.0,291907.0,290858.0,288923.0,286287.0,282516.0,277655.0,271641.0,264485.0,256609.0,248285.0,239703.0,230801.0,221957.0,213209.0,204699.0,196342.0,188356.0,180638.0,173140.0,165827.0,158790.0,151793.0,144960.0,138250.0,131736.0,125372.0,119207.0,113239.0,107571.0,102554.0,97878.0,93509.0,89627.0,86113.0,82111.0,78684.0,75144.0,71462.0,67643.0,63855.0,60148.0,56353.0,52320.0,48187.0,44067.0,39763.0,35502.0,31426.0,28510.0,25974.0,23309.0,17709.0,15286.0,13038.0,11036.0,9276.0,7663.0,6200.0,4965.0,3921.0,3110.0,2452.0,1977.0,1620.0,1255.0,1044.0,875.0,726.0,2295.0,416564.0,419092.0,421855.0,424135.0,425507.0,425868.0,425050.0,423017.0,420835.0,415920.0,410443.0,404149.0,397445.0,391121.0,386619.0,383224.0,380848.0,379250.0,377372.0,373932.0,368502.0,361190.0,352479.0,342957.0,333734.0,325962.0,319214.0,315671.0,314422.0,314701.0,315728.0,316740.0,317617.0,317822.0,316934.0,314911.0,311671.0,307025.0,300848.0,293260.0,284958.0,275789.0,266230.0,256263.0,246199.0,236064.0,225989.0,216154.0,206625.0,197396.0,188407.0,179909.0,171651.0,163623.0,155617.0,147934.0,140432.0,133091.0,125942.0,118984.0,112557.0,106638.0,101178.0,96277.0,91756.0,87603.0,83782.0,80744.0,77553.0,74150.0,70628.0,67126.0,63860.0,60363.0,56822.0,53094.0,49325.0,45237.0,41213.0,37156.0,34531.0,31763.0,30172.0,22213.0,19523.0,16971.0,14700.0,12678.0,10749.0,8860.0,7205.0,5838.0,4739.0,3838.0,3219.0,2756.0,2337.0,1962.0,1634.0,1376.0,4697.0,845121.0,850787.0,856671.0,861269.0,863793.0,863928.0,861568.0,856536.0,851326.0,840099.0,828240.0,814855.0,800901.0,787774.0,777403.0,769105.0,763037.0,758210.0,752973.0,744662.0,732428.0,716035.0,696509.0,675367.0,654997.0,637552.0,623300.0,614281.0,609848.0,608610.0,608862.0,609253.0,609524.0,608680.0,605857.0,601198.0,594187.0,584680.0,572489.0,557745.0,541567.0,524074.0,505933.0,487064.0,468156.0,449273.0,430688.0,412496.0,394981.0,378034.0,361547.0,345736.0,330441.0,315416.0,300577.0,286184.0,272168.0,258463.0,245149.0,232223.0,220128.0,209192.0,199056.0,189786.0,181383.0,173716.0,165893.0,159428.0,152697.0,145612.0,138271.0,130981.0,124008.0,116716.0,109142.0,101281.0,93392.0,85000.0,76715.0,68582.0,63041.0,57737.0,53481.0,39922.0,34809.0,30009.0,25736.0,21954.0,18412.0,15060.0,12170.0,9759.0,7849.0,6290.0,5196.0,4376.0,3592.0,3006.0,2509.0,2102.0,6992.0,19475097.0,20199714.0,39674811.0
2002,423007.0,426615.0,430500.0,433955.0,436383.0,437552.0,437301.0,435719.0,432687.0,429457.0,423120.0,416717.0,409582.0,402257.0,395326.0,389303.0,384215.0,380317.0,376871.0,373300.0,368237.0,361258.0,352041.0,341125.0,329443.0,318268.0,308598.0,301134.0,295724.0,292621.0,291210.0,290534.0,290013.0,289496.0,288518.0,286657.0,284083.0,280372.0,275557.0,269605.0,262486.0,254649.0,246371.0,237812.0,228946.0,220123.0,211391.0,202888.0,194537.0,186550.0,178834.0,171332.0,164019.0,156983.0,149970.0,143129.0,136401.0,129866.0,123488.0,117301.0,111319.0,105630.0,100579.0,95867.0,91440.0,87503.0,83910.0,79859.0,76382.0,72797.0,69107.0,65305.0,61523.0,57814.0,54022.0,50009.0,45910.0,41826.0,37574.0,33348.0,29320.0,26461.0,23982.0,21401.0,15900.0,13600.0,11497.0,9641.0,8026.0,6572.0,5271.0,4183.0,3286.0,2585.0,2041.0,1634.0,1333.0,1042.0,865.0,740.0,2268.0,411054.0,413712.0,417079.0,420349.0,422898.0,424440.0,424902.0,424166.0,422185.0,419865.0,414930.0,409440.0,403129.0,396411.0,390059.0,385521.0,382084.0,379639.0,377967.0,376006.0,372481.0,366965.0,359578.0,350796.0,341228.0,332000.0,324247.0,317550.0,314073.0,312903.0,313239.0,314325.0,315375.0,316275.0,316497.0,315616.0,313604.0,310359.0,305700.0,299510.0,291910.0,283584.0,274405.0,264844.0,254873.0,244813.0,234672.0,224608.0,214778.0,205258.0,196031.0,187049.0,178561.0,170296.0,162279.0,154266.0,146575.0,139065.0,131709.0,124546.0,117566.0,111113.0,105177.0,99685.0,94742.0,90179.0,85978.0,82068.0,78962.0,75725.0,72307.0,68791.0,65276.0,61999.0,58488.0,54945.0,51216.0,47451.0,43365.0,39340.0,35263.0,32655.0,29899.0,28357.0,20416.0,17808.0,15368.0,13197.0,11288.0,9489.0,7759.0,6263.0,5033.0,4063.0,3274.0,2732.0,2332.0,1973.0,1654.0,1380.0,4698.0,834061.0,840327.0,847579.0,854304.0,859281.0,861992.0,862203.0,859885.0,854872.0,849322.0,838050.0,826157.0,812711.0,798668.0,785385.0,774824.0,766299.0,759956.0,754838.0,749306.0,740718.0,728223.0,711619.0,691921.0,670671.0,650268.0,632845.0,618684.0,609797.0,605524.0,604449.0,604859.0,605388.0,605771.0,605015.0,602273.0,597687.0,590731.0,581257.0,569115.0,554396.0,538233.0,520776.0,502656.0,483819.0,464936.0,446063.0,427496.0,409315.0,391808.0,374865.0,358381.0,342580.0,327279.0,312249.0,297395.0,282976.0,268931.0,255197.0,241847.0,228885.0,216743.0,205756.0,195552.0,186182.0,177682.0,169888.0,161927.0,155344.0,148522.0,141414.0,134096.0,126799.0,119813.0,112510.0,104954.0,97126.0,89277.0,80939.0,72688.0,64583.0,59116.0,53881.0,49758.0,36316.0,31408.0,26865.0,22838.0,19314.0,16061.0,13030.0,10446.0,8319.0,6648.0,5315.0,4366.0,3665.0,3015.0,2519.0,2120.0,6966.0,19719126.0,20471553.0,40190679.0
2003,417443.0,421243.0,425500.0,429680.0,433247.0,435706.0,436832.0,436544.0,434910.0,431833.0,428397.0,422016.0,415576.0,408364.0,400920.0,393824.0,387631.0,382338.0,378227.0,374579.0,370811.0,365568.0,358457.0,349135.0,338144.0,326433.0,315272.0,305646.0,298252.0,292938.0,289939.0,288644.0,288061.0,287629.0,287176.0,286262.0,284469.0,281944.0,278288.0,273501.0,267610.0,260524.0,252710.0,244474.0,235946.0,227098.0,218293.0,209570.0,201063.0,192719.0,184736.0,177019.0,169512.0,162201.0,155151.0,148132.0,141272.0,134523.0,127965.0,121576.0,115358.0,109365.0,103655.0,98562.0,93803.0,89323.0,85325.0,81655.0,77553.0,74019.0,70401.0,66716.0,62922.0,59137.0,55432.0,51648.0,47663.0,43599.0,39569.0,35367.0,31198.0,27219.0,24428.0,22020.0,19536.0,14181.0,12010.0,10069.0,8365.0,6898.0,5602.0,4455.0,3515.0,2742.0,2152.0,1698.0,1356.0,1108.0,879.0,732.0,2274.0,405370.0,407938.0,411474.0,415385.0,418966.0,421716.0,423401.0,423941.0,423276.0,421360.0,418890.0,413934.0,408431.0,402106.0,395364.0,388971.0,384386.0,380899.0,378371.0,376621.0,374576.0,370960.0,365378.0,357922.0,349099.0,339511.0,330318.0,322618.0,315981.0,312575.0,311478.0,311869.0,312988.0,314063.0,314981.0,315210.0,314324.0,312316.0,309063.0,304382.0,298173.0,290560.0,282215.0,273029.0,263473.0,253497.0,243440.0,233306.0,223246.0,213417.0,203904.0,194685.0,185711.0,177224.0,168960.0,160930.0,152915.0,145215.0,137685.0,130313.0,123126.0,116127.0,109640.0,103681.0,98150.0,93172.0,88560.0,84306.0,80310.0,77132.0,73854.0,70418.0,66892.0,63355.0,60059.0,56538.0,52988.0,49264.0,45502.0,41423.0,37397.0,33312.0,30728.0,28002.0,26514.0,18644.0,16144.0,13817.0,11771.0,9978.0,8322.0,6751.0,5413.0,4322.0,3471.0,2785.0,2321.0,1979.0,1672.0,1406.0,4716.0,822813.0,829181.0,836974.0,845065.0,852213.0,857422.0,860233.0,860485.0,858186.0,853193.0,847287.0,835950.0,824007.0,810470.0,796284.0,782795.0,772017.0,763237.0,756598.0,751200.0,745387.0,736528.0,723835.0,707057.0,687243.0,665944.0,645590.0,628264.0,614233.0,605513.0,601417.0,600513.0,601049.0,601692.0,602157.0,601472.0,598793.0,594260.0,587351.0,577883.0,565783.0,551084.0,534925.0,517503.0,499419.0,480595.0,461733.0,442876.0,424309.0,406136.0,388640.0,371704.0,355223.0,339425.0,324111.0,309062.0,294187.0,279738.0,265650.0,251889.0,238484.0,225492.0,213295.0,202243.0,191953.0,182495.0,173885.0,165961.0,157863.0,151151.0,144255.0,137134.0,129814.0,122492.0,115491.0,108186.0,100651.0,92863.0,85071.0,76790.0,68595.0,60531.0,55156.0,50022.0,46050.0,32825.0,28154.0,23886.0,20136.0,16876.0,13924.0,11206.0,8928.0,7064.0,5623.0,4483.0,3677.0,3087.0,2551.0,2138.0,6990.0,19956982.0,20736272.0,40693254.0
2004,412003.0,415903.0,420294.0,424775.0,429042.0,432644.0,435090.0,436160.0,435816.0,434128.0,430997.0,427345.0,420900.0,414391.0,407054.0,399456.0,392195.0,385813.0,380305.0,376003.0,372169.0,368234.0,362839.0,355616.0,346230.0,335197.0,323501.0,312396.0,302846.0,295552.0,290350.0,287462.0,286266.0,285771.0,285402.0,285006.0,284151.0,282404.0,279928.0,276315.0,271554.0,265701.0,258643.0,250856.0,242650.0,234142.0,225301.0,216510.0,207780.0,199274.0,190934.0,182950.0,175229.0,167710.0,160397.0,153324.0,146290.0,139411.0,132635.0,126056.0,119648.0,113403.0,107386.0,101648.0,96511.0,91702.0,87161.0,83093.0,79354.0,75200.0,71620.0,67969.0,64291.0,60487.0,56709.0,53001.0,49238.0,45289.0,41276.0,37295.0,33162.0,29039.0,25139.0,22424.0,20098.0,17738.0,12562.0,10537.0,8756.0,7212.0,5893.0,4749.0,3753.0,2945.0,2288.0,1795.0,1416.0,1139.0,935.0,746.0,2291.0,399484.0,401777.0,405429.0,409570.0,413849.0,417666.0,420595.0,422403.0,423020.0,422427.0,420567.0,417952.0,412979.0,407455.0,401109.0,394338.0,387891.0,383257.0,379704.0,377099.0,375270.0,373141.0,369460.0,363814.0,356325.0,347493.0,337914.0,328780.0,321106.0,314581.0,311240.0,310199.0,310626.0,311759.0,312849.0,313776.0,314006.0,313108.0,311096.0,307817.0,303115.0,296886.0,289261.0,280903.0,271709.0,262163.0,252180.0,242126.0,231995.0,221937.0,212106.0,202604.0,193389.0,184413.0,175924.0,167654.0,159604.0,151582.0,143861.0,136311.0,128906.0,121701.0,114671.0,108159.0,102160.0,96585.0,91572.0,86909.0,82597.0,78509.0,75276.0,71940.0,68464.0,64930.0,61367.0,58046.0,54510.0,50956.0,47238.0,43482.0,39412.0,35390.0,31315.0,28771.0,26084.0,24657.0,16925.0,14540.0,12342.0,10426.0,8761.0,7253.0,5839.0,4659.0,3694.0,2966.0,2375.0,1978.0,1688.0,1428.0,4764.0,811487.0,817680.0,825723.0,834345.0,842891.0,850310.0,855685.0,858563.0,858836.0,856555.0,851564.0,845297.0,833879.0,821846.0,808163.0,793794.0,780086.0,769070.0,760009.0,753102.0,747439.0,741375.0,732299.0,719430.0,702555.0,682690.0,661415.0,641176.0,623952.0,610133.0,601590.0,597661.0,596892.0,597530.0,598251.0,598782.0,598157.0,595512.0,591024.0,584132.0,574669.0,562587.0,547904.0,531759.0,514359.0,496305.0,477481.0,458636.0,439775.0,421211.0,403040.0,385554.0,368618.0,352123.0,336321.0,320978.0,305894.0,290993.0,276496.0,262367.0,248554.0,235104.0,222057.0,209807.0,198671.0,188287.0,178733.0,170002.0,161951.0,153709.0,146896.0,139909.0,132755.0,125417.0,118076.0,111047.0,103748.0,96245.0,88514.0,80777.0,72574.0,64429.0,56454.0,51195.0,46182.0,42395.0,29487.0,25077.0,21098.0,17638.0,14654.0,12002.0,9592.0,7604.0,5982.0,4761.0,3791.0,3117.0,2623.0,2174.0,7055.0,20192194.0,20995899.0,41188093.0
2005,408096.0,411091.0,415328.0,419891.0,424339.0,428624.0,432204.0,434632.0,435630.0,435217.0,433469.0,430299.0,425747.0,419878.0,413169.0,405704.0,397918.0,390502.0,383905.0,378255.0,373772.0,369783.0,365670.0,360184.0,352875.0,343408.0,332376.0,320693.0,309653.0,300224.0,293026.0,287950.0,285156.0,284002.0,283611.0,283283.0,282973.0,282157.0,280458.0,278013.0,274437.0,269767.0,263868.0,256860.0,249106.0,240915.0,232401.0,223560.0,214783.0,206050.0,197541.0,189179.0,181198.0,173459.0,165949.0,158638.0,151513.0,144475.0,137566.0,130768.0,124176.0,117738.0,111463.0,105390.0,99636.0,94472.0,89581.0,84999.0,80833.0,77052.0,72815.0,69192.0,65533.0,61819.0,58038.0,54240.0,50581.0,46819.0,42945.0,38978.0,35061.0,31011.0,26965.0,23108.0,20508.0,18303.0,16147.0,11090.0,9230.0,7601.0,6215.0,5057.0,4053.0,3188.0,2505.0,1964.0,1545.0,1229.0,1007.0,846.0,2368.0,389582.0,393151.0,397661.0,402404.0,407137.0,411895.0,416047.0,419262.0,421272.0,422042.0,421613.0,419886.0,416623.0,412127.0,406570.0,400203.0,393397.0,386915.0,382183.0,378548.0,375845.0,373914.0,371709.0,367988.0,362284.0,354810.0,345960.0,336453.0,327373.0,319713.0,313307.0,310007.0,308989.0,309492.0,310625.0,311728.0,312629.0,312871.0,311993.0,309932.0,306621.0,301919.0,295697.0,288037.0,279669.0,270490.0,260921.0,250952.0,240889.0,230767.0,220703.0,210891.0,201350.0,192150.0,183181.0,174662.0,166390.0,158323.0,150265.0,142546.0,134942.0,127517.0,120275.0,113201.0,106662.0,100621.0,95022.0,89931.0,85200.0,80903.0,76676.0,73366.0,69961.0,66437.0,62879.0,59306.0,55949.0,52409.0,48853.0,45141.0,41396.0,37359.0,33386.0,29328.0,26851.0,24208.0,23008.0,15322.0,13057.0,11017.0,9240.0,7722.0,6351.0,5098.0,4066.0,3237.0,2609.0,2111.0,1755.0,1532.0,4912.0,797678.0,804242.0,812989.0,822295.0,831476.0,840519.0,848251.0,853894.0,856902.0,857259.0,855082.0,850185.0,842370.0,832005.0,819739.0,805907.0,791315.0,777417.0,766088.0,756803.0,749617.0,743697.0,737379.0,728172.0,715159.0,698218.0,678336.0,657146.0,637026.0,619937.0,606333.0,597957.0,594145.0,593494.0,594236.0,595011.0,595602.0,595028.0,592451.0,587945.0,581058.0,571686.0,559565.0,544897.0,528775.0,511405.0,493322.0,474512.0,455672.0,436817.0,418244.0,400070.0,382548.0,365609.0,349130.0,333300.0,317903.0,302798.0,287831.0,273314.0,259118.0,245255.0,231738.0,218591.0,206298.0,195093.0,184603.0,174930.0,166033.0,157955.0,149491.0,142558.0,135494.0,128256.0,120917.0,113546.0,106530.0,99228.0,91798.0,84119.0,76457.0,68370.0,60351.0,52436.0,47359.0,42511.0,39155.0,26412.0,22287.0,18618.0,15455.0,12779.0,10404.0,8286.0,6571.0,5201.0,4154.0,3340.0,2762.0,2378.0,7280.0,20430499.0,21241379.0,41671878.0
2006,405021.0,406408.0,409997.0,414507.0,419176.0,423675.0,427981.0,431558.0,433987.0,434965.0,434536.0,432754.0,429543.0,424913.0,418938.0,412075.0,404450.0,396479.0,388886.0,382107.0,376286.0,371652.0,367519.0,363286.0,357712.0,350355.0,340884.0,329891.0,318292.0,307350.0,298037.0,290949.0,285979.0,283255.0,282169.0,281819.0,281525.0,281258.0,280468.0,278792.0,276369.0,272814.0,268144.0,262261.0,255264.0,247512.0,239326.0,230800.0,221948.0,213159.0,204410.0,195887.0,187507.0,179510.0,171755.0,164210.0,156870.0,149716.0,142649.0,135697.0,128883.0,122254.0,115781.0,109467.0,103357.0,97559.0,92338.0,87386.0,82745.0,78511.0,74678.0,70400.0,66731.0,63027.0,59304.0,55517.0,51739.0,48089.0,44362.0,40525.0,36626.0,32765.0,28808.0,24853.0,21105.0,18626.0,16548.0,14551.0,9688.0,7987.0,6522.0,5293.0,4278.0,3409.0,2664.0,2092.0,1642.0,1293.0,1042.0,860.0,2467.0,386539.0,388188.0,392208.0,396926.0,401727.0,406467.0,411215.0,415350.0,418532.0,420509.0,421256.0,420813.0,419058.0,415777.0,411250.0,405663.0,399253.0,392396.0,385851.0,381001.0,377246.0,374448.0,372434.0,370178.0,366445.0,360782.0,353340.0,344537.0,335088.0,326089.0,318512.0,312256.0,308992.0,307996.0,308510.0,309643.0,310721.0,311615.0,311833.0,310928.0,308830.0,305500.0,300767.0,294517.0,286838.0,278482.0,269284.0,259716.0,249751.0,239672.0,229553.0,219492.0,209669.0,200124.0,190916.0,181933.0,173402.0,165103.0,157016.0,148920.0,141180.0,133542.0,126084.0,118814.0,111705.0,105123.0,99046.0,93390.0,88249.0,83458.0,79158.0,74838.0,71438.0,67954.0,64390.0,60802.0,57196.0,53815.0,50249.0,46693.0,42978.0,39246.0,35237.0,31304.0,27292.0,24884.0,22323.0,21173.0,13725.0,11596.0,9705.0,8080.0,6701.0,5472.0,4375.0,3471.0,2765.0,2231.0,1808.0,1514.0,5051.0,791560.0,794596.0,802205.0,811433.0,820903.0,830142.0,839196.0,846908.0,852519.0,855474.0,855792.0,853567.0,848601.0,840690.0,830188.0,817738.0,803703.0,788875.0,774737.0,763108.0,753532.0,746100.0,739953.0,733464.0,724157.0,711137.0,694224.0,674428.0,653380.0,633439.0,616549.0,603205.0,594971.0,591251.0,590679.0,591462.0,592246.0,592873.0,592301.0,589720.0,585199.0,578314.0,568911.0,556778.0,542102.0,525994.0,508610.0,490516.0,471699.0,452831.0,433963.0,415379.0,397176.0,379634.0,362671.0,346143.0,330272.0,314819.0,299665.0,284617.0,270063.0,255796.0,241865.0,228281.0,215062.0,202682.0,191384.0,180776.0,170994.0,161969.0,153836.0,145238.0,138169.0,130981.0,123694.0,116319.0,108935.0,101904.0,94611.0,87218.0,79604.0,72011.0,64045.0,56157.0,48397.0,43510.0,38871.0,35724.0,23413.0,19583.0,16227.0,13373.0,10979.0,8881.0,7039.0,5563.0,4407.0,3524.0,2850.0,2374.0,7518.0,20671014.0,21499112.0,42170126.0
2007,400337.0,403359.0,405509.0,409339.0,413952.0,418654.0,423171.0,427460.0,431018.0,433422.0,434355.0,433887.0,432038.0,428744.0,423997.0,417867.0,410844.0,403036.0,394884.0,387122.0,380180.0,374206.0,369446.0,365189.0,360873.0,355234.0,347873.0,338448.0,327528.0,316056.0,305245.0,296061.0,289081.0,284208.0,281554.0,280515.0,280197.0,279926.0,279684.0,278905.0,277246.0,274813.0,271276.0,266590.0,260702.0,253702.0,245938.0,237744.0,229202.0,220331.0,211519.0,202751.0,194207.0,185805.0,177781.0,170006.0,162427.0,155047.0,147860.0,140769.0,133774.0,126933.0,120262.0,113745.0,107395.0,101235.0,95395.0,90112.0,85098.0,80404.0,76104.0,72231.0,67903.0,64189.0,60441.0,56708.0,52923.0,49173.0,45539.0,41848.0,38064.0,34237.0,30459.0,26600.0,22780.0,19160.0,16824.0,14889.0,13061.0,8410.0,6880.0,5574.0,4498.0,3614.0,2867.0,2237.0,1758.0,1387.0,1103.0,898.0,2568.0,382059.0,385144.0,387381.0,391587.0,396357.0,401153.0,405877.0,410582.0,414686.0,417826.0,419762.0,420478.0,419998.0,418211.0,414881.0,410303.0,404653.0,398183.0,391265.0,384648.0,379688.0,375815.0,372934.0,370848.0,368568.0,364848.0,359244.0,351871.0,343146.0,333780.0,324884.0,317404.0,311306.0,308080.0,307101.0,307613.0,308734.0,309779.0,310644.0,310816.0,309877.0,307720.0,304359.0,299602.0,293315.0,285613.0,277249.0,268049.0,258469.0,248506.0,238411.0,228301.0,218230.0,208382.0,198847.0,189611.0,180621.0,172057.0,163730.0,155620.0,147492.0,139720.0,132053.0,124564.0,117263.0,110118.0,103497.0,97368.0,91656.0,86470.0,81639.0,77328.0,72905.0,69423.0,65856.0,62245.0,58624.0,54990.0,51583.0,48005.0,44434.0,40734.0,37029.0,33069.0,29195.0,25258.0,22927.0,20480.0,19375.0,12222.0,10237.0,8501.0,7027.0,5794.0,4702.0,3742.0,2973.0,2373.0,1922.0,1567.0,5164.0,782396.0,788503.0,792890.0,800926.0,810309.0,819807.0,829048.0,838042.0,845704.0,851248.0,854117.0,854365.0,852036.0,846955.0,838878.0,828170.0,815497.0,801219.0,786149.0,771770.0,759868.0,750021.0,742380.0,736037.0,729441.0,720082.0,707117.0,690319.0,670674.0,649836.0,630129.0,613465.0,600387.0,592288.0,588655.0,588128.0,588931.0,589705.0,590328.0,589721.0,587123.0,582533.0,575635.0,566192.0,554017.0,539315.0,523187.0,505793.0,487671.0,468837.0,449930.0,431052.0,412437.0,394187.0,376628.0,359617.0,343048.0,327104.0,311590.0,296389.0,281266.0,266653.0,252315.0,238309.0,224658.0,211353.0,198892.0,187480.0,176754.0,166874.0,157743.0,149559.0,140808.0,133612.0,126297.0,118953.0,111547.0,104163.0,97122.0,89853.0,82498.0,74971.0,67488.0,59669.0,51975.0,44418.0,39751.0,35369.0,32436.0,20632.0,17117.0,14075.0,11525.0,9408.0,7569.0,5979.0,4731.0,3760.0,3025.0,2465.0,7732.0,20908400.0,21750230.0,42658630.0
2008,396347.0,398927.0,402469.0,405036.0,408938.0,413587.0,418287.0,422789.0,427039.0,430551.0,432913.0,433776.0,433233.0,431289.0,427865.0,422944.0,416644.0,409430.0,401422.0,393092.0,385181.0,378092.0,371984.0,367114.0,362762.0,358382.0,352719.0,345397.0,336052.0,325243.0,313920.0,303267.0,294213.0,287349.0,282552.0,279961.0,278961.0,278652.0,278397.0,278154.0,277371.0,275701.0,273259.0,269706.0,265003.0,259101.0,252081.0,244295.0,236082.0,227506.0,218631.0,209781.0,201000.0,192430.0,184007.0,175942.0,168150.0,160527.0,153126.0,145905.0,138785.0,131751.0,124873.0,118168.0,111603.0,105210.0,98994.0,93114.0,87775.0,82708.0,77960.0,73607.0,69690.0,65316.0,61551.0,57768.0,54030.0,50260.0,46539.0,42937.0,39283.0,35575.0,31830.0,28155.0,24420.0,20758.0,17298.0,15110.0,13333.0,11682.0,7270.0,5903.0,4759.0,3816.0,3060.0,2422.0,1892.0,1500.0,1194.0,961.0,2693.0,378188.0,380872.0,384344.0,386894.0,391145.0,395897.0,400667.0,405340.0,410002.0,414062.0,417161.0,419045.0,419728.0,419202.0,417358.0,413946.0,409292.0,403553.0,397001.0,390011.0,383318.0,378241.0,374255.0,371303.0,369152.0,366873.0,363194.0,357686.0,350422.0,341789.0,332525.0,323731.0,316347.0,310406.0,307212.0,306239.0,306740.0,307831.0,308831.0,309646.0,309754.0,308763.0,306547.0,303137.0,298347.0,292015.0,284295.0,275913.0,266695.0,257111.0,247141.0,237036.0,226930.0,216859.0,206997.0,197457.0,188206.0,179201.0,170611.0,162252.0,154116.0,145974.0,138164.0,130461.0,122944.0,115608.0,108423.0,101755.0,95578.0,89812.0,84604.0,79734.0,75391.0,70870.0,67295.0,63655.0,59985.0,56333.0,52674.0,49252.0,45656.0,42091.0,38416.0,34757.0,30870.0,27071.0,23245.0,20999.0,18679.0,17640.0,10813.0,8993.0,7418.0,6088.0,4993.0,4040.0,3212.0,2557.0,2052.0,1679.0,5317.0,774535.0,779799.0,786813.0,791930.0,800083.0,809484.0,818954.0,828129.0,837041.0,844613.0,850074.0,852821.0,852961.0,850491.0,845223.0,836890.0,825936.0,812983.0,798423.0,783103.0,768499.0,756333.0,746239.0,738417.0,731914.0,725255.0,715913.0,703083.0,686474.0,667032.0,646445.0,626998.0,610560.0,597755.0,589764.0,586200.0,585701.0,586483.0,587228.0,587800.0,587125.0,584464.0,579806.0,572843.0,563350.0,551116.0,536376.0,520208.0,502777.0,484617.0,465772.0,446817.0,427930.0,409289.0,391004.0,373399.0,356356.0,339728.0,323737.0,308157.0,292901.0,277725.0,263037.0,248629.0,234547.0,220818.0,207417.0,194869.0,183353.0,172520.0,162564.0,153341.0,145081.0,136186.0,128846.0,121423.0,114015.0,106593.0,99213.0,92189.0,84939.0,77666.0,70246.0,62912.0,55290.0,47829.0,40543.0,36109.0,32012.0,29322.0,18083.0,14896.0,12177.0,9904.0,8053.0,6462.0,5104.0,4057.0,3246.0,2640.0,8010.0,21140087.0,21993930.0,43134017.0
2009,393007.0,395199.0,398284.0,401989.0,404804.0,408723.0,413366.0,418038.0,422508.0,426706.0,430153.0,432464.0,433242.0,432609.0,430522.0,426931.0,421816.0,415324.0,407892.0,399686.0,391190.0,383148.0,375932.0,369720.0,364774.0,360366.0,355958.0,350313.0,343053.0,333816.0,323140.0,311978.0,301468.0,292545.0,285781.0,281047.0,278501.0,277513.0,277203.0,276946.0,276679.0,275875.0,274177.0,271714.0,268127.0,263387.0,257453.0,250398.0,242582.0,234340.0,225734.0,216843.0,207967.0,199162.0,190561.0,182114.0,174016.0,166194.0,158534.0,151106.0,143839.0,136698.0,129618.0,122697.0,115958.0,109346.0,102902.0,96645.0,90715.0,85329.0,80220.0,75428.0,71013.0,67052.0,62631.0,58825.0,55021.0,51280.0,47536.0,43852.0,40292.0,36690.0,33064.0,29426.0,25876.0,22297.0,18809.0,15539.0,13500.0,11890.0,10418.0,6261.0,5053.0,4055.0,3245.0,2595.0,2064.0,1614.0,1302.0,1042.0,2857.0,374976.0,377194.0,380242.0,383878.0,386619.0,390861.0,395585.0,400316.0,404935.0,409548.0,413561.0,416616.0,418453.0,419086.0,418510.0,416589.0,413103.0,408361.0,402531.0,395898.0,388835.0,382065.0,376872.0,372794.0,369783.0,367599.0,365347.0,361750.0,356360.0,349217.0,340691.0,331526.0,322838.0,315538.0,309732.0,306558.0,305575.0,306046.0,307080.0,308021.0,308762.0,308794.0,307730.0,305439.0,301961.0,297125.0,290738.0,282984.0,274579.0,265325.0,255727.0,245746.0,235631.0,225533.0,215460.0,205588.0,196037.0,186774.0,177746.0,169129.0,160744.0,152578.0,144405.0,136565.0,128820.0,121261.0,113892.0,106654.0,99944.0,93713.0,87916.0,82676.0,77747.0,73363.0,68741.0,65070.0,61348.0,57627.0,53943.0,50257.0,46822.0,43219.0,39676.0,36044.0,32446.0,28659.0,24963.0,21266.0,19121.0,16935.0,15971.0,9524.0,7866.0,6448.0,5269.0,4303.0,3481.0,2770.0,2224.0,1800.0,5550.0,767983.0,772393.0,778526.0,785867.0,791423.0,799584.0,808951.0,818354.0,827443.0,836254.0,843714.0,849080.0,851695.0,851695.0,849032.0,843520.0,834919.0,823685.0,810423.0,795584.0,780025.0,765213.0,752804.0,742514.0,734557.0,727965.0,721305.0,712063.0,699413.0,683033.0,663831.0,643504.0,624306.0,608083.0,595513.0,587605.0,584076.0,583559.0,584283.0,584967.0,585441.0,584669.0,581907.0,577153.0,570088.0,560512.0,548191.0,533382.0,517161.0,499665.0,481461.0,462589.0,443598.0,424695.0,406021.0,387702.0,370053.0,352968.0,336280.0,320235.0,304583.0,289276.0,274023.0,259262.0,244778.0,230607.0,216794.0,203299.0,190659.0,179042.0,168136.0,158104.0,148760.0,140415.0,131372.0,123895.0,116369.0,108907.0,101479.0,94109.0,87114.0,79909.0,72740.0,65470.0,58322.0,50956.0,43772.0,36805.0,32621.0,28825.0,26389.0,15785.0,12919.0,10503.0,8514.0,6898.0,5545.0,4384.0,3526.0,2842.0,8407.0,21369112.0,22239518.0,43608630.0
2010,390276.0,392024.0,394729.0,397964.0,401696.0,404720.0,408632.0,413255.0,417889.0,422314.0,426462.0,429849.0,432088.0,432771.0,432005.0,429758.0,425973.0,420652.0,413940.0,406296.0,397909.0,389256.0,381102.0,373784.0,367510.0,362528.0,358100.0,353720.0,348132.0,340960.0,331849.0,321306.0,310298.0,299920.0,291108.0,284426.0,279739.0,277219.0,276234.0,275904.0,275628.0,275324.0,274489.0,272751.0,270238.0,266604.0,261809.0,255818.0,248716.0,240850.0,232578.0,223941.0,215024.0,206114.0,197283.0,188648.0,180172.0,172044.0,164187.0,156484.0,149019.0,141708.0,134526.0,127392.0,120432.0,113644.0,106977.0,100491.0,94186.0,88212.0,82794.0,77646.0,72798.0,68323.0,64317.0,59862.0,56025.0,52196.0,48477.0,44763.0,41118.0,37615.0,34084.0,30560.0,27051.0,23649.0,20256.0,16951.0,13888.0,12015.0,10568.0,9270.0,5377.0,4325.0,3459.0,2766.0,2217.0,1778.0,1398.0,1145.0,3061.0,372324.0,374105.0,376678.0,379870.0,383532.0,386430.0,390660.0,395353.0,400045.0,404620.0,409185.0,413158.0,416174.0,417957.0,418537.0,417890.0,415891.0,412304.0,407467.0,401534.0,394821.0,387685.0,380852.0,375569.0,371426.0,368393.0,366228.0,364027.0,360525.0,355269.0,348243.0,339811.0,330739.0,322143.0,314914.0,309239.0,306059.0,305061.0,305480.0,306456.0,307325.0,307993.0,307947.0,306799.0,304419.0,300869.0,295969.0,289521.0,281727.0,273297.0,264008.0,254390.0,244385.0,234255.0,224153.0,214072.0,204176.0,194607.0,185324.0,176267.0,167605.0,159186.0,150979.0,142773.0,134897.0,127104.0,119506.0,112092.0,104804.0,98043.0,91799.0,85955.0,80664.0,75663.0,71246.0,66510.0,62741.0,58943.0,55161.0,51457.0,47751.0,44305.0,40708.0,37198.0,33633.0,30126.0,26445.0,22883.0,19332.0,17309.0,15271.0,14375.0,8354.0,6859.0,5595.0,4563.0,3721.0,3015.0,2410.0,1963.0,5853.0,762600.0,766129.0,771407.0,777834.0,785228.0,791150.0,799292.0,808608.0,817934.0,826934.0,835647.0,843007.0,848262.0,850728.0,850542.0,847648.0,841864.0,832956.0,821407.0,807830.0,792730.0,776941.0,761954.0,749353.0,738936.0,730921.0,724328.0,717747.0,708657.0,696229.0,680092.0,661117.0,641037.0,622063.0,606022.0,593665.0,585798.0,582280.0,581714.0,582360.0,582953.0,583317.0,582436.0,579550.0,574657.0,567473.0,557778.0,545339.0,530443.0,514147.0,496586.0,478331.0,459409.0,440369.0,421436.0,402720.0,384348.0,366651.0,349511.0,332751.0,316624.0,300894.0,285505.0,270165.0,255329.0,240748.0,226483.0,212583.0,198990.0,186255.0,174593.0,163601.0,153462.0,143986.0,135563.0,126372.0,118766.0,111139.0,103638.0,96220.0,88869.0,81920.0,74792.0,67758.0,60684.0,53775.0,46701.0,39834.0,33220.0,29324.0,25839.0,23645.0,13731.0,11184.0,9054.0,7329.0,5938.0,4793.0,3808.0,3108.0,8914.0,21599338.0,22486954.0,44086292.0
2011,387993.0,389362.0,391622.0,394455.0,397712.0,401441.0,404648.0,408556.0,413152.0,417755.0,422130.0,426223.0,429549.0,431701.0,432252.0,431319.0,428887.0,424879.0,419325.0,412399.0,404557.0,396006.0,387223.0,378986.0,371595.0,365290.0,360307.0,355902.0,351581.0,346069.0,339007.0,330028.0,319622.0,308762.0,298499.0,289792.0,283167.0,278528.0,276021.0,275019.0,274675.0,274365.0,274022.0,273140.0,271349.0,268772.0,265085.0,260218.0,254168.0,247008.0,239095.0,230786.0,222114.0,213159.0,204206.0,195353.0,186683.0,178172.0,170016.0,162118.0,154371.0,146861.0,139500.0,132267.0,125077.0,118061.0,111218.0,104502.0,97963.0,91619.0,85611.0,80163.0,74973.0,70065.0,65538.0,61487.0,57004.0,53148.0,49308.0,45617.0,41941.0,38352.0,34918.0,31487.0,28080.0,24736.0,21500.0,18302.0,15206.0,12351.0,10655.0,9367.0,8233.0,4614.0,3703.0,2962.0,2374.0,1910.0,1548.0,1234.0,3309.0,370040.0,371469.0,373590.0,376287.0,379495.0,383161.0,386207.0,390412.0,395075.0,399735.0,404269.0,408789.0,412728.0,415690.0,417414.0,417916.0,417179.0,415060.0,411349.0,406387.0,400346.0,393541.0,386348.0,379481.0,374133.0,369962.0,366937.0,364818.0,362682.0,359293.0,354162.0,347247.0,338903.0,329896.0,321374.0,314209.0,308632.0,305444.0,304422.0,304792.0,305717.0,306513.0,307105.0,306988.0,305765.0,303306.0,299680.0,294728.0,288234.0,280406.0,271962.0,262646.0,253017.0,242990.0,232839.0,222730.0,212635.0,202713.0,193122.0,183808.0,174721.0,166017.0,157556.0,149299.0,141054.0,133134.0,125297.0,117653.0,110195.0,102865.0,96075.0,89801.0,83899.0,78545.0,73469.0,69013.0,64170.0,60300.0,56424.0,52588.0,48871.0,45157.0,41708.0,38138.0,34683.0,31203.0,27807.0,24254.0,20841.0,17459.0,15577.0,13685.0,12874.0,7309.0,5972.0,4856.0,3959.0,3238.0,2635.0,2128.0,6249.0,758033.0,760831.0,765212.0,770742.0,777207.0,784602.0,790855.0,798968.0,808227.0,817490.0,826399.0,835012.0,842277.0,847391.0,849666.0,849235.0,846066.0,839939.0,830674.0,818786.0,804903.0,789547.0,773571.0,758467.0,745728.0,735252.0,727244.0,720720.0,714263.0,705362.0,693169.0,677275.0,658525.0,638658.0,619873.0,604001.0,591799.0,583972.0,580443.0,579811.0,580392.0,580878.0,581127.0,580128.0,577114.0,572078.0,564765.0,554946.0,542402.0,527414.0,511057.0,493432.0,475131.0,456149.0,437045.0,418083.0,399318.0,380885.0,363138.0,345926.0,329092.0,312878.0,297056.0,281566.0,266131.0,251195.0,236515.0,222155.0,208158.0,194484.0,181686.0,169964.0,158872.0,148610.0,139007.0,130500.0,121174.0,113448.0,105732.0,98205.0,90812.0,83509.0,76626.0,69625.0,62763.0,55939.0,49307.0,42556.0,36047.0,29810.0,26232.0,23052.0,21107.0,11923.0,9675.0,7818.0,6333.0,5148.0,4183.0,3362.0,9558.0,21826960.0,22726456.0,44553416.0
2012,386029.0,387180.0,388995.0,391364.0,394199.0,397432.0,401129.0,404507.0,408389.0,412960.0,417525.0,421843.0,425863.0,429098.0,431127.0,431501.0,430362.0,427695.0,423426.0,417631.0,410489.0,402479.0,393794.0,384929.0,376658.0,369243.0,362950.0,358008.0,353641.0,349397.0,343984.0,337032.0,328189.0,317921.0,307199.0,297062.0,288444.0,281879.0,277274.0,274785.0,273761.0,273391.0,273050.0,272663.0,271728.0,269877.0,267235.0,263486.0,258552.0,252446.0,245233.0,237282.0,228934.0,220223.0,211230.0,202243.0,193351.0,184656.0,176100.0,167909.0,159965.0,152174.0,144604.0,137187.0,129901.0,122641.0,115570.0,108674.0,101908.0,95309.0,88947.0,82909.0,77422.0,72179.0,67226.0,62654.0,58567.0,54065.0,50190.0,46356.0,42711.0,39085.0,35566.0,32220.0,28912.0,25655.0,22489.0,19440.0,16458.0,13578.0,10933.0,9413.0,8278.0,7308.0,3959.0,3178.0,2551.0,2048.0,1667.0,1365.0,3587.0,368110.0,369190.0,370952.0,373196.0,375900.0,379091.0,382739.0,385927.0,390101.0,394726.0,399348.0,403835.0,408303.0,412187.0,415077.0,416717.0,417105.0,416244.0,413951.0,410098.0,405008.0,398855.0,391988.0,384760.0,377915.0,372539.0,368384.0,365400.0,363346.0,361289.0,358010.0,353002.0,346181.0,337914.0,328964.0,320498.0,313374.0,307890.0,304684.0,303629.0,303958.0,304824.0,305555.0,306084.0,305907.0,304607.0,302101.0,298408.0,293411.0,286882.0,279009.0,270551.0,261214.0,251564.0,241523.0,231355.0,221231.0,211114.0,201176.0,191559.0,182212.0,173095.0,164343.0,155839.0,147538.0,139243.0,131279.0,123390.0,115702.0,108196.0,100840.0,94016.0,87679.0,81709.0,76293.0,71136.0,66640.0,61693.0,57732.0,53780.0,49903.0,46183.0,42482.0,39037.0,35522.0,32142.0,28771.0,25504.0,22100.0,18860.0,15666.0,13927.0,12193.0,11476.0,6385.0,5204.0,4228.0,3459.0,2845.0,2338.0,6720.0,754139.0,756370.0,759947.0,764560.0,770099.0,776523.0,783868.0,790434.0,798490.0,807686.0,816873.0,825678.0,834166.0,841285.0,846204.0,848218.0,847467.0,843939.0,837377.0,827729.0,815497.0,801334.0,785782.0,769689.0,754573.0,741782.0,731334.0,723408.0,716987.0,710686.0,701994.0,690034.0,674370.0,655835.0,636163.0,617560.0,601818.0,589769.0,581958.0,578414.0,577719.0,578215.0,578605.0,578747.0,577635.0,574484.0,569336.0,561894.0,551963.0,539328.0,524242.0,507833.0,490148.0,471787.0,452753.0,433598.0,414582.0,395770.0,377276.0,359468.0,342177.0,325269.0,308947.0,293026.0,277439.0,261884.0,246849.0,232064.0,217610.0,203505.0,189787.0,176925.0,165101.0,153888.0,143519.0,133790.0,125207.0,115758.0,107922.0,100136.0,92614.0,85268.0,78048.0,71257.0,64434.0,57797.0,51260.0,44944.0,38558.0,32438.0,26599.0,23340.0,20471.0,18784.0,10344.0,8382.0,6779.0,5507.0,4512.0,3703.0,10307.0,22045811.0,22955760.0,45001571.0
2013,384419.0,385384.0,386915.0,388829.0,391172.0,393956.0,397128.0,400776.0,404304.0,408146.0,412680.0,417184.0,421421.0,425343.0,428445.0,430288.0,430445.0,429051.0,426100.0,421552.0,415516.0,408168.0,400032.0,391256.0,382359.0,374119.0,366734.0,360503.0,355643.0,351343.0,347197.0,341884.0,335054.0,326340.0,316206.0,305608.0,295586.0,287058.0,280550.0,275985.0,273505.0,272469.0,272066.0,271697.0,271254.0,270255.0,268344.0,265634.0,261817.0,256816.0,250657.0,243399.0,235403.0,227022.0,218281.0,209247.0,200220.0,191295.0,182562.0,173963.0,165728.0,157730.0,149875.0,142246.0,134761.0,127413.0,120082.0,112951.0,106004.0,99182.0,92544.0,86164.0,80088.0,74560.0,69264.0,64286.0,59661.0,55560.0,51056.0,47173.0,43352.0,39767.0,36218.0,32790.0,29553.0,26396.0,23308.0,20331.0,17490.0,14734.0,12068.0,9634.0,8292.0,7303.0,6482.0,3414.0,2746.0,2212.0,1800.0,1477.0,3919.0,366524.0,367389.0,368775.0,370651.0,372895.0,375572.0,378720.0,382340.0,385646.0,389778.0,394361.0,398938.0,403370.0,407770.0,411579.0,414372.0,415890.0,416128.0,415102.0,412631.0,408634.0,403430.0,397193.0,390289.0,383082.0,376288.0,370928.0,366822.0,363904.0,361916.0,359948.0,356757.0,351872.0,345133.0,336922.0,328021.0,319596.0,312510.0,307097.0,303876.0,302770.0,303054.0,303858.0,304525.0,304989.0,304747.0,303385.0,300820.0,297073.0,292019.0,285458.0,277549.0,269067.0,259705.0,250031.0,239979.0,229792.0,219642.0,209511.0,199545.0,189901.0,180516.0,171364.0,162564.0,154012.0,145660.0,137313.0,129307.0,121364.0,113619.0,106086.0,98704.0,91812.0,85415.0,79378.0,73895.0,68662.0,64131.0,59085.0,55032.0,51015.0,47118.0,43412.0,39735.0,36323.0,32883.0,29602.0,26361.0,23239.0,20012.0,16954.0,13962.0,12378.0,10801.0,10192.0,5593.0,4559.0,3720.0,3061.0,2545.0,7290.0,750943.0,752773.0,755690.0,759480.0,764067.0,769528.0,775848.0,783116.0,789950.0,797924.0,807041.0,816122.0,824791.0,833113.0,840024.0,844660.0,846335.0,845179.0,841202.0,834183.0,824150.0,811598.0,797225.0,781545.0,765441.0,750407.0,737662.0,727325.0,719547.0,713259.0,707145.0,698641.0,686926.0,671473.0,653128.0,633629.0,615182.0,599568.0,587647.0,579861.0,576275.0,575523.0,575924.0,576222.0,576243.0,575002.0,571729.0,566454.0,558890.0,548835.0,536115.0,520948.0,504470.0,486727.0,468312.0,449226.0,430012.0,410937.0,392073.0,373508.0,355629.0,338246.0,321239.0,304810.0,288773.0,273073.0,257395.0,242258.0,227368.0,212801.0,198630.0,184868.0,171900.0,159975.0,148642.0,138181.0,128323.0,119691.0,110141.0,102205.0,94367.0,86885.0,79630.0,72525.0,65876.0,59279.0,52910.0,46692.0,40729.0,34746.0,29022.0,23596.0,20670.0,18104.0,16674.0,9007.0,7305.0,5932.0,4861.0,4022.0,11209.0,22256199.0,23178743.0,45434942.0
2014,383087.0,383998.0,385293.0,386880.0,388767.0,391033.0,393744.0,396837.0,400422.0,404083.0,407871.0,412346.0,416765.0,420904.0,424690.0,427613.0,429242.0,429142.0,427457.0,424215.0,419417.0,413160.0,405659.0,397439.0,388633.0,379743.0,371566.0,364256.0,358130.0,353371.0,349175.0,345137.0,339932.0,333217.0,324628.0,314604.0,304127.0,294203.0,285744.0,279293.0,274754.0,272279.0,271221.0,270780.0,270365.0,269859.0,268797.0,266806.0,264021.0,260128.0,255058.0,248839.0,241536.0,233494.0,225078.0,216290.0,207216.0,198158.0,189188.0,180422.0,171768.0,163481.0,155415.0,147488.0,139785.0,132224.0,124797.0,117400.0,110208.0,103200.0,96339.0,89674.0,83254.0,77148.0,71574.0,66246.0,61238.0,56585.0,52475.0,47989.0,44110.0,40329.0,36819.0,33369.0,30061.0,26955.0,23962.0,21074.0,18288.0,15672.0,13131.0,10690.0,8464.0,7293.0,6441.0,5758.0,2968.0,2405.0,1958.0,1611.0,4296.0,365143.0,365885.0,367047.0,368543.0,370420.0,372643.0,375269.0,378371.0,381949.0,385369.0,389455.0,393987.0,398509.0,402887.0,407219.0,410936.0,413611.0,414995.0,415075.0,413882.0,411272.0,407157.0,401881.0,395594.0,388708.0,381547.0,374835.0,369521.0,365468.0,362621.0,360703.0,358798.0,355696.0,350907.0,344231.0,336065.0,327193.0,318795.0,311732.0,306378.0,303122.0,301964.0,302180.0,302915.0,303512.0,303894.0,303591.0,302156.0,299524.0,295731.0,290616.0,284027.0,276083.0,267590.0,258200.0,248508.0,238431.0,228223.0,218045.0,207893.0,197886.0,188201.0,178777.0,169571.0,160717.0,152102.0,143696.0,135291.0,127231.0,119230.0,111449.0,103892.0,96436.0,89482.0,83027.0,76923.0,71371.0,66072.0,61495.0,56373.0,52230.0,48170.0,44260.0,40587.0,36958.0,33596.0,30250.0,27095.0,24000.0,21040.0,18001.0,15147.0,12367.0,10936.0,9528.0,9025.0,4935.0,4049.0,3323.0,2767.0,7968.0,748230.0,749883.0,752340.0,755423.0,759187.0,763676.0,769013.0,775208.0,782371.0,789452.0,797326.0,806333.0,815274.0,823791.0,831909.0,838549.0,842853.0,844137.0,842532.0,838097.0,830689.0,820317.0,807540.0,793033.0,777341.0,761290.0,746401.0,733777.0,723598.0,715992.0,709878.0,703935.0,695628.0,684124.0,668859.0,650669.0,631320.0,612998.0,597476.0,585671.0,577876.0,574243.0,573401.0,573695.0,573877.0,573753.0,572388.0,568962.0,563545.0,555859.0,545674.0,532866.0,517619.0,501084.0,483278.0,464798.0,445647.0,426381.0,407233.0,388315.0,369654.0,351682.0,334192.0,317059.0,300502.0,284326.0,268493.0,252691.0,237439.0,222430.0,207788.0,193566.0,179690.0,166630.0,154601.0,143169.0,132609.0,122657.0,113970.0,104362.0,96340.0,88499.0,81079.0,73956.0,67019.0,60551.0,54212.0,48169.0,42288.0,36712.0,31132.0,25837.0,20831.0,18229.0,15969.0,14783.0,7903.0,6454.0,5281.0,4378.0,12264.0,22464054.0,23401956.0,45866010.0
2015,382202.0,382943.0,384149.0,385484.0,387014.0,388837.0,391005.0,393626.0,396636.0,400135.0,403920.0,407638.0,412037.0,416354.0,420367.0,423980.0,426702.0,428087.0,427718.0,425750.0,422268.0,417268.0,410874.0,403272.0,395031.0,386228.0,377378.0,369282.0,362078.0,356068.0,351415.0,347329.0,343397.0,338296.0,331687.0,323201.0,313285.0,302891.0,293048.0,284638.0,278209.0,273680.0,271181.0,270090.0,269594.0,269129.0,268549.0,267408.0,265347.0,262461.0,258493.0,253338.0,247056.0,239698.0,231609.0,223141.0,214310.0,205190.0,196086.0,187066.0,178258.0,169531.0,161177.0,153039.0,145022.0,137229.0,129587.0,122078.0,114607.0,107349.0,100291.0,93397.0,86692.0,80236.0,74097.0,68489.0,63134.0,58114.0,53440.0,49341.0,44882.0,41032.0,37314.0,33899.0,30574.0,27404.0,24460.0,21646.0,18956.0,16379.0,13989.0,11665.0,9448.0,7424.0,6407.0,5695.0,5128.0,2628.0,2148.0,1777.0,4732.0,364332.0,364773.0,365797.0,367050.0,368538.0,370395.0,372581.0,375148.0,378193.0,381713.0,385252.0,389279.0,393758.0,398224.0,402544.0,406806.0,410431.0,413002.0,414254.0,414197.0,412889.0,410173.0,405979.0,400663.0,394378.0,387525.0,380430.0,373827.0,368561.0,364555.0,361781.0,359915.0,358040.0,354995.0,350280.0,343630.0,335475.0,326595.0,318194.0,311129.0,305816.0,302518.0,301299.0,301440.0,302099.0,302611.0,302913.0,302542.0,301035.0,298338.0,294486.0,289318.0,282697.0,274711.0,266194.0,256774.0,247056.0,236955.0,226707.0,216493.0,206304.0,196235.0,186501.0,177015.0,167738.0,158822.0,150137.0,141662.0,133195.0,125055.0,117018.0,109193.0,101564.0,94043.0,87026.0,80505.0,74343.0,68719.0,63358.0,58750.0,53556.0,49351.0,45259.0,41357.0,37730.0,34174.0,30884.0,27658.0,24640.0,21715.0,18929.0,16096.0,13451.0,10890.0,9620.0,8374.0,7966.0,4436.0,3678.0,3052.0,8768.0,746534.0,747716.0,749946.0,752534.0,755552.0,759232.0,763586.0,768774.0,774829.0,781848.0,789172.0,796917.0,805795.0,814578.0,822911.0,830786.0,837133.0,841089.0,841972.0,839947.0,835157.0,827441.0,816853.0,803935.0,789409.0,773753.0,757808.0,743109.0,730639.0,720623.0,713196.0,707244.0,701437.0,693291.0,681967.0,666831.0,648760.0,629486.0,611242.0,595767.0,584025.0,576198.0,572480.0,571530.0,571693.0,571740.0,571462.0,569950.0,566382.0,560799.0,552979.0,542656.0,529753.0,514409.0,497803.0,479915.0,461366.0,442145.0,422793.0,403559.0,384562.0,365766.0,347678.0,330054.0,312760.0,296051.0,279724.0,263740.0,247802.0,232404.0,217309.0,202590.0,188256.0,174279.0,161123.0,148994.0,137477.0,126833.0,116798.0,108091.0,98438.0,90383.0,82573.0,75256.0,68304.0,61578.0,55344.0,49304.0,43596.0,38094.0,32918.0,27761.0,22899.0,18314.0,16027.0,14069.0,13094.0,7064.0,5826.0,4829.0,13500.0,22677848.0,23636050.0,46313898.0
2016,382213.0,382956.0,383902.0,385057.0,386303.0,387709.0,389428.0,391477.0,393969.0,396863.0,400247.0,404121.0,407746.0,412035.0,416232.0,420097.0,423521.0,426037.0,427174.0,426574.0,424388.0,420751.0,415637.0,409186.0,401555.0,393340.0,384584.0,375791.0,367793.0,360696.0,354796.0,350234.0,346231.0,342375.0,337344.0,330807.0,322382.0,312525.0,302181.0,292367.0,283961.0,277512.0,272949.0,270391.0,269243.0,268671.0,268128.0,267458.0,266227.0,264066.0,261080.0,257013.0,251763.0,245404.0,237971.0,229826.0,221299.0,212404.0,203241.0,194067.0,184983.0,176110.0,167293.0,158853.0,150624.0,142504.0,134613.0,126870.0,119285.0,111715.0,104394.0,97288.0,90357.0,83605.0,77115.0,70957.0,65323.0,59956.0,54937.0,50263.0,46180.0,41775.0,37979.0,34340.0,31043.0,27863.0,24853.0,22083.0,19467.0,16987.0,14620.0,12455.0,10349.0,8337.0,6519.0,5639.0,5052.0,4593.0,2396.0,1991.0,5266.0,364592.0,365105.0,365802.0,366863.0,368053.0,369460.0,371228.0,373316.0,375784.0,378714.0,382159.0,385780.0,389735.0,394154.0,398585.0,402856.0,407081.0,410652.0,413166.0,414345.0,414233.0,412874.0,410113.0,405903.0,400596.0,394338.0,387546.0,380530.0,374025.0,368786.0,364793.0,362039.0,360150.0,358246.0,355184.0,350470.0,343777.0,335550.0,326613.0,318143.0,311016.0,305702.0,302324.0,301012.0,301053.0,301613.0,302027.0,302231.0,301778.0,300181.0,297412.0,293496.0,288266.0,281601.0,273562.0,265006.0,255540.0,245777.0,235628.0,225325.0,215053.0,204805.0,194665.0,184859.0,175292.0,165930.0,156936.0,148162.0,139606.0,131046.0,122834.0,114744.0,106844.0,99138.0,91550.0,84463.0,77880.0,71650.0,65959.0,60547.0,55916.0,50664.0,46411.0,42314.0,38444.0,34879.0,31412.0,28227.0,25134.0,22277.0,19530.0,16939.0,14321.0,11889.0,9553.0,8439.0,7348.0,7040.0,4130.0,3474.0,9793.0,746805.0,748061.0,749704.0,751920.0,754356.0,757169.0,760656.0,764793.0,769753.0,775577.0,782406.0,789901.0,797481.0,806189.0,814817.0,822953.0,830602.0,836689.0,840340.0,840919.0,838621.0,833625.0,825750.0,815089.0,802151.0,787678.0,772130.0,756321.0,741818.0,729482.0,719589.0,712273.0,706381.0,700621.0,692528.0,681277.0,666159.0,648075.0,628794.0,610510.0,594977.0,583214.0,575273.0,571403.0,570296.0,570284.0,570155.0,569689.0,568005.0,564247.0,558492.0,550509.0,540029.0,527005.0,511533.0,494832.0,476839.0,458181.0,438869.0,419392.0,400036.0,380915.0,361958.0,343712.0,325916.0,308434.0,291549.0,275032.0,258891.0,242761.0,227228.0,212032.0,197201.0,182743.0,168665.0,155420.0,143203.0,131606.0,120896.0,110810.0,102096.0,92439.0,84390.0,76654.0,69487.0,62742.0,56265.0,50310.0,44601.0,39264.0,34150.0,29394.0,24670.0,20226.0,16072.0,14078.0,12400.0,11633.0,6526.0,5465.0,15059.0,22918130.0,23911986.0,46830116.0
2017,383542.0,384336.0,385157.0,385977.0,386921.0,387996.0,389215.0,390795.0,392665.0,394978.0,397718.0,400943.0,404862.0,408360.0,412514.0,416567.0,420258.0,423489.0,425798.0,426729.0,425961.0,423643.0,419921.0,414779.0,408331.0,400729.0,392578.0,383900.0,375196.0,367310.0,360310.0,354497.0,350007.0,346036.0,342233.0,337218.0,330710.0,322281.0,312437.0,302082.0,292249.0,283799.0,277289.0,272650.0,270001.0,268750.0,268075.0,267426.0,266634.0,265286.0,263002.0,259891.0,255710.0,250345.0,243892.0,236371.0,228145.0,219546.0,210581.0,201350.0,192102.0,182932.0,173971.0,165053.0,156506.0,148164.0,139921.0,131923.0,124071.0,116380.0,108730.0,101332.0,94174.0,87196.0,80408.0,73893.0,67731.0,62084.0,56724.0,51725.0,47063.0,43031.0,38696.0,34973.0,31444.0,28284.0,25270.0,22441.0,19849.0,17445.0,15183.0,13014.0,11079.0,9178.0,7367.0,5738.0,4982.0,4506.0,4143.0,2302.0,5982.0,365734.0,366524.0,367136.0,367854.0,368785.0,369833.0,371099.0,372736.0,374683.0,377001.0,379797.0,383130.0,386823.0,390705.0,395092.0,399497.0,403743.0,407962.0,411502.0,413978.0,415131.0,414985.0,413605.0,410836.0,406630.0,401359.0,395157.0,388444.0,381524.0,375112.0,369878.0,365882.0,363090.0,361137.0,359144.0,356018.0,351237.0,344440.0,336093.0,327042.0,318465.0,311240.0,305897.0,302405.0,300980.0,300888.0,301328.0,301623.0,301717.0,301176.0,299486.0,296643.0,292665.0,287371.0,280654.0,272557.0,263949.0,254421.0,244611.0,234386.0,224016.0,213666.0,203342.0,193124.0,183227.0,173573.0,164105.0,155015.0,146140.0,137486.0,128830.0,120528.0,112359.0,104380.0,96598.0,88935.0,81779.0,75134.0,68845.0,63100.0,57638.0,52998.0,47709.0,43435.0,39352.0,35533.0,32059.0,28701.0,25640.0,22702.0,20020.0,17462.0,15076.0,12683.0,10465.0,8349.0,7391.0,6447.0,6237.0,4090.0,11250.0,749276.0,750860.0,752293.0,753831.0,755706.0,757829.0,760314.0,763531.0,767348.0,771979.0,777515.0,784073.0,791685.0,799065.0,807606.0,816064.0,824001.0,831451.0,837300.0,840707.0,841092.0,838628.0,833526.0,825615.0,814961.0,802088.0,787735.0,772344.0,756720.0,742422.0,730188.0,720379.0,713097.0,707173.0,701377.0,693236.0,681947.0,666721.0,648530.0,629124.0,610714.0,595039.0,583186.0,575055.0,570981.0,569638.0,569403.0,569049.0,568351.0,566462.0,562488.0,556534.0,548375.0,537716.0,524546.0,508928.0,492094.0,473967.0,455192.0,435736.0,416118.0,396598.0,377313.0,358177.0,339733.0,321737.0,304026.0,286938.0,270211.0,253866.0,237560.0,221860.0,206533.0,191576.0,177006.0,162828.0,149510.0,137218.0,125569.0,114825.0,104701.0,96029.0,86405.0,78408.0,70796.0,63817.0,57329.0,51142.0,45489.0,40147.0,35203.0,30476.0,26155.0,21861.0,17832.0,14087.0,12373.0,10953.0,10380.0,6392.0,17232.0,23196961.0,24222239.0,47419200.0
2018,379611.0,384392.0,389812.0,395361.0,400077.0,405013.0,410040.0,415839.0,421676.0,427467.0,433301.0,439515.0,440403.0,440428.0,438851.0,436918.0,435090.0,434665.0,428650.0,423143.0,418454.0,415566.0,413985.0,412666.0,408429.0,400028.0,390200.0,380463.0,370656.0,361288.0,350860.0,344052.0,338075.0,333980.0,331625.0,328894.0,324855.0,321093.0,314589.0,306368.0,295689.0,287041.0,276711.0,270668.0,267492.0,265604.0,264388.0,264242.0,263755.0,262960.0,259797.0,258085.0,254041.0,250429.0,245423.0,239072.0,231045.0,221802.0,211520.0,202507.0,193446.0,185521.0,176917.0,169729.0,162052.0,154357.0,146719.0,139304.0,131614.0,124364.0,116933.0,109194.0,101088.0,93900.0,87427.0,82182.0,77454.0,72726.0,67704.0,62577.0,57078.0,51129.0,45461.0,40677.0,36287.0,32267.0,28138.0,24379.0,20787.0,17676.0,14618.0,11729.0,9288.0,7194.0,5546.0,4245.0,3178.0,2364.0,1741.0,1339.0,5186.0,360423.0,366857.0,371459.0,376170.0,381397.0,386598.0,391876.0,396570.0,401512.0,406877.0,412775.0,418905.0,419464.0,419343.0,419171.0,418997.0,418896.0,419284.0,418971.0,418378.0,417918.0,414027.0,412009.0,410970.0,407892.0,402058.0,394042.0,385207.0,376853.0,368139.0,361968.0,356889.0,353543.0,350216.0,349979.0,349810.0,347671.0,343864.0,338579.0,328833.0,320471.0,310466.0,302241.0,295448.0,292176.0,290099.0,289095.0,289688.0,290593.0,288498.0,287931.0,285470.0,283684.0,279848.0,275666.0,269428.0,261097.0,252378.0,243174.0,233432.0,225283.0,216444.0,208105.0,198714.0,189686.0,180288.0,171373.0,163086.0,154981.0,146413.0,138045.0,129145.0,120847.0,112691.0,105368.0,99133.0,94326.0,89894.0,84997.0,79592.0,73913.0,68168.0,62476.0,56752.0,50930.0,45487.0,40619.0,35858.0,31388.0,27051.0,22966.0,18797.0,15014.0,11921.0,9369.0,7412.0,5783.0,4447.0,3193.0,2145.0,6957.0,740034.0,751249.0,761271.0,771531.0,781474.0,791611.0,801916.0,812409.0,823188.0,834344.0,846076.0,858420.0,859867.0,859771.0,858022.0,855915.0,853986.0,853949.0,847621.0,841521.0,836372.0,829593.0,825994.0,823636.0,816321.0,802086.0,784242.0,765670.0,747509.0,729427.0,712828.0,700941.0,691618.0,684196.0,681604.0,678704.0,672526.0,664957.0,653168.0,635201.0,616160.0,597507.0,578952.0,566116.0,559668.0,555703.0,553483.0,553930.0,554348.0,551458.0,547728.0,543555.0,537725.0,530277.0,521089.0,508500.0,492142.0,474180.0,454694.0,435939.0,418729.0,401965.0,385022.0,368443.0,351738.0,334645.0,318092.0,302390.0,286595.0,270777.0,254978.0,238339.0,221935.0,206591.0,192795.0,181315.0,171780.0,162620.0,152701.0,142169.0,130991.0,119297.0,107937.0,97429.0,87217.0,77754.0,68757.0,60237.0,52175.0,44727.0,37584.0,30526.0,24302.0,19115.0,14915.0,11657.0,8961.0,6811.0,4934.0,3484.0,12143.0,23614164.0,24644330.0,48258494.0
2019,379692.0,386682.0,391193.0,396244.0,401414.0,405771.0,410366.0,415066.0,420565.0,426110.0,431629.0,437218.0,443190.0,443893.0,443809.0,442286.0,440639.0,439378.0,439728.0,434624.0,430028.0,426126.0,423823.0,422602.0,421417.0,417141.0,408561.0,398459.0,388367.0,378161.0,368352.0,357497.0,350232.0,343816.0,339282.0,336499.0,333356.0,328936.0,324797.0,317946.0,309402.0,298435.0,289498.0,278918.0,272617.0,269180.0,267041.0,265576.0,265176.0,264447.0,263405.0,260015.0,258067.0,253802.0,249960.0,244734.0,238171.0,229953.0,220521.0,210076.0,200894.0,191658.0,183554.0,174788.0,167409.0,159560.0,151687.0,143890.0,136313.0,128471.0,121075.0,113518.0,105672.0,97507.0,90239.0,83686.0,78323.0,73461.0,68622.0,63526.0,58361.0,52896.0,47057.0,41527.0,36860.0,32603.0,28721.0,24803.0,21262.0,17930.0,15067.0,12304.0,9750.0,7624.0,5829.0,4440.0,3361.0,2490.0,1841.0,1353.0,3822.0,361190.0,367014.0,373221.0,377510.0,381896.0,386812.0,391708.0,396699.0,401120.0,405805.0,410927.0,416601.0,422520.0,422927.0,422752.0,422723.0,423033.0,423807.0,425327.0,426203.0,426636.0,426915.0,423474.0,421621.0,420511.0,417194.0,411008.0,402577.0,393289.0,384458.0,375280.0,368637.0,363105.0,359317.0,355575.0,354936.0,354375.0,351875.0,347724.0,342114.0,332082.0,323437.0,313183.0,304718.0,297696.0,294197.0,291901.0,290683.0,291061.0,291752.0,289469.0,288695.0,286043.0,284063.0,280044.0,275674.0,269261.0,260764.0,251879.0,242517.0,232621.0,224305.0,215311.0,206797.0,197249.0,188062.0,178512.0,169432.0,160978.0,152704.0,143975.0,135453.0,126424.0,117982.0,109707.0,102235.0,95836.0,90816.0,86153.0,81051.0,75479.0,69670.0,63836.0,58078.0,52336.0,46626.0,41266.0,36482.0,31863.0,27566.0,23464.0,19652.0,15863.0,12494.0,9774.0,7569.0,5897.0,4531.0,3443.0,2453.0,5403.0,740882.0,753696.0,764414.0,773754.0,783310.0,792583.0,802074.0,811765.0,821685.0,831915.0,842556.0,853819.0,865710.0,866820.0,866561.0,865009.0,863672.0,863185.0,865055.0,860827.0,856664.0,853041.0,847297.0,844223.0,841928.0,834335.0,819569.0,801036.0,781656.0,762619.0,743632.0,726134.0,713337.0,703133.0,694857.0,691435.0,687731.0,680811.0,672521.0,660060.0,641484.0,621872.0,602681.0,583636.0,570313.0,563377.0,558942.0,556259.0,556237.0,556199.0,552874.0,548710.0,544110.0,537865.0,530004.0,520408.0,507432.0,490717.0,472400.0,452593.0,433515.0,415963.0,398865.0,381585.0,364658.0,347622.0,330199.0,313322.0,297291.0,281175.0,265050.0,248971.0,232096.0,215489.0,199946.0,185921.0,174159.0,164277.0,154775.0,144577.0,133840.0,122566.0,110893.0,99605.0,89196.0,79229.0,69987.0,61285.0,53125.0,45496.0,38531.0,31956.0,25613.0,20118.0,15603.0,12009.0,9258.0,7021.0,5284.0,3806.0,9225.0,24117643.0,25148883.0,49266526.0
2020,385600.0,388121.0,394740.0,398807.0,403410.0,408157.0,412107.0,416315.0,420666.0,425820.0,431052.0,436279.0,441600.0,447356.0,447940.0,447937.0,446762.0,445804.0,445487.0,446912.0,442886.0,439218.0,436031.0,434157.0,433119.0,431879.0,427364.0,418453.0,407931.0,397360.0,386635.0,376292.0,364919.0,357138.0,350210.0,345181.0,341919.0,338315.0,333461.0,328906.0,321673.0,312767.0,301480.0,292226.0,281364.0,274777.0,271066.0,268640.0,266902.0,266233.0,265233.0,263926.0,260291.0,258083.0,253580.0,249490.0,244021.0,237236.0,228802.0,219180.0,208563.0,199187.0,189780.0,181486.0,172537.0,164972.0,156935.0,148893.0,140923.0,133178.0,125196.0,117655.0,109965.0,102034.0,93806.0,86484.0,79854.0,74388.0,69417.0,64480.0,59342.0,54172.0,48767.0,43063.0,37713.0,33192.0,29092.0,25382.0,21692.0,18399.0,15338.0,12729.0,10272.0,8034.0,6210.0,4698.0,3544.0,2656.0,1962.0,1452.0,3082.0,366775.0,369027.0,374550.0,380373.0,384285.0,388297.0,392854.0,397419.0,402082.0,406201.0,410601.0,415467.0,420903.0,426638.0,426979.0,426976.0,427522.0,428860.0,430976.0,433894.0,435972.0,437281.0,438068.0,434824.0,432908.0,431515.0,427785.0,421105.0,412136.0,402297.0,392904.0,383185.0,376009.0,369972.0,365689.0,361492.0,360404.0,359418.0,356514.0,351994.0,346019.0,335676.0,326723.0,316187.0,307461.0,300191.0,296447.0,293908.0,292455.0,292599.0,293064.0,290560.0,289571.0,286709.0,284519.0,280295.0,275720.0,269111.0,260434.0,251371.0,241837.0,231770.0,223281.0,214104.0,205413.0,195693.0,186336.0,176613.0,167365.0,158729.0,150274.0,141389.0,132702.0,123532.0,114952.0,106545.0,98945.0,92376.0,87145.0,82259.0,76964.0,71246.0,65338.0,59431.0,53652.0,47999.0,42382.0,37147.0,32496.0,28060.0,23980.0,20142.0,16642.0,13251.0,10289.0,7936.0,6063.0,4662.0,3548.0,2662.0,4729.0,752375.0,757148.0,769290.0,779180.0,787695.0,796454.0,804961.0,813734.0,822748.0,832021.0,841653.0,851746.0,862503.0,873994.0,874919.0,874913.0,874284.0,874664.0,876463.0,880806.0,878858.0,876499.0,874099.0,868981.0,866027.0,863394.0,855149.0,839558.0,820067.0,799657.0,779539.0,759477.0,740928.0,727110.0,715899.0,706673.0,702323.0,697733.0,689975.0,680900.0,667692.0,648443.0,628203.0,608413.0,588825.0,574968.0,567513.0,562548.0,559357.0,558832.0,558297.0,554486.0,549862.0,544792.0,538099.0,529785.0,519741.0,506347.0,489236.0,470551.0,450400.0,430957.0,413061.0,395590.0,377950.0,360665.0,343271.0,325506.0,308288.0,291907.0,275470.0,259044.0,242667.0,225566.0,208758.0,193029.0,178799.0,166764.0,156562.0,146739.0,136306.0,125418.0,114105.0,102494.0,91365.0,81191.0,71474.0,62529.0,54188.0,46459.0,39318.0,32871.0,26914.0,21285.0,16499.0,12634.0,9607.0,7318.0,5510.0,4114.0,7811.0,24679740.0,25711050.0,50390790.0
2021,382677.0,389658.0,392098.0,398527.0,402382.0,406782.0,411323.0,415086.0,419114.0,423282.0,428274.0,433351.0,438422.0,443611.0,449265.0,449839.0,449960.0,449073.0,448528.0,448712.0,450599.0,447005.0,443661.0,440664.0,438864.0,437781.0,436409.0,431716.0,422595.0,411843.0,401033.0,390063.0,379470.0,367857.0,359825.0,352660.0,347400.0,343901.0,340070.0,335001.0,330244.0,322815.0,313727.0,302276.0,292856.0,281842.0,275094.0,271202.0,268601.0,266676.0,265804.0,264610.0,263096.0,259267.0,256843.0,252139.0,247833.0,242166.0,235169.0,226551.0,216762.0,205982.0,196442.0,186873.0,178395.0,169289.0,161527.0,153316.0,145107.0,136973.0,129072.0,120954.0,113271.0,105477.0,97468.0,89218.0,81849.0,75186.0,69635.0,64574.0,59580.0,54426.0,49298.0,43999.0,38495.0,33381.0,29068.0,25185.0,21702.0,18307.0,15303.0,12561.0,10257.0,8136.0,6257.0,4744.0,3527.0,2612.0,1922.0,1394.0,2547.0,364150.0,370577.0,372783.0,378144.0,383785.0,387503.0,391348.0,395732.0,400126.0,404633.0,408603.0,412866.0,417595.0,422943.0,428624.0,429044.0,429327.0,430384.0,432399.0,435219.0,438743.0,441265.0,442838.0,443703.0,440424.0,438361.0,436750.0,432758.0,425795.0,416537.0,406402.0,396728.0,386731.0,379286.0,372991.0,368459.0,364029.0,362711.0,361505.0,358391.0,353673.0,347518.0,337003.0,327892.0,317214.0,308335.0,300931.0,297035.0,294349.0,292748.0,292738.0,293037.0,290382.0,289230.0,286214.0,283853.0,279467.0,274718.0,267952.0,259123.0,249906.0,240218.0,230007.0,221342.0,212006.0,203144.0,193265.0,183729.0,173852.0,164432.0,155621.0,146984.0,137939.0,129093.0,119789.0,111082.0,102553.0,94823.0,88102.0,82660.0,77560.0,72085.0,66244.0,60264.0,54335.0,48649.0,43081.0,37620.0,32577.0,28128.0,23940.0,20149.0,16647.0,13513.0,10555.0,8042.0,6081.0,4556.0,3433.0,2553.0,4211.0,746827.0,760235.0,764881.0,776671.0,786167.0,794285.0,802671.0,810818.0,819240.0,827915.0,836877.0,846217.0,856017.0,866554.0,877889.0,878883.0,879287.0,879457.0,880927.0,883931.0,889342.0,888270.0,886499.0,884367.0,879288.0,876142.0,873159.0,864474.0,848390.0,828380.0,807435.0,786791.0,766201.0,747143.0,732816.0,721119.0,711429.0,706612.0,701575.0,693392.0,683917.0,670333.0,650730.0,630168.0,610070.0,590177.0,576025.0,568237.0,562950.0,559424.0,558542.0,557647.0,553478.0,548497.0,543057.0,535992.0,527300.0,516884.0,503121.0,485674.0,466668.0,446200.0,426449.0,408215.0,390401.0,372433.0,354792.0,337045.0,318959.0,301405.0,284693.0,267938.0,251210.0,234570.0,217257.0,200300.0,184402.0,170009.0,157737.0,147234.0,137140.0,126511.0,115542.0,104263.0,92830.0,82030.0,72149.0,62805.0,54279.0,46435.0,39243.0,32710.0,26904.0,21649.0,16812.0,12786.0,9608.0,7168.0,5355.0,3947.0,6758.0,25037263.0,26078374.0,51115637.0
2022,379263.0,384581.0,391602.0,393982.0,400313.0,404075.0,408374.0,412822.0,416489.0,420425.0,424509.0,429404.0,434383.0,439368.0,444465.0,450065.0,450657.0,450860.0,450131.0,449777.0,450156.0,452184.0,448709.0,445431.0,442449.0,440601.0,439446.0,437960.0,433147.0,423917.0,413064.0,402144.0,391067.0,380365.0,368659.0,360523.0,353251.0,347878.0,344261.0,340317.0,335135.0,330255.0,322718.0,313530.0,301993.0,292467.0,281369.0,274514.0,270496.0,267752.0,265684.0,264650.0,263275.0,261587.0,257582.0,254964.0,250071.0,245568.0,239697.0,232513.0,223717.0,213767.0,202850.0,193150.0,183421.0,174770.0,165509.0,157565.0,149188.0,140813.0,132531.0,124483.0,116242.0,108438.0,100558.0,92496.0,84249.0,76874.0,70202.0,64601.0,59489.0,54473.0,49359.0,44309.0,39168.0,33926.0,29091.0,25025.0,21410.0,18194.0,15112.0,12434.0,10026.0,8039.0,6257.0,4717.0,3499.0,2548.0,1847.0,1328.0,2112.0,360917.0,365925.0,372401.0,374552.0,379831.0,385385.0,389019.0,392776.0,397075.0,401385.0,405812.0,409708.0,413893.0,418572.0,423882.0,429599.0,430155.0,430688.0,432079.0,434433.0,437544.0,441273.0,443902.0,445503.0,446319.0,442953.0,440779.0,439022.0,434874.0,427755.0,418343.0,408068.0,398242.0,388117.0,380545.0,374117.0,369459.0,364914.0,363475.0,362141.0,358916.0,354090.0,347824.0,337216.0,328019.0,317255.0,308292.0,300801.0,296811.0,294021.0,292312.0,292179.0,292353.0,289571.0,288286.0,285135.0,282621.0,278088.0,273197.0,266272.0,257301.0,247945.0,238111.0,227763.0,218934.0,209441.0,200408.0,190374.0,180675.0,170635.0,161055.0,152066.0,143258.0,134052.0,125058.0,115640.0,106808.0,98179.0,90340.0,83483.0,77860.0,72567.0,66956.0,61034.0,55028.0,49204.0,43600.0,38187.0,32939.0,28147.0,23956.0,20066.0,16609.0,13474.0,10728.0,8208.0,6120.0,4530.0,3317.0,2443.0,3694.0,740180.0,750506.0,764003.0,768534.0,780144.0,789460.0,797393.0,805598.0,813564.0,821810.0,830321.0,839112.0,848276.0,857940.0,868347.0,879664.0,880812.0,881548.0,882210.0,884210.0,887700.0,893457.0,892611.0,890934.0,888768.0,883554.0,880225.0,876982.0,868021.0,851672.0,831407.0,810212.0,789309.0,768482.0,749204.0,734640.0,722710.0,712792.0,707736.0,702458.0,694051.0,684345.0,670542.0,650746.0,630012.0,609722.0,589661.0,575315.0,567307.0,561773.0,557996.0,556829.0,555628.0,551158.0,545868.0,540099.0,532692.0,523656.0,512894.0,498785.0,481018.0,461712.0,440961.0,420913.0,402355.0,384211.0,365917.0,347939.0,329863.0,311448.0,293586.0,276549.0,259500.0,242490.0,225616.0,208136.0,191057.0,175053.0,160542.0,148084.0,137349.0,127040.0,116315.0,105343.0,94196.0,83130.0,72691.0,63212.0,54349.0,46341.0,39068.0,32500.0,26635.0,21513.0,16985.0,12925.0,9619.0,7078.0,5164.0,3771.0,5806.0,25294681.0,26348884.0,51643565.0
2023,375915.0,380514.0,385906.0,392867.0,395204.0,401458.0,405163.0,409401.0,413778.0,417388.0,421257.0,425275.0,430103.0,435000.0,439914.0,444957.0,450524.0,451151.0,451426.0,450794.0,450533.0,450991.0,453034.0,449569.0,446277.0,443257.0,441352.0,440106.0,438526.0,433605.0,424308.0,413395.0,402411.0,391286.0,380512.0,368778.0,360576.0,353245.0,347807.0,344116.0,340077.0,334821.0,329848.0,322232.0,312955.0,301355.0,291755.0,280589.0,273649.0,269516.0,266656.0,264449.0,263262.0,261732.0,259868.0,255703.0,252894.0,247825.0,243127.0,237063.0,229704.0,220732.0,210630.0,199581.0,189733.0,179861.0,171044.0,161641.0,153523.0,144988.0,136473.0,128051.0,119880.0,111535.0,103638.0,95689.0,87611.0,79386.0,72038.0,65388.0,59773.0,54655.0,49664.0,44628.0,39702.0,34760.0,29794.0,25263.0,21472.0,18127.0,15194.0,12429.0,10060.0,7976.0,6286.0,4800.0,3550.0,2584.0,1846.0,1311.0,1809.0,357675.0,362017.0,367096.0,373526.0,375642.0,380868.0,386361.0,389941.0,393645.0,397886.0,402144.0,406515.0,410359.0,414511.0,419167.0,424503.0,430291.0,431014.0,431755.0,433353.0,435871.0,439090.0,442867.0,445475.0,447028.0,447747.0,444304.0,442034.0,440167.0,435905.0,428678.0,419172.0,408808.0,398898.0,388699.0,381048.0,374553.0,369818.0,365200.0,363676.0,362261.0,358952.0,354041.0,347697.0,337025.0,327758.0,316934.0,307919.0,300358.0,296294.0,293416.0,291612.0,291381.0,291422.0,288539.0,287119.0,283839.0,281185.0,276514.0,271465.0,264396.0,255295.0,245797.0,235823.0,225339.0,216355.0,206698.0,197502.0,187315.0,177452.0,167260.0,157523.0,148365.0,139389.0,130042.0,120908.0,111387.0,102450.0,93740.0,85818.0,78858.0,73087.0,67650.0,61944.0,55987.0,50079.0,44346.0,38886.0,33668.0,28680.0,24179.0,20275.0,16725.0,13601.0,10837.0,8462.0,6351.0,4644.0,3363.0,2417.0,3272.0,733590.0,742531.0,753002.0,766393.0,770846.0,782326.0,791524.0,799342.0,807423.0,815274.0,823401.0,831790.0,840462.0,849511.0,859081.0,869460.0,880815.0,882165.0,883181.0,884147.0,886404.0,890081.0,895901.0,895044.0,893305.0,891004.0,885656.0,882140.0,878693.0,869510.0,852986.0,832567.0,811219.0,790184.0,769211.0,749826.0,735129.0,723063.0,713007.0,707792.0,702338.0,693773.0,683889.0,669929.0,649980.0,629113.0,608689.0,588508.0,574007.0,565810.0,560072.0,556061.0,554643.0,553154.0,548407.0,542822.0,536733.0,529010.0,519641.0,508528.0,494100.0,476027.0,456427.0,435404.0,415072.0,396216.0,377742.0,359143.0,340838.0,322440.0,303733.0,285574.0,268245.0,250924.0,233680.0,216597.0,198998.0,181836.0,165778.0,151206.0,138631.0,127742.0,117314.0,106572.0,95689.0,84839.0,74140.0,64149.0,55140.0,46807.0,39373.0,32704.0,26785.0,21577.0,17123.0,13262.0,9901.0,7228.0,5209.0,3728.0,5081.0,25527864.0,26589203.0,52117067.0
2024,372539.0,377208.0,381864.0,387204.0,394097.0,396365.0,402550.0,406193.0,410370.0,414684.0,418228.0,422035.0,425985.0,430736.0,435573.0,440435.0,445476.0,451082.0,451790.0,452175.0,451658.0,451479.0,452001.0,454031.0,450560.0,447233.0,444166.0,442186.0,440856.0,439175.0,434163.0,424783.0,413806.0,402760.0,391571.0,380735.0,368945.0,360682.0,353285.0,347775.0,343995.0,339880.0,334540.0,329478.0,321775.0,312419.0,300750.0,291073.0,279840.0,272807.0,268579.0,265590.0,263251.0,261919.0,260231.0,258199.0,253880.0,250890.0,245653.0,240772.0,234532.0,226989.0,217866.0,207625.0,196451.0,186462.0,176462.0,167497.0,157965.0,149691.0,141022.0,132380.0,123844.0,115568.0,107148.0,99180.0,91191.0,83114.0,74944.0,67642.0,61038.0,55451.0,50350.0,45419.0,40482.0,35713.0,30978.0,26289.0,22054.0,18538.0,15453.0,12784.0,10308.0,8219.0,6418.0,4973.0,3735.0,2714.0,1945.0,1367.0,1837.0,354458.0,358822.0,363234.0,368281.0,374647.0,376708.0,381874.0,387309.0,390832.0,394481.0,398668.0,402872.0,407189.0,410997.0,415127.0,419808.0,425232.0,431186.0,432120.0,433085.0,434860.0,437492.0,440780.0,444560.0,447121.0,448600.0,449211.0,445677.0,443304.0,441323.0,436947.0,429617.0,420006.0,409560.0,399559.0,389281.0,381554.0,374978.0,370162.0,365478.0,363872.0,362366.0,358972.0,353991.0,347556.0,336827.0,327488.0,316603.0,307527.0,299903.0,295751.0,292791.0,290891.0,290544.0,290468.0,287470.0,285912.0,282514.0,279706.0,274892.0,269696.0,262481.0,253231.0,243593.0,233481.0,222856.0,213711.0,203903.0,194532.0,184192.0,174177.0,163832.0,153935.0,144617.0,135487.0,125999.0,116744.0,107124.0,98113.0,89343.0,81361.0,74325.0,68444.0,62899.0,57131.0,51259.0,45432.0,39832.0,34560.0,29567.0,24878.0,20683.0,17089.0,13873.0,11100.0,8681.0,6659.0,4895.0,3514.0,2496.0,3386.0,726997.0,736030.0,745098.0,755485.0,768744.0,773073.0,784424.0,793502.0,801202.0,809165.0,816896.0,824907.0,833174.0,841733.0,850700.0,860243.0,870708.0,882268.0,883910.0,885260.0,886518.0,888971.0,892781.0,898591.0,897681.0,895833.0,893377.0,887863.0,884160.0,880498.0,871110.0,854400.0,833812.0,812320.0,791130.0,770016.0,750499.0,735660.0,723447.0,713253.0,707867.0,702246.0,693512.0,683469.0,669331.0,649246.0,628238.0,607676.0,587367.0,572710.0,564330.0,558381.0,554142.0,552463.0,550699.0,545669.0,539792.0,533404.0,525359.0,515664.0,504228.0,489470.0,471097.0,451218.0,429932.0,409318.0,390173.0,371400.0,352497.0,333883.0,315199.0,296212.0,277779.0,260185.0,242635.0,225179.0,207935.0,190238.0,173057.0,156985.0,142399.0,129776.0,118794.0,108318.0,97613.0,86972.0,76410.0,66121.0,56614.0,48105.0,40331.0,33467.0,27397.0,22092.0,17518.0,13654.0,10394.0,7609.0,5459.0,3863.0,5223.0,25777598.0,26836155.0,52613753.0
2025,367902.0,373397.0,378139.0,382777.0,388072.0,394905.0,397135.0,403268.0,406867.0,411000.0,415265.0,418763.0,422511.0,426405.0,431095.0,435880.0,440718.0,445764.0,451391.0,452148.0,452578.0,452095.0,451933.0,452443.0,454406.0,450899.0,447526.0,444418.0,442376.0,440980.0,439226.0,434144.0,424718.0,413711.0,402626.0,391403.0,380527.0,368715.0,360409.0,352969.0,347408.0,343567.0,339373.0,333973.0,328830.0,321054.0,311628.0,299901.0,290146.0,278864.0,271740.0,267408.0,264301.0,261832.0,260352.0,258507.0,256306.0,251827.0,248654.0,243244.0,238173.0,231750.0,224029.0,214748.0,204367.0,193070.0,182945.0,172812.0,163703.0,154045.0,145623.0,136822.0,128059.0,119425.0,111056.0,102572.0,94551.0,86550.0,78493.0,70404.0,63175.0,56657.0,51123.0,46079.0,41231.0,36443.0,31848.0,27356.0,22972.0,19061.0,15816.0,13018.0,10610.0,8434.0,6618.0,5080.0,3870.0,2858.0,2038.0,1441.0,1891.0,350030.0,355181.0,359632.0,364035.0,369045.0,375360.0,377385.0,382512.0,387900.0,391393.0,394997.0,399145.0,403311.0,407602.0,411391.0,415537.0,420280.0,425824.0,431900.0,432978.0,434053.0,435889.0,438550.0,441830.0,445558.0,448062.0,449462.0,449978.0,446370.0,443929.0,441860.0,437403.0,429997.0,420326.0,409813.0,399755.0,389437.0,381652.0,375027.0,370148.0,365419.0,363746.0,362174.0,358710.0,353657.0,347161.0,336380.0,326979.0,316046.0,306911.0,299234.0,295012.0,291957.0,289966.0,289508.0,289313.0,286195.0,284511.0,280967.0,278019.0,273056.0,267693.0,260327.0,250935.0,241150.0,230882.0,220119.0,210803.0,200836.0,191293.0,180786.0,170611.0,160113.0,150061.0,140586.0,131290.0,121678.0,112302.0,102612.0,93532.0,84725.0,76718.0,69629.0,63668.0,58046.0,52339.0,46528.0,40832.0,35425.0,30377.0,25662.0,21299.0,17449.0,14195.0,11331.0,8901.0,6834.0,5133.0,3708.0,2603.0,3508.0,717932.0,728578.0,737771.0,746812.0,757117.0,770265.0,774520.0,785780.0,794767.0,802393.0,810262.0,817908.0,825822.0,834007.0,842486.0,851417.0,860998.0,871588.0,883291.0,885126.0,886631.0,887984.0,890483.0,894273.0,899964.0,898961.0,896988.0,894396.0,888746.0,884909.0,881086.0,871547.0,854715.0,834037.0,812439.0,791158.0,769964.0,750367.0,735436.0,723117.0,712827.0,707313.0,701547.0,692683.0,682487.0,668215.0,648008.0,626880.0,606192.0,585775.0,570974.0,562420.0,556258.0,551798.0,549860.0,547820.0,542501.0,536338.0,529621.0,521263.0,511229.0,499443.0,484356.0,465683.0,445517.0,423952.0,403064.0,383615.0,364539.0,345338.0,326409.0,307433.0,288172.0,269486.0,251642.0,233862.0,216229.0,198852.0,181105.0,163936.0,147900.0,133375.0,120752.0,109747.0,99277.0,88782.0,78376.0,68188.0,58397.0,49438.0,41478.0,34317.0,28059.0,22629.0,17949.0,13981.0,10704.0,7991.0,5746.0,4044.0,5399.0,26001235.0,27055977.0,53057212.0
2026,361692.0,367778.0,373403.0,378184.0,382832.0,388123.0,394931.0,397171.0,403294.0,406887.0,411009.0,415258.0,418729.0,422439.0,426276.0,430904.0,435612.0,440374.0,445339.0,450857.0,451533.0,451874.0,451309.0,451075.0,451535.0,453406.0,449874.0,446487.0,443378.0,441337.0,439939.0,438178.0,433088.0,423685.0,412699.0,401645.0,390442.0,379579.0,367787.0,359488.0,352045.0,346471.0,342599.0,338368.0,332927.0,327732.0,319904.0,310425.0,298666.0,288851.0,277523.0,270335.0,265907.0,262693.0,260101.0,258476.0,256475.0,254102.0,249471.0,246116.0,240532.0,235272.0,228666.0,220766.0,211331.0,200804.0,189398.0,179130.0,168879.0,159623.0,149850.0,141285.0,132359.0,123495.0,114770.0,106325.0,97805.0,89753.0,81754.0,73755.0,65768.0,58661.0,52249.0,46800.0,41854.0,37122.0,32518.0,28138.0,23913.0,19851.0,16270.0,13323.0,10807.0,8679.0,6789.0,5235.0,3951.0,2955.0,2138.0,1498.0,1956.0,344120.0,349820.0,355095.0,359598.0,364005.0,369017.0,375314.0,377348.0,382468.0,387846.0,391334.0,394937.0,399072.0,403227.0,407508.0,411287.0,415437.0,420179.0,425709.0,431733.0,432780.0,433811.0,435600.0,438206.0,441459.0,445156.0,447614.0,448993.0,449462.0,445852.0,443403.0,441319.0,436840.0,429421.0,419747.0,409233.0,399172.0,388851.0,381063.0,374430.0,369536.0,364787.0,363093.0,361475.0,357974.0,352883.0,346337.0,335531.0,326086.0,315127.0,305951.0,298231.0,293942.0,290818.0,288737.0,288178.0,287861.0,284640.0,282817.0,279141.0,276036.0,270926.0,265401.0,257871.0,248336.0,238398.0,227978.0,217065.0,207580.0,197443.0,187720.0,177058.0,166714.0,156068.0,145860.0,136222.0,126781.0,117042.0,107568.0,97825.0,88694.0,79897.0,71880.0,64783.0,58770.0,53185.0,47520.0,41832.0,36322.0,31138.0,26371.0,21978.0,17971.0,14494.0,11591.0,9085.0,6999.0,5265.0,3875.0,2736.0,3638.0,705812.0,717598.0,728498.0,737782.0,746837.0,757140.0,770245.0,774519.0,785762.0,794733.0,802343.0,810195.0,817801.0,825666.0,833784.0,842191.0,851049.0,860553.0,871048.0,882590.0,884313.0,885685.0,886909.0,889281.0,892994.0,898562.0,897488.0,895480.0,892840.0,887189.0,883342.0,879497.0,869928.0,853106.0,832446.0,810878.0,789614.0,768430.0,748850.0,733918.0,721581.0,711258.0,705692.0,699843.0,690901.0,680615.0,666241.0,645956.0,624752.0,603978.0,583474.0,568566.0,559849.0,553511.0,548838.0,546654.0,544336.0,538742.0,532288.0,525257.0,516568.0,506198.0,494067.0,478637.0,459667.0,439202.0,417376.0,396195.0,376459.0,357066.0,337570.0,318343.0,299073.0,279563.0,260630.0,242547.0,224586.0,206795.0,189322.0,171580.0,154462.0,138558.0,124129.0,111583.0,100624.0,90307.0,80038.0,69970.0,60235.0,50989.0,42641.0,35301.0,28778.0,23173.0,18380.0,14320.0,10950.0,8220.0,6013.0,4234.0,5594.0,26174644.0,27224527.0,53399171.0
2027,355501.0,361449.0,367664.0,373324.0,378123.0,382781.0,388068.0,394863.0,397107.0,403223.0,406819.0,410921.0,415150.0,418582.0,422246.0,426017.0,430564.0,435188.0,439852.0,444713.0,450115.0,450692.0,450937.0,450293.0,449990.0,450408.0,452202.0,448660.0,445278.0,442188.0,440159.0,438772.0,437010.0,431927.0,422550.0,411593.0,400565.0,389388.0,378534.0,366776.0,358473.0,351032.0,345438.0,341533.0,337267.0,331781.0,326523.0,318648.0,309118.0,297311.0,287445.0,276064.0,268804.0,264277.0,260946.0,258221.0,256441.0,254280.0,251735.0,246939.0,243386.0,237624.0,232170.0,225366.0,217288.0,207692.0,197022.0,185492.0,175099.0,164720.0,155327.0,145434.0,136735.0,127692.0,118737.0,109937.0,101436.0,92893.0,84841.0,76869.0,68947.0,61116.0,54140.0,47879.0,42545.0,37722.0,33158.0,28756.0,24624.0,20685.0,16969.0,13724.0,11074.0,8851.0,6994.0,5380.0,4075.0,3015.0,2212.0,1570.0,2033.0,338228.0,343790.0,349621.0,354945.0,359460.0,363884.0,368890.0,375176.0,377210.0,382336.0,387707.0,391193.0,394790.0,398916.0,403068.0,407335.0,411108.0,415236.0,419941.0,425435.0,431381.0,432365.0,433341.0,435094.0,437652.0,440880.0,444550.0,446986.0,448346.0,448791.0,445179.0,442736.0,440637.0,436151.0,428729.0,419051.0,408545.0,398478.0,388170.0,380377.0,373738.0,368828.0,364069.0,362342.0,360689.0,357147.0,352018.0,345424.0,334588.0,325106.0,314113.0,304891.0,297128.0,292771.0,289571.0,287395.0,286734.0,286281.0,282941.0,280975.0,277158.0,273888.0,268619.0,262915.0,255222.0,245522.0,235423.0,224848.0,213771.0,204106.0,193794.0,183883.0,173059.0,162543.0,151740.0,141381.0,131587.0,121999.0,112158.0,102594.0,92810.0,83686.0,74905.0,66922.0,59841.0,53889.0,48332.0,42758.0,37241.0,31959.0,27065.0,22605.0,18567.0,14941.0,11850.0,9306.0,7153.0,5398.0,3976.0,2866.0,3799.0,693729.0,705239.0,717285.0,728269.0,737583.0,746665.0,756958.0,770039.0,774317.0,785559.0,794526.0,802114.0,809940.0,817498.0,825314.0,833352.0,841672.0,850424.0,859793.0,870148.0,881496.0,883057.0,884278.0,885387.0,887642.0,891288.0,896752.0,895646.0,893624.0,890979.0,885338.0,881508.0,877647.0,868078.0,851279.0,830644.0,809110.0,787866.0,766704.0,747153.0,732211.0,719860.0,709507.0,703875.0,697956.0,688928.0,678541.0,664072.0,643706.0,622417.0,601558.0,580955.0,565932.0,557048.0,550517.0,545616.0,543175.0,540561.0,534676.0,527914.0,520544.0,511512.0,500789.0,488281.0,472510.0,453214.0,432445.0,410340.0,388870.0,368826.0,349121.0,329317.0,309794.0,290235.0,270477.0,251318.0,233023.0,214892.0,196999.0,179463.0,161757.0,144802.0,129045.0,114801.0,102386.0,91611.0,81490.0,71514.0,61865.0,52644.0,44034.0,36329.0,29641.0,23792.0,18844.0,14686.0,11228.0,8413.0,6188.0,4436.0,5832.0,26333697.0,27378536.0,53712233.0
2028,349082.0,355199.0,361277.0,367536.0,373207.0,378022.0,382678.0,387967.0,394748.0,396998.0,403101.0,406691.0,410779.0,414970.0,418353.0,421955.0,425648.0,430100.0,434620.0,439177.0,443935.0,449213.0,449693.0,449850.0,449138.0,448781.0,449177.0,450902.0,447370.0,444006.0,440942.0,438931.0,437568.0,435800.0,430734.0,421374.0,410453.0,399450.0,388294.0,377448.0,365713.0,357410.0,349957.0,344344.0,340407.0,336092.0,330554.0,325243.0,317300.0,307714.0,295865.0,285928.0,274494.0,267157.0,262528.0,259069.0,256202.0,254264.0,251932.0,249192.0,244230.0,240473.0,234520.0,228862.0,221857.0,213590.0,203829.0,193014.0,181366.0,170836.0,160339.0,150807.0,140805.0,131974.0,122837.0,113798.0,104941.0,96402.0,87867.0,79820.0,71917.0,64121.0,56454.0,49656.0,43564.0,38389.0,33726.0,29356.0,25192.0,21327.0,17701.0,14329.0,11420.0,9088.0,7143.0,5548.0,4192.0,3116.0,2266.0,1626.0,2124.0,332112.0,337842.0,343545.0,349419.0,354755.0,359287.0,363716.0,368716.0,374995.0,377036.0,382157.0,387527.0,391006.0,394598.0,398719.0,402863.0,407114.0,410856.0,414943.0,419593.0,425025.0,430888.0,431816.0,432748.0,434462.0,436983.0,440205.0,443857.0,446269.0,447621.0,448044.0,444446.0,442001.0,439900.0,435405.0,427983.0,418301.0,407805.0,397738.0,387435.0,379634.0,372993.0,368063.0,363294.0,361536.0,359837.0,356260.0,351086.0,344441.0,333578.0,324048.0,313023.0,303755.0,295941.0,291510.0,288221.0,285949.0,285172.0,284575.0,281111.0,278994.0,275015.0,271577.0,266124.0,260246.0,252361.0,242493.0,232222.0,221469.0,210237.0,200371.0,189877.0,179771.0,168774.0,158095.0,147132.0,136624.0,126680.0,116954.0,107020.0,97389.0,87622.0,78504.0,69780.0,61864.0,54915.0,49014.0,43527.0,38100.0,32803.0,27806.0,23225.0,19115.0,15460.0,12235.0,9526.0,7337.0,5525.0,4084.0,2943.0,3980.0,681194.0,693041.0,704822.0,716955.0,727962.0,737309.0,746394.0,756683.0,769743.0,774034.0,785258.0,794218.0,801785.0,809568.0,817072.0,824818.0,832762.0,840956.0,849563.0,858770.0,868960.0,880101.0,881509.0,882598.0,883600.0,885764.0,889382.0,894759.0,893639.0,891627.0,888986.0,883377.0,879569.0,875700.0,866139.0,849357.0,828754.0,807255.0,786032.0,764883.0,745347.0,730403.0,718020.0,707638.0,701943.0,695929.0,686814.0,676329.0,661741.0,641292.0,619913.0,598951.0,578249.0,563098.0,554038.0,547290.0,542151.0,539436.0,536507.0,530303.0,523224.0,515488.0,506097.0,494986.0,482103.0,465951.0,446322.0,425236.0,402835.0,381073.0,360710.0,340684.0,320576.0,300748.0,280932.0,260930.0,241565.0,223082.0,204821.0,186840.0,169306.0,151743.0,134958.0,119436.0,105428.0,93304.0,82740.0,72883.0,63292.0,54130.0,45507.0,37554.0,30535.0,24548.0,19378.0,15074.0,11529.0,8641.0,6350.0,4569.0,6104.0,26480954.0,27520548.0,54001502.0
2029,342507.0,348759.0,355004.0,361121.0,367401.0,373080.0,377902.0,382563.0,387837.0,394613.0,396861.0,402948.0,406524.0,410585.0,414723.0,418049.0,421568.0,425166.0,429516.0,433926.0,438380.0,443035.0,448197.0,448592.0,448674.0,447911.0,447509.0,447891.0,449580.0,446062.0,442721.0,439688.0,437700.0,436353.0,434600.0,429535.0,420200.0,409299.0,398318.0,387176.0,376340.0,364618.0,356306.0,348840.0,343208.0,339218.0,334854.0,329263.0,323878.0,315875.0,306218.0,294319.0,284311.0,272827.0,265396.0,260651.0,257059.0,254047.0,251934.0,249414.0,246490.0,241339.0,237365.0,231222.0,225344.0,218129.0,209671.0,199731.0,188774.0,177014.0,166348.0,155735.0,146063.0,135967.0,127011.0,117792.0,108690.0,99797.0,91246.0,82735.0,74733.0,66931.0,59281.0,51821.0,45225.0,39349.0,34359.0,29892.0,25749.0,21850.0,18268.0,14965.0,11946.0,9379.0,7346.0,5675.0,4332.0,3209.0,2341.0,1670.0,2209.0,325850.0,331710.0,337569.0,343316.0,349213.0,354562.0,359100.0,363530.0,368529.0,374790.0,376838.0,381959.0,387318.0,390796.0,394385.0,398499.0,402619.0,406833.0,410535.0,414554.0,419150.0,424524.0,430299.0,431185.0,432088.0,433766.0,436268.0,439481.0,443116.0,445522.0,446869.0,447275.0,443683.0,441244.0,439134.0,434640.0,427205.0,417529.0,407036.0,396967.0,386665.0,378867.0,372210.0,367261.0,362476.0,360684.0,358944.0,355313.0,350101.0,343397.0,332501.0,322930.0,311850.0,302539.0,294670.0,290163.0,286776.0,284399.0,283486.0,282755.0,279143.0,276858.0,272720.0,269077.0,263451.0,257361.0,249285.0,239237.0,228777.0,217839.0,206439.0,196369.0,185680.0,175375.0,164204.0,153348.0,142240.0,131584.0,121498.0,111650.0,101649.0,91995.0,82246.0,73182.0,64555.0,56815.0,49984.0,44179.0,38826.0,33597.0,28568.0,23887.0,19661.0,15939.0,12671.0,9850.0,7520.0,5673.0,4189.0,3024.0,4145.0,668357.0,680469.0,692573.0,704437.0,716614.0,727642.0,737002.0,746093.0,756366.0,769403.0,773699.0,784907.0,793842.0,801381.0,809108.0,816548.0,824187.0,831999.0,840051.0,848480.0,857530.0,867559.0,878496.0,879777.0,880762.0,881677.0,883777.0,887372.0,892696.0,891584.0,889590.0,886963.0,881383.0,877597.0,873734.0,864175.0,847405.0,826828.0,805354.0,784143.0,763005.0,743485.0,728516.0,716101.0,705684.0,699902.0,693798.0,684576.0,673979.0,659272.0,638719.0,617249.0,596161.0,575366.0,560066.0,550814.0,543835.0,538446.0,535420.0,532169.0,525633.0,518197.0,510085.0,500299.0,488795.0,475490.0,458956.0,438968.0,417551.0,394853.0,372787.0,352104.0,331743.0,311342.0,291215.0,271140.0,250930.0,231381.0,212744.0,194385.0,176382.0,158926.0,141527.0,125003.0,109780.0,96164.0,84343.0,74071.0,64575.0,55447.0,46836.0,38852.0,31607.0,25318.0,20017.0,15525.0,11852.0,8882.0,6530.0,4694.0,6354.0,26617643.0,27651763.0,54269406.0
2030,335852.0,342193.0,348564.0,354853.0,360992.0,367278.0,372960.0,377780.0,382441.0,387715.0,394469.0,396713.0,402776.0,406325.0,410339.0,414413.0,417666.0,421089.0,424588.0,428831.0,433138.0,437493.0,442065.0,447114.0,447441.0,447466.0,446658.0,446238.0,446618.0,448272.0,444779.0,441461.0,438469.0,436499.0,435167.0,433418.0,428354.0,419034.0,408158.0,397184.0,386057.0,375214.0,363500.0,355181.0,347695.0,342019.0,337983.0,333556.0,327905.0,322437.0,314366.0,304638.0,292679.0,282594.0,271042.0,263523.0,258650.0,254916.0,251744.0,249451.0,246740.0,243599.0,238262.0,234063.0,227715.0,221612.0,214181.0,205518.0,195406.0,184299.0,172422.0,161632.0,150901.0,141106.0,130921.0,121861.0,112574.0,103423.0,94519.0,85978.0,77521.0,69612.0,61929.0,54466.0,47243.0,40888.0,35257.0,30488.0,26247.0,22356.0,18743.0,15464.0,12492.0,9822.0,7595.0,5844.0,4441.0,3323.0,2411.0,1727.0,2296.0,319515.0,325454.0,331438.0,337347.0,343120.0,349023.0,354376.0,358912.0,363347.0,368341.0,374584.0,376639.0,381750.0,387106.0,390583.0,394158.0,398252.0,402340.0,406508.0,410143.0,414101.0,418646.0,423972.0,429674.0,430530.0,431406.0,433059.0,435551.0,438755.0,442387.0,444784.0,446123.0,446508.0,442926.0,440490.0,438377.0,433866.0,426427.0,416754.0,406256.0,396185.0,385884.0,378074.0,371405.0,366432.0,361629.0,359788.0,358009.0,354328.0,349060.0,342306.0,331363.0,321736.0,310615.0,301248.0,293318.0,288719.0,285235.0,282738.0,281682.0,280797.0,277034.0,274568.0,270247.0,266406.0,260566.0,254266.0,245976.0,235734.0,225080.0,213950.0,202364.0,192080.0,181194.0,170680.0,159336.0,148304.0,137052.0,126261.0,116051.0,106102.0,96067.0,86406.0,76723.0,67749.0,59327.0,51760.0,45096.0,39444.0,34268.0,29285.0,24571.0,20249.0,16416.0,13080.0,10214.0,7785.0,5829.0,4303.0,3104.0,4307.0,655367.0,667647.0,680002.0,692200.0,704112.0,716301.0,727336.0,736692.0,745788.0,756056.0,769053.0,773352.0,784526.0,793431.0,800922.0,808571.0,815918.0,823429.0,831096.0,838974.0,847239.0,856139.0,866037.0,876788.0,877971.0,878872.0,879717.0,881789.0,885373.0,890659.0,889563.0,887584.0,884977.0,879425.0,875657.0,871795.0,862220.0,845461.0,824912.0,803440.0,782242.0,761098.0,741574.0,726586.0,714127.0,703648.0,697771.0,691565.0,682233.0,671497.0,656672.0,636001.0,614415.0,593209.0,572290.0,556841.0,547369.0,540151.0,534482.0,531133.0,527537.0,520633.0,512830.0,504310.0,494121.0,482178.0,468447.0,451494.0,431140.0,409379.0,386372.0,363996.0,342981.0,322300.0,301601.0,281197.0,260878.0,240475.0,220780.0,202029.0,183623.0,165679.0,148335.0,131189.0,114992.0,100215.0,87017.0,75584.0,65691.0,56624.0,48028.0,40035.0,32741.0,26238.0,20675.0,16058.0,12226.0,9152.0,6714.0,4831.0,6603.0,26744910.0,27773313.0,54518223.0
2031,329164.0,335549.0,342006.0,348418.0,354726.0,360873.0,367160.0,372845.0,377662.0,382324.0,387581.0,394318.0,396543.0,402576.0,406081.0,410030.0,414036.0,417193.0,420513.0,423914.0,428052.0,432267.0,436536.0,441035.0,445988.0,446261.0,446241.0,445408.0,444976.0,445362.0,446995.0,443525.0,440239.0,437275.0,435325.0,434008.0,432256.0,427188.0,417874.0,407014.0,396048.0,384925.0,374071.0,362360.0,354017.0,346498.0,340786.0,336689.0,332191.0,326471.0,320922.0,312763.0,302959.0,290933.0,280769.0,269146.0,261518.0,256519.0,252633.0,249289.0,246804.0,243886.0,240529.0,234988.0,230563.0,223990.0,217647.0,209999.0,201129.0,190834.0,179586.0,167593.0,156679.0,145842.0,135933.0,125679.0,116528.0,107190.0,98018.0,89123.0,80622.0,72266.0,64465.0,56947.0,49696.0,42752.0,36677.0,31316.0,26804.0,22821.0,19198.0,15885.0,12926.0,10288.0,7963.0,6052.0,4578.0,3410.0,2502.0,1782.0,2384.0,313146.0,319126.0,325192.0,331223.0,337153.0,342934.0,348843.0,354195.0,358734.0,363167.0,368151.0,374379.0,376431.0,381542.0,386888.0,390352.0,393916.0,397971.0,402011.0,406111.0,409686.0,413597.0,418090.0,423392.0,429023.0,429858.0,430721.0,432359.0,434831.0,438040.0,441661.0,444050.0,445385.0,445754.0,442172.0,439742.0,437615.0,433093.0,425646.0,415967.0,405469.0,395387.0,385084.0,377257.0,370579.0,365576.0,360740.0,358862.0,357027.0,353284.0,347967.0,341147.0,330158.0,320474.0,309307.0,299872.0,291874.0,287178.0,283581.0,280966.0,279757.0,278686.0,274770.0,272105.0,267594.0,263528.0,257475.0,250933.0,242422.0,231969.0,221112.0,209780.0,197994.0,187493.0,176397.0,165676.0,154155.0,142961.0,131572.0,120661.0,110343.0,100332.0,90283.0,80654.0,71073.0,62310.0,54091.0,46735.0,40298.0,34848.0,29905.0,25220.0,20852.0,16922.0,13488.0,10562.0,8087.0,6041.0,4423.0,3198.0,4459.0,642310.0,654675.0,667198.0,679641.0,691879.0,703807.0,716003.0,727040.0,736396.0,745491.0,755732.0,768697.0,772974.0,784118.0,792969.0,800382.0,807952.0,815164.0,822524.0,830025.0,837738.0,845864.0,854626.0,864427.0,875011.0,876119.0,876962.0,877767.0,879807.0,883402.0,888656.0,887575.0,885624.0,883029.0,877497.0,873750.0,869871.0,860281.0,843520.0,822981.0,801517.0,780312.0,759155.0,739617.0,724596.0,712074.0,701526.0,695551.0,689218.0,679755.0,668889.0,653910.0,633117.0,611407.0,590076.0,569018.0,553392.0,543697.0,536214.0,530255.0,526561.0,522572.0,515299.0,507093.0,498157.0,487518.0,475122.0,460932.0,443551.0,422803.0,400698.0,377373.0,354673.0,333335.0,312330.0,291355.0,270683.0,250151.0,229590.0,209784.0,190965.0,172598.0,154748.0,137601.0,120769.0,105062.0,90768.0,78051.0,67102.0,57669.0,49103.0,41105.0,33778.0,27210.0,21451.0,16614.0,12665.0,9451.0,6925.0,4980.0,6843.0,26862718.0,27885100.0,54747818.0
2032,322496.0,328874.0,335369.0,341869.0,348295.0,354619.0,360765.0,367052.0,372735.0,377548.0,382201.0,387449.0,394142.0,396349.0,402335.0,405775.0,409657.0,413566.0,416630.0,419848.0,423153.0,427201.0,431332.0,435529.0,439968.0,444835.0,445075.0,445020.0,444177.0,443738.0,444140.0,445750.0,442309.0,439049.0,436112.0,434178.0,432867.0,431104.0,426033.0,416725.0,405867.0,394902.0,383773.0,372902.0,361187.0,352814.0,345262.0,339492.0,335333.0,330753.0,324953.0,319311.0,311066.0,301173.0,289078.0,278823.0,267122.0,259386.0,254248.0,250197.0,246672.0,243986.0,240849.0,237267.0,231509.0,226838.0,220043.0,213456.0,205570.0,196487.0,186019.0,174620.0,162530.0,151490.0,140561.0,130553.0,120244.0,111023.0,101652.0,92489.0,83637.0,75215.0,66980.0,59326.0,52009.0,45020.0,38382.0,32618.0,27563.0,23330.0,19618.0,16294.0,13297.0,10662.0,8349.0,6357.0,4744.0,3524.0,2568.0,1852.0,2477.0,306792.0,312772.0,318874.0,324983.0,331040.0,336978.0,342763.0,348674.0,354018.0,358562.0,362986.0,367961.0,374178.0,376220.0,381328.0,386661.0,390106.0,393636.0,397646.0,401619.0,405660.0,409182.0,413050.0,417514.0,422786.0,428371.0,429184.0,430039.0,431667.0,434123.0,437336.0,440950.0,443326.0,444660.0,445003.0,441433.0,438992.0,436856.0,432316.0,424862.0,415167.0,404670.0,394574.0,384265.0,376425.0,369712.0,364684.0,359820.0,357888.0,355992.0,352195.0,346809.0,339924.0,328880.0,319137.0,307910.0,298410.0,290333.0,285534.0,281815.0,279058.0,277688.0,276434.0,272336.0,269459.0,264739.0,260433.0,254143.0,247354.0,238600.0,227933.0,216855.0,205303.0,193319.0,182588.0,171293.0,160346.0,148661.0,137302.0,125802.0,114786.0,104400.0,94352.0,84327.0,74768.0,65413.0,56847.0,48883.0,41799.0,35639.0,30442.0,25776.0,21432.0,17450.0,13922.0,10901.0,8373.0,6282.0,4592.0,3291.0,4620.0,629288.0,641646.0,654243.0,666852.0,679335.0,691597.0,703528.0,715726.0,726753.0,736110.0,745187.0,755410.0,768320.0,772569.0,783663.0,792436.0,799763.0,807202.0,814276.0,821467.0,828813.0,836383.0,844382.0,853043.0,862754.0,873206.0,874259.0,875059.0,875844.0,877861.0,881476.0,886700.0,885635.0,883709.0,881115.0,875611.0,871859.0,867960.0,858349.0,841587.0,821034.0,799572.0,778347.0,757167.0,737612.0,722526.0,709946.0,699312.0,693221.0,686745.0,677148.0,666120.0,650990.0,630053.0,608215.0,586733.0,565532.0,549719.0,539782.0,532012.0,525730.0,521674.0,517283.0,509603.0,500968.0,491577.0,480476.0,467599.0,452924.0,435087.0,413952.0,391475.0,367833.0,344809.0,323149.0,301846.0,280590.0,259684.0,238954.0,218291.0,198423.0,179615.0,161332.0,143653.0,126777.0,110433.0,95229.0,81501.0,69362.0,58969.0,50060.0,42070.0,34729.0,28112.0,22271.0,17258.0,13117.0,9806.0,7160.0,5143.0,7097.0,26971191.0,27987192.0,54958383.0
2033,315891.0,322218.0,328705.0,335244.0,341752.0,348200.0,354517.0,360671.0,366953.0,372624.0,377436.0,382070.0,387294.0,393951.0,396113.0,402033.0,405414.0,409201.0,413015.0,415969.0,419100.0,422321.0,426290.0,430351.0,434492.0,438875.0,443688.0,443890.0,443820.0,442970.0,442528.0,442953.0,444544.0,441125.0,437896.0,434978.0,433052.0,431739.0,429971.0,424880.0,415567.0,404710.0,393737.0,382596.0,371707.0,359976.0,351558.0,343968.0,338142.0,333897.0,329235.0,323345.0,317603.0,309263.0,299271.0,287107.0,276747.0,264966.0,257115.0,251825.0,247600.0,243890.0,240983.0,237628.0,233795.0,227820.0,222889.0,215854.0,209014.0,200897.0,191591.0,180944.0,169405.0,157212.0,146075.0,135068.0,124971.0,114630.0,105357.0,95988.0,86857.0,78088.0,69769.0,61699.0,54231.0,47157.0,40460.0,34167.0,28738.0,24018.0,20085.0,16673.0,13655.0,10982.0,8664.0,6675.0,4990.0,3656.0,2662.0,1903.0,2578.0,300500.0,306438.0,312533.0,318675.0,324806.0,330869.0,336813.0,342610.0,348512.0,353851.0,358391.0,362810.0,367772.0,373969.0,376012.0,381109.0,386413.0,389829.0,393314.0,397259.0,401176.0,405157.0,408646.0,412477.0,416924.0,422178.0,427720.0,428522.0,429366.0,430985.0,433437.0,436641.0,440255.0,442618.0,443937.0,444265.0,440692.0,438248.0,436093.0,431539.0,424067.0,414361.0,403854.0,393740.0,383425.0,375556.0,368825.0,363753.0,358854.0,356868.0,354903.0,351043.0,345585.0,338624.0,327531.0,317710.0,306423.0,296847.0,288685.0,283777.0,279927.0,277009.0,275470.0,274012.0,269718.0,266622.0,261663.0,257107.0,250560.0,243508.0,234501.0,223595.0,212284.0,200513.0,188318.0,177359.0,165847.0,154693.0,142842.0,131346.0,119739.0,108668.0,98236.0,88178.0,78225.0,68859.0,59726.0,51414.0,43759.0,36999.0,31163.0,26269.0,21929.0,17955.0,14374.0,11267.0,8655.0,6508.0,4785.0,3422.0,4785.0,616391.0,628656.0,641238.0,653919.0,666558.0,679069.0,691330.0,703281.0,715465.0,726475.0,735827.0,744880.0,755066.0,767920.0,772125.0,783142.0,791827.0,799030.0,806329.0,813228.0,820276.0,827478.0,834936.0,842828.0,851416.0,861053.0,871408.0,872412.0,873186.0,873955.0,875965.0,879594.0,884799.0,883743.0,881833.0,879243.0,873744.0,869987.0,866064.0,856419.0,839634.0,819071.0,797591.0,776336.0,755132.0,735532.0,720383.0,707721.0,696996.0,690765.0,684138.0,674388.0,663188.0,647887.0,626802.0,604817.0,583170.0,561813.0,545800.0,535602.0,527527.0,520899.0,516453.0,511640.0,503513.0,494442.0,484552.0,472961.0,459574.0,444405.0,426092.0,404539.0,381689.0,357725.0,334393.0,312427.0,290818.0,269323.0,248199.0,227334.0,206596.0,186756.0,168005.0,149877.0,132456.0,116016.0,100186.0,85581.0,72497.0,61017.0,51248.0,42942.0,35584.0,28937.0,23038.0,17942.0,13645.0,10164.0,7447.0,5325.0,7363.0,27070387.0,28079601.0,55149988.0
2034,309378.0,315629.0,322065.0,328586.0,335143.0,341659.0,348112.0,354428.0,360583.0,366853.0,372519.0,377311.0,381934.0,387116.0,393719.0,395829.0,401671.0,404962.0,408660.0,412371.0,415235.0,418284.0,421434.0,425337.0,429343.0,433435.0,437785.0,442537.0,442727.0,442643.0,441793.0,441363.0,441800.0,443374.0,439978.0,436760.0,433864.0,431943.0,430630.0,428832.0,423725.0,414399.0,403537.0,392546.0,381388.0,370468.0,358715.0,350257.0,342608.0,336715.0,332382.0,327625.0,321644.0,315784.0,307337.0,297254.0,285001.0,274537.0,262674.0,254694.0,249239.0,244842.0,240924.0,237793.0,234196.0,230115.0,223903.0,218698.0,211422.0,204322.0,195956.0,186434.0,175614.0,163931.0,151659.0,140431.0,129360.0,119208.0,108850.0,99549.0,90210.0,81158.0,72491.0,64325.0,56450.0,49217.0,42423.0,36050.0,30139.0,25067.0,20708.0,17090.0,13991.0,11292.0,8939.0,6933.0,5247.0,3850.0,2765.0,1973.0,2675.0,294300.0,300167.0,306203.0,312345.0,318507.0,324649.0,330722.0,336668.0,342452.0,348355.0,353692.0,358219.0,362634.0,367583.0,373758.0,375799.0,380873.0,386142.0,389506.0,392931.0,396821.0,400686.0,404625.0,408085.0,411898.0,416326.0,421575.0,427077.0,427871.0,428708.0,430322.0,432762.0,435965.0,439565.0,441917.0,443228.0,443534.0,439953.0,437503.0,435325.0,430747.0,423259.0,413543.0,403015.0,392887.0,382555.0,374660.0,367896.0,362785.0,357839.0,355796.0,353751.0,349820.0,344290.0,337250.0,326088.0,316192.0,304838.0,295179.0,286924.0,281892.0,277899.0,274817.0,273083.0,271410.0,266908.0,263558.0,258366.0,253524.0,246711.0,239371.0,230094.0,218945.0,207389.0,195386.0,182988.0,171782.0,160061.0,148702.0,136707.0,125084.0,113422.0,102312.0,91861.0,81855.0,72094.0,62917.0,54057.0,46062.0,38767.0,32390.0,26915.0,22376.0,18391.0,14810.0,11648.0,8953.0,6741.0,4963.0,3570.0,4974.0,603678.0,615796.0,628268.0,640931.0,653650.0,666308.0,678834.0,691096.0,703035.0,715208.0,726211.0,735530.0,744568.0,754699.0,767477.0,771628.0,782544.0,791104.0,798166.0,805302.0,812056.0,818970.0,826059.0,833422.0,841241.0,849761.0,859360.0,869614.0,870598.0,871351.0,872115.0,874125.0,877765.0,882939.0,881895.0,879988.0,877398.0,871896.0,868133.0,864157.0,854472.0,837658.0,817080.0,795561.0,774275.0,753023.0,733375.0,718153.0,705393.0,694554.0,688178.0,681376.0,671464.0,660074.0,644587.0,623342.0,601193.0,579375.0,557853.0,541618.0,531131.0,522741.0,515741.0,510876.0,505606.0,497023.0,487461.0,477064.0,464946.0,451033.0,435327.0,416528.0,394559.0,371320.0,347045.0,323419.0,301142.0,279269.0,257552.0,236256.0,215294.0,194580.0,174803.0,156186.0,138305.0,121311.0,105340.0,90107.0,76201.0,63834.0,53098.0,44005.0,36367.0,29683.0,23749.0,18581.0,14200.0,10591.0,7728.0,5543.0,7649.0,27160354.0,28162320.0,55322674.0
2035,302996.0,309133.0,315485.0,321957.0,328496.0,335054.0,341583.0,348030.0,354349.0,360492.0,366760.0,372408.0,377178.0,381766.0,386903.0,393437.0,395481.0,401228.0,404431.0,408033.0,411651.0,414437.0,417420.0,420501.0,424355.0,428318.0,432376.0,436697.0,441408.0,441589.0,441495.0,440656.0,440227.0,440676.0,442236.0,438857.0,435655.0,432762.0,430842.0,429516.0,427691.0,422558.0,413218.0,402335.0,391324.0,380138.0,369188.0,357396.0,348890.0,341174.0,335208.0,330781.0,325916.0,319827.0,313853.0,305293.0,295097.0,282757.0,272185.0,260225.0,252112.0,246496.0,241894.0,237776.0,234404.0,230549.0,226204.0,219747.0,214267.0,206736.0,199363.0,190750.0,181006.0,170013.0,158209.0,145877.0,134565.0,123465.0,113261.0,102913.0,93625.0,84356.0,75403.0,66886.0,58909.0,51283.0,44318.0,37835.0,31832.0,26324.0,21632.0,17642.0,14362.0,11581.0,9202.0,7164.0,5458.0,4053.0,2918.0,2053.0,2781.0,288224.0,293979.0,299944.0,306028.0,312184.0,318362.0,324508.0,330579.0,336530.0,342310.0,348205.0,353526.0,358056.0,362452.0,367395.0,373548.0,375566.0,380606.0,385821.0,389125.0,392506.0,396333.0,400169.0,404070.0,407515.0,411314.0,415737.0,420982.0,426447.0,427237.0,428066.0,429668.0,432098.0,435298.0,438887.0,441227.0,442520.0,442799.0,439217.0,436750.0,434547.0,429948.0,422441.0,412698.0,402159.0,392002.0,381654.0,373727.0,366929.0,361769.0,356773.0,354653.0,352540.0,348524.0,342912.0,335780.0,324554.0,314577.0,303146.0,293394.0,285039.0,279869.0,275722.0,272463.0,270521.0,268613.0,263882.0,260271.0,254804.0,249676.0,242571.0,234931.0,225362.0,213958.0,202153.0,189910.0,177300.0,165850.0,153928.0,142381.0,130256.0,118546.0,106851.0,95738.0,85330.0,75487.0,65915.0,56989.0,48472.0,40847.0,33961.0,28004.0,22955.0,18782.0,15193.0,12013.0,9269.0,6985.0,5143.0,3705.0,5192.0,591220.0,603112.0,615429.0,627985.0,640680.0,653416.0,666091.0,678609.0,690879.0,702802.0,714965.0,725934.0,735234.0,744218.0,754298.0,766985.0,771047.0,781834.0,790252.0,797158.0,804157.0,810770.0,817589.0,824571.0,831870.0,839632.0,848113.0,857679.0,867855.0,868826.0,869561.0,870324.0,872325.0,875974.0,881123.0,880084.0,878175.0,875561.0,870059.0,866266.0,862238.0,852506.0,835659.0,815033.0,793483.0,772140.0,750842.0,731123.0,715819.0,702943.0,691981.0,685434.0,678456.0,668351.0,656765.0,641073.0,619651.0,597334.0,575331.0,553619.0,537151.0,526365.0,517616.0,510239.0,504925.0,499162.0,490086.0,480018.0,469071.0,456412.0,441934.0,425681.0,406368.0,383971.0,360362.0,335787.0,311865.0,289315.0,267189.0,245294.0,223881.0,202902.0,182254.0,162624.0,144239.0,126770.0,110233.0,94824.0,80304.0,67171.0,55593.0,45646.0,37317.0,30363.0,24395.0,19177.0,14727.0,11038.0,8061.0,5758.0,7973.0,27241152.0,28235352.0,55476504.0
2036,296763.0,302766.0,309001.0,315386.0,321873.0,328422.0,334983.0,341513.0,347958.0,354270.0,360408.0,366657.0,372280.0,377024.0,381569.0,386646.0,393090.0,395051.0,400705.0,403815.0,407332.0,410869.0,413590.0,416504.0,419552.0,423354.0,427290.0,431321.0,435628.0,440302.0,440478.0,440387.0,439545.0,439125.0,439585.0,441125.0,437754.0,434560.0,431674.0,429738.0,428399.0,426540.0,421372.0,412008.0,401099.0,390059.0,378842.0,367845.0,356017.0,347444.0,339669.0,333604.0,329079.0,324100.0,317894.0,311791.0,303111.0,292806.0,280365.0,269679.0,257619.0,249364.0,243567.0,238771.0,234425.0,230799.0,226680.0,222055.0,215350.0,209568.0,201782.0,194137.0,185267.0,175308.0,164149.0,152246.0,139857.0,128499.0,117371.0,107157.0,96855.0,87613.0,78437.0,69635.0,61304.0,53564.0,46221.0,39569.0,33444.0,27827.0,22741.0,18457.0,14841.0,11905.0,9453.0,7388.0,5644.0,4223.0,3074.0,2167.0,2897.0,282293.0,287914.0,293773.0,299772.0,305882.0,312046.0,318230.0,324380.0,330449.0,336393.0,342170.0,348053.0,353373.0,357884.0,362275.0,367197.0,373321.0,375306.0,380299.0,385444.0,388700.0,392028.0,395826.0,399624.0,403510.0,406942.0,410736.0,415160.0,420398.0,425827.0,426614.0,427436.0,429028.0,431450.0,434639.0,438217.0,440537.0,441814.0,442068.0,438473.0,435987.0,433760.0,429132.0,421593.0,411836.0,401272.0,391087.0,380714.0,372756.0,365911.0,360694.0,355646.0,353452.0,351251.0,347144.0,341441.0,334223.0,322916.0,312852.0,301334.0,291481.0,283020.0,277700.0,273386.0,269933.0,267762.0,265595.0,260630.0,256729.0,250981.0,245533.0,238128.0,230156.0,220291.0,208617.0,196552.0,184069.0,171244.0,159564.0,147453.0,135726.0,123512.0,111738.0,100049.0,88986.0,78747.0,69070.0,59751.0,51140.0,43015.0,35814.0,29401.0,23904.0,19291.0,15533.0,12342.0,9571.0,7234.0,5339.0,3840.0,5423.0,579056.0,590680.0,602774.0,615158.0,627755.0,640468.0,653213.0,665893.0,678407.0,690663.0,702578.0,714710.0,725653.0,734908.0,743844.0,753843.0,766411.0,770357.0,781004.0,789259.0,796032.0,802897.0,809416.0,816128.0,823062.0,830296.0,838026.0,846481.0,856026.0,866129.0,867092.0,867823.0,868573.0,870575.0,874224.0,879342.0,878291.0,876374.0,873742.0,868211.0,864386.0,860300.0,850504.0,833601.0,812935.0,791331.0,769929.0,748559.0,728773.0,713355.0,700363.0,689250.0,682531.0,675351.0,665038.0,653232.0,637334.0,615722.0,593217.0,571013.0,549100.0,532384.0,521267.0,512157.0,504358.0,498561.0,492275.0,482685.0,472079.0,460549.0,447315.0,432265.0,415423.0,395599.0,372766.0,348798.0,323926.0,299743.0,276935.0,254610.0,232581.0,211125.0,190175.0,169684.0,150290.0,132311.0,115291.0,99320.0,84584.0,70842.0,58555.0,47858.0,38745.0,31196.0,24986.0,19730.0,15215.0,11457.0,8413.0,6007.0,8320.0,27312846.0,28298732.0,55611578.0
2037,290705.0,296546.0,302647.0,308909.0,315311.0,321805.0,328358.0,334928.0,341446.0,347887.0,354192.0,360318.0,366542.0,372133.0,376837.0,381318.0,386322.0,392675.0,394548.0,400096.0,403130.0,406570.0,410030.0,412705.0,415570.0,418581.0,422352.0,426266.0,430285.0,434576.0,439223.0,439400.0,439304.0,438474.0,438048.0,438516.0,440033.0,436666.0,433473.0,430587.0,428632.0,427264.0,425367.0,420159.0,410759.0,399823.0,388751.0,377483.0,366438.0,354564.0,345923.0,338060.0,331907.0,327264.0,322164.0,315838.0,309595.0,300785.0,290358.0,277816.0,267009.0,254844.0,246438.0,240457.0,235445.0,230865.0,226970.0,222576.0,217660.0,210686.0,204611.0,196555.0,188625.0,179504.0,169340.0,158032.0,146042.0,133618.0,122233.0,111117.0,100908.0,90702.0,81533.0,72491.0,63878.0,55795.0,48323.0,41310.0,35009.0,29268.0,24070.0,19421.0,15545.0,12321.0,9731.0,7597.0,5830.0,4372.0,3205.0,2287.0,3042.0,276526.0,281997.0,287715.0,293615.0,299635.0,305753.0,311924.0,318107.0,324259.0,330320.0,336264.0,342034.0,347905.0,353210.0,357714.0,362094.0,366992.0,373062.0,375003.0,379936.0,385019.0,388231.0,391523.0,395293.0,399077.0,402948.0,406375.0,410170.0,414588.0,419824.0,425221.0,426006.0,426819.0,428403.0,430808.0,433990.0,437540.0,439851.0,441104.0,441334.0,437714.0,435212.0,432952.0,428294.0,420726.0,410941.0,400352.0,390142.0,379728.0,371733.0,364842.0,359563.0,354449.0,352176.0,349877.0,345679.0,339880.0,332553.0,321168.0,311002.0,299394.0,289438.0,280846.0,275372.0,270874.0,267210.0,264795.0,262355.0,257123.0,252919.0,246870.0,241081.0,233344.0,225038.0,214856.0,202903.0,190575.0,177851.0,164816.0,152915.0,140628.0,128769.0,116485.0,104688.0,93053.0,82177.0,72102.0,62654.0,53656.0,45423.0,37756.0,31027.0,25118.0,20117.0,15968.0,12635.0,9846.0,7483.0,5532.0,3992.0,5659.0,567231.0,578543.0,590362.0,602524.0,614946.0,627558.0,640282.0,653035.0,665705.0,678207.0,690456.0,702352.0,714447.0,725343.0,734551.0,743412.0,753314.0,765737.0,769551.0,780032.0,788149.0,794801.0,801553.0,807998.0,814647.0,821529.0,828727.0,836436.0,844873.0,854400.0,864444.0,865406.0,866123.0,866877.0,868856.0,872506.0,877573.0,876517.0,874577.0,871921.0,866346.0,862476.0,858319.0,848453.0,831485.0,810764.0,789103.0,767625.0,746166.0,726297.0,710765.0,697623.0,686356.0,679440.0,672041.0,661517.0,649475.0,633338.0,611526.0,588818.0,566403.0,544282.0,527284.0,515829.0,506319.0,498075.0,491765.0,484931.0,474783.0,463605.0,451481.0,437636.0,421969.0,404542.0,384196.0,360935.0,336617.0,311469.0,287049.0,264032.0,241536.0,219471.0,198018.0,177179.0,156931.0,137972.0,120425.0,103964.0,88665.0,74691.0,61826.0,50448.0,40663.0,32438.0,25699.0,20232.0,15676.0,11855.0,8737.0,6279.0,8701.0,27375527.0,28352515.0,55728042.0
2038,284828.0,290507.0,296434.0,302563.0,308841.0,315253.0,321751.0,328303.0,334865.0,341387.0,347820.0,354108.0,360211.0,366406.0,371957.0,376601.0,381015.0,385933.0,392171.0,393965.0,399419.0,402379.0,405757.0,409163.0,411791.0,414620.0,417611.0,421358.0,425253.0,429264.0,433557.0,438172.0,438351.0,438252.0,437420.0,437000.0,437464.0,438956.0,435585.0,432382.0,429488.0,427513.0,426111.0,424167.0,418906.0,409470.0,398495.0,387380.0,376060.0,364952.0,353029.0,344305.0,336361.0,330100.0,325333.0,320102.0,313638.0,307251.0,298310.0,287749.0,275106.0,264163.0,251887.0,243328.0,237146.0,231912.0,227081.0,222908.0,218224.0,213002.0,205758.0,199373.0,191041.0,182826.0,173470.0,163104.0,151667.0,139598.0,127180.0,115784.0,104711.0,94561.0,84467.0,75412.0,66563.0,58184.0,50384.0,43232.0,36587.0,30670.0,25343.0,20579.0,16378.0,12920.0,10081.0,7833.0,6005.0,4520.0,3325.0,2386.0,3208.0,270932.0,276244.0,281809.0,287568.0,293482.0,299513.0,305639.0,311810.0,317997.0,324141.0,330202.0,336134.0,341889.0,347763.0,353046.0,357544.0,361897.0,366757.0,372763.0,374654.0,379522.0,384550.0,387728.0,391004.0,394755.0,398529.0,402389.0,405817.0,409612.0,414032.0,419262.0,424629.0,425403.0,426215.0,427779.0,430173.0,433337.0,436876.0,439154.0,440390.0,440582.0,436946.0,434420.0,432128.0,427425.0,419831.0,410013.0,399388.0,389148.0,378702.0,370655.0,363708.0,358365.0,353183.0,350821.0,348415.0,344117.0,338206.0,330775.0,319293.0,309026.0,297317.0,287236.0,278521.0,272864.0,268172.0,264281.0,261596.0,258863.0,253351.0,248823.0,242442.0,236297.0,228212.0,219550.0,209039.0,196801.0,184203.0,171244.0,158019.0,145909.0,133480.0,121509.0,109197.0,97428.0,85992.0,75296.0,65453.0,56303.0,47701.0,39902.0,32741.0,26534.0,21161.0,16669.0,13002.0,10093.0,7703.0,5733.0,4143.0,5912.0,555760.0,566751.0,578243.0,590131.0,602323.0,614766.0,627390.0,640113.0,652862.0,665528.0,678022.0,690242.0,702100.0,714169.0,725003.0,734145.0,742912.0,752690.0,764934.0,768619.0,778941.0,786929.0,793485.0,800167.0,806546.0,813149.0,820000.0,827175.0,834865.0,843296.0,852819.0,862801.0,863754.0,864467.0,865199.0,867173.0,870801.0,875832.0,874739.0,872772.0,870070.0,864459.0,860531.0,856295.0,846331.0,829301.0,808508.0,786768.0,765208.0,743654.0,723684.0,708013.0,694726.0,683283.0,676154.0,668517.0,657755.0,645457.0,629085.0,607042.0,584132.0,561480.0,539123.0,521849.0,510010.0,500084.0,491362.0,484504.0,477087.0,466353.0,454581.0,441815.0,427338.0,411038.0,393020.0,372143.0,348468.0,323801.0,298424.0,273803.0,250620.0,228041.0,205976.0,184609.0,163991.0,144176.0,125680.0,108685.0,92890.0,78371.0,65245.0,53320.0,42912.0,34081.0,26750.0,20835.0,16098.0,12223.0,9058.0,6529.0,9120.0,27429300.0,28396779.0,55826079.0
2039,279142.0,284642.0,290400.0,296361.0,302500.0,308794.0,315202.0,321703.0,328253.0,334814.0,341323.0,347744.0,354015.0,360085.0,366243.0,371729.0,376312.0,380646.0,385464.0,391592.0,393310.0,398680.0,401586.0,404907.0,408273.0,410862.0,413666.0,416638.0,420378.0,424266.0,428266.0,432557.0,437152.0,437331.0,437226.0,436391.0,435955.0,436426.0,437882.0,434505.0,431287.0,428376.0,426371.0,424924.0,422931.0,417610.0,408132.0,397105.0,385934.0,374562.0,363390.0,351396.0,342592.0,334543.0,328175.0,323279.0,317899.0,311297.0,304753.0,295664.0,284975.0,272210.0,261137.0,248746.0,240014.0,233634.0,228151.0,223069.0,218596.0,213611.0,208076.0,200553.0,193842.0,185246.0,176743.0,167163.0,156607.0,145057.0,132943.0,120544.0,109176.0,98189.0,88125.0,78188.0,69299.0,60686.0,52588.0,45116.0,38326.0,32092.0,26586.0,21685.0,17374.0,13630.0,10589.0,8123.0,6200.0,4660.0,3439.0,2482.0,3372.0,265519.0,270661.0,276066.0,281670.0,287446.0,293365.0,299407.0,305535.0,311706.0,317888.0,324030.0,330079.0,336006.0,341756.0,347609.0,352883.0,357359.0,361680.0,366483.0,372410.0,374247.0,379072.0,384056.0,387208.0,390473.0,394213.0,397989.0,401843.0,405271.0,409063.0,413482.0,418710.0,424048.0,424814.0,425609.0,427170.0,429534.0,432686.0,436205.0,438452.0,439664.0,439815.0,436164.0,433604.0,431268.0,426535.0,418896.0,409044.0,398389.0,388100.0,377621.0,369516.0,362514.0,357092.0,351833.0,349374.0,346857.0,342441.0,336424.0,328868.0,317290.0,306904.0,295082.0,284879.0,276014.0,270173.0,265259.0,261124.0,258152.0,255112.0,249286.0,244411.0,237687.0,231153.0,222711.0,213672.0,202821.0,190292.0,177433.0,164248.0,150848.0,138563.0,126023.0,113971.0,101687.0,90093.0,78842.0,68405.0,58866.0,50094.0,41937.0,34629.0,28031.0,22375.0,17556.0,13591.0,10395.0,7908.0,5906.0,4296.0,6172.0,544661.0,555303.0,566466.0,578031.0,589946.0,602159.0,614609.0,627238.0,639959.0,652702.0,665353.0,677823.0,690021.0,701841.0,713852.0,724612.0,733671.0,742326.0,751947.0,764002.0,767557.0,777752.0,785642.0,792115.0,798746.0,805075.0,811655.0,818481.0,825649.0,833329.0,841748.0,851267.0,861200.0,862145.0,862835.0,863561.0,865489.0,869112.0,874087.0,872957.0,870951.0,868191.0,862535.0,858528.0,854199.0,844145.0,827028.0,806149.0,784323.0,762662.0,741011.0,720912.0,705106.0,691635.0,680008.0,672653.0,664756.0,653738.0,641177.0,624532.0,602265.0,579114.0,556219.0,533625.0,516028.0,503807.0,493410.0,484193.0,476748.0,468723.0,457362.0,444964.0,431529.0,416399.0,399454.0,380835.0,359428.0,335349.0,310376.0,284792.0,260024.0,236752.0,214148.0,192159.0,170986.0,150779.0,131430.0,113521.0,97192.0,82186.0,68523.0,56314.0,45405.0,36005.0,28145.0,21714.0,16595.0,12568.0,9345.0,6778.0,9544.0,27474283.0,28431613.0,55905896.0
2040,273645.0,278971.0,284544.0,290334.0,296308.0,302454.0,308751.0,315160.0,321660.0,328208.0,334755.0,341257.0,347658.0,353897.0,359935.0,366029.0,371455.0,375957.0,380201.0,384924.0,390944.0,392597.0,397895.0,400754.0,404036.0,407360.0,409935.0,412718.0,415680.0,419414.0,423294.0,427299.0,431585.0,436156.0,436328.0,436219.0,435376.0,434934.0,435386.0,436808.0,433410.0,430181.0,427237.0,425199.0,423703.0,421642.0,416268.0,406723.0,395648.0,384413.0,372980.0,361725.0,349666.0,340762.0,332618.0,326121.0,321079.0,315555.0,308795.0,302086.0,292851.0,282015.0,269132.0,257917.0,245396.0,236500.0,229896.0,224164.0,218801.0,214031.0,208732.0,202868.0,195057.0,188020.0,179156.0,170393.0,160582.0,149858.0,138216.0,126083.0,113737.0,102447.0,91565.0,81635.0,71906.0,63232.0,54904.0,47131.0,40041.0,33648.0,27848.0,22778.0,18334.0,14472.0,11179.0,8545.0,6436.0,4822.0,3554.0,2567.0,3537.0,260286.0,265263.0,270498.0,275928.0,281554.0,287340.0,293266.0,299313.0,305432.0,311606.0,317786.0,323914.0,329965.0,335872.0,341619.0,347457.0,352705.0,357156.0,361427.0,366161.0,372005.0,373807.0,378590.0,383537.0,386689.0,389940.0,393681.0,397452.0,401304.0,404738.0,408527.0,412942.0,418167.0,423472.0,424232.0,425013.0,426550.0,428902.0,432030.0,435518.0,437741.0,438919.0,439034.0,435356.0,432761.0,430382.0,425604.0,417920.0,408033.0,397334.0,387004.0,376473.0,368313.0,361240.0,355737.0,350401.0,347824.0,345192.0,340657.0,334516.0,326821.0,315143.0,304627.0,292683.0,282341.0,273320.0,267271.0,262126.0,257722.0,254449.0,251062.0,244919.0,239663.0,232570.0,225645.0,216811.0,207379.0,196187.0,183372.0,170262.0,156867.0,143322.0,130884.0,118273.0,106194.0,94091.0,82661.0,71676.0,61569.0,52414.0,44081.0,36428.0,29676.0,23658.0,18586.0,14326.0,10879.0,8154.0,6070.0,4434.0,6443.0,533931.0,544234.0,555042.0,566262.0,577862.0,589794.0,602017.0,614473.0,627092.0,639814.0,652541.0,665171.0,677623.0,689769.0,701554.0,713486.0,724160.0,733113.0,741628.0,751085.0,762949.0,766404.0,776485.0,784291.0,790725.0,797300.0,803616.0,810170.0,816984.0,824152.0,831821.0,840241.0,849752.0,859628.0,860560.0,861232.0,861926.0,863836.0,867416.0,872326.0,871151.0,869100.0,866271.0,860555.0,856464.0,852024.0,841872.0,824643.0,803681.0,781747.0,759984.0,738198.0,717979.0,702002.0,688355.0,676522.0,668903.0,660747.0,649452.0,636602.0,619672.0,597158.0,573759.0,550600.0,527737.0,509820.0,497167.0,486290.0,476523.0,468480.0,459794.0,447787.0,434720.0,420590.0,404801.0,387204.0,367961.0,346045.0,321588.0,296345.0,270604.0,245769.0,222449.0,199908.0,178100.0,157323.0,137565.0,118807.0,101610.0,86062.0,71929.0,59206.0,48010.0,38130.0,29765.0,22871.0,17315.0,12976.0,9624.0,7001.0,9980.0,27510618.0,28457144.0,55967762.0
2041,268335.0,273483.0,278881.0,284485.0,290285.0,296271.0,302417.0,308717.0,315123.0,321619.0,328159.0,334695.0,341177.0,347553.0,353751.0,359737.0,365771.0,371114.0,375530.0,379688.0,384320.0,390237.0,391836.0,397073.0,399904.0,403149.0,406449.0,409002.0,411784.0,414745.0,418466.0,422351.0,426354.0,430631.0,435183.0,435344.0,435227.0,434366.0,433911.0,434343.0,435722.0,432307.0,429047.0,426071.0,423987.0,422438.0,420303.0,414851.0,405253.0,394106.0,382807.0,371295.0,359958.0,347826.0,338818.0,330557.0,323933.0,318734.0,313050.0,306130.0,299248.0,289850.0,278860.0,265855.0,254488.0,241846.0,232756.0,225922.0,219930.0,214284.0,209200.0,203564.0,197370.0,189266.0,181913.0,172782.0,163766.0,153737.0,142869.0,131160.0,119038.0,106791.0,95605.0,84881.0,75134.0,65666.0,57258.0,49254.0,41871.0,35187.0,29231.0,23886.0,19274.0,15291.0,11886.0,9037.0,6776.0,5012.0,3675.0,2657.0,3697.0,255231.0,260043.0,265104.0,270367.0,275825.0,281455.0,287243.0,293179.0,299221.0,305338.0,311510.0,317682.0,323805.0,329837.0,335748.0,341473.0,347295.0,352514.0,356908.0,361130.0,365796.0,371566.0,373331.0,378090.0,383019.0,386162.0,389415.0,393156.0,396925.0,400782.0,404206.0,408002.0,412416.0,417626.0,422907.0,423643.0,424418.0,425932.0,428260.0,431365.0,434822.0,437014.0,438157.0,438229.0,434516.0,431887.0,429465.0,424625.0,416902.0,406970.0,396222.0,385840.0,375262.0,367032.0,359888.0,354300.0,348861.0,346176.0,343410.0,338745.0,332465.0,324636.0,312830.0,302182.0,290107.0,279610.0,270413.0,264150.0,258745.0,254065.0,250454.0,246709.0,240213.0,234563.0,227082.0,219729.0,210498.0,200668.0,189123.0,176032.0,162683.0,149107.0,135452.0,122904.0,110273.0,98318.0,86387.0,75201.0,64566.0,54863.0,46161.0,38329.0,31242.0,25071.0,19673.0,15180.0,11481.0,8543.0,6265.0,4563.0,6708.0,523566.0,533526.0,543985.0,554852.0,566110.0,577726.0,589660.0,601896.0,614344.0,626957.0,639669.0,652377.0,664982.0,677390.0,689499.0,701210.0,713066.0,723628.0,732438.0,740818.0,750116.0,761803.0,765167.0,775163.0,782923.0,789311.0,795864.0,802158.0,808709.0,815527.0,822672.0,830353.0,838770.0,848257.0,858090.0,858987.0,859645.0,860298.0,862171.0,865708.0,870544.0,869321.0,867204.0,864300.0,858503.0,854325.0,849768.0,839476.0,822155.0,801076.0,779029.0,757135.0,735220.0,714858.0,698706.0,684857.0,672794.0,664910.0,656460.0,644875.0,631713.0,614486.0,591690.0,568037.0,544595.0,521456.0,503169.0,490072.0,478675.0,468349.0,459654.0,450273.0,437583.0,423829.0,408995.0,392511.0,374264.0,354405.0,331992.0,307192.0,281721.0,255898.0,231057.0,207785.0,185407.0,163984.0,143645.0,124455.0,106437.0,90050.0,75392.0,62215.0,50516.0,40362.0,31559.0,24217.0,18257.0,13555.0,9940.0,7220.0,10405.0,27538432.0,28473492.0,56011924.0
2042,263196.0,268184.0,273406.0,278821.0,284449.0,290253.0,296238.0,302386.0,308683.0,315091.0,321574.0,328106.0,334621.0,341082.0,347414.0,353572.0,359490.0,365448.0,370706.0,375039.0,379109.0,383660.0,389485.0,391046.0,396228.0,399033.0,402263.0,405537.0,408086.0,410863.0,413829.0,417549.0,421426.0,425430.0,429700.0,434221.0,434372.0,434236.0,433360.0,432886.0,433290.0,434618.0,431175.0,427883.0,424870.0,422731.0,421110.0,418899.0,413369.0,403694.0,392479.0,381100.0,369507.0,358079.0,345862.0,336743.0,328363.0,321591.0,316238.0,310374.0,303291.0,296223.0,286650.0,275505.0,262369.0,250845.0,238063.0,228785.0,221703.0,215439.0,209496.0,204083.0,198114.0,191572.0,183176.0,175515.0,166133.0,156865.0,146648.0,135651.0,123908.0,111838.0,99725.0,88688.0,78187.0,68665.0,59508.0,51417.0,43795.0,36837.0,30595.0,25099.0,20236.0,16100.0,12570.0,9615.0,7176.0,5282.0,3831.0,2747.0,3860.0,250341.0,254999.0,259893.0,264985.0,270265.0,275728.0,281371.0,287159.0,293096.0,299134.0,305248.0,311414.0,317574.0,323692.0,329719.0,335610.0,341328.0,347111.0,352286.0,356625.0,360784.0,365394.0,371096.0,372843.0,377581.0,382498.0,385641.0,388899.0,392641.0,396411.0,400262.0,403693.0,407484.0,411889.0,417093.0,422337.0,423064.0,423818.0,425308.0,427605.0,430689.0,434110.0,436265.0,437367.0,437396.0,433648.0,430978.0,428496.0,423610.0,415829.0,405842.0,395053.0,384606.0,373972.0,365672.0,358447.0,352759.0,347228.0,344406.0,341504.0,336693.0,330267.0,322284.0,310354.0,299548.0,287332.0,276669.0,267288.0,260777.0,255110.0,250119.0,246158.0,242015.0,235157.0,229085.0,221191.0,213393.0,203758.0,193514.0,181628.0,168276.0,154713.0,140989.0,127260.0,114657.0,102157.0,90323.0,78641.0,67792.0,57582.0,48358.0,40173.0,32900.0,26424.0,20868.0,16085.0,12182.0,9023.0,6574.0,4710.0,6970.0,513537.0,523183.0,533299.0,543806.0,554714.0,565981.0,577609.0,589545.0,601779.0,614225.0,626822.0,639520.0,652195.0,664774.0,677133.0,689182.0,700818.0,712559.0,722992.0,731664.0,739893.0,749054.0,760581.0,763889.0,773809.0,781531.0,787904.0,794436.0,800727.0,807274.0,814091.0,821242.0,828910.0,837319.0,846793.0,856558.0,857436.0,858054.0,858668.0,860491.0,863979.0,868728.0,867440.0,865250.0,862266.0,856379.0,852088.0,847395.0,836979.0,819523.0,798321.0,776153.0,754113.0,732051.0,711534.0,695190.0,681122.0,668819.0,660644.0,651878.0,639984.0,626490.0,608934.0,585859.0,561917.0,538177.0,514732.0,496073.0,482480.0,470549.0,459615.0,450241.0,440129.0,426729.0,412261.0,396706.0,379526.0,360623.0,340162.0,317279.0,292184.0,266551.0,240714.0,215948.0,192844.0,170822.0,149831.0,130058.0,111587.0,94419.0,78953.0,65272.0,53136.0,42524.0,33438.0,25700.0,19358.0,14305.0,10405.0,7457.0,10830.0,27557858.0,28480793.0,56038651.0
2043,258212.0,263056.0,268115.0,273356.0,278790.0,284416.0,290228.0,296214.0,302359.0,308654.0,315049.0,321530.0,328036.0,334536.0,340952.0,347242.0,353339.0,359186.0,365064.0,370230.0,374491.0,378479.0,382955.0,388705.0,390230.0,395372.0,398158.0,401372.0,404639.0,407190.0,409959.0,412930.0,416650.0,420525.0,424522.0,428781.0,433270.0,433408.0,433247.0,432351.0,431843.0,432215.0,433495.0,430014.0,426682.0,423618.0,421416.0,419724.0,417424.0,411801.0,402041.0,390754.0,379282.0,367599.0,356082.0,343765.0,334533.0,326016.0,319100.0,313567.0,307529.0,300258.0,292997.0,283246.0,271935.0,258663.0,246967.0,234046.0,224561.0,217229.0,210682.0,204436.0,198670.0,192352.0,185482.0,176799.0,168832.0,159209.0,149702.0,139319.0,128229.0,116485.0,104511.0,92581.0,81744.0,71510.0,62281.0,53485.0,45757.0,38569.0,32063.0,26306.0,21287.0,16917.0,13252.0,10180.0,7645.0,5601.0,4039.0,2867.0,4022.0,245598.0,250121.0,254858.0,259779.0,264890.0,270180.0,275646.0,281293.0,287080.0,293014.0,299049.0,305161.0,311313.0,317471.0,323579.0,329594.0,335473.0,341158.0,346899.0,352015.0,356297.0,360412.0,364961.0,370606.0,372349.0,377076.0,381979.0,385130.0,388392.0,392134.0,395908.0,399753.0,403187.0,406969.0,411368.0,416552.0,421774.0,422479.0,423207.0,424675.0,426945.0,429990.0,433377.0,435489.0,436556.0,436528.0,432743.0,430021.0,427484.0,422539.0,414698.0,404653.0,393803.0,383303.0,372598.0,364224.0,356905.0,351119.0,345475.0,342518.0,339458.0,334488.0,327905.0,319759.0,307680.0,296717.0,284343.0,273504.0,263914.0,257149.0,251193.0,245866.0,241531.0,236973.0,229718.0,223203.0,214881.0,206624.0,196561.0,185923.0,173702.0,160101.0,146367.0,132533.0,118787.0,106280.0,93910.0,82283.0,70943.0,60506.0,50797.0,42127.0,34513.0,27855.0,22013.0,17082.0,12916.0,9587.0,6950.0,4946.0,7245.0,503810.0,513177.0,522973.0,533135.0,543680.0,554596.0,565874.0,577507.0,589439.0,601668.0,614098.0,626691.0,639349.0,652007.0,664531.0,676836.0,688812.0,700344.0,711963.0,722245.0,730788.0,738891.0,747916.0,759311.0,762579.0,772448.0,780137.0,786502.0,793031.0,799324.0,805867.0,812683.0,819837.0,827494.0,835890.0,845333.0,855044.0,855887.0,856454.0,857026.0,858788.0,862205.0,866872.0,865503.0,863238.0,860146.0,854159.0,849745.0,844908.0,834340.0,816739.0,795407.0,773085.0,750902.0,728680.0,707989.0,691438.0,677135.0,664575.0,656085.0,646987.0,634746.0,620902.0,603005.0,579615.0,555380.0,531310.0,507550.0,488475.0,474378.0,461875.0,450302.0,440201.0,429325.0,415200.0,400002.0,383713.0,365833.0,346263.0,325242.0,301931.0,276586.0,250878.0,225114.0,200531.0,177790.0,156191.0,135768.0,116700.0,99075.0,82860.0,68433.0,55800.0,44772.0,35265.0,27262.0,20561.0,15188.0,10989.0,7813.0,11267.0,27569014.0,28479180.0,56048194.0
2044,253374.0,258081.0,262994.0,268071.0,273325.0,278771.0,284394.0,290205.0,296191.0,302335.0,308619.0,315009.0,321470.0,327955.0,334415.0,340793.0,347023.0,353051.0,358821.0,364611.0,369702.0,373880.0,377816.0,382225.0,387899.0,389396.0,394508.0,397292.0,400492.0,403753.0,406310.0,409079.0,412051.0,415772.0,419643.0,423625.0,427870.0,432321.0,432439.0,432253.0,431324.0,430782.0,431121.0,432337.0,428817.0,425428.0,422312.0,420040.0,418262.0,415859.0,410140.0,400290.0,388913.0,377350.0,365568.0,353947.0,341534.0,332170.0,323514.0,316440.0,310725.0,304489.0,297033.0,289558.0,279626.0,268138.0,254716.0,242846.0,229778.0,220079.0,212492.0,205636.0,199075.0,192959.0,186300.0,179091.0,170140.0,161860.0,152018.0,142300.0,131773.0,120623.0,108922.0,97088.0,85395.0,74825.0,64908.0,56021.0,47649.0,40334.0,33609.0,27591.0,22332.0,17821.0,13947.0,10739.0,8108.0,5972.0,4284.0,3029.0,4202.0,240990.0,245391.0,249986.0,254753.0,259692.0,264808.0,270104.0,275576.0,281218.0,287005.0,292936.0,298965.0,305069.0,311216.0,317364.0,323462.0,329464.0,335315.0,340961.0,346649.0,351707.0,355940.0,360006.0,364511.0,370111.0,371853.0,376574.0,381471.0,384624.0,387896.0,391639.0,395411.0,399256.0,402680.0,406462.0,410845.0,416021.0,421196.0,421883.0,422592.0,424025.0,426260.0,429279.0,432619.0,434688.0,435704.0,435625.0,431793.0,429024.0,426413.0,421405.0,413496.0,403392.0,392484.0,381910.0,371137.0,362675.0,355264.0,349361.0,343595.0,340488.0,337268.0,332123.0,325366.0,317038.0,304807.0,293666.0,281119.0,270086.0,260282.0,253244.0,246965.0,241291.0,236543.0,231550.0,223883.0,216894.0,208133.0,199396.0,188925.0,177879.0,165345.0,151539.0,137662.0,123780.0,110173.0,97762.0,85609.0,74276.0,63369.0,53419.0,44288.0,36231.0,29249.0,23224.0,18039.0,13732.0,10177.0,7389.0,5233.0,7580.0,494364.0,503472.0,512980.0,522824.0,533017.0,543579.0,554498.0,565781.0,577409.0,589340.0,601555.0,613974.0,626539.0,639171.0,651779.0,664255.0,676487.0,688366.0,699782.0,711260.0,721409.0,729820.0,737822.0,746736.0,758010.0,761249.0,771082.0,778763.0,785116.0,791649.0,797949.0,804490.0,811307.0,818452.0,826105.0,834470.0,843891.0,853517.0,854322.0,854845.0,855349.0,857042.0,860400.0,864956.0,863505.0,861132.0,857937.0,851833.0,847286.0,842272.0,831545.0,813786.0,792305.0,769834.0,747478.0,725084.0,704209.0,687434.0,672875.0,660035.0,651213.0,641757.0,629156.0,614924.0,596664.0,572945.0,548382.0,523965.0,499864.0,480361.0,465736.0,452601.0,440366.0,429502.0,417850.0,402974.0,387034.0,369993.0,351414.0,331225.0,309652.0,285968.0,260461.0,234750.0,209175.0,184998.0,162670.0,141630.0,121925.0,103703.0,87028.0,71879.0,58563.0,47070.0,37171.0,28778.0,21840.0,16149.0,11673.0,8262.0,11782.0,27572013.0,28468773.0,56040786.0
2045,248657.0,253258.0,258026.0,262956.0,268045.0,273310.0,278747.0,284379.0,290187.0,296170.0,302309.0,308578.0,314959.0,321390.0,327847.0,334265.0,340585.0,346752.0,352701.0,358395.0,364111.0,369123.0,373237.0,377121.0,381469.0,387076.0,388557.0,393649.0,396427.0,399632.0,402891.0,405441.0,408227.0,411191.0,414904.0,418766.0,422733.0,426960.0,431374.0,431461.0,431242.0,430288.0,429697.0,429989.0,431141.0,427567.0,424122.0,420940.0,418590.0,416714.0,414204.0,408370.0,398430.0,386953.0,375288.0,363406.0,351668.0,339147.0,329650.0,320846.0,313600.0,307694.0,301255.0,293592.0,285903.0,275769.0,264099.0,250514.0,238469.0,225243.0,215332.0,207459.0,200311.0,193414.0,186949.0,179952.0,172403.0,163192.0,154621.0,144575.0,134666.0,124036.0,112859.0,101256.0,89614.0,78226.0,67972.0,58440.0,49947.0,42038.0,35182.0,28952.0,23453.0,18713.0,14705.0,11318.0,8563.0,6338.0,4577.0,3216.0,4424.0,236505.0,240793.0,245267.0,249888.0,254669.0,259615.0,264736.0,270036.0,275508.0,281147.0,286935.0,292855.0,298881.0,304981.0,311114.0,317254.0,323340.0,329322.0,335130.0,340728.0,346363.0,351361.0,355555.0,359583.0,364061.0,369615.0,371357.0,376080.0,380971.0,384136.0,387408.0,391150.0,394925.0,398756.0,402184.0,405950.0,410322.0,415477.0,420615.0,421280.0,421955.0,423365.0,425557.0,428533.0,431833.0,433852.0,434818.0,434680.0,430796.0,427964.0,425289.0,420200.0,412224.0,402050.0,391076.0,380425.0,369579.0,361024.0,353505.0,347476.0,341582.0,338315.0,334903.0,329580.0,322635.0,314109.0,301708.0,290375.0,277652.0,266400.0,256367.0,249029.0,242414.0,236360.0,231184.0,225722.0,217616.0,210150.0,200923.0,191717.0,180827.0,169398.0,156572.0,142606.0,128642.0,114869.0,101407.0,89175.0,77339.0,66394.0,55991.0,46614.0,38124.0,30732.0,24415.0,19052.0,14514.0,10828.0,7851.0,5573.0,7985.0,485162.0,494051.0,503293.0,512844.0,522714.0,532925.0,543483.0,554415.0,565695.0,577317.0,589244.0,601433.0,613840.0,626371.0,638961.0,651519.0,663925.0,676074.0,687831.0,699123.0,710474.0,720484.0,728792.0,736704.0,745530.0,756691.0,759914.0,769729.0,777398.0,783768.0,790299.0,796591.0,803152.0,809947.0,817088.0,824716.0,833055.0,842437.0,851989.0,852741.0,853197.0,853653.0,855254.0,858522.0,862974.0,861419.0,858940.0,855620.0,849386.0,844678.0,839493.0,828570.0,810654.0,789003.0,766364.0,743831.0,721247.0,700171.0,683155.0,668322.0,655182.0,646009.0,636158.0,623172.0,608538.0,589878.0,565807.0,540889.0,516121.0,491643.0,471699.0,456488.0,442725.0,429774.0,418133.0,405674.0,390019.0,373342.0,355544.0,336292.0,315493.0,293434.0,269431.0,243862.0,218256.0,193095.0,169379.0,147615.0,127286.0,108432.0,91173.0,75566.0,61577.0,49445.0,39120.0,30370.0,23077.0,17166.0,12428.0,8789.0,12409.0,27566959.0,28449703.0,56016662.0
2046,244058.0,248546.0,253206.0,258000.0,262937.0,268030.0,273294.0,278739.0,284360.0,290172.0,296143.0,302273.0,308535.0,314886.0,321288.0,327703.0,334071.0,340326.0,346421.0,352300.0,357916.0,363562.0,368507.0,372570.0,376398.0,380702.0,386246.0,387727.0,392795.0,395578.0,398789.0,402041.0,404601.0,407379.0,410348.0,414046.0,417902.0,421846.0,426037.0,430419.0,430469.0,430213.0,429214.0,428580.0,428821.0,429897.0,426260.0,422754.0,419495.0,417055.0,415073.0,412440.0,406494.0,396442.0,384861.0,373091.0,361095.0,349236.0,336604.0,326956.0,318004.0,310571.0,304464.0,297804.0,289932.0,282010.0,271664.0,259798.0,246056.0,233821.0,220436.0,210290.0,202145.0,194672.0,187450.0,180642.0,173302.0,165432.0,155961.0,147124.0,136896.0,126833.0,116129.0,104987.0,93527.0,82147.0,71117.0,61244.0,52148.0,44111.0,36698.0,30342.0,24637.0,19677.0,15457.0,11950.0,9031.0,6703.0,4862.0,3441.0,4678.0,232126.0,236318.0,240677.0,245176.0,249806.0,254599.0,259551.0,264675.0,269975.0,275440.0,281079.0,286861.0,292774.0,298797.0,304886.0,311011.0,317147.0,323203.0,329146.0,334915.0,340461.0,346042.0,350995.0,355156.0,359154.0,363602.0,369126.0,370869.0,375592.0,380488.0,383649.0,386928.0,390672.0,394439.0,398267.0,401681.0,405434.0,409797.0,414921.0,420023.0,420662.0,421308.0,422674.0,424833.0,427760.0,431012.0,432977.0,433885.0,433687.0,429746.0,426844.0,424090.0,418924.0,410870.0,400626.0,389575.0,378839.0,367914.0,359253.0,351621.0,345462.0,339422.0,335968.0,332369.0,326842.0,319686.0,310954.0,298370.0,286828.0,273901.0,262440.0,252143.0,244484.0,237507.0,231057.0,225424.0,219463.0,210907.0,202939.0,193255.0,183575.0,172280.0,160487.0,147414.0,133338.0,119451.0,105792.0,92559.0,80617.0,69181.0,58712.0,48901.0,40163.0,32367.0,25679.0,20050.0,15345.0,11457.0,8361.0,5927.0,8470.0,476184.0,484864.0,493883.0,503176.0,512743.0,522629.0,532845.0,543414.0,554335.0,565612.0,577222.0,589134.0,601309.0,613683.0,626174.0,638714.0,651218.0,663529.0,675567.0,687215.0,698377.0,709604.0,719502.0,727726.0,735552.0,744304.0,755372.0,758596.0,768387.0,776066.0,782438.0,788969.0,795273.0,801818.0,808615.0,815727.0,823336.0,831643.0,840958.0,850442.0,851131.0,851521.0,851888.0,853413.0,856581.0,860909.0,859237.0,856639.0,853182.0,846801.0,841917.0,836530.0,825418.0,807312.0,785487.0,762666.0,739934.0,717150.0,695857.0,678577.0,663466.0,649993.0,640432.0,630173.0,616774.0,601696.0,582618.0,558168.0,532884.0,507722.0,482876.0,462433.0,446629.0,432179.0,418507.0,406066.0,392765.0,376339.0,358900.0,340379.0,320471.0,299113.0,276616.0,252401.0,226865.0,201598.0,176909.0,153803.0,132765.0,113292.0,95410.0,79243.0,64800.0,52044.0,41136.0,32000.0,24376.0,18160.0,13223.0,9368.0,13148.0,27553940.0,28422105.0,55976045.0
2047,239553.0,243958.0,248510.0,253181.0,257981.0,262925.0,268022.0,273288.0,278727.0,284349.0,290148.0,296116.0,302230.0,308466.0,314790.0,321156.0,327518.0,333824.0,340018.0,346034.0,351846.0,357398.0,362979.0,367859.0,371878.0,375663.0,379929.0,385418.0,386902.0,391959.0,394749.0,397952.0,401214.0,403775.0,406546.0,409511.0,413201.0,417026.0,420954.0,425115.0,429441.0,429460.0,429154.0,428111.0,427423.0,427598.0,428593.0,424895.0,421307.0,417967.0,415426.0,413321.0,410568.0,404490.0,394321.0,382633.0,370745.0,358627.0,346643.0,333886.0,324089.0,314970.0,307347.0,301016.0,294131.0,286032.0,277871.0,267296.0,255222.0,241316.0,228888.0,215336.0,204956.0,196519.0,188732.0,181193.0,174033.0,166363.0,158172.0,148468.0,139385.0,129002.0,118821.0,108093.0,97042.0,85801.0,74741.0,64131.0,54695.0,46090.0,38547.0,31679.0,25848.0,20692.0,16272.0,12576.0,9547.0,7078.0,5148.0,3655.0,4984.0,227841.0,231949.0,236211.0,240589.0,245104.0,249745.0,254539.0,259492.0,264611.0,269915.0,275379.0,281008.0,286791.0,292693.0,298709.0,304788.0,310913.0,317015.0,323045.0,328944.0,334665.0,340159.0,345699.0,350613.0,354743.0,358725.0,363151.0,368638.0,370393.0,375120.0,380005.0,383178.0,386458.0,390192.0,393962.0,397771.0,401179.0,404919.0,409252.0,414359.0,419413.0,420025.0,420631.0,421967.0,424074.0,426957.0,430152.0,432061.0,432904.0,432633.0,428636.0,425654.0,422820.0,417564.0,409427.0,399105.0,387969.0,377151.0,366128.0,357359.0,349605.0,343295.0,337095.0,333451.0,329637.0,323893.0,316512.0,307548.0,294758.0,283007.0,269867.0,258156.0,247589.0,239587.0,232230.0,225350.0,219237.0,212757.0,203740.0,195254.0,185126.0,174974.0,163289.0,151175.0,137906.0,123884.0,110078.0,96624.0,83732.0,72166.0,61228.0,51319.0,42168.0,34133.0,27072.0,21107.0,16167.0,12126.0,8857.0,6319.0,9015.0,467394.0,475907.0,484721.0,493770.0,503085.0,512670.0,522561.0,532780.0,543338.0,554264.0,565527.0,577124.0,589021.0,601159.0,613499.0,625944.0,638431.0,650839.0,663063.0,674978.0,686511.0,697557.0,708678.0,718472.0,726621.0,734388.0,743080.0,754056.0,757295.0,767079.0,774754.0,781130.0,787672.0,793967.0,800508.0,807282.0,814380.0,821945.0,830206.0,839474.0,848854.0,849485.0,849785.0,850078.0,851497.0,854555.0,858745.0,856956.0,854211.0,850600.0,844062.0,838975.0,833388.0,822054.0,803748.0,781738.0,758714.0,735778.0,712771.0,691245.0,673694.0,658265.0,644442.0,634467.0,623768.0,609925.0,594383.0,574844.0,549980.0,524323.0,498755.0,473492.0,452545.0,436106.0,420962.0,406543.0,393270.0,379120.0,361912.0,343722.0,324511.0,303976.0,282110.0,259268.0,234948.0,209685.0,184819.0,160755.0,138427.0,118256.0,99775.0,82998.0,68016.0,54825.0,43344.0,33683.0,25714.0,19204.0,14005.0,9974.0,13999.0,27533054.0,28386125.0,55919179.0
2048,235145.0,239468.0,243919.0,248490.0,253169.0,257979.0,262916.0,268019.0,273277.0,278716.0,284333.0,290122.0,296073.0,302172.0,308380.0,314664.0,320981.0,327289.0,333526.0,339649.0,345606.0,351352.0,356843.0,362364.0,367199.0,371169.0,374921.0,379148.0,384606.0,386086.0,391135.0,393935.0,397142.0,400401.0,402961.0,405723.0,408681.0,412351.0,416149.0,420046.0,424172.0,428445.0,428420.0,428065.0,426963.0,426219.0,426322.0,427229.0,423448.0,419779.0,416339.0,413691.0,411462.0,408565.0,402349.0,392063.0,380250.0,368239.0,355995.0,343874.0,330991.0,321031.0,311734.0,303911.0,297350.0,290221.0,281878.0,273454.0,262650.0,250361.0,236291.0,223648.0,209930.0,199315.0,190582.0,182494.0,174631.0,167132.0,159133.0,150640.0,140728.0,131414.0,120929.0,110670.0,99986.0,89084.0,78121.0,67454.0,57320.0,48386.0,40314.0,33303.0,27016.0,21732.0,17132.0,13252.0,10062.0,7487.0,5445.0,3872.0,5316.0,223645.0,227679.0,231847.0,236130.0,240523.0,245043.0,249688.0,254484.0,259439.0,264558.0,269854.0,275314.0,280940.0,286715.0,292613.0,298618.0,304693.0,310791.0,316869.0,322852.0,328711.0,334384.0,339839.0,345338.0,350218.0,354337.0,358293.0,362702.0,368165.0,369929.0,374649.0,379536.0,382706.0,385993.0,389722.0,393476.0,397278.0,400671.0,404387.0,408703.0,413778.0,418789.0,419361.0,419937.0,421223.0,423285.0,426114.0,429247.0,431093.0,431872.0,431517.0,427452.0,424394.0,421459.0,416119.0,407890.0,397480.0,386258.0,375339.0,364220.0,355325.0,347436.0,340968.0,334595.0,330740.0,326691.0,320711.0,313083.0,303871.0,290876.0,278883.0,265511.0,253536.0,242677.0,234314.0,226555.0,219216.0,212596.0,205589.0,196102.0,187110.0,176516.0,165914.0,153894.0,141502.0,128197.0,114229.0,100606.0,87466.0,75011.0,63919.0,53561.0,44294.0,35869.0,28576.0,22277.0,17037.0,12789.0,9379.0,6699.0,9625.0,458790.0,467147.0,475766.0,484620.0,493692.0,503022.0,512604.0,522503.0,532716.0,543274.0,554187.0,565436.0,577013.0,588887.0,600993.0,613282.0,625674.0,638080.0,650395.0,662501.0,674317.0,685736.0,696682.0,707702.0,717417.0,725506.0,733214.0,741850.0,752771.0,756015.0,765784.0,773471.0,779848.0,786394.0,792683.0,799199.0,805959.0,813022.0,820536.0,828749.0,837950.0,847234.0,847781.0,848002.0,848186.0,849504.0,852436.0,856476.0,854541.0,851651.0,847856.0,841143.0,835856.0,830024.0,818468.0,799953.0,777730.0,754497.0,731334.0,708094.0,686316.0,668467.0,652702.0,638506.0,628090.0,616912.0,602589.0,586537.0,566521.0,541237.0,515174.0,489159.0,463466.0,441992.0,424896.0,409049.0,393847.0,379728.0,364722.0,346742.0,327838.0,307930.0,286843.0,264564.0,241488.0,217281.0,192350.0,168060.0,144786.0,123397.0,104233.0,86864.0,71310.0,57601.0,45708.0,35529.0,27099.0,20276.0,14824.0,10571.0,14941.0,27504394.0,28341904.0,55846298.0
2049,230818.0,235066.0,239439.0,243904.0,248485.0,253170.0,257973.0,262918.0,268013.0,273271.0,278699.0,284309.0,290086.0,296021.0,302085.0,308262.0,314500.0,320763.0,327005.0,333179.0,339239.0,345137.0,350822.0,356268.0,361731.0,366516.0,370454.0,374177.0,378380.0,383796.0,385290.0,390330.0,393136.0,396347.0,399595.0,402153.0,404904.0,407849.0,411493.0,415264.0,419124.0,423208.0,427418.0,427345.0,426936.0,425774.0,424945.0,424986.0,425780.0,421923.0,418153.0,414612.0,411843.0,409477.0,406426.0,400067.0,389644.0,377712.0,365561.0,353185.0,340926.0,327900.0,317770.0,308287.0,300248.0,293442.0,286055.0,277455.0,268761.0,257711.0,245204.0,230943.0,218099.0,204207.0,193357.0,184346.0,175952.0,167770.0,159938.0,151627.0,142855.0,132750.0,123256.0,112702.0,102437.0,91853.0,81175.0,70553.0,60338.0,50751.0,42362.0,34865.0,28426.0,22735.0,18013.0,13968.0,10615.0,7898.0,5765.0,4100.0,5669.0,219532.0,223491.0,227584.0,231774.0,236069.0,240467.0,244991.0,249642.0,254429.0,259388.0,264503.0,269795.0,275248.0,280867.0,286638.0,292529.0,298529.0,304581.0,310656.0,316689.0,322632.0,328447.0,334081.0,339505.0,344971.0,349822.0,353922.0,357874.0,362262.0,367697.0,369468.0,374195.0,379070.0,382244.0,385527.0,389250.0,392988.0,396784.0,400150.0,403846.0,408133.0,413177.0,418141.0,418675.0,419210.0,420447.0,422459.0,425225.0,428296.0,430068.0,430772.0,430338.0,426192.0,423049.0,420017.0,414573.0,406245.0,395744.0,384421.0,373405.0,362167.0,353145.0,345109.0,338461.0,331902.0,327818.0,323513.0,317275.0,309385.0,299907.0,286685.0,274426.0,260811.0,248554.0,237390.0,228638.0,220446.0,212636.0,205497.0,197942.0,187987.0,178483.0,167457.0,156437.0,144117.0,131606.0,118284.0,104465.0,91131.0,78413.0,66487.0,55962.0,46269.0,37712.0,30058.0,23540.0,18000.0,13489.0,9902.0,7103.0,10274.0,450350.0,458557.0,467023.0,475678.0,484554.0,493637.0,502964.0,512560.0,522442.0,532659.0,543202.0,554104.0,565334.0,576888.0,588723.0,600791.0,613029.0,625344.0,637661.0,649868.0,661871.0,673584.0,684903.0,695773.0,706702.0,716338.0,724376.0,732051.0,740642.0,751493.0,754758.0,764525.0,772206.0,778591.0,785122.0,791403.0,797892.0,804633.0,811643.0,819110.0,827257.0,836385.0,845559.0,846020.0,846146.0,846221.0,847404.0,850211.0,854076.0,851991.0,848925.0,844950.0,838035.0,832526.0,826443.0,814640.0,795889.0,773456.0,749982.0,726590.0,703093.0,681045.0,662879.0,646748.0,632150.0,621260.0,609568.0,594730.0,578146.0,557618.0,531889.0,505369.0,478910.0,452761.0,430747.0,412984.0,396398.0,380406.0,365435.0,349569.0,330842.0,311233.0,290713.0,269139.0,246554.0,223459.0,199459.0,175018.0,151469.0,129164.0,108849.0,90827.0,74695.0,60447.0,48071.0,37508.0,28615.0,21387.0,15667.0,11203.0,15943.0,27468050.0,28289607.0,55757657.0
2050,226571.0,230751.0,235042.0,239427.0,243904.0,248484.0,253173.0,257973.0,262917.0,268006.0,273258.0,278681.0,284279.0,290032.0,295947.0,301973.0,308104.0,314291.0,320496.0,326675.0,332792.0,338791.0,344634.0,350272.0,355664.0,361085.0,365828.0,369737.0,373441.0,377615.0,383010.0,384503.0,389544.0,392349.0,395558.0,398802.0,401347.0,404089.0,407005.0,410624.0,414360.0,418179.0,422214.0,426358.0,426228.0,425750.0,424524.0,423624.0,423566.0,424254.0,420294.0,416425.0,412767.0,409866.0,407356.0,404148.0,397629.0,387068.0,374993.0,362710.0,350186.0,337776.0,324608.0,314296.0,304611.0,296351.0,289276.0,281619.0,272744.0,263767.0,252461.0,239722.0,225275.0,212214.0,198175.0,187092.0,177805.0,169102.0,160615.0,152463.0,143859.0,134825.0,124575.0,114939.0,104383.0,94169.0,83756.0,73368.0,63164.0,53468.0,44474.0,36663.0,29790.0,23946.0,18868.0,14701.0,11202.0,8344.0,6084.0,4348.0,6038.0,215490.0,219386.0,223404.0,227517.0,231716.0,236017.0,240428.0,244942.0,249594.0,254385.0,259332.0,264449.0,269734.0,275181.0,280797.0,286558.0,292443.0,298427.0,304452.0,310488.0,316483.0,322385.0,328163.0,333762.0,339160.0,344598.0,349428.0,353516.0,357454.0,361831.0,367241.0,369015.0,373745.0,378614.0,381782.0,385061.0,388770.0,392503.0,396269.0,399619.0,403293.0,407547.0,412554.0,417466.0,417963.0,418446.0,419637.0,421583.0,424292.0,427284.0,428983.0,429602.0,429082.0,424850.0,421613.0,418480.0,412915.0,404492.0,393881.0,382461.0,371320.0,359974.0,350801.0,342596.0,335766.0,328997.0,324661.0,320084.0,313567.0,305394.0,295632.0,282155.0,269617.0,255740.0,243185.0,231696.0,222528.0,213887.0,205597.0,197922.0,189818.0,179387.0,169395.0,157958.0,146578.0,134114.0,121492.0,108236.0,94688.0,81760.0,69553.0,58258.0,48384.0,39434.0,31634.0,24782.0,19038.0,14265.0,10458.0,7504.0,10963.0,442061.0,450137.0,458446.0,466944.0,475620.0,484501.0,493601.0,502915.0,512511.0,522391.0,532590.0,543130.0,554013.0,565213.0,576744.0,588531.0,600547.0,612718.0,624948.0,637163.0,649275.0,661176.0,672797.0,684034.0,694824.0,705683.0,715256.0,723253.0,730895.0,739446.0,750251.0,753518.0,763289.0,770963.0,777340.0,783863.0,790117.0,796592.0,803274.0,810243.0,817653.0,825726.0,834768.0,843824.0,844191.0,844196.0,844161.0,845207.0,847858.0,851538.0,849277.0,846027.0,841849.0,834716.0,828969.0,822628.0,810544.0,791560.0,768874.0,745171.0,721506.0,697750.0,675409.0,656892.0,640377.0,625348.0,613937.0,601703.0,586311.0,569161.0,548093.0,521877.0,494892.0,467954.0,441360.0,418788.0,400333.0,382989.0,366212.0,350385.0,333677.0,314212.0,293970.0,272897.0,250961.0,228283.0,205248.0,181604.0,157852.0,135228.0,114027.0,94921.0,78174.0,63380.0,50502.0,39483.0,30240.0,22609.0,16542.0,11852.0,17001.0,27424109.0,28229381.0,55653490.0
2051,222397.0,226509.0,230730.0,235037.0,239430.0,243911.0,248488.0,253178.0,257972.0,262919.0,267996.0,273240.0,278651.0,284232.0,289963.0,295835.0,301827.0,307910.0,314036.0,320180.0,326304.0,332367.0,338315.0,344106.0,349700.0,355049.0,360430.0,365136.0,369026.0,372709.0,376865.0,382232.0,383736.0,388766.0,391579.0,394777.0,398011.0,400542.0,403260.0,406153.0,409736.0,413435.0,417206.0,421184.0,425253.0,425068.0,424512.0,423206.0,422218.0,422062.0,422627.0,418567.0,414578.0,410796.0,407762.0,405092.0,401710.0,395026.0,384313.0,372094.0,359665.0,346989.0,334418.0,321098.0,310592.0,300700.0,292192.0,284838.0,276895.0,267736.0,258463.0,246878.0,233901.0,219264.0,206009.0,191817.0,180517.0,170951.0,161959.0,153177.0,144717.0,135842.0,126589.0,116234.0,106515.0,96024.0,85928.0,75757.0,65738.0,56017.0,46889.0,38531.0,31359.0,25114.0,19892.0,15419.0,11797.0,8817.0,6436.0,4593.0,6435.0,211517.0,215356.0,219305.0,223340.0,227464.0,231675.0,235976.0,240380.0,244904.0,249548.0,254338.0,259279.0,264392.0,269670.0,275114.0,280722.0,286479.0,292349.0,298305.0,304298.0,310293.0,316249.0,322119.0,327863.0,333436.0,338806.0,344228.0,349038.0,353117.0,357044.0,361402.0,366793.0,368574.0,373297.0,378153.0,381323.0,384595.0,388289.0,392002.0,395748.0,399072.0,402719.0,406935.0,411909.0,416755.0,417214.0,417647.0,418780.0,420664.0,423301.0,426212.0,427822.0,428365.0,427736.0,423424.0,420082.0,416826.0,411151.0,402612.0,391889.0,380352.0,369090.0,357606.0,348279.0,339893.0,332858.0,325862.0,321257.0,316382.0,309562.0,301085.0,291010.0,277263.0,264429.0,250271.0,237404.0,225561.0,215970.0,206865.0,198077.0,189866.0,181204.0,170323.0,159860.0,148077.0,136469.0,123871.0,111243.0,98172.0,85007.0,72582.0,60989.0,50416.0,41271.0,33105.0,26108.0,20064.0,15103.0,11072.0,7933.0,11686.0,433914.0,441865.0,450035.0,458377.0,466894.0,475586.0,484464.0,493558.0,502876.0,512467.0,522334.0,532519.0,543043.0,553902.0,565077.0,576557.0,588306.0,600259.0,612341.0,624478.0,636597.0,648616.0,660434.0,671969.0,683136.0,693855.0,704658.0,714174.0,722143.0,729753.0,738267.0,749025.0,752310.0,762063.0,769732.0,776100.0,782606.0,788831.0,795262.0,801901.0,808808.0,816154.0,824141.0,833093.0,842008.0,842282.0,842159.0,841986.0,842882.0,845363.0,848839.0,846389.0,842943.0,838532.0,831186.0,825174.0,818536.0,806177.0,786925.0,763983.0,740017.0,716079.0,692024.0,669377.0,650485.0,633558.0,618054.0,606095.0,593277.0,577298.0,559548.0,537888.0,511164.0,483693.0,456280.0,429221.0,406078.0,386921.0,368824.0,351254.0,334583.0,317046.0,296912.0,276094.0,254592.0,232493.0,209799.0,187000.0,163910.0,141024.0,119471.0,99520.0,81775.0,66385.0,52997.0,41527.0,31861.0,23920.0,17508.0,12526.0,18121.0,27372651.0,28161392.0,55534043.0
2052,218286.0,222342.0,226500.0,230733.0,235042.0,239438.0,243916.0,248498.0,253175.0,257976.0,262910.0,267983.0,273215.0,278613.0,284157.0,289866.0,295695.0,301640.0,307666.0,313738.0,319826.0,325899.0,331910.0,337819.0,343559.0,349114.0,354424.0,359768.0,364445.0,368322.0,371988.0,376133.0,381470.0,382980.0,388003.0,390808.0,394002.0,397213.0,399725.0,402426.0,405283.0,408829.0,412477.0,416195.0,420113.0,424102.0,423839.0,423214.0,421811.0,420731.0,420462.0,420901.0,416718.0,412609.0,408696.0,405505.0,402673.0,399103.0,392244.0,381374.0,369005.0,356413.0,343580.0,330840.0,317360.0,306645.0,296529.0,287758.0,280114.0,271867.0,262409.0,252814.0,240956.0,227730.0,212919.0,199466.0,185143.0,173629.0,163796.0,154523.0,145463.0,136724.0,127607.0,118173.0,107784.0,98041.0,87680.0,77780.0,67932.0,58346.0,49167.0,40661.0,32981.0,26469.0,20886.0,16271.0,12383.0,9298.0,6807.0,4862.0,6853.0,207607.0,211390.0,215281.0,219250.0,223294.0,227424.0,231638.0,235935.0,240345.0,244860.0,249506.0,254290.0,259227.0,264329.0,269606.0,275046.0,280648.0,286388.0,292239.0,298155.0,304116.0,310076.0,315992.0,321837.0,327553.0,333108.0,338457.0,343859.0,348650.0,352722.0,356637.0,360988.0,366350.0,368131.0,372852.0,377699.0,380859.0,384120.0,387799.0,391490.0,395210.0,398507.0,402124.0,406299.0,411224.0,416024.0,416422.0,416810.0,417873.0,419685.0,422247.0,425073.0,426593.0,427031.0,426307.0,421894.0,418445.0,415063.0,409261.0,400596.0,389753.0,378088.0,366688.0,355062.0,345563.0,336979.0,329717.0,322482.0,317578.0,312379.0,305242.0,296428.0,286015.0,271981.0,258833.0,244377.0,231171.0,218973.0,208939.0,199363.0,190077.0,181317.0,172112.0,160807.0,149927.0,137937.0,126114.0,113486.0,100961.0,88197.0,75520.0,63695.0,52827.0,43038.0,34682.0,27352.0,21158.0,15931.0,11734.0,8406.0,12443.0,425893.0,433732.0,441781.0,449983.0,458336.0,466862.0,475554.0,484433.0,493520.0,502836.0,512416.0,522273.0,532442.0,542942.0,553763.0,564912.0,576343.0,588028.0,599905.0,611893.0,623942.0,635975.0,647902.0,659656.0,671112.0,682222.0,692881.0,703627.0,713095.0,721044.0,728625.0,737121.0,747820.0,751111.0,760855.0,768507.0,774861.0,781333.0,787524.0,793916.0,800493.0,807336.0,814601.0,822494.0,831337.0,840126.0,840261.0,840024.0,839684.0,840416.0,842709.0,845974.0,843311.0,839640.0,835003.0,827399.0,821118.0,814166.0,801505.0,781970.0,758758.0,734501.0,710268.0,685902.0,662923.0,643624.0,626246.0,610240.0,597692.0,584246.0,567651.0,549242.0,526971.0,499711.0,471752.0,443843.0,416314.0,392602.0,372735.0,353886.0,335540.0,318041.0,299719.0,278980.0,257711.0,235978.0,213794.0,191266.0,168893.0,146543.0,124687.0,104356.0,85808.0,69507.0,55568.0,43623.0,33541.0,25229.0,18541.0,13268.0,19296.0,27313766.0,28085773.0,55399539.0
2053,214240.0,218237.0,222338.0,226502.0,230740.0,235056.0,239450.0,243926.0,248505.0,253178.0,257973.0,262899.0,267958.0,273176.0,278544.0,284067.0,289732.0,295519.0,301412.0,307377.0,313403.0,319439.0,325468.0,331435.0,337296.0,342998.0,348518.0,353793.0,359111.0,363761.0,367625.0,371286.0,375408.0,380718.0,382233.0,387242.0,390044.0,393218.0,396413.0,398901.0,401565.0,404391.0,407892.0,411486.0,415144.0,418990.0,422893.0,422555.0,421831.0,420339.0,419144.0,418758.0,419051.0,414749.0,410505.0,406448.0,403101.0,400086.0,396319.0,389274.0,378237.0,365710.0,352947.0,339943.0,327028.0,313375.0,302437.0,292080.0,283038.0,275082.0,266516.0,256745.0,246812.0,234673.0,221203.0,206234.0,192593.0,178147.0,166424.0,156347.0,146809.0,137494.0,128502.0,119195.0,109637.0,99271.0,89587.0,79417.0,69794.0,60342.0,51252.0,42677.0,34837.0,27865.0,22029.0,17101.0,13084.0,9771.0,7186.0,5146.0,7294.0,203756.0,207492.0,211321.0,215229.0,219213.0,223256.0,227391.0,231601.0,235902.0,240308.0,244822.0,249458.0,254239.0,259173.0,264270.0,269541.0,274974.0,280566.0,286281.0,292098.0,297984.0,303906.0,309837.0,315727.0,321547.0,327237.0,332775.0,338112.0,343493.0,348271.0,352329.0,356241.0,360568.0,365915.0,367698.0,372404.0,377239.0,380394.0,383633.0,387295.0,390965.0,394655.0,397922.0,401499.0,405636.0,410511.0,415245.0,415589.0,415920.0,416912.0,418651.0,421120.0,423858.0,425279.0,425614.0,424775.0,420263.0,416690.0,413177.0,407231.0,398436.0,387459.0,375650.0,364106.0,352322.0,342632.0,333833.0,326327.0,318823.0,313601.0,308065.0,300568.0,291395.0,280623.0,266282.0,252794.0,238026.0,224471.0,211904.0,201425.0,191375.0,181586.0,172285.0,162571.0,150885.0,139726.0,127541.0,115603.0,103064.0,90758.0,78405.0,66334.0,55213.0,45134.0,36206.0,28680.0,22188.0,16816.0,12391.0,8913.0,13257.0,417996.0,425729.0,433659.0,441731.0,449953.0,458312.0,466841.0,475527.0,484407.0,493486.0,502795.0,512357.0,522197.0,532349.0,542814.0,553608.0,564706.0,576085.0,587693.0,599475.0,611387.0,623345.0,635305.0,647162.0,658843.0,670235.0,681293.0,691905.0,702604.0,712032.0,719954.0,727527.0,735976.0,746633.0,749931.0,759646.0,767283.0,773612.0,780046.0,786196.0,792530.0,799046.0,805814.0,812985.0,820780.0,829501.0,838138.0,838144.0,837751.0,837251.0,837795.0,839878.0,842909.0,840028.0,836119.0,831223.0,823364.0,816776.0,809496.0,796505.0,776673.0,753169.0,728597.0,704049.0,679350.0,656007.0,636270.0,618407.0,601861.0,588683.0,574581.0,557313.0,538207.0,515296.0,487485.0,459028.0,430619.0,402618.0,378328.0,357772.0,338184.0,319080.0,300787.0,281766.0,260522.0,238997.0,217128.0,195020.0,172858.0,151100.0,129657.0,109011.0,90050.0,72999.0,58235.0,45781.0,35272.0,26587.0,19577.0,14059.0,20551.0,27247521.0,28002681.0,55250202.0
2054,210253.0,214200.0,218238.0,222345.0,226512.0,230762.0,235068.0,239461.0,243941.0,248505.0,253178.0,257966.0,262877.0,267922.0,273112.0,278458.0,283943.0,289559.0,295301.0,301134.0,307058.0,313035.0,319026.0,325014.0,330939.0,336758.0,342432.0,347913.0,353166.0,358457.0,363089.0,366940.0,370585.0,374696.0,379980.0,381491.0,386485.0,389272.0,392432.0,395595.0,398059.0,400684.0,403471.0,406920.0,410455.0,414042.0,417811.0,421619.0,421190.0,420367.0,418770.0,417454.0,416935.0,417082.0,412640.0,408256.0,404048.0,400529.0,397319.0,393351.0,386101.0,374892.0,362188.0,349255.0,336071.0,322964.0,309120.0,297950.0,287346.0,278010.0,269727.0,260824.0,250717.0,240446.0,228020.0,214329.0,199198.0,185386.0,170826.0,158921.0,148612.0,138833.0,129295.0,120090.0,110649.0,101041.0,90759.0,81198.0,71319.0,62043.0,53054.0,44523.0,36595.0,29459.0,23217.0,18055.0,13767.0,10331.0,7556.0,5439.0,7766.0,199965.0,203650.0,207425.0,211281.0,215192.0,219177.0,223230.0,227361.0,231569.0,235872.0,240266.0,244779.0,249413.0,254186.0,259119.0,264209.0,269473.0,274897.0,280467.0,286149.0,291933.0,297791.0,303681.0,309584.0,315449.0,321250.0,326925.0,332442.0,337766.0,343130.0,347895.0,351945.0,355844.0,360161.0,365477.0,367258.0,371959.0,376779.0,379912.0,383139.0,386777.0,390422.0,394076.0,397311.0,400848.0,404933.0,409762.0,414426.0,414710.0,414971.0,415893.0,417544.0,419925.0,422557.0,423873.0,424101.0,423140.0,418516.0,414810.0,411151.0,405060.0,396108.0,384990.0,373034.0,361322.0,349363.0,339464.0,330440.0,322660.0,314873.0,309314.0,303393.0,295513.0,285960.0,274798.0,260133.0,246279.0,231190.0,217289.0,204346.0,193419.0,182892.0,172611.0,162801.0,152603.0,140688.0,129257.0,116979.0,105046.0,92710.0,80744.0,68915.0,57544.0,47222.0,38003.0,29969.0,23285.0,17656.0,13088.0,9423.0,14138.0,410218.0,417850.0,425663.0,433626.0,441704.0,449939.0,458298.0,466822.0,475510.0,484377.0,493444.0,502745.0,512290.0,522108.0,532231.0,542667.0,553416.0,564456.0,575768.0,587283.0,598991.0,610826.0,622707.0,634598.0,646388.0,658008.0,669357.0,680355.0,690932.0,701587.0,710984.0,718885.0,726429.0,734857.0,745457.0,748749.0,758444.0,766051.0,772344.0,778734.0,784836.0,791106.0,797547.0,804231.0,811303.0,818975.0,827573.0,836045.0,835900.0,835338.0,834663.0,834998.0,836860.0,839639.0,836513.0,832357.0,827188.0,819045.0,812129.0,804502.0,791161.0,771000.0,747178.0,722289.0,697393.0,672327.0,648584.0,628390.0,610006.0,592883.0,579041.0,564217.0,546230.0,526406.0,502818.0,474462.0,445477.0,416576.0,388115.0,363267.0,342031.0,321725.0,301906.0,282891.0,263252.0,241729.0,220016.0,198177.0,176365.0,154753.0,133798.0,113438.0,94139.0,76681.0,61220.0,48024.0,37052.0,27987.0,20644.0,14862.0,21904.0,27173992.0,27912268.0,55086260.0
2055,206324.0,210219.0,214208.0,218249.0,222358.0,226538.0,230771.0,235087.0,239474.0,243944.0,248509.0,253172.0,257947.0,262846.0,267866.0,273030.0,278339.0,283774.0,289353.0,295038.0,300830.0,306705.0,312637.0,318597.0,324538.0,330425.0,336217.0,341854.0,347312.0,352539.0,357812.0,362426.0,366259.0,369898.0,373993.0,379246.0,380751.0,385720.0,388494.0,391634.0,394762.0,397187.0,399783.0,402513.0,405906.0,409375.0,412889.0,416565.0,420271.0,419743.0,418808.0,417090.0,415651.0,414985.0,414976.0,410393.0,405851.0,401482.0,397778.0,394365.0,390181.0,382722.0,371320.0,358435.0,345317.0,331941.0,318626.0,304591.0,293170.0,282294.0,272659.0,264029.0,254763.0,244316.0,233706.0,221008.0,207092.0,191817.0,177836.0,163194.0,151129.0,140605.0,130619.0,120896.0,111544.0,102030.0,92434.0,82317.0,72963.0,63450.0,54593.0,46123.0,38211.0,30978.0,24568.0,19046.0,14549.0,10879.0,8001.0,5725.0,8262.0,196228.0,199865.0,203592.0,207389.0,211246.0,215166.0,219153.0,223206.0,227330.0,231538.0,235839.0,240230.0,244733.0,249366.0,254131.0,259062.0,264145.0,269399.0,274805.0,280341.0,285996.0,291753.0,297574.0,303441.0,309320.0,315169.0,320951.0,326604.0,332117.0,337420.0,342776.0,347525.0,351562.0,355452.0,359750.0,365044.0,366816.0,371507.0,376302.0,379427.0,382632.0,386240.0,389854.0,393475.0,396668.0,400163.0,404207.0,408961.0,413556.0,413777.0,413961.0,414808.0,416363.0,418643.0,421169.0,422371.0,422479.0,421391.0,416643.0,412798.0,408979.0,402720.0,393611.0,382329.0,370214.0,358317.0,346169.0,336047.0,326767.0,318703.0,310609.0,304671.0,298345.0,290048.0,280080.0,268513.0,253492.0,239275.0,223854.0,209599.0,196289.0,184913.0,173922.0,163171.0,152893.0,142355.0,130215.0,118615.0,106359.0,94553.0,82535.0,71023.0,59835.0,49260.0,39794.0,31485.0,24358.0,18548.0,13756.0,9961.0,15065.0,402552.0,410084.0,417800.0,425638.0,433604.0,441704.0,449924.0,458293.0,466804.0,475482.0,484348.0,493402.0,502680.0,512212.0,521997.0,532092.0,542484.0,553173.0,564158.0,575379.0,586826.0,598458.0,610211.0,622038.0,633858.0,645594.0,657168.0,668458.0,679429.0,689959.0,700588.0,709951.0,717821.0,725350.0,733743.0,744290.0,747567.0,757227.0,764796.0,771061.0,777394.0,783427.0,789637.0,795988.0,802574.0,809538.0,817096.0,825526.0,833827.0,833520.0,832769.0,831898.0,832014.0,833628.0,836145.0,832764.0,828330.0,822873.0,814421.0,807163.0,799160.0,785442.0,764931.0,740764.0,715531.0,690258.0,664795.0,640638.0,619937.0,600997.0,583268.0,568700.0,553108.0,534364.0,513786.0,489521.0,460584.0,431092.0,401690.0,372793.0,347418.0,325518.0,304541.0,284067.0,264437.0,244385.0,222649.0,200932.0,179322.0,158003.0,137128.0,117146.0,98046.0,80238.0,64362.0,50531.0,38907.0,29427.0,21757.0,15686.0,23327.0,27093245.0,27814676.0,54907921.0
2056,202449.0,206300.0,210233.0,214218.0,218274.0,222382.0,226554.0,230790.0,235102.0,239480.0,243948.0,248507.0,253157.0,257918.0,262788.0,267788.0,272917.0,278182.0,283578.0,289100.0,294746.0,300489.0,306330.0,312220.0,318146.0,324053.0,329904.0,335660.0,341281.0,346711.0,351921.0,357173.0,361769.0,365593.0,369217.0,373287.0,378514.0,380005.0,384951.0,387708.0,390809.0,393907.0,396297.0,398835.0,401523.0,404844.0,408239.0,411663.0,415253.0,418840.0,418195.0,417146.0,415299.0,413719.0,412910.0,412723.0,407984.0,403285.0,398735.0,394844.0,391214.0,386792.0,379113.0,367513.0,354436.0,341121.0,327532.0,314005.0,299753.0,288073.0,276921.0,266955.0,257962.0,248325.0,237540.0,226594.0,213621.0,199491.0,184086.0,169960.0,155259.0,143054.0,132355.0,122201.0,112356.0,102912.0,93394.0,83890.0,74018.0,64958.0,55868.0,47505.0,39622.0,32374.0,25855.0,20174.0,15363.0,11508.0,8434.0,6065.0,8774.0,192544.0,196133.0,199817.0,203560.0,207360.0,211228.0,215142.0,219130.0,223179.0,227306.0,231508.0,235804.0,240187.0,244690.0,249313.0,254083.0,258999.0,264078.0,269311.0,274683.0,280200.0,285819.0,291544.0,297348.0,303193.0,309051.0,314886.0,320645.0,326298.0,331792.0,337079.0,342424.0,347155.0,351180.0,355058.0,359341.0,364608.0,366371.0,371046.0,375820.0,378925.0,382100.0,385683.0,389264.0,392845.0,395997.0,399443.0,403424.0,408123.0,412629.0,412785.0,412888.0,413640.0,415102.0,417274.0,419686.0,420764.0,420744.0,419519.0,414634.0,410637.0,406641.0,400204.0,390919.0,379464.0,367170.0,355073.0,342717.0,332354.0,322799.0,314428.0,305995.0,299644.0,292880.0,284149.0,273731.0,261725.0,246346.0,231749.0,215997.0,201397.0,187726.0,175912.0,164477.0,153309.0,142689.0,131822.0,119556.0,107909.0,95795.0,84233.0,72653.0,61710.0,51264.0,41547.0,33005.0,25614.0,19418.0,14468.0,10483.0,16044.0,394993.0,402433.0,410050.0,417778.0,425634.0,433610.0,441696.0,449920.0,458281.0,466786.0,475456.0,484311.0,493344.0,502608.0,512101.0,521871.0,531916.0,542260.0,552889.0,563783.0,574946.0,586308.0,597874.0,609568.0,621339.0,633104.0,644790.0,656305.0,667579.0,678503.0,689000.0,699597.0,708924.0,716773.0,724275.0,732628.0,743122.0,746376.0,755997.0,763528.0,769734.0,776007.0,781980.0,788099.0,794368.0,800841.0,807682.0,815087.0,823376.0,831469.0,830980.0,830034.0,828939.0,828821.0,830184.0,832409.0,828748.0,824029.0,818254.0,809478.0,801851.0,793433.0,779317.0,758432.0,733900.0,708291.0,682605.0,656722.0,632107.0,610872.0,591349.0,572950.0,557606.0,541205.0,521689.0,500325.0,475346.0,445837.0,415835.0,385957.0,356656.0,330780.0,308267.0,286678.0,265665.0,245601.0,225216.0,203446.0,181927.0,160753.0,140101.0,120158.0,101332.0,83638.0,67402.0,53179.0,40977.0,30926.0,22902.0,16548.0,24818.0,27005339.0,27710035.0,54715374.0
2057,198635.0,202434.0,206309.0,210253.0,214246.0,218294.0,222406.0,226577.0,230805.0,235113.0,239488.0,243948.0,248490.0,253129.0,257866.0,262716.0,267681.0,272771.0,277989.0,283340.0,288818.0,294418.0,300134.0,305928.0,311795.0,317675.0,323551.0,329377.0,335110.0,340703.0,346116.0,351310.0,356540.0,361122.0,364931.0,368536.0,372586.0,377771.0,379255.0,384168.0,386900.0,389967.0,393025.0,395368.0,397853.0,400481.0,403725.0,407044.0,410377.0,413843.0,417312.0,416550.0,415364.0,413386.0,411656.0,410686.0,410308.0,405415.0,400540.0,395805.0,391711.0,387846.0,383183.0,375262.0,363452.0,350171.0,336643.0,322825.0,309076.0,294597.0,282650.0,271193.0,260884.0,251509.0,241507.0,230384.0,219101.0,205859.0,191525.0,176010.0,161767.0,147037.0,134724.0,123887.0,113627.0,103722.0,94260.0,84812.0,75477.0,65941.0,57238.0,48654.0,40841.0,33598.0,27047.0,21254.0,16285.0,12166.0,8927.0,6399.0,9334.0,188916.0,192458.0,196094.0,199785.0,203537.0,207343.0,211205.0,215126.0,219109.0,223153.0,227279.0,231478.0,235763.0,240147.0,244645.0,249263.0,254029.0,258932.0,263996.0,269197.0,274550.0,280026.0,285629.0,291327.0,297109.0,302935.0,308783.0,314597.0,320352.0,325988.0,331463.0,336749.0,342067.0,346790.0,350799.0,354661.0,358931.0,364165.0,365919.0,370573.0,375320.0,378400.0,381557.0,385104.0,388645.0,392183.0,395288.0,398675.0,402601.0,407226.0,411649.0,411719.0,411741.0,412398.0,413749.0,415817.0,418093.0,419046.0,418884.0,417504.0,412482.0,408316.0,404126.0,397496.0,388017.0,376374.0,363875.0,351569.0,338985.0,328358.0,318517.0,309799.0,300997.0,294212.0,286975.0,277765.0,266880.0,254408.0,238664.0,223688.0,207611.0,192670.0,178655.0,166429.0,154605.0,143141.0,132195.0,121095.0,108826.0,97247.0,85398.0,74200.0,63175.0,52911.0,43278.0,34491.0,26877.0,20443.0,15158.0,11038.0,17045.0,387551.0,394892.0,402403.0,410038.0,417783.0,425637.0,433611.0,441703.0,449914.0,458266.0,466767.0,475426.0,484253.0,493276.0,502511.0,511979.0,521710.0,531703.0,541985.0,552537.0,563368.0,574444.0,585763.0,597255.0,608904.0,620610.0,632334.0,643974.0,655462.0,666691.0,677579.0,688059.0,698607.0,707912.0,715730.0,723197.0,731517.0,741936.0,745174.0,754741.0,762220.0,768367.0,774582.0,780472.0,786498.0,792664.0,799013.0,805719.0,812978.0,821069.0,828961.0,828269.0,827105.0,825784.0,825405.0,826503.0,828401.0,824461.0,819424.0,813309.0,804193.0,796162.0,787309.0,772758.0,751469.0,726545.0,700518.0,674394.0,648061.0,622955.0,601167.0,580992.0,561881.0,545721.0,528482.0,508149.0,485981.0,460267.0,430189.0,399698.0,369378.0,339707.0,313379.0,290316.0,268232.0,246863.0,226455.0,205907.0,184303.0,163188.0,142636.0,122854.0,104016.0,86509.0,70325.0,55745.0,43162.0,32609.0,24085.0,17437.0,26379.0,26910324.0,27598458.0,54508782.0
2058,194876.0,198623.0,202454.0,206333.0,210280.0,214271.0,218321.0,222428.0,226594.0,230822.0,235119.0,239487.0,243936.0,248469.0,253081.0,257799.0,262611.0,267543.0,272590.0,277756.0,283068.0,288508.0,294074.0,299750.0,305521.0,311342.0,317197.0,323047.0,328845.0,334561.0,340132.0,345523.0,350705.0,355919.0,360471.0,364272.0,367856.0,371874.0,377025.0,378492.0,383365.0,386068.0,389099.0,392107.0,394399.0,396828.0,399384.0,402553.0,405772.0,408999.0,412355.0,415674.0,414790.0,413460.0,411336.0,409451.0,408304.0,407738.0,402664.0,397603.0,392683.0,388358.0,384257.0,379324.0,371161.0,359122.0,345618.0,331859.0,317813.0,303816.0,289111.0,276862.0,265088.0,254427.0,244672.0,234304.0,222835.0,211219.0,197719.0,183201.0,167600.0,153271.0,138540.0,126172.0,115261.0,104953.0,95059.0,85643.0,76365.0,67278.0,58146.0,49883.0,41862.0,34663.0,28095.0,22250.0,17173.0,12908.0,9448.0,6778.0,9918.0,185340.0,188834.0,192426.0,196069.0,199766.0,203523.0,207330.0,211190.0,215108.0,219086.0,223133.0,227249.0,231443.0,235726.0,240104.0,244596.0,249212.0,253966.0,258852.0,263894.0,269065.0,274390.0,279841.0,285418.0,291104.0,296865.0,302679.0,308509.0,314313.0,320056.0,325675.0,331143.0,336415.0,341714.0,346418.0,350421.0,354264.0,358509.0,363714.0,365454.0,370088.0,374808.0,377858.0,380988.0,384496.0,387992.0,391485.0,394540.0,397865.0,401725.0,406267.0,410597.0,410584.0,410513.0,411064.0,412314.0,414246.0,416394.0,417198.0,416889.0,415350.0,410163.0,405811.0,401419.0,394575.0,384887.0,373029.0,360321.0,347780.0,334955.0,324042.0,313877.0,304785.0,295591.0,288334.0,280589.0,270870.0,259487.0,246541.0,230430.0,215077.0,198684.0,183428.0,169093.0,156508.0,144414.0,132678.0,121494.0,110287.0,98132.0,86747.0,75274.0,64570.0,54212.0,44707.0,35956.0,28115.0,21472.0,15970.0,11574.0,18101.0,380216.0,387457.0,394880.0,402402.0,410046.0,417794.0,425651.0,433618.0,441702.0,449908.0,458252.0,466736.0,475379.0,484195.0,493185.0,502395.0,511823.0,521509.0,531442.0,541650.0,552133.0,562898.0,573915.0,585168.0,596625.0,608207.0,619876.0,631556.0,643158.0,654617.0,665807.0,676666.0,687120.0,697633.0,706889.0,714693.0,722120.0,730383.0,740739.0,743946.0,753453.0,760876.0,766957.0,773095.0,778895.0,784820.0,790869.0,797093.0,803637.0,810724.0,818622.0,826271.0,825374.0,823973.0,822400.0,821765.0,822550.0,824132.0,819862.0,814492.0,808033.0,798521.0,790068.0,780743.0,765736.0,744009.0,718647.0,692180.0,665593.0,638771.0,613153.0,590739.0,569873.0,550018.0,533006.0,514893.0,493705.0,470706.0,444260.0,413631.0,382677.0,351955.0,321968.0,295265.0,271769.0,249367.0,227737.0,207137.0,186652.0,165410.0,144893.0,125157.0,106432.0,88875.0,72802.0,58206.0,45288.0,34380.0,25418.0,18352.0,28019.0,26808239.0,27480054.0,54288293.0
2059,191177.0,194869.0,198643.0,202481.0,206370.0,210307.0,214302.0,218346.0,222446.0,226611.0,230831.0,235122.0,239479.0,243914.0,248423.0,253021.0,257700.0,262478.0,267365.0,272367.0,277501.0,282768.0,288175.0,293707.0,299359.0,305085.0,310883.0,316714.0,322538.0,328318.0,334009.0,339562.0,344942.0,350105.0,355293.0,359833.0,363601.0,367169.0,371157.0,376272.0,377702.0,382547.0,385207.0,388197.0,391151.0,393388.0,395745.0,398227.0,401305.0,404427.0,407529.0,410754.0,413932.0,412896.0,411432.0,409147.0,407088.0,405757.0,404989.0,399724.0,394474.0,389338.0,384787.0,380423.0,375217.0,366778.0,354504.0,340759.0,326752.0,312471.0,298207.0,283255.0,270696.0,258589.0,247577.0,237448.0,226701.0,214901.0,202950.0,189205.0,174520.0,158867.0,144486.0,129814.0,117449.0,106525.0,96242.0,86421.0,77159.0,68110.0,59370.0,50708.0,42950.0,35559.0,29007.0,23138.0,17996.0,13625.0,10029.0,7180.0,10555.0,181821.0,185269.0,188808.0,192401.0,196055.0,199760.0,203509.0,207317.0,211179.0,215088.0,219065.0,223109.0,227215.0,231408.0,235686.0,240059.0,244551.0,249156.0,253891.0,258754.0,263764.0,268916.0,274209.0,279644.0,285200.0,290870.0,296617.0,302418.0,308239.0,314033.0,319760.0,325367.0,330822.0,336075.0,341368.0,346043.0,350036.0,353864.0,358078.0,363252.0,364978.0,369588.0,374273.0,377292.0,380389.0,383858.0,387304.0,390748.0,393745.0,397005.0,400786.0,405242.0,409475.0,409369.0,409199.0,409641.0,410768.0,412565.0,414571.0,415223.0,414748.0,413026.0,407669.0,403116.0,398501.0,391419.0,381503.0,369420.0,356476.0,343683.0,330598.0,319366.0,308844.0,299362.0,289739.0,281978.0,273681.0,263435.0,251532.0,238107.0,221629.0,205898.0,189222.0,173675.0,159081.0,146256.0,133920.0,121998.0,110711.0,99504.0,87588.0,76518.0,65551.0,55448.0,45846.0,37175.0,29340.0,22478.0,16795.0,12206.0,19177.0,372998.0,380138.0,387451.0,394882.0,402425.0,410067.0,417811.0,425663.0,433625.0,441699.0,449896.0,458231.0,466694.0,475322.0,484109.0,493080.0,502251.0,511634.0,521256.0,531121.0,541265.0,551684.0,562384.0,573351.0,584559.0,595955.0,607500.0,619132.0,630777.0,642351.0,653769.0,664929.0,675764.0,686180.0,696661.0,705876.0,713637.0,721033.0,729235.0,739524.0,742680.0,752135.0,759480.0,765489.0,771540.0,777246.0,783049.0,788975.0,795050.0,801432.0,808315.0,815996.0,823407.0,822265.0,820631.0,818788.0,817856.0,818322.0,819560.0,814947.0,809222.0,802364.0,792456.0,783539.0,773718.0,758197.0,736007.0,710179.0,683228.0,656154.0,628805.0,602621.0,579540.0,557951.0,537316.0,519426.0,500382.0,478336.0,454482.0,427312.0,396149.0,364765.0,333708.0,303489.0,276530.0,252781.0,230162.0,208419.0,187870.0,167614.0,146958.0,127226.0,108501.0,91007.0,74853.0,60313.0,47336.0,36103.0,26824.0,19386.0,29732.0,26699129.0,27354914.0,54054043.0
2060,187535.0,191175.0,194895.0,198677.0,202516.0,206402.0,210337.0,214328.0,218373.0,222462.0,226624.0,230834.0,235116.0,239461.0,243874.0,248360.0,252930.0,257572.0,262311.0,267151.0,272118.0,277209.0,282452.0,287827.0,293326.0,298940.0,304651.0,310420.0,316223.0,322027.0,327790.0,333463.0,339002.0,344360.0,349506.0,354670.0,359184.0,362933.0,366469.0,370425.0,375496.0,376899.0,381695.0,384316.0,387255.0,390155.0,392318.0,394608.0,397000.0,399979.0,402981.0,405960.0,409048.0,412059.0,410884.0,409253.0,406803.0,404565.0,403038.0,402043.0,396588.0,391126.0,385772.0,380974.0,376339.0,370825.0,362106.0,349570.0,335572.0,321315.0,306763.0,292228.0,277009.0,264127.0,251700.0,240336.0,229816.0,218700.0,206568.0,194290.0,180324.0,165507.0,149836.0,135450.0,120899.0,108602.0,97738.0,87557.0,77900.0,68871.0,60141.0,51808.0,43693.0,36510.0,29783.0,23909.0,18730.0,14287.0,10598.0,7629.0,11235.0,178354.0,181762.0,185240.0,188793.0,192395.0,196049.0,199750.0,203505.0,207303.0,211165.0,215069.0,219044.0,223078.0,227186.0,231369.0,235643.0,240019.0,244497.0,249084.0,253796.0,258637.0,263618.0,268747.0,274019.0,279435.0,284977.0,290632.0,296371.0,302156.0,307967.0,313752.0,319463.0,325062.0,330500.0,335740.0,341010.0,345672.0,349643.0,353446.0,357641.0,362776.0,364481.0,369067.0,373714.0,376707.0,379758.0,383183.0,386585.0,389965.0,392896.0,396085.0,399779.0,404150.0,408276.0,408066.0,407791.0,408119.0,409115.0,410770.0,412609.0,413099.0,412443.0,410527.0,404980.0,400209.0,395345.0,388012.0,377845.0,365513.0,352319.0,339250.0,325878.0,314302.0,303401.0,293489.0,283408.0,275100.0,266232.0,255424.0,242994.0,229082.0,212245.0,196161.0,179232.0,163456.0,148724.0,135689.0,123207.0,111223.0,99945.0,88868.0,77308.0,66678.0,56339.0,46927.0,38151.0,30361.0,23480.0,17597.0,12846.0,20334.0,365889.0,372937.0,380135.0,387470.0,394911.0,402451.0,410087.0,417833.0,425676.0,433627.0,441693.0,449878.0,458194.0,466647.0,475243.0,484003.0,492949.0,502069.0,511395.0,520947.0,530755.0,540827.0,551199.0,561846.0,572761.0,583917.0,595283.0,606791.0,618379.0,629994.0,641542.0,652926.0,664064.0,674860.0,685246.0,695680.0,704856.0,712576.0,719915.0,728066.0,738272.0,741380.0,750762.0,758030.0,763962.0,769913.0,775501.0,781193.0,786965.0,792875.0,799066.0,805739.0,813198.0,820335.0,818950.0,817044.0,814922.0,813680.0,813808.0,814652.0,809687.0,803569.0,796299.0,785954.0,776548.0,766170.0,750118.0,727415.0,701085.0,673634.0,646013.0,618106.0,591311.0,567528.0,545189.0,523744.0,504916.0,484932.0,461992.0,437284.0,409406.0,377752.0,345997.0,314682.0,284355.0,257326.0,233427.0,210764.0,189123.0,168816.0,149009.0,129116.0,110371.0,92849.0,76710.0,62060.0,49091.0,37767.0,28195.0,20475.0,31569.0,26583014.0,27223104.0,53806118.0
2061,183953.0,187537.0,191208.0,194933.0,198715.0,202550.0,206433.0,210368.0,214356.0,218387.0,222482.0,226627.0,230833.0,235097.0,239422.0,243820.0,248273.0,252805.0,257411.0,262108.0,266913.0,271841.0,276905.0,282113.0,287457.0,292929.0,298522.0,304200.0,309951.0,315736.0,321515.0,327266.0,332922.0,338440.0,343782.0,348904.0,354051.0,358524.0,362252.0,365756.0,369677.0,374690.0,376070.0,380814.0,383390.0,386271.0,389099.0,391196.0,393400.0,395694.0,398563.0,401441.0,404277.0,407216.0,410063.0,408726.0,406922.0,404296.0,401868.0,400124.0,398902.0,393239.0,387556.0,381965.0,376908.0,371974.0,366142.0,357114.0,344296.0,330044.0,315507.0,300676.0,285850.0,270358.0,257155.0,244409.0,232687.0,221780.0,210295.0,197831.0,185260.0,171083.0,156166.0,140537.0,126216.0,111855.0,99703.0,88968.0,78971.0,69579.0,60848.0,52518.0,44672.0,37168.0,30604.0,24569.0,19371.0,14883.0,11117.0,8068.0,11981.0,174948.0,178302.0,181737.0,185236.0,188788.0,192390.0,196048.0,199744.0,203497.0,207293.0,211146.0,215051.0,219018.0,223049.0,227151.0,231335.0,235600.0,239968.0,244432.0,248998.0,253683.0,258496.0,263454.0,268564.0,273820.0,279219.0,284750.0,290396.0,296121.0,301899.0,307696.0,313469.0,319166.0,324755.0,330179.0,335399.0,340649.0,345286.0,349243.0,353022.0,357185.0,362289.0,363970.0,368522.0,373132.0,376084.0,379095.0,382472.0,385815.0,389133.0,391990.0,395101.0,398711.0,402973.0,406985.0,406678.0,406282.0,406486.0,407341.0,408838.0,410510.0,410810.0,409962.0,407834.0,402077.0,397074.0,391935.0,384328.0,373887.0,361288.0,347822.0,334452.0,320755.0,308817.0,297506.0,287134.0,276553.0,267669.0,258203.0,246825.0,233864.0,219453.0,202276.0,185877.0,168753.0,152875.0,138046.0,124891.0,112381.0,100462.0,89313.0,78480.0,67417.0,57348.0,47721.0,39086.0,31187.0,24314.0,18397.0,13476.0,21557.0,358901.0,365839.0,372945.0,380169.0,387503.0,394940.0,402481.0,410112.0,417853.0,425680.0,433628.0,441678.0,449851.0,458146.0,466573.0,475155.0,483873.0,492773.0,501843.0,511106.0,520596.0,530337.0,540359.0,550677.0,561277.0,572148.0,583272.0,594596.0,606072.0,617635.0,629211.0,640735.0,652088.0,663195.0,673961.0,684303.0,694700.0,703810.0,711495.0,718778.0,726862.0,736979.0,740040.0,749336.0,756522.0,762355.0,768194.0,773668.0,779215.0,784827.0,790553.0,796542.0,802988.0,810189.0,817048.0,815404.0,813204.0,810782.0,809209.0,808962.0,809412.0,804049.0,797518.0,789799.0,778985.0,769048.0,758077.0,741442.0,718183.0,691332.0,663329.0,635128.0,606605.0,579175.0,554661.0,531543.0,509240.0,489449.0,468498.0,444656.0,419124.0,390536.0,358442.0,326414.0,294969.0,264730.0,237749.0,213859.0,191352.0,170041.0,150161.0,130998.0,112089.0,94516.0,78325.0,63655.0,50558.0,39197.0,29514.0,21544.0,33538.0,26459919.0,27084694.0,53544613.0
2062,180433.0,183966.0,187571.0,191248.0,194972.0,198752.0,202587.0,206465.0,210396.0,214377.0,218406.0,222487.0,226628.0,230814.0,235064.0,239371.0,243733.0,248159.0,252656.0,257216.0,261878.0,266646.0,271544.0,276582.0,281758.0,287074.0,292527.0,298086.0,303749.0,309479.0,315244.0,321015.0,326740.0,332384.0,337880.0,343202.0,348301.0,353409.0,357864.0,361553.0,365029.0,368900.0,373869.0,375204.0,379894.0,382416.0,385234.0,387992.0,390002.0,392117.0,394301.0,397044.0,399788.0,402489.0,405254.0,407923.0,406413.0,404431.0,401614.0,398983.0,397018.0,395543.0,389663.0,383741.0,377906.0,372564.0,367314.0,361144.0,351781.0,338679.0,324136.0,309306.0,294178.0,279053.0,263288.0,249776.0,236707.0,224627.0,213328.0,201485.0,188710.0,175849.0,161507.0,146544.0,131025.0,116835.0,102743.0,90807.0,80299.0,70574.0,61514.0,53170.0,45314.0,38031.0,31175.0,25265.0,19923.0,15405.0,11593.0,8472.0,12768.0,171604.0,174903.0,178283.0,181736.0,185234.0,188787.0,192392.0,196044.0,199738.0,203490.0,207282.0,211127.0,215033.0,218989.0,223018.0,227114.0,231298.0,235557.0,239906.0,244348.0,248891.0,253550.0,258340.0,263281.0,268370.0,273609.0,279002.0,284523.0,290158.0,295869.0,301641.0,307427.0,313184.0,318874.0,324445.0,329848.0,335056.0,340283.0,344894.0,348828.0,352584.0,356714.0,361781.0,363432.0,367950.0,372521.0,375436.0,378393.0,381714.0,384995.0,388241.0,391025.0,394048.0,397561.0,401715.0,405605.0,405188.0,404673.0,404732.0,405437.0,406765.0,408246.0,408349.0,407280.0,404929.0,398953.0,393674.0,388246.0,380338.0,369610.0,356721.0,342946.0,329249.0,315209.0,302871.0,291120.0,280248.0,269153.0,259661.0,249579.0,237618.0,224100.0,209220.0,191741.0,175080.0,157900.0,141954.0,127120.0,113980.0,101566.0,89822.0,78929.0,68485.0,58020.0,48608.0,39782.0,31972.0,24998.0,19072.0,14095.0,22827.0,352037.0,358869.0,365854.0,372984.0,380206.0,387539.0,394979.0,402509.0,410134.0,417867.0,425688.0,433614.0,441661.0,449803.0,458082.0,466485.0,475031.0,483716.0,492562.0,501564.0,510769.0,520196.0,529884.0,539863.0,550128.0,560683.0,571529.0,582609.0,593907.0,605348.0,616885.0,628442.0,639924.0,651258.0,662325.0,673050.0,683357.0,693692.0,702758.0,710381.0,717613.0,725614.0,735650.0,738636.0,747844.0,754937.0,760670.0,766385.0,771716.0,777112.0,782542.0,788069.0,793836.0,800050.0,806969.0,813528.0,811601.0,809104.0,806346.0,804420.0,803783.0,803789.0,798012.0,791021.0,782835.0,771517.0,760988.0,749390.0,732119.0,708289.0,680857.0,652252.0,623427.0,594262.0,566159.0,540896.0,516955.0,493780.0,472989.0,451064.0,426328.0,399949.0,370727.0,338285.0,306105.0,274735.0,244697.0,217927.0,194279.0,172140.0,151336.0,132099.0,113799.0,96051.0,79783.0,65047.0,51895.0,40403.0,30665.0,22567.0,35595.0,26329873.0,26939737.0,53269610.0
2063,176980.0,180450.0,184003.0,187617.0,191286.0,195017.0,198790.0,202620.0,206494.0,210419.0,214393.0,218417.0,222485.0,226615.0,230788.0,235015.0,239294.0,243625.0,248011.0,252460.0,256998.0,261622.0,266366.0,271229.0,276240.0,281392.0,286682.0,292110.0,297651.0,303296.0,309006.0,314757.0,320512.0,326222.0,331839.0,337323.0,342617.0,347682.0,352768.0,357180.0,360837.0,364273.0,368101.0,373014.0,374305.0,378933.0,381395.0,384138.0,386816.0,388736.0,390738.0,392812.0,395423.0,398022.0,400560.0,403156.0,405634.0,403947.0,401764.0,398745.0,395900.0,393696.0,391962.0,385841.0,379676.0,373568.0,367931.0,362336.0,355796.0,346094.0,332677.0,317828.0,302686.0,287246.0,271827.0,255809.0,241976.0,228578.0,216144.0,204467.0,192271.0,179206.0,166083.0,151636.0,136691.0,121351.0,107378.0,93632.0,82005.0,71804.0,62439.0,53785.0,45910.0,38598.0,31923.0,25755.0,20507.0,15853.0,12011.0,8838.0,13555.0,168320.0,171565.0,174889.0,178287.0,181734.0,185237.0,188792.0,192397.0,196040.0,199737.0,203477.0,207267.0,211110.0,215005.0,218964.0,222984.0,227082.0,231252.0,235498.0,239833.0,244246.0,248764.0,253400.0,258173.0,263095.0,268173.0,273399.0,278782.0,284290.0,289919.0,295625.0,301380.0,307157.0,312896.0,318576.0,324129.0,329519.0,334698.0,339907.0,344496.0,348397.0,352127.0,356226.0,361251.0,362873.0,367349.0,371880.0,374739.0,377652.0,380908.0,384121.0,387287.0,389986.0,392925.0,396326.0,400369.0,404131.0,403588.0,402941.0,402857.0,403392.0,404531.0,405804.0,405696.0,404397.0,401788.0,395563.0,390001.0,384259.0,376026.0,364977.0,351769.0,337658.0,323603.0,309199.0,296429.0,284202.0,272808.0,261166.0,251054.0,240337.0,227779.0,213723.0,198393.0,180678.0,163883.0,146683.0,130781.0,116068.0,103065.0,90862.0,79425.0,68919.0,58981.0,49213.0,40550.0,32569.0,25654.0,19624.0,14627.0,24117.0,345300.0,352015.0,358892.0,365904.0,373020.0,380254.0,387582.0,395017.0,402534.0,410156.0,417870.0,425684.0,433595.0,441620.0,449752.0,457999.0,466376.0,474877.0,483509.0,492293.0,501244.0,510386.0,519766.0,529402.0,539335.0,549565.0,560081.0,570892.0,581941.0,593215.0,604631.0,616137.0,627669.0,639118.0,650415.0,661452.0,672136.0,682380.0,692675.0,701676.0,709234.0,716400.0,724327.0,734265.0,737178.0,746282.0,753275.0,758877.0,764468.0,769644.0,774859.0,780099.0,785409.0,790947.0,796886.0,803525.0,809765.0,807535.0,804705.0,801602.0,799292.0,798227.0,797766.0,791537.0,784073.0,775356.0,763494.0,752337.0,740055.0,722120.0,697654.0,669597.0,640344.0,610849.0,581026.0,552238.0,526178.0,501386.0,477310.0,455521.0,432608.0,406985.0,379806.0,350029.0,317369.0,285234.0,254061.0,224413.0,198073.0,174869.0,153301.0,133210.0,114829.0,97579.0,81136.0,66305.0,53076.0,41507.0,31635.0,23465.0,37672.0,26192889.0,26788280.0,52981169.0
2064,173594.0,177001.0,180492.0,184047.0,187664.0,191329.0,195052.0,198829.0,202650.0,206522.0,210441.0,214405.0,218414.0,222479.0,226591.0,230737.0,234940.0,239190.0,243482.0,247835.0,252252.0,256748.0,261349.0,266062.0,270904.0,275886.0,281016.0,286280.0,291689.0,297211.0,302842.0,308535.0,314274.0,320009.0,325697.0,331301.0,336754.0,342018.0,347062.0,352101.0,356479.0,360102.0,363490.0,367268.0,372123.0,373358.0,377924.0,380319.0,382979.0,385561.0,387381.0,389268.0,391219.0,393690.0,396131.0,398498.0,400917.0,403174.0,401301.0,398915.0,395688.0,392598.0,390150.0,388134.0,381765.0,375335.0,368943.0,362974.0,357021.0,350094.0,340015.0,326261.0,311088.0,295625.0,279879.0,264170.0,247893.0,233747.0,220025.0,207241.0,195197.0,182659.0,169329.0,156013.0,141513.0,126672.0,111585.0,97908.0,84605.0,73377.0,63565.0,54629.0,46471.0,39135.0,32423.0,26392.0,20916.0,16330.0,12371.0,9162.0,14331.0,165100.0,168287.0,171556.0,174890.0,178293.0,181745.0,185245.0,188798.0,192395.0,196040.0,199728.0,203464.0,207254.0,211088.0,214978.0,218934.0,222953.0,227046.0,231202.0,235427.0,239734.0,244126.0,248619.0,253239.0,258000.0,262898.0,267970.0,273188.0,278560.0,284063.0,289678.0,295370.0,301126.0,306880.0,312615.0,318271.0,323809.0,329173.0,334338.0,339518.0,344079.0,347952.0,351651.0,355716.0,360695.0,362288.0,366719.0,371196.0,374005.0,376860.0,380048.0,383184.0,386270.0,388878.0,391709.0,395008.0,398928.0,402548.0,401875.0,401081.0,400841.0,401187.0,402124.0,403175.0,402828.0,401278.0,398397.0,391896.0,386029.0,379940.0,371360.0,359957.0,346390.0,331925.0,317485.0,302683.0,289449.0,276716.0,264778.0,252576.0,241830.0,230451.0,217303.0,202741.0,187013.0,169194.0,152307.0,135197.0,119467.0,105007.0,92253.0,80396.0,69395.0,59395.0,50065.0,41091.0,33220.0,26154.0,20151.0,15061.0,25378.0,338694.0,345288.0,352048.0,358937.0,365957.0,373074.0,380297.0,387627.0,395045.0,402562.0,410169.0,417869.0,425668.0,433567.0,441569.0,449671.0,457893.0,466236.0,474684.0,483262.0,491986.0,500874.0,509968.0,519301.0,528904.0,538784.0,548986.0,559468.0,570249.0,581274.0,592520.0,603905.0,615400.0,626889.0,638312.0,649572.0,660563.0,671191.0,681400.0,691619.0,700558.0,708054.0,715141.0,722984.0,732818.0,735646.0,744643.0,751515.0,756984.0,762421.0,767429.0,772452.0,777489.0,782568.0,787840.0,793506.0,799845.0,805722.0,803176.0,799996.0,796529.0,793785.0,792274.0,791309.0,784593.0,776613.0,767340.0,754870.0,743050.0,730034.0,711375.0,686218.0,657478.0,627550.0,597364.0,566853.0,537342.0,510463.0,484803.0,459817.0,437027.0,413110.0,386632.0,358754.0,328526.0,295866.0,263892.0,233105.0,204072.0,178384.0,155818.0,135025.0,115866.0,98530.0,82488.0,67483.0,54136.0,42484.0,32522.0,24223.0,39709.0,26049010.0,26630371.0,52679381.0
2065,170275.0,173618.0,177046.0,180541.0,184095.0,187707.0,191373.0,195094.0,198860.0,202678.0,206541.0,210454.0,214409.0,218409.0,222455.0,226541.0,230670.0,234842.0,239057.0,243312.0,247630.0,252018.0,256484.0,261058.0,265746.0,270563.0,275519.0,280625.0,285879.0,291262.0,296777.0,302387.0,308069.0,313788.0,319505.0,325174.0,330747.0,336175.0,341414.0,346414.0,351422.0,355756.0,359337.0,362680.0,366402.0,371182.0,372370.0,376858.0,379174.0,381747.0,384221.0,385935.0,387695.0,389510.0,391832.0,394102.0,396296.0,398509.0,400556.0,398472.0,395870.0,392414.0,389078.0,386362.0,384049.0,377417.0,370694.0,363996.0,357688.0,351335.0,344005.0,333518.0,319404.0,303896.0,288110.0,272070.0,256069.0,239536.0,225075.0,211038.0,197922.0,185518.0,172675.0,159137.0,145675.0,131206.0,116541.0,101803.0,88519.0,75748.0,64993.0,55653.0,47233.0,39643.0,32895.0,26824.0,21442.0,16673.0,12747.0,9444.0,15074.0,161943.0,165070.0,168284.0,171562.0,174907.0,178301.0,181753.0,185257.0,188800.0,192396.0,196034.0,199722.0,203454.0,207231.0,211062.0,214958.0,218904.0,222919.0,226997.0,231131.0,235338.0,239620.0,243990.0,248465.0,253069.0,257813.0,262704.0,267760.0,272983.0,278336.0,283831.0,289437.0,295125.0,300858.0,306607.0,312323.0,317964.0,323475.0,328828.0,333962.0,339111.0,343646.0,347489.0,351156.0,355178.0,360115.0,361665.0,366054.0,370471.0,373223.0,376015.0,379127.0,382182.0,385175.0,387690.0,390414.0,393596.0,397380.0,400852.0,400032.0,399087.0,398664.0,398813.0,399531.0,400336.0,399732.0,397903.0,394720.0,387937.0,381727.0,375271.0,366290.0,354504.0,340563.0,325704.0,310852.0,295615.0,281886.0,268646.0,256132.0,243366.0,231956.0,219924.0,206211.0,191182.0,175194.0,157306.0,140443.0,123558.0,108133.0,94051.0,81675.0,70286.0,59848.0,50447.0,41830.0,33690.0,26695.0,20564.0,15477.0,26562.0,332218.0,338688.0,345330.0,352103.0,359002.0,366008.0,373126.0,380351.0,387660.0,395074.0,402575.0,410176.0,417863.0,425640.0,433517.0,441499.0,449574.0,457761.0,466054.0,474443.0,482968.0,491638.0,500474.0,509523.0,518815.0,528376.0,538223.0,548385.0,558862.0,569598.0,580608.0,591824.0,603194.0,614646.0,626112.0,637497.0,648711.0,659650.0,670242.0,680376.0,690533.0,699402.0,706826.0,713836.0,721580.0,731297.0,734035.0,742912.0,749645.0,754970.0,760236.0,765062.0,769877.0,774685.0,779522.0,784516.0,789892.0,795889.0,801408.0,798504.0,794957.0,791078.0,787891.0,785893.0,784385.0,777149.0,768597.0,758716.0,745625.0,733062.0,719276.0,699808.0,673908.0,644459.0,613814.0,582922.0,551684.0,521422.0,493721.0,467170.0,441288.0,417474.0,392599.0,365348.0,336857.0,306400.0,273847.0,242246.0,212077.0,183881.0,159044.0,137328.0,117519.0,99491.0,83342.0,68654.0,55132.0,43368.0,33311.0,24921.0,41636.0,25898256.0,26466055.0,52364311.0
2066,167025.0,170304.0,173667.0,177095.0,180592.0,184141.0,187751.0,191416.0,195125.0,198890.0,202703.0,206554.0,210464.0,214400.0,218388.0,222414.0,226480.0,230575.0,234713.0,238893.0,243117.0,247403.0,251765.0,256206.0,260753.0,265415.0,270212.0,275143.0,280234.0,285469.0,290838.0,296342.0,301932.0,307602.0,313301.0,318994.0,324638.0,330193.0,335587.0,340789.0,345752.0,350714.0,355007.0,358539.0,361828.0,365494.0,370203.0,371330.0,375722.0,377954.0,380430.0,382790.0,384385.0,386013.0,387680.0,389839.0,391936.0,393935.0,395936.0,397752.0,395453.0,392616.0,388913.0,385322.0,382316.0,379691.0,372764.0,365744.0,358708.0,352033.0,345276.0,337485.0,326571.0,312082.0,296241.0,280144.0,263802.0,247511.0,230728.0,215956.0,201627.0,188186.0,175451.0,162353.0,148666.0,135139.0,120779.0,106383.0,92096.0,79300.0,67138.0,56941.0,48149.0,40312.0,33345.0,27233.0,21811.0,17105.0,13021.0,9742.0,15763.0,158852.0,161923.0,165071.0,168293.0,171577.0,174919.0,178315.0,181768.0,185260.0,188807.0,192395.0,196027.0,199711.0,203435.0,207214.0,211040.0,214927.0,218876.0,222876.0,226932.0,231050.0,235233.0,239489.0,243840.0,248303.0,252889.0,257621.0,262509.0,267556.0,272763.0,278117.0,283601.0,289198.0,294869.0,300594.0,306326.0,312025.0,317644.0,323139.0,328462.0,333573.0,338693.0,343194.0,347004.0,350634.0,354615.0,359501.0,361011.0,365344.0,369698.0,372394.0,375107.0,378139.0,381109.0,384005.0,386415.0,389025.0,392082.0,395721.0,399028.0,398054.0,396936.0,396318.0,396253.0,396727.0,397273.0,396378.0,394256.0,390745.0,383644.0,377075.0,370197.0,360792.0,348586.0,334239.0,318956.0,303651.0,287961.0,273726.0,259946.0,246863.0,233496.0,221436.0,208767.0,194527.0,179169.0,162950.0,145115.0,128415.0,111895.0,96898.0,83311.0,71455.0,60648.0,50874.0,42180.0,34319.0,27095.0,21004.0,15806.0,27681.0,325877.0,332227.0,338738.0,345388.0,352169.0,359060.0,366066.0,373184.0,380385.0,387697.0,395098.0,402581.0,410175.0,417835.0,425602.0,433454.0,441407.0,449451.0,457589.0,465825.0,474167.0,482636.0,491254.0,500046.0,509056.0,518304.0,527833.0,537652.0,547790.0,558232.0,568955.0,579943.0,591130.0,602471.0,613895.0,625320.0,636663.0,647837.0,658726.0,669251.0,679325.0,689407.0,698201.0,705543.0,712462.0,720109.0,729704.0,732341.0,741066.0,747652.0,752824.0,757897.0,762524.0,767122.0,771685.0,776254.0,780961.0,786017.0,791657.0,796780.0,793507.0,789552.0,785231.0,781575.0,779043.0,776964.0,769142.0,760000.0,749453.0,735677.0,722351.0,707682.0,687363.0,660668.0,630480.0,599100.0,567453.0,535472.0,504454.0,475902.0,448490.0,421682.0,396887.0,371120.0,343193.0,314308.0,283729.0,251498.0,220511.0,191195.0,164036.0,140252.0,119604.0,100960.0,84219.0,69413.0,56130.0,44200.0,34025.0,25548.0,43444.0,25740658.0,26295355.0,52036013.0
2067,163850.0,167059.0,170353.0,173719.0,177147.0,180641.0,184187.0,187794.0,191449.0,195156.0,198919.0,202718.0,206565.0,210457.0,214381.0,218353.0,222355.0,226389.0,230457.0,234555.0,238702.0,242903.0,247159.0,251495.0,255916.0,260432.0,265077.0,269845.0,274769.0,279840.0,285055.0,290415.0,295902.0,301482.0,307127.0,312811.0,318480.0,324104.0,329611.0,334981.0,340142.0,345066.0,349984.0,354226.0,357706.0,360937.0,364537.0,369167.0,370219.0,374523.0,376654.0,379018.0,381263.0,382720.0,384211.0,385720.0,387710.0,389619.0,391408.0,393183.0,394755.0,392221.0,389136.0,385177.0,381307.0,378000.0,375032.0,367798.0,360450.0,353070.0,345993.0,338785.0,330511.0,319150.0,304289.0,288120.0,271701.0,255064.0,238482.0,221462.0,206404.0,191786.0,178053.0,165034.0,151746.0,137982.0,124472.0,110316.0,96291.0,82551.0,70327.0,58851.0,49297.0,41130.0,33933.0,27624.0,22157.0,17409.0,13366.0,9956.0,16445.0,155833.0,158834.0,161926.0,165086.0,168311.0,171595.0,174936.0,178330.0,181777.0,185267.0,188808.0,192388.0,196023.0,199693.0,203421.0,207192.0,211018.0,214903.0,218831.0,222820.0,226852.0,230950.0,235108.0,239351.0,243681.0,248130.0,252709.0,257432.0,262309.0,267349.0,272548.0,277896.0,283368.0,288953.0,294615.0,300319.0,306040.0,311717.0,317321.0,322789.0,328086.0,333164.0,338256.0,342716.0,346496.0,350083.0,354023.0,358853.0,360311.0,364594.0,368877.0,371498.0,374136.0,377082.0,379959.0,382751.0,385050.0,387539.0,390454.0,393934.0,397075.0,395922.0,394619.0,393787.0,393486.0,393700.0,393953.0,392753.0,390301.0,386449.0,379000.0,372018.0,364689.0,354828.0,342161.0,327372.0,311626.0,295852.0,279690.0,264938.0,250605.0,236923.0,222977.0,210274.0,197014.0,182378.0,166713.0,150386.0,132751.0,116351.0,100319.0,85879.0,72930.0,61701.0,51590.0,42561.0,34637.0,27614.0,21336.0,16156.0,28718.0,319683.0,325893.0,332279.0,338805.0,345458.0,352236.0,359123.0,366124.0,373226.0,380423.0,387727.0,395106.0,402588.0,410150.0,417802.0,425545.0,433373.0,441292.0,449288.0,457375.0,465554.0,473853.0,482267.0,490846.0,499597.0,508562.0,517786.0,527277.0,537078.0,547189.0,557603.0,568311.0,579270.0,590435.0,601742.0,613130.0,624520.0,635821.0,646932.0,657770.0,668228.0,678230.0,688240.0,696942.0,704202.0,711020.0,718560.0,728020.0,730530.0,739117.0,745531.0,750516.0,755399.0,759802.0,764170.0,768471.0,772760.0,777158.0,781862.0,787117.0,791830.0,788143.0,783755.0,778964.0,774793.0,771700.0,768985.0,760551.0,750751.0,739519.0,724993.0,710803.0,695200.0,673978.0,646450.0,615492.0,583327.0,550916.0,518172.0,486400.0,457009.0,428709.0,401030.0,375308.0,348760.0,320360.0,291185.0,260702.0,229042.0,198902.0,170646.0,144730.0,122227.0,102831.0,85523.0,70185.0,56794.0,45023.0,34702.0,26112.0,45163.0,25576256.0,26118323.0,51694579.0
2068,160743.0,163887.0,167108.0,170410.0,173772.0,177201.0,180685.0,184234.0,187831.0,191483.0,195182.0,198936.0,202729.0,206566.0,210439.0,214350.0,218293.0,222270.0,226275.0,230306.0,234379.0,238495.0,242667.0,246901.0,251213.0,255607.0,260106.0,264727.0,269478.0,274385.0,279440.0,284646.0,289995.0,295463.0,301024.0,306653.0,312309.0,317955.0,323547.0,329026.0,334350.0,339477.0,344356.0,349218.0,353410.0,356829.0,360002.0,363530.0,368069.0,369034.0,373239.0,375265.0,377509.0,379617.0,380947.0,382278.0,383627.0,385428.0,387133.0,388710.0,390241.0,391551.0,388765.0,385424.0,381184.0,377027.0,373383.0,370054.0,362495.0,354800.0,347034.0,339533.0,331839.0,323064.0,311242.0,296016.0,279514.0,262775.0,245830.0,228985.0,211743.0,196411.0,181538.0,167555.0,154326.0,140909.0,127160.0,113751.0,99909.0,86364.0,73254.0,61685.0,50986.0,42132.0,34639.0,28135.0,22493.0,17692.0,13615.0,10220.0,17064.0,152881.0,155817.0,158844.0,161941.0,165108.0,168332.0,171616.0,174954.0,178345.0,181782.0,185270.0,188807.0,192386.0,196012.0,199680.0,203400.0,207174.0,210994.0,214863.0,218784.0,222744.0,226758.0,230834.0,234971.0,239196.0,243521.0,247954.0,252525.0,257241.0,262108.0,267142.0,272334.0,277666.0,283134.0,288706.0,294355.0,300044.0,305746.0,311400.0,316983.0,322421.0,327693.0,332738.0,337796.0,342219.0,345955.0,349508.0,353392.0,358164.0,359575.0,363785.0,367993.0,370543.0,373097.0,375947.0,378726.0,381410.0,383583.0,385946.0,388707.0,392021.0,394957.0,393627.0,392116.0,391056.0,390495.0,390424.0,390362.0,388833.0,386025.0,381796.0,373954.0,366528.0,358706.0,348342.0,335192.0,319906.0,303688.0,287420.0,270779.0,255487.0,240588.0,226321.0,211819.0,198506.0,184778.0,169764.0,153932.0,137627.0,120336.0,104371.0,88964.0,75220.0,63017.0,52515.0,43196.0,34973.0,27891.0,21761.0,16422.0,29712.0,313624.0,319704.0,325952.0,332351.0,338880.0,345533.0,352301.0,359188.0,366176.0,373265.0,380452.0,387743.0,395115.0,402578.0,410119.0,417750.0,425467.0,433264.0,441138.0,449090.0,457123.0,465253.0,473501.0,481872.0,490409.0,499128.0,508060.0,517252.0,526719.0,536493.0,546582.0,556980.0,567661.0,578597.0,589730.0,601008.0,612353.0,623701.0,634947.0,646009.0,656771.0,667170.0,677094.0,687014.0,695629.0,702784.0,709510.0,716922.0,726233.0,728609.0,737024.0,743258.0,748052.0,752714.0,756894.0,761004.0,765037.0,769011.0,773079.0,777417.0,782262.0,786508.0,782392.0,777540.0,772240.0,767522.0,763807.0,760416.0,751328.0,740825.0,728830.0,713487.0,698367.0,681770.0,659584.0,631208.0,599420.0,566463.0,533250.0,499764.0,467230.0,436999.0,407859.0,379374.0,352832.0,325687.0,296924.0,267683.0,237536.0,206700.0,177625.0,150649.0,126206.0,105149.0,87154.0,71331.0,57466.0,45583.0,35376.0,26642.0,46776.0,25405081.0,25934977.0,51340058.0
2069,157714.0,160785.0,163938.0,167166.0,170462.0,173826.0,177250.0,180732.0,184273.0,187862.0,191513.0,195205.0,198948.0,202730.0,206551.0,210407.0,214299.0,218213.0,222162.0,226131.0,230137.0,234179.0,238270.0,242419.0,246627.0,250917.0,255291.0,259767.0,264370.0,269108.0,274002.0,279044.0,284236.0,289571.0,295019.0,300563.0,306170.0,311802.0,317413.0,322975.0,328413.0,333704.0,338782.0,343608.0,348428.0,352548.0,355908.0,359015.0,362455.0,366897.0,367776.0,371863.0,373778.0,375894.0,377862.0,379038.0,380214.0,381386.0,382986.0,384483.0,385813.0,387101.0,388121.0,385080.0,381454.0,376926.0,372445.0,368455.0,364737.0,356833.0,348758.0,340583.0,332614.0,324411.0,315119.0,302854.0,287241.0,270400.0,253349.0,236121.0,219008.0,201574.0,185986.0,170915.0,156754.0,143376.0,129919.0,116273.0,103085.0,89661.0,76679.0,64297.0,53470.0,43604.0,35510.0,28736.0,22920.0,17971.0,13850.0,10418.0,17681.0,149998.0,152872.0,155830.0,158866.0,161965.0,165127.0,168356.0,171634.0,174968.0,178356.0,181790.0,185274.0,188802.0,192378.0,195999.0,199667.0,203384.0,207152.0,210963.0,214818.0,218712.0,222655.0,226648.0,230704.0,234826.0,239042.0,243350.0,247781.0,252339.0,257043.0,261910.0,266932.0,272115.0,277443.0,282895.0,288455.0,294085.0,299761.0,305438.0,311078.0,316624.0,322041.0,327279.0,332295.0,337310.0,341697.0,345386.0,348892.0,352726.0,357430.0,358780.0,362922.0,367055.0,369515.0,371979.0,374738.0,377404.0,379968.0,382015.0,384230.0,386830.0,389953.0,392682.0,391146.0,389411.0,388102.0,387266.0,386878.0,386472.0,384593.0,381401.0,376736.0,368473.0,360561.0,352210.0,341301.0,327609.0,311813.0,295100.0,278326.0,261194.0,245350.0,229901.0,215062.0,200041.0,186245.0,172069.0,156812.0,140938.0,124817.0,107999.0,92606.0,77968.0,65033.0,53673.0,44003.0,35516.0,28182.0,21994.0,16767.0,30620.0,307712.0,313657.0,319768.0,326032.0,332427.0,338953.0,345606.0,352366.0,359241.0,366218.0,373303.0,380479.0,387750.0,395108.0,402550.0,410074.0,417683.0,425365.0,433125.0,440949.0,448849.0,456834.0,464918.0,473123.0,481453.0,489959.0,498641.0,507548.0,516709.0,526151.0,535912.0,545976.0,556351.0,567014.0,577914.0,589018.0,600255.0,611563.0,622851.0,634053.0,645037.0,655745.0,666061.0,675903.0,685738.0,694245.0,701294.0,707907.0,715181.0,724327.0,726556.0,734785.0,740833.0,745409.0,749841.0,753776.0,757618.0,761354.0,765001.0,768713.0,772643.0,777054.0,780803.0,776226.0,770865.0,765028.0,759711.0,755333.0,751209.0,741426.0,730159.0,717319.0,701087.0,684972.0,667329.0,644155.0,614850.0,582213.0,548449.0,514447.0,480202.0,446924.0,415887.0,385977.0,356795.0,329621.0,301988.0,273085.0,244023.0,214478.0,184678.0,156903.0,131438.0,108637.0,89183.0,72739.0,58436.0,46153.0,35844.0,27185.0,48301.0,25227187.0,25745350.0,50972537.0
2070,154756.0,157753.0,160841.0,163995.0,167226.0,170517.0,173875.0,177297.0,180772.0,184306.0,187898.0,191532.0,195220.0,198950.0,202717.0,206523.0,210361.0,214224.0,218114.0,222023.0,225967.0,229943.0,233964.0,238034.0,242154.0,246345.0,250610.0,254962.0,259427.0,264014.0,268735.0,273617.0,278646.0,283824.0,289140.0,294572.0,300095.0,305677.0,311276.0,316861.0,322378.0,327784.0,333022.0,338058.0,342831.0,347586.0,351647.0,354937.0,357963.0,361316.0,365650.0,366424.0,370393.0,372183.0,374159.0,375987.0,377003.0,377999.0,378984.0,380377.0,381639.0,382728.0,383734.0,384465.0,381138.0,377220.0,372375.0,367548.0,363190.0,359061.0,350781.0,342295.0,333671.0,325216.0,316494.0,306688.0,293944.0,277952.0,260772.0,243416.0,225914.0,208566.0,190956.0,175180.0,159966.0,145706.0,132259.0,118855.0,105425.0,92567.0,79657.0,67344.0,55765.0,45760.0,36777.0,29479.0,23426.0,18326.0,14071.0,10604.0,18248.0,147185.0,149995.0,152888.0,155854.0,158891.0,161989.0,165153.0,168375.0,171655.0,174981.0,178366.0,181796.0,185271.0,188794.0,192368.0,195986.0,199655.0,203366.0,207124.0,210922.0,214755.0,218630.0,222551.0,226527.0,230561.0,234681.0,238876.0,243181.0,247598.0,252154.0,256852.0,261707.0,266725.0,271897.0,277208.0,282650.0,288197.0,293815.0,299462.0,305122.0,310733.0,316259.0,321639.0,326845.0,331824.0,336801.0,341139.0,344791.0,348236.0,352012.0,356644.0,357935.0,361997.0,366039.0,368417.0,370788.0,373442.0,375985.0,378424.0,380329.0,382387.0,384801.0,387727.0,390222.0,388466.0,386491.0,384908.0,383759.0,383046.0,382273.0,379998.0,376370.0,371240.0,362520.0,354080.0,345146.0,333640.0,319388.0,303059.0,285826.0,268544.0,250903.0,234524.0,218542.0,203178.0,187753.0,173506.0,159004.0,143644.0,127875.0,112078.0,95877.0,81208.0,67450.0,55426.0,44998.0,36207.0,28643.0,22238.0,16952.0,31536.0,301941.0,307748.0,313729.0,319849.0,326117.0,332506.0,339028.0,345672.0,352427.0,359287.0,366264.0,373328.0,380491.0,387744.0,395085.0,402509.0,410016.0,417590.0,425238.0,432945.0,440722.0,448573.0,456515.0,464561.0,472715.0,481026.0,489486.0,498143.0,507025.0,516168.0,525587.0,535324.0,545371.0,555721.0,566348.0,577222.0,588292.0,599492.0,610738.0,621983.0,633111.0,644043.0,654661.0,664903.0,674655.0,684387.0,692786.0,699728.0,706199.0,713328.0,722294.0,724359.0,732390.0,738222.0,742576.0,746775.0,750445.0,753984.0,757408.0,760706.0,764026.0,767529.0,771461.0,774687.0,769604.0,763711.0,757283.0,751307.0,746236.0,741334.0,730779.0,718665.0,704911.0,687736.0,670574.0,651834.0,627584.0,597340.0,563831.0,529242.0,494458.0,459469.0,425480.0,393722.0,363144.0,333459.0,305765.0,277859.0,249069.0,220442.0,191735.0,163221.0,136973.0,113210.0,92203.0,74477.0,59633.0,46969.0,36309.0,27556.0,49784.0,25042622.0,25549475.0,50592097.0
