Fecha,Perspectiva,Grupo,Concepto,Periodo,Valor
2021,Total nacional,Población ocupada,Población ocupada,Ene - Mar,19787.210458666665
2021,Total nacional,Población ocupada,Población ocupada,Feb - Abr,20004.15751266667
2021,Total nacional,Población ocupada,Población ocupada,Mar - May,19946.438146333337
2021,Total nacional,Población ocupada,Población ocupada,Abr - Jun,19939.257222666667
2021,Total nacional,Población ocupada,Población ocupada,May - Jul,20159.417250333336
2021,Total nacional,Población ocupada,Población ocupada,Jun - Ago,20355.450913666664
2021,Total nacional,Población ocupada,Población ocupada,Jul - Sep,20558.206703666667
2021,Total nacional,Población ocupada,Población ocupada,Ago - Oct,20780.735785333334
2021,Total nacional,Población ocupada,Población ocupada,Sep - Nov,21010.881780666667
2021,Total nacional,Población ocupada,Población ocupada,Oct - Dic,21282.291796
2021,Total nacional,Población ocupada,Población ocupada,Nov - Ene,21152.724937666666
2021,Total nacional,Población ocupada,Población ocupada,Dic - Feb,21290.670992
2022,Total nacional,Población ocupada,Población ocupada,Ene - Mar,21352.177793
2022,Total nacional,Población ocupada,Población ocupada,Feb - Abr,21772.714409333334
2022,Total nacional,Población ocupada,Población ocupada,Mar - May,21940.662028000002
2022,Total nacional,Población ocupada,Población ocupada,Abr - Jun,22054.917514999997
2022,Total nacional,Población ocupada,Población ocupada,May - Jul,22087.473180999998
2022,Total nacional,Población ocupada,Población ocupada,Jun - Ago,22079.220003666665
2022,Total nacional,Población ocupada,Población ocupada,Jul - Sep,22201.465962333332
2022,Total nacional,Población ocupada,Población ocupada,Ago - Oct,22385.128792666666
2022,Total nacional,Población ocupada,Población ocupada,Sep - Nov,22493.886424333334
2022,Total nacional,Población ocupada,Población ocupada,Oct - Dic,22520.158621666666
2022,Total nacional,Población ocupada,Población ocupada,Nov - Ene,22148.664008666663
2022,Total nacional,Población ocupada,Población ocupada,Dic - Feb,22064.135597
2023,Total nacional,Población ocupada,Población ocupada,Ene - Mar,22172.651851333332
2023,Total nacional,Población ocupada,Población ocupada,Feb - Abr,22589.448848333337
2023,Total nacional,Población ocupada,Población ocupada,Mar - May,22701.036206666668
2023,Total nacional,Población ocupada,Población ocupada,Abr - Jun,22787.22184833333
2023,Total nacional,Población ocupada,Población ocupada,May - Jul,22933.833811333334
2023,Total nacional,Población ocupada,Población ocupada,Jun - Ago,23131.70821
2023,Total nacional,Población ocupada,Población ocupada,Jul - Sep,23149.819886666664
2023,Total nacional,Población ocupada,Población ocupada,Ago - Oct,23116.482338666665
2023,Total nacional,Población ocupada,Población ocupada,Sep - Nov,23124.637365333332
2023,Total nacional,Población ocupada,Población ocupada,Oct - Dic,23043.881428666664
2023,Total nacional,Población ocupada,Población ocupada,Nov - Ene,22691.48863133333
2023,Total nacional,Población ocupada,Población ocupada,Dic - Feb,22460.620363666665
2024,Total nacional,Población ocupada,Población ocupada,Ene - Mar,22387.53679433333
2024,Total nacional,Población ocupada,Población ocupada,Feb - Abr,22667.548709333332
2024,Total nacional,Población ocupada,Población ocupada,Mar - May,22846.60044966667
2024,Total nacional,Población ocupada,Población ocupada,Abr - Jun,22938.895007
2024,Total nacional,Población ocupada,Población ocupada,May - Jul,23051.676656666667
2024,Total nacional,Población ocupada,Población ocupada,Jun - Ago,23180.937313666665
2024,Total nacional,Población ocupada,Población ocupada,Jul - Sep,23278.056746000002
2024,Total nacional,Población ocupada,Población ocupada,Ago - Oct,23341.430961333335
2024,Total nacional,Población ocupada,Población ocupada,Sep - Nov,23403.893784333337
2024,Total nacional,Población ocupada,Población ocupada,Oct - Dic,23539.682919
2024,Total nacional,Población ocupada,Población ocupada,Nov - Ene,23376.259302
2024,Total nacional,Población ocupada,Población ocupada,Dic - Feb,23330.997814
2025,Total nacional,Población ocupada,Población ocupada,Ene - Mar,23358.235019
2025,Total nacional,Población ocupada,Población ocupada,Feb - Abr,23582.649624
2025,Total nacional,Población ocupada,Población ocupada,Mar - May,23635.101319
2025,Total nacional,Población ocupada,Población ocupada,Abr - Jun,23651.954433
2025,Total nacional,Población ocupada,Población ocupada,May - Jul,23782.943116
2025,Total nacional,Población ocupada,Población ocupada,Jun - Ago,23844.278902
2025,Total nacional,Población ocupada,Población ocupada,Jul - Sep,23902.24325
2025,Total nacional,Población ocupada,Población ocupada,Ago - Oct,24035.76622
2025,Total nacional,Población ocupada,Población ocupada,Sep - Nov,24298.367977
2025,Total nacional,Población ocupada,Población ocupada,Oct - Dic,24397.302737
2025,Total nacional,Población ocupada,Población ocupada,Nov - Ene,24016.432111
2025,Total nacional,Población ocupada,Población ocupada,Dic - Feb,23848.204876
2026,Total nacional,Población ocupada,Población ocupada,Ene - Mar,23890.987975
2026,Total nacional,Población ocupada,Población ocupada,Feb - Abr,24241.02269
2021,Total nacional,Población ocupada,Ninguno,Ene - Mar,2583.430430666667
2021,Total nacional,Población ocupada,Ninguno,Feb - Abr,2651.725959
2021,Total nacional,Población ocupada,Ninguno,Mar - May,2650.314718333333
2021,Total nacional,Población ocupada,Ninguno,Abr - Jun,2633.8856389999996
2021,Total nacional,Población ocupada,Ninguno,May - Jul,2665.125243
2021,Total nacional,Población ocupada,Ninguno,Jun - Ago,2666.092498
2021,Total nacional,Población ocupada,Ninguno,Jul - Sep,2649.2746439999996
2021,Total nacional,Población ocupada,Ninguno,Ago - Oct,2629.9852046666665
2021,Total nacional,Población ocupada,Ninguno,Sep - Nov,2624.19665
2021,Total nacional,Población ocupada,Ninguno,Oct - Dic,2662.1883353333337
2021,Total nacional,Población ocupada,Ninguno,Nov - Ene,2585.041008333333
2021,Total nacional,Población ocupada,Ninguno,Dic - Feb,2582.7037313333335
2022,Total nacional,Población ocupada,Ninguno,Ene - Mar,2600.756092333333
2022,Total nacional,Población ocupada,Ninguno,Feb - Abr,2656.9261383333337
2022,Total nacional,Población ocupada,Ninguno,Mar - May,2729.9992660000003
2022,Total nacional,Población ocupada,Ninguno,Abr - Jun,2693.026648666667
2022,Total nacional,Población ocupada,Ninguno,May - Jul,2721.334895
2022,Total nacional,Población ocupada,Ninguno,Jun - Ago,2712.592318
2022,Total nacional,Población ocupada,Ninguno,Jul - Sep,2762.545929666667
2022,Total nacional,Población ocupada,Ninguno,Ago - Oct,2772.1305786666667
2022,Total nacional,Población ocupada,Ninguno,Sep - Nov,2782.733177
2022,Total nacional,Población ocupada,Ninguno,Oct - Dic,2779.750307
2022,Total nacional,Población ocupada,Ninguno,Nov - Ene,2679.559263333333
2022,Total nacional,Población ocupada,Ninguno,Dic - Feb,2635.209710333333
2023,Total nacional,Población ocupada,Ninguno,Ene - Mar,2675.127285666667
2023,Total nacional,Población ocupada,Ninguno,Feb - Abr,2773.349955333333
2023,Total nacional,Población ocupada,Ninguno,Mar - May,2778.7309920000002
2023,Total nacional,Población ocupada,Ninguno,Abr - Jun,2723.6486446666668
2023,Total nacional,Población ocupada,Ninguno,May - Jul,2743.6777103333334
2023,Total nacional,Población ocupada,Ninguno,Jun - Ago,2791.8754289999997
2023,Total nacional,Población ocupada,Ninguno,Jul - Sep,2798.682795
2023,Total nacional,Población ocupada,Ninguno,Ago - Oct,2767.5310589999995
2023,Total nacional,Población ocupada,Ninguno,Sep - Nov,2757.595406666666
2023,Total nacional,Población ocupada,Ninguno,Oct - Dic,2714.4488173333334
2023,Total nacional,Población ocupada,Ninguno,Nov - Ene,2694.9434073333337
2023,Total nacional,Población ocupada,Ninguno,Dic - Feb,2641.6110773333335
2024,Total nacional,Población ocupada,Ninguno,Ene - Mar,2638.447542
2024,Total nacional,Población ocupada,Ninguno,Feb - Abr,2634.1468119999995
2024,Total nacional,Población ocupada,Ninguno,Mar - May,2608.927836
2024,Total nacional,Población ocupada,Ninguno,Abr - Jun,2585.0619366666665
2024,Total nacional,Población ocupada,Ninguno,May - Jul,2629.2330356666666
2024,Total nacional,Población ocupada,Ninguno,Jun - Ago,2633.463903
2024,Total nacional,Población ocupada,Ninguno,Jul - Sep,2647.345417666667
2024,Total nacional,Población ocupada,Ninguno,Ago - Oct,2563.6177916666666
2024,Total nacional,Población ocupada,Ninguno,Sep - Nov,2563.073671666667
2024,Total nacional,Población ocupada,Ninguno,Oct - Dic,2596.2717589999997
2024,Total nacional,Población ocupada,Ninguno,Nov - Ene,2612.561746
2024,Total nacional,Población ocupada,Ninguno,Dic - Feb,2642.461368
2025,Total nacional,Población ocupada,Ninguno,Ene - Mar,2643.271354
2025,Total nacional,Población ocupada,Ninguno,Feb - Abr,2606.429397
2025,Total nacional,Población ocupada,Ninguno,Mar - May,2579.418946
2025,Total nacional,Población ocupada,Ninguno,Abr - Jun,2544.718379
2025,Total nacional,Población ocupada,Ninguno,May - Jul,2605.67688
2025,Total nacional,Población ocupada,Ninguno,Jun - Ago,2555.014618
2025,Total nacional,Población ocupada,Ninguno,Jul - Sep,2554.75932
2025,Total nacional,Población ocupada,Ninguno,Ago - Oct,2552.797057
2025,Total nacional,Población ocupada,Ninguno,Sep - Nov,2649.808881
2025,Total nacional,Población ocupada,Ninguno,Oct - Dic,2594.707648
2025,Total nacional,Población ocupada,Ninguno,Nov - Ene,2535.152
2025,Total nacional,Población ocupada,Ninguno,Dic - Feb,2480.230896
2026,Total nacional,Población ocupada,Ninguno,Ene - Mar,2497.991369
2026,Total nacional,Población ocupada,Ninguno,Feb - Abr,2512.142456
2021,Total nacional,Población ocupada,Básica primaria,Ene - Mar,3824.392799333333
2021,Total nacional,Población ocupada,Básica primaria,Feb - Abr,3874.5735340000006
2021,Total nacional,Población ocupada,Básica primaria,Mar - May,3759.2374560000003
2021,Total nacional,Población ocupada,Básica primaria,Abr - Jun,3751.379120333333
2021,Total nacional,Población ocupada,Básica primaria,May - Jul,3812.1929553333334
2021,Total nacional,Población ocupada,Básica primaria,Jun - Ago,3974.9801133333335
2021,Total nacional,Población ocupada,Básica primaria,Jul - Sep,4032.6154316666666
2021,Total nacional,Población ocupada,Básica primaria,Ago - Oct,4098.638515333333
2021,Total nacional,Población ocupada,Básica primaria,Sep - Nov,4104.948074333333
2021,Total nacional,Población ocupada,Básica primaria,Oct - Dic,4087.9358513333336
2021,Total nacional,Población ocupada,Básica primaria,Nov - Ene,4016.1560526666667
2021,Total nacional,Población ocupada,Básica primaria,Dic - Feb,4040.6195413333335
2022,Total nacional,Población ocupada,Básica primaria,Ene - Mar,4105.594899333333
2022,Total nacional,Población ocupada,Básica primaria,Feb - Abr,4195.952950666667
2022,Total nacional,Población ocupada,Básica primaria,Mar - May,4135.827964666667
2022,Total nacional,Población ocupada,Básica primaria,Abr - Jun,4168.001411666667
2022,Total nacional,Población ocupada,Básica primaria,May - Jul,4164.484157333333
2022,Total nacional,Población ocupada,Básica primaria,Jun - Ago,4200.686243333334
2022,Total nacional,Población ocupada,Básica primaria,Jul - Sep,4222.247930666666
2022,Total nacional,Población ocupada,Básica primaria,Ago - Oct,4277.353190666666
2022,Total nacional,Población ocupada,Básica primaria,Sep - Nov,4332.864957999999
2022,Total nacional,Población ocupada,Básica primaria,Oct - Dic,4254.738138333333
2022,Total nacional,Población ocupada,Básica primaria,Nov - Ene,4155.782585
2022,Total nacional,Población ocupada,Básica primaria,Dic - Feb,4216.301515333334
2023,Total nacional,Población ocupada,Básica primaria,Ene - Mar,4333.714987333334
2023,Total nacional,Población ocupada,Básica primaria,Feb - Abr,4363.491460666667
2023,Total nacional,Población ocupada,Básica primaria,Mar - May,4259.024654333333
2023,Total nacional,Población ocupada,Básica primaria,Abr - Jun,4220.144863333334
2023,Total nacional,Población ocupada,Básica primaria,May - Jul,4250.9280376666675
2023,Total nacional,Población ocupada,Básica primaria,Jun - Ago,4276.772836
2023,Total nacional,Población ocupada,Básica primaria,Jul - Sep,4255.622646333333
2023,Total nacional,Población ocupada,Básica primaria,Ago - Oct,4343.070282666667
2023,Total nacional,Población ocupada,Básica primaria,Sep - Nov,4299.3365650000005
2023,Total nacional,Población ocupada,Básica primaria,Oct - Dic,4236.453845
2023,Total nacional,Población ocupada,Básica primaria,Nov - Ene,4117.866630666666
2023,Total nacional,Población ocupada,Básica primaria,Dic - Feb,4126.690937333333
2024,Total nacional,Población ocupada,Básica primaria,Ene - Mar,4160.7221549999995
2024,Total nacional,Población ocupada,Básica primaria,Feb - Abr,4153.198654
2024,Total nacional,Población ocupada,Básica primaria,Mar - May,4115.561965666667
2024,Total nacional,Población ocupada,Básica primaria,Abr - Jun,4116.3156346666665
2024,Total nacional,Población ocupada,Básica primaria,May - Jul,4141.651294333333
2024,Total nacional,Población ocupada,Básica primaria,Jun - Ago,4193.079449666667
2024,Total nacional,Población ocupada,Básica primaria,Jul - Sep,4227.660267333333
2024,Total nacional,Población ocupada,Básica primaria,Ago - Oct,4330.275047666666
2024,Total nacional,Población ocupada,Básica primaria,Sep - Nov,4350.098600333334
2024,Total nacional,Población ocupada,Básica primaria,Oct - Dic,4315.182171666667
2024,Total nacional,Población ocupada,Básica primaria,Nov - Ene,4205.413509
2024,Total nacional,Población ocupada,Básica primaria,Dic - Feb,4257.142253
2025,Total nacional,Población ocupada,Básica primaria,Ene - Mar,4330.24091
2025,Total nacional,Población ocupada,Básica primaria,Feb - Abr,4367.92369
2025,Total nacional,Población ocupada,Básica primaria,Mar - May,4308.066043
2025,Total nacional,Población ocupada,Básica primaria,Abr - Jun,4226.029924
2025,Total nacional,Población ocupada,Básica primaria,May - Jul,4228.449497
2025,Total nacional,Población ocupada,Básica primaria,Jun - Ago,4267.185006
2025,Total nacional,Población ocupada,Básica primaria,Jul - Sep,4287.936596
2025,Total nacional,Población ocupada,Básica primaria,Ago - Oct,4356.051466
2025,Total nacional,Población ocupada,Básica primaria,Sep - Nov,4398.615138
2025,Total nacional,Población ocupada,Básica primaria,Oct - Dic,4480.616834
2025,Total nacional,Población ocupada,Básica primaria,Nov - Ene,4370.040488
2025,Total nacional,Población ocupada,Básica primaria,Dic - Feb,4238.015033
2026,Total nacional,Población ocupada,Básica primaria,Ene - Mar,4192.485338
2026,Total nacional,Población ocupada,Básica primaria,Feb - Abr,4191.554389
2021,Total nacional,Población ocupada,Básica secundaria^,Ene - Mar,1021.3292333333333
2021,Total nacional,Población ocupada,Básica secundaria^,Feb - Abr,997.0034836666665
2021,Total nacional,Población ocupada,Básica secundaria^,Mar - May,1005.4801823333333
2021,Total nacional,Población ocupada,Básica secundaria^,Abr - Jun,977.196724
2021,Total nacional,Población ocupada,Básica secundaria^,May - Jul,983.9001463333334
2021,Total nacional,Población ocupada,Básica secundaria^,Jun - Ago,925.935332
2021,Total nacional,Población ocupada,Básica secundaria^,Jul - Sep,922.2805950000001
2021,Total nacional,Población ocupada,Básica secundaria^,Ago - Oct,937.1716993333334
2021,Total nacional,Población ocupada,Básica secundaria^,Sep - Nov,951.433159
2021,Total nacional,Población ocupada,Básica secundaria^,Oct - Dic,1000.9342173333334
2021,Total nacional,Población ocupada,Básica secundaria^,Nov - Ene,970.5539893333334
2021,Total nacional,Población ocupada,Básica secundaria^,Dic - Feb,1042.9783850000001
2022,Total nacional,Población ocupada,Básica secundaria^,Ene - Mar,991.4872076666667
2022,Total nacional,Población ocupada,Básica secundaria^,Feb - Abr,1013.5495683333334
2022,Total nacional,Población ocupada,Básica secundaria^,Mar - May,965.7521233333333
2022,Total nacional,Población ocupada,Básica secundaria^,Abr - Jun,985.2767206666667
2022,Total nacional,Población ocupada,Básica secundaria^,May - Jul,1021.605987
2022,Total nacional,Población ocupada,Básica secundaria^,Jun - Ago,1021.3913083333333
2022,Total nacional,Población ocupada,Básica secundaria^,Jul - Sep,1049.6684006666667
2022,Total nacional,Población ocupada,Básica secundaria^,Ago - Oct,1050.887062
2022,Total nacional,Población ocupada,Básica secundaria^,Sep - Nov,1096.4677153333334
2022,Total nacional,Población ocupada,Básica secundaria^,Oct - Dic,1103.000795
2022,Total nacional,Población ocupada,Básica secundaria^,Nov - Ene,1094.86072
2022,Total nacional,Población ocupada,Básica secundaria^,Dic - Feb,1043.7326203333332
2023,Total nacional,Población ocupada,Básica secundaria^,Ene - Mar,1032.7089376666665
2023,Total nacional,Población ocupada,Básica secundaria^,Feb - Abr,1030.4732683333332
2023,Total nacional,Población ocupada,Básica secundaria^,Mar - May,1019.3981383333333
2023,Total nacional,Población ocupada,Básica secundaria^,Abr - Jun,1031.602228
2023,Total nacional,Población ocupada,Básica secundaria^,May - Jul,1053.5946373333334
2023,Total nacional,Población ocupada,Básica secundaria^,Jun - Ago,1108.7753533333334
2023,Total nacional,Población ocupada,Básica secundaria^,Jul - Sep,1086.215804
2023,Total nacional,Población ocupada,Básica secundaria^,Ago - Oct,1064.0348040000001
2023,Total nacional,Población ocupada,Básica secundaria^,Sep - Nov,1056.8064676666665
2023,Total nacional,Población ocupada,Básica secundaria^,Oct - Dic,1071.0955156666669
2023,Total nacional,Población ocupada,Básica secundaria^,Nov - Ene,1071.1084566666668
2023,Total nacional,Población ocupada,Básica secundaria^,Dic - Feb,1017.8528420000001
2024,Total nacional,Población ocupada,Básica secundaria^,Ene - Mar,1027.7281033333331
2024,Total nacional,Población ocupada,Básica secundaria^,Feb - Abr,1024.5335116666665
2024,Total nacional,Población ocupada,Básica secundaria^,Mar - May,1060.7720676666665
2024,Total nacional,Población ocupada,Básica secundaria^,Abr - Jun,1061.6691573333335
2024,Total nacional,Población ocupada,Básica secundaria^,May - Jul,1072.5335476666667
2024,Total nacional,Población ocupada,Básica secundaria^,Jun - Ago,1102.5603936666666
2024,Total nacional,Población ocupada,Básica secundaria^,Jul - Sep,1069.1308783333332
2024,Total nacional,Población ocupada,Básica secundaria^,Ago - Oct,1096.4653863333333
2024,Total nacional,Población ocupada,Básica secundaria^,Sep - Nov,1059.1884146666666
2024,Total nacional,Población ocupada,Básica secundaria^,Oct - Dic,1074.7350533333333
2024,Total nacional,Población ocupada,Básica secundaria^,Nov - Ene,1031.810057
2024,Total nacional,Población ocupada,Básica secundaria^,Dic - Feb,1064.024112
2025,Total nacional,Población ocupada,Básica secundaria^,Ene - Mar,1060.026336
2025,Total nacional,Población ocupada,Básica secundaria^,Feb - Abr,1070.529264
2025,Total nacional,Población ocupada,Básica secundaria^,Mar - May,1063.770061
2025,Total nacional,Población ocupada,Básica secundaria^,Abr - Jun,1076.663965
2025,Total nacional,Población ocupada,Básica secundaria^,May - Jul,1088.929097
2025,Total nacional,Población ocupada,Básica secundaria^,Jun - Ago,1089.502112
2025,Total nacional,Población ocupada,Básica secundaria^,Jul - Sep,1082.339795
2025,Total nacional,Población ocupada,Básica secundaria^,Ago - Oct,1121.363874
2025,Total nacional,Población ocupada,Básica secundaria^,Sep - Nov,1120.291758
2025,Total nacional,Población ocupada,Básica secundaria^,Oct - Dic,1156.683267
2025,Total nacional,Población ocupada,Básica secundaria^,Nov - Ene,1074.70721
2025,Total nacional,Población ocupada,Básica secundaria^,Dic - Feb,1048.004633
2026,Total nacional,Población ocupada,Básica secundaria^,Ene - Mar,1040.797375
2026,Total nacional,Población ocupada,Básica secundaria^,Feb - Abr,1063.499061
2021,Total nacional,Población ocupada,Educación media*^,Ene - Mar,6732.299625
2021,Total nacional,Población ocupada,Educación media*^,Feb - Abr,6821.7431793333335
2021,Total nacional,Población ocupada,Educación media*^,Mar - May,6820.720198
2021,Total nacional,Población ocupada,Educación media*^,Abr - Jun,6839.589115
2021,Total nacional,Población ocupada,Educación media*^,May - Jul,6950.465612
2021,Total nacional,Población ocupada,Educación media*^,Jun - Ago,7022.371191666666
2021,Total nacional,Población ocupada,Educación media*^,Jul - Sep,7097.239964333334
2021,Total nacional,Población ocupada,Educación media*^,Ago - Oct,7271.312330666667
2021,Total nacional,Población ocupada,Educación media*^,Sep - Nov,7373.4258709999995
2021,Total nacional,Población ocupada,Educación media*^,Oct - Dic,7418.743053000001
2021,Total nacional,Población ocupada,Educación media*^,Nov - Ene,7372.569073666667
2021,Total nacional,Población ocupada,Educación media*^,Dic - Feb,7427.257977666667
2022,Total nacional,Población ocupada,Educación media*^,Ene - Mar,7452.986175000001
2022,Total nacional,Población ocupada,Educación media*^,Feb - Abr,7580.978672333334
2022,Total nacional,Población ocupada,Educación media*^,Mar - May,7593.094465333333
2022,Total nacional,Población ocupada,Educación media*^,Abr - Jun,7704.364266
2022,Total nacional,Población ocupada,Educación media*^,May - Jul,7683.770060333333
2022,Total nacional,Población ocupada,Educación media*^,Jun - Ago,7662.907664333333
2022,Total nacional,Población ocupada,Educación media*^,Jul - Sep,7637.203933
2022,Total nacional,Población ocupada,Educación media*^,Ago - Oct,7825.131376666667
2022,Total nacional,Población ocupada,Educación media*^,Sep - Nov,7836.483890666666
2022,Total nacional,Población ocupada,Educación media*^,Oct - Dic,7875.0585206666665
2022,Total nacional,Población ocupada,Educación media*^,Nov - Ene,7656.735305333333
2022,Total nacional,Población ocupada,Educación media*^,Dic - Feb,7747.548091666667
2023,Total nacional,Población ocupada,Educación media*^,Ene - Mar,7726.390824666666
2023,Total nacional,Población ocupada,Educación media*^,Feb - Abr,7909.3391636666665
2023,Total nacional,Población ocupada,Educación media*^,Mar - May,7922.271807
2023,Total nacional,Población ocupada,Educación media*^,Abr - Jun,7990.516793333333
2023,Total nacional,Población ocupada,Educación media*^,May - Jul,7973.743333333333
2023,Total nacional,Población ocupada,Educación media*^,Jun - Ago,7992.418553333333
2023,Total nacional,Población ocupada,Educación media*^,Jul - Sep,7992.018703999999
2023,Total nacional,Población ocupada,Educación media*^,Ago - Oct,7999.539491666666
2023,Total nacional,Población ocupada,Educación media*^,Sep - Nov,8074.693006333334
2023,Total nacional,Población ocupada,Educación media*^,Oct - Dic,8184.891558333334
2023,Total nacional,Población ocupada,Educación media*^,Nov - Ene,8039.217428999999
2023,Total nacional,Población ocupada,Educación media*^,Dic - Feb,7966.011806666666
2024,Total nacional,Población ocupada,Educación media*^,Ene - Mar,7901.363871333334
2024,Total nacional,Población ocupada,Educación media*^,Feb - Abr,8048.047210333333
2024,Total nacional,Población ocupada,Educación media*^,Mar - May,8163.581295
2024,Total nacional,Población ocupada,Educación media*^,Abr - Jun,8252.859480000001
2024,Total nacional,Población ocupada,Educación media*^,May - Jul,8269.314402000002
2024,Total nacional,Población ocupada,Educación media*^,Jun - Ago,8279.095579666666
2024,Total nacional,Población ocupada,Educación media*^,Jul - Sep,8263.159755333334
2024,Total nacional,Población ocupada,Educación media*^,Ago - Oct,8404.003572
2024,Total nacional,Población ocupada,Educación media*^,Sep - Nov,8519.038610666667
2024,Total nacional,Población ocupada,Educación media*^,Oct - Dic,8678.626648666666
2024,Total nacional,Población ocupada,Educación media*^,Nov - Ene,8570.769899
2024,Total nacional,Población ocupada,Educación media*^,Dic - Feb,8601.766842
2025,Total nacional,Población ocupada,Educación media*^,Ene - Mar,8658.138487
2025,Total nacional,Población ocupada,Educación media*^,Feb - Abr,8711.965399
2025,Total nacional,Población ocupada,Educación media*^,Mar - May,8679.138142
2025,Total nacional,Población ocupada,Educación media*^,Abr - Jun,8553.377353
2025,Total nacional,Población ocupada,Educación media*^,May - Jul,8663.916631
2025,Total nacional,Población ocupada,Educación media*^,Jun - Ago,8610.155058
2025,Total nacional,Población ocupada,Educación media*^,Jul - Sep,8680.325945
2025,Total nacional,Población ocupada,Educación media*^,Ago - Oct,8708.718704
2025,Total nacional,Población ocupada,Educación media*^,Sep - Nov,8853.561955
2025,Total nacional,Población ocupada,Educación media*^,Oct - Dic,8908.689995
2025,Total nacional,Población ocupada,Educación media*^,Nov - Ene,8685.709264
2025,Total nacional,Población ocupada,Educación media*^,Dic - Feb,8589.16954
2026,Total nacional,Población ocupada,Educación media*^,Ene - Mar,8552.326746
2026,Total nacional,Población ocupada,Educación media*^,Feb - Abr,8770.266304
2021,Total nacional,Población ocupada,Técnica profesional y Tecnológica^^,Ene - Mar,2060.951482
2021,Total nacional,Población ocupada,Técnica profesional y Tecnológica^^,Feb - Abr,2098.0548746666664
2021,Total nacional,Población ocupada,Técnica profesional y Tecnológica^^,Mar - May,2204.4760286666665
2021,Total nacional,Población ocupada,Técnica profesional y Tecnológica^^,Abr - Jun,2257.8523586666665
2021,Total nacional,Población ocupada,Técnica profesional y Tecnológica^^,May - Jul,2268.0905273333337
2021,Total nacional,Población ocupada,Técnica profesional y Tecnológica^^,Jun - Ago,2300.9224823333334
2021,Total nacional,Población ocupada,Técnica profesional y Tecnológica^^,Jul - Sep,2340.2902656666665
2021,Total nacional,Población ocupada,Técnica profesional y Tecnológica^^,Ago - Oct,2330.350833
2021,Total nacional,Población ocupada,Técnica profesional y Tecnológica^^,Sep - Nov,2333.8028016666667
2021,Total nacional,Población ocupada,Técnica profesional y Tecnológica^^,Oct - Dic,2339.6059923333337
2021,Total nacional,Población ocupada,Técnica profesional y Tecnológica^^,Nov - Ene,2401.7723763333333
2021,Total nacional,Población ocupada,Técnica profesional y Tecnológica^^,Dic - Feb,2449.626013333333
2022,Total nacional,Población ocupada,Técnica profesional y Tecnológica^^,Ene - Mar,2499.6709596666665
2022,Total nacional,Población ocupada,Técnica profesional y Tecnológica^^,Feb - Abr,2568.618290666667
2022,Total nacional,Población ocupada,Técnica profesional y Tecnológica^^,Mar - May,2642.45397
2022,Total nacional,Población ocupada,Técnica profesional y Tecnológica^^,Abr - Jun,2691.3421176666666
2022,Total nacional,Población ocupada,Técnica profesional y Tecnológica^^,May - Jul,2669.9375486666668
2022,Total nacional,Población ocupada,Técnica profesional y Tecnológica^^,Jun - Ago,2683.8351116666668
2022,Total nacional,Población ocupada,Técnica profesional y Tecnológica^^,Jul - Sep,2696.8749176666665
2022,Total nacional,Población ocupada,Técnica profesional y Tecnológica^^,Ago - Oct,2673.2015146666668
2022,Total nacional,Población ocupada,Técnica profesional y Tecnológica^^,Sep - Nov,2615.9065036666666
2022,Total nacional,Población ocupada,Técnica profesional y Tecnológica^^,Oct - Dic,2586.29289
2022,Total nacional,Población ocupada,Técnica profesional y Tecnológica^^,Nov - Ene,2650.705053
2022,Total nacional,Población ocupada,Técnica profesional y Tecnológica^^,Dic - Feb,2637.4505696666665
2023,Total nacional,Población ocupada,Técnica profesional y Tecnológica^^,Ene - Mar,2638.8041076666664
2023,Total nacional,Población ocupada,Técnica profesional y Tecnológica^^,Feb - Abr,2703.1027906666664
2023,Total nacional,Población ocupada,Técnica profesional y Tecnológica^^,Mar - May,2838.4723303333335
2023,Total nacional,Población ocupada,Técnica profesional y Tecnológica^^,Abr - Jun,2910.650745333334
2023,Total nacional,Población ocupada,Técnica profesional y Tecnológica^^,May - Jul,2914.326786333333
2023,Total nacional,Población ocupada,Técnica profesional y Tecnológica^^,Jun - Ago,2864.9235793333332
2023,Total nacional,Población ocupada,Técnica profesional y Tecnológica^^,Jul - Sep,2864.860328666667
2023,Total nacional,Población ocupada,Técnica profesional y Tecnológica^^,Ago - Oct,2790.305429
2023,Total nacional,Población ocupada,Técnica profesional y Tecnológica^^,Sep - Nov,2789.7935450000004
2023,Total nacional,Población ocupada,Técnica profesional y Tecnológica^^,Oct - Dic,2735.707663333333
2023,Total nacional,Población ocupada,Técnica profesional y Tecnológica^^,Nov - Ene,2782.3197106666667
2023,Total nacional,Población ocupada,Técnica profesional y Tecnológica^^,Dic - Feb,2814.806730666667
2024,Total nacional,Población ocupada,Técnica profesional y Tecnológica^^,Ene - Mar,2850.868328666667
2024,Total nacional,Población ocupada,Técnica profesional y Tecnológica^^,Feb - Abr,2841.2893869999994
2024,Total nacional,Población ocupada,Técnica profesional y Tecnológica^^,Mar - May,2854.2532499999998
2024,Total nacional,Población ocupada,Técnica profesional y Tecnológica^^,Abr - Jun,2825.0296476666667
2024,Total nacional,Población ocupada,Técnica profesional y Tecnológica^^,May - Jul,2891.355532
2024,Total nacional,Población ocupada,Técnica profesional y Tecnológica^^,Jun - Ago,2929.7252913333336
2024,Total nacional,Población ocupada,Técnica profesional y Tecnológica^^,Jul - Sep,2969.1807803333336
2024,Total nacional,Población ocupada,Técnica profesional y Tecnológica^^,Ago - Oct,2909.493519333333
2024,Total nacional,Población ocupada,Técnica profesional y Tecnológica^^,Sep - Nov,2839.6200129999997
2024,Total nacional,Población ocupada,Técnica profesional y Tecnológica^^,Oct - Dic,2804.570096
2024,Total nacional,Población ocupada,Técnica profesional y Tecnológica^^,Nov - Ene,2840.216701
2024,Total nacional,Población ocupada,Técnica profesional y Tecnológica^^,Dic - Feb,2807.391238
2025,Total nacional,Población ocupada,Técnica profesional y Tecnológica^^,Ene - Mar,2844.159554
2025,Total nacional,Población ocupada,Técnica profesional y Tecnológica^^,Feb - Abr,2907.223471
2025,Total nacional,Población ocupada,Técnica profesional y Tecnológica^^,Mar - May,3036.827849
2025,Total nacional,Población ocupada,Técnica profesional y Tecnológica^^,Abr - Jun,3144.099537
2025,Total nacional,Población ocupada,Técnica profesional y Tecnológica^^,May - Jul,3146.153203
2025,Total nacional,Población ocupada,Técnica profesional y Tecnológica^^,Jun - Ago,3157.934929
2025,Total nacional,Población ocupada,Técnica profesional y Tecnológica^^,Jul - Sep,3107.590473
2025,Total nacional,Población ocupada,Técnica profesional y Tecnológica^^,Ago - Oct,3092.069856
2025,Total nacional,Población ocupada,Técnica profesional y Tecnológica^^,Sep - Nov,3056.836305
2025,Total nacional,Población ocupada,Técnica profesional y Tecnológica^^,Oct - Dic,3053.683706
2025,Total nacional,Población ocupada,Técnica profesional y Tecnológica^^,Nov - Ene,3084.001028
2025,Total nacional,Población ocupada,Técnica profesional y Tecnológica^^,Dic - Feb,3097.122251
2026,Total nacional,Población ocupada,Técnica profesional y Tecnológica^^,Ene - Mar,3112.029888
2026,Total nacional,Población ocupada,Técnica profesional y Tecnológica^^,Feb - Abr,3168.858574
2021,Total nacional,Población ocupada,Universitaria,Ene - Mar,2336.719807333333
2021,Total nacional,Población ocupada,Universitaria,Feb - Abr,2440.696955
2021,Total nacional,Población ocupada,Universitaria,Mar - May,2480.688149333333
2021,Total nacional,Población ocupada,Universitaria,Abr - Jun,2532.7223463333335
2021,Total nacional,Población ocupada,Universitaria,May - Jul,2537.9031219999997
2021,Total nacional,Población ocupada,Universitaria,Jun - Ago,2511.3489076666665
2021,Total nacional,Población ocupada,Universitaria,Jul - Sep,2531.224799666667
2021,Total nacional,Población ocupada,Universitaria,Ago - Oct,2560.352112
2021,Total nacional,Población ocupada,Universitaria,Sep - Nov,2637.9029756666664
2021,Total nacional,Población ocupada,Universitaria,Oct - Dic,2739.858293333333
2021,Total nacional,Población ocupada,Universitaria,Nov - Ene,2754.4918433333332
2021,Total nacional,Población ocupada,Universitaria,Dic - Feb,2745.8600606666664
2022,Total nacional,Población ocupada,Universitaria,Ene - Mar,2686.00398
2022,Total nacional,Población ocupada,Universitaria,Feb - Abr,2728.812425
2022,Total nacional,Población ocupada,Universitaria,Mar - May,2788.2300586666665
2022,Total nacional,Población ocupada,Universitaria,Abr - Jun,2747.339653333334
2022,Total nacional,Población ocupada,Universitaria,May - Jul,2737.1117696666665
2022,Total nacional,Población ocupada,Universitaria,Jun - Ago,2712.851391666667
2022,Total nacional,Población ocupada,Universitaria,Jul - Sep,2730.6591866666668
2022,Total nacional,Población ocupada,Universitaria,Ago - Oct,2673.180985333333
2022,Total nacional,Población ocupada,Universitaria,Sep - Nov,2657.6991423333334
2022,Total nacional,Población ocupada,Universitaria,Oct - Dic,2695.4151733333333
2022,Total nacional,Población ocupada,Universitaria,Nov - Ene,2731.4702213333335
2022,Total nacional,Población ocupada,Universitaria,Dic - Feb,2682.1224526666665
2023,Total nacional,Población ocupada,Universitaria,Ene - Mar,2689.6255079999996
2023,Total nacional,Población ocupada,Universitaria,Feb - Abr,2656.021422
2023,Total nacional,Población ocupada,Universitaria,Mar - May,2666.2054486666666
2023,Total nacional,Población ocupada,Universitaria,Abr - Jun,2665.787533666667
2023,Total nacional,Población ocupada,Universitaria,May - Jul,2724.9846976666668
2023,Total nacional,Población ocupada,Universitaria,Jun - Ago,2810.9002066666667
2023,Total nacional,Población ocupada,Universitaria,Jul - Sep,2863.223782333333
2023,Total nacional,Población ocupada,Universitaria,Ago - Oct,2868.9019776666664
2023,Total nacional,Población ocupada,Universitaria,Sep - Nov,2857.5989886666666
2023,Total nacional,Población ocupada,Universitaria,Oct - Dic,2795.3623803333335
2023,Total nacional,Población ocupada,Universitaria,Nov - Ene,2749.6320796666664
2023,Total nacional,Población ocupada,Universitaria,Dic - Feb,2684.838678333333
2024,Total nacional,Población ocupada,Universitaria,Ene - Mar,2648.5436833333333
2024,Total nacional,Población ocupada,Universitaria,Feb - Abr,2728.7740240000003
2024,Total nacional,Población ocupada,Universitaria,Mar - May,2787.0549473333335
2024,Total nacional,Población ocupada,Universitaria,Abr - Jun,2816.2024803333334
2024,Total nacional,Población ocupada,Universitaria,May - Jul,2753.9294160000004
2024,Total nacional,Población ocupada,Universitaria,Jun - Ago,2756.8771796666665
2024,Total nacional,Población ocupada,Universitaria,Jul - Sep,2815.8207603333335
2024,Total nacional,Población ocupada,Universitaria,Ago - Oct,2825.477280666666
2024,Total nacional,Población ocupada,Universitaria,Sep - Nov,2833.9828603333335
2024,Total nacional,Población ocupada,Universitaria,Oct - Dic,2818.244215666667
2024,Total nacional,Población ocupada,Universitaria,Nov - Ene,2834.324067
2024,Total nacional,Población ocupada,Universitaria,Dic - Feb,2753.364753
2025,Total nacional,Población ocupada,Universitaria,Ene - Mar,2675.995825
2025,Total nacional,Población ocupada,Universitaria,Feb - Abr,2713.382407
2025,Total nacional,Población ocupada,Universitaria,Mar - May,2732.551804
2025,Total nacional,Población ocupada,Universitaria,Abr - Jun,2842.73091
2025,Total nacional,Población ocupada,Universitaria,May - Jul,2824.718119
2025,Total nacional,Población ocupada,Universitaria,Jun - Ago,2929.318307
2025,Total nacional,Población ocupada,Universitaria,Jul - Sep,2932.581713
2025,Total nacional,Población ocupada,Universitaria,Ago - Oct,2943.908128
2025,Total nacional,Población ocupada,Universitaria,Sep - Nov,2929.795561
2025,Total nacional,Población ocupada,Universitaria,Oct - Dic,2901.340507
2025,Total nacional,Población ocupada,Universitaria,Nov - Ene,2916.7893
2025,Total nacional,Población ocupada,Universitaria,Dic - Feb,2978.632948
2026,Total nacional,Población ocupada,Universitaria,Ene - Mar,3007.479047
2026,Total nacional,Población ocupada,Universitaria,Feb - Abr,3049.039775
2021,Total nacional,Población ocupada,Posgrado,Ene - Mar,813.9400263333333
2021,Total nacional,Población ocupada,Posgrado,Feb - Abr,862.8679910000001
2021,Total nacional,Población ocupada,Posgrado,Mar - May,886.1679010000001
2021,Total nacional,Población ocupada,Posgrado,Abr - Jun,890.9919033333332
2021,Total nacional,Población ocupada,Posgrado,May - Jul,917.2896403333333
2021,Total nacional,Población ocupada,Posgrado,Jun - Ago,938.1943256666667
2021,Total nacional,Población ocupada,Posgrado,Jul - Sep,978.176799
2021,Total nacional,Población ocupada,Posgrado,Ago - Oct,926.9344156666666
2021,Total nacional,Población ocupada,Posgrado,Sep - Nov,922.8246169999999
2021,Total nacional,Población ocupada,Posgrado,Oct - Dic,940.6738260000001
2021,Total nacional,Población ocupada,Posgrado,Nov - Ene,962.569065
2021,Total nacional,Población ocupada,Posgrado,Dic - Feb,943.2906859999999
2022,Total nacional,Población ocupada,Posgrado,Ene - Mar,980.9549026666667
2022,Total nacional,Población ocupada,Posgrado,Feb - Abr,1010.860335
2022,Total nacional,Población ocupada,Posgrado,Mar - May,1074.9588113333334
2022,Total nacional,Población ocupada,Posgrado,Abr - Jun,1061.8538793333335
2022,Total nacional,Población ocupada,Posgrado,May - Jul,1085.0116663333333
2022,Total nacional,Población ocupada,Posgrado,Jun - Ago,1079.9730066666666
2022,Total nacional,Población ocupada,Posgrado,Jul - Sep,1097.5592536666666
2022,Total nacional,Población ocupada,Posgrado,Ago - Oct,1110.7034746666666
2022,Total nacional,Población ocupada,Posgrado,Sep - Nov,1167.0894346666666
2022,Total nacional,Población ocupada,Posgrado,Oct - Dic,1221.8715176666665
2022,Total nacional,Población ocupada,Posgrado,Nov - Ene,1175.9367123333334
2022,Total nacional,Población ocupada,Posgrado,Dic - Feb,1101.3723733333334
2023,Total nacional,Población ocupada,Posgrado,Ene - Mar,1072.6953616666667
2023,Total nacional,Población ocupada,Posgrado,Feb - Abr,1150.4696683333334
2023,Total nacional,Población ocupada,Posgrado,Mar - May,1212.4860993333332
2023,Total nacional,Población ocupada,Posgrado,Abr - Jun,1243.5690336666667
2023,Total nacional,Población ocupada,Posgrado,May - Jul,1267.4167456666667
2023,Total nacional,Población ocupada,Posgrado,Jun - Ago,1274.897198
2023,Total nacional,Población ocupada,Posgrado,Jul - Sep,1272.5010486666667
2023,Total nacional,Población ocupada,Posgrado,Ago - Oct,1258.4423880000002
2023,Total nacional,Población ocupada,Posgrado,Sep - Nov,1264.692399
2023,Total nacional,Población ocupada,Posgrado,Oct - Dic,1280.868809
2023,Total nacional,Población ocupada,Posgrado,Nov - Ene,1223.1233953333333
2023,Total nacional,Población ocupada,Posgrado,Dic - Feb,1199.5501596666666
2024,Total nacional,Población ocupada,Posgrado,Ene - Mar,1155.551924666667
2024,Total nacional,Población ocupada,Posgrado,Feb - Abr,1227.234993
2024,Total nacional,Población ocupada,Posgrado,Mar - May,1242.8911563333334
2024,Total nacional,Población ocupada,Posgrado,Abr - Jun,1269.4398116666666
2024,Total nacional,Población ocupada,Posgrado,May - Jul,1285.8151186666666
2024,Total nacional,Población ocupada,Posgrado,Jun - Ago,1284.2130636666664
2024,Total nacional,Población ocupada,Posgrado,Jul - Sep,1283.843744
2024,Total nacional,Población ocupada,Posgrado,Ago - Oct,1209.925978
2024,Total nacional,Población ocupada,Posgrado,Sep - Nov,1230.2400770000002
2024,Total nacional,Población ocupada,Posgrado,Oct - Dic,1242.4613726666666
2024,Total nacional,Población ocupada,Posgrado,Nov - Ene,1273.008118
2024,Total nacional,Población ocupada,Posgrado,Dic - Feb,1202.734739
2025,Total nacional,Población ocupada,Posgrado,Ene - Mar,1143.660432
2025,Total nacional,Población ocupada,Posgrado,Feb - Abr,1202.861774
2025,Total nacional,Población ocupada,Posgrado,Mar - May,1233.343837
2025,Total nacional,Población ocupada,Posgrado,Abr - Jun,1263.449446
2025,Total nacional,Población ocupada,Posgrado,May - Jul,1223.859891
2025,Total nacional,Población ocupada,Posgrado,Jun - Ago,1231.439804
2025,Total nacional,Población ocupada,Posgrado,Jul - Sep,1253.709109
2025,Total nacional,Población ocupada,Posgrado,Ago - Oct,1256.875066
2025,Total nacional,Población ocupada,Posgrado,Sep - Nov,1288.052447
2025,Total nacional,Población ocupada,Posgrado,Oct - Dic,1298.32843
2025,Total nacional,Población ocupada,Posgrado,Nov - Ene,1346.958216
2025,Total nacional,Población ocupada,Posgrado,Dic - Feb,1413.678218
2026,Total nacional,Población ocupada,Posgrado,Ene - Mar,1486.060946
2026,Total nacional,Población ocupada,Posgrado,Feb - Abr,1484.068733
2021,Total nacional,Formal,Formal,Ene - Mar,7785.653908666667
2021,Total nacional,Formal,Formal,Feb - Abr,7909.355157000001
2021,Total nacional,Formal,Formal,Mar - May,8072.084484
2021,Total nacional,Formal,Formal,Abr - Jun,8129.446118333333
2021,Total nacional,Formal,Formal,May - Jul,8238.332096666667
2021,Total nacional,Formal,Formal,Jun - Ago,8213.251104
2021,Total nacional,Formal,Formal,Jul - Sep,8379.499542
2021,Total nacional,Formal,Formal,Ago - Oct,8468.644289000002
2021,Total nacional,Formal,Formal,Sep - Nov,8699.100822
2021,Total nacional,Formal,Formal,Oct - Dic,8786.183250666667
2021,Total nacional,Formal,Formal,Nov - Ene,8877.007702666668
2021,Total nacional,Formal,Formal,Dic - Feb,8866.115357
2022,Total nacional,Formal,Formal,Ene - Mar,8871.164574
2022,Total nacional,Formal,Formal,Feb - Abr,8972.862147
2022,Total nacional,Formal,Formal,Mar - May,9209.821490666667
2022,Total nacional,Formal,Formal,Abr - Jun,9319.959230333334
2022,Total nacional,Formal,Formal,May - Jul,9320.579292666667
2022,Total nacional,Formal,Formal,Jun - Ago,9295.435332333333
2022,Total nacional,Formal,Formal,Jul - Sep,9317.692012
2022,Total nacional,Formal,Formal,Ago - Oct,9435.209284333332
2022,Total nacional,Formal,Formal,Sep - Nov,9449.594036333334
2022,Total nacional,Formal,Formal,Oct - Dic,9555.084776000002
2022,Total nacional,Formal,Formal,Nov - Ene,9378.897764333333
2022,Total nacional,Formal,Formal,Dic - Feb,9306.445961
2023,Total nacional,Formal,Formal,Ene - Mar,9275.529452333334
2023,Total nacional,Formal,Formal,Feb - Abr,9606.630535666665
2023,Total nacional,Formal,Formal,Mar - May,9844.298999666666
2023,Total nacional,Formal,Formal,Abr - Jun,10086.912075666667
2023,Total nacional,Formal,Formal,May - Jul,10109.484209666667
2023,Total nacional,Formal,Formal,Jun - Ago,10185.146267999999
2023,Total nacional,Formal,Formal,Jul - Sep,10163.486025
2023,Total nacional,Formal,Formal,Ago - Oct,10240.098126333332
2023,Total nacional,Formal,Formal,Sep - Nov,10298.674289
2023,Total nacional,Formal,Formal,Oct - Dic,10251.100362666666
2023,Total nacional,Formal,Formal,Nov - Ene,10054.055346000001
2023,Total nacional,Formal,Formal,Dic - Feb,9815.573713
2024,Total nacional,Formal,Formal,Ene - Mar,9792.551913333335
2024,Total nacional,Formal,Formal,Feb - Abr,9911.884756
2024,Total nacional,Formal,Formal,Mar - May,10090.831013666668
2024,Total nacional,Formal,Formal,Abr - Jun,10143.182266666667
2024,Total nacional,Formal,Formal,May - Jul,10172.497691666666
2024,Total nacional,Formal,Formal,Jun - Ago,10204.013674
2024,Total nacional,Formal,Formal,Jul - Sep,10280.891537666668
2024,Total nacional,Formal,Formal,Ago - Oct,10365.881872
2024,Total nacional,Formal,Formal,Sep - Nov,10452.200478666668
2024,Total nacional,Formal,Formal,Oct - Dic,10416.460848333334
2024,Total nacional,Formal,Formal,Nov - Ene,10278.111016
2024,Total nacional,Formal,Formal,Dic - Feb,10070.076338
2025,Total nacional,Formal,Formal,Ene - Mar,10004.248083
2025,Total nacional,Formal,Formal,Feb - Abr,10193.976907
2025,Total nacional,Formal,Formal,Mar - May,10415.646119
2025,Total nacional,Formal,Formal,Abr - Jun,10633.526133
2025,Total nacional,Formal,Formal,May - Jul,10707.799927
2025,Total nacional,Formal,Formal,Jun - Ago,10686.791196
2025,Total nacional,Formal,Formal,Jul - Sep,10754.485423
2025,Total nacional,Formal,Formal,Ago - Oct,10710.24066
2025,Total nacional,Formal,Formal,Sep - Nov,10848.084908
2025,Total nacional,Formal,Formal,Oct - Dic,10811.989069
2025,Total nacional,Formal,Formal,Nov - Ene,10726.999686
2025,Total nacional,Formal,Formal,Dic - Feb,10659.72814
2026,Total nacional,Formal,Formal,Ene - Mar,10672.697775
2026,Total nacional,Formal,Formal,Feb - Abr,10896.187587
2021,Total nacional,Formal,Ninguno,Ene - Mar,230.70326766666668
2021,Total nacional,Formal,Ninguno,Feb - Abr,224.20431366666665
2021,Total nacional,Formal,Ninguno,Mar - May,245.421367
2021,Total nacional,Formal,Ninguno,Abr - Jun,218.37273866666666
2021,Total nacional,Formal,Ninguno,May - Jul,233.73649133333333
2021,Total nacional,Formal,Ninguno,Jun - Ago,236.94171733333337
2021,Total nacional,Formal,Ninguno,Jul - Sep,250.49838599999998
2021,Total nacional,Formal,Ninguno,Ago - Oct,252.74971000000002
2021,Total nacional,Formal,Ninguno,Sep - Nov,262.3479173333333
2021,Total nacional,Formal,Ninguno,Oct - Dic,265.49198500000006
2021,Total nacional,Formal,Ninguno,Nov - Ene,265.841791
2021,Total nacional,Formal,Ninguno,Dic - Feb,252.45666833333334
2022,Total nacional,Formal,Ninguno,Ene - Mar,253.46629899999996
2022,Total nacional,Formal,Ninguno,Feb - Abr,240.32331333333332
2022,Total nacional,Formal,Ninguno,Mar - May,253.81947133333333
2022,Total nacional,Formal,Ninguno,Abr - Jun,263.667856
2022,Total nacional,Formal,Ninguno,May - Jul,269.93649166666665
2022,Total nacional,Formal,Ninguno,Jun - Ago,266.45378933333336
2022,Total nacional,Formal,Ninguno,Jul - Sep,270.22266566666667
2022,Total nacional,Formal,Ninguno,Ago - Oct,293.6525903333333
2022,Total nacional,Formal,Ninguno,Sep - Nov,292.7141473333333
2022,Total nacional,Formal,Ninguno,Oct - Dic,292.11980966666664
2022,Total nacional,Formal,Ninguno,Nov - Ene,264.339946
2022,Total nacional,Formal,Ninguno,Dic - Feb,248.70772433333332
2023,Total nacional,Formal,Ninguno,Ene - Mar,246.849318
2023,Total nacional,Formal,Ninguno,Feb - Abr,270.21618166666667
2023,Total nacional,Formal,Ninguno,Mar - May,279.8978456666667
2023,Total nacional,Formal,Ninguno,Abr - Jun,301.6015253333333
2023,Total nacional,Formal,Ninguno,May - Jul,279.87152100000003
2023,Total nacional,Formal,Ninguno,Jun - Ago,300.570589
2023,Total nacional,Formal,Ninguno,Jul - Sep,270.63734833333336
2023,Total nacional,Formal,Ninguno,Ago - Oct,298.90306499999997
2023,Total nacional,Formal,Ninguno,Sep - Nov,278.86465
2023,Total nacional,Formal,Ninguno,Oct - Dic,289.50326366666667
2023,Total nacional,Formal,Ninguno,Nov - Ene,262.5041156666667
2023,Total nacional,Formal,Ninguno,Dic - Feb,252.55331433333336
2024,Total nacional,Formal,Ninguno,Ene - Mar,244.316905
2024,Total nacional,Formal,Ninguno,Feb - Abr,247.57143599999998
2024,Total nacional,Formal,Ninguno,Mar - May,255.8384126666667
2024,Total nacional,Formal,Ninguno,Abr - Jun,262.70342999999997
2024,Total nacional,Formal,Ninguno,May - Jul,266.101731
2024,Total nacional,Formal,Ninguno,Jun - Ago,261.41543566666667
2024,Total nacional,Formal,Ninguno,Jul - Sep,247.95295133333332
2024,Total nacional,Formal,Ninguno,Ago - Oct,264.00450333333333
2024,Total nacional,Formal,Ninguno,Sep - Nov,271.44696300000004
2024,Total nacional,Formal,Ninguno,Oct - Dic,273.60574133333336
2024,Total nacional,Formal,Ninguno,Nov - Ene,256.214647
2024,Total nacional,Formal,Ninguno,Dic - Feb,234.066325
2025,Total nacional,Formal,Ninguno,Ene - Mar,227.920242
2025,Total nacional,Formal,Ninguno,Feb - Abr,222.637202
2025,Total nacional,Formal,Ninguno,Mar - May,250.510849
2025,Total nacional,Formal,Ninguno,Abr - Jun,266.979113
2025,Total nacional,Formal,Ninguno,May - Jul,266.815898
2025,Total nacional,Formal,Ninguno,Jun - Ago,245.066759
2025,Total nacional,Formal,Ninguno,Jul - Sep,235.722264
2025,Total nacional,Formal,Ninguno,Ago - Oct,247.95061
2025,Total nacional,Formal,Ninguno,Sep - Nov,251.756738
2025,Total nacional,Formal,Ninguno,Oct - Dic,236.323826
2025,Total nacional,Formal,Ninguno,Nov - Ene,209.805534
2025,Total nacional,Formal,Ninguno,Dic - Feb,209.383914
2026,Total nacional,Formal,Ninguno,Ene - Mar,217.034709
2026,Total nacional,Formal,Ninguno,Feb - Abr,232.769674
2021,Total nacional,Formal,Básica primaria,Ene - Mar,708.380975
2021,Total nacional,Formal,Básica primaria,Feb - Abr,711.7116609999999
2021,Total nacional,Formal,Básica primaria,Mar - May,742.7952826666666
2021,Total nacional,Formal,Básica primaria,Abr - Jun,703.4676203333333
2021,Total nacional,Formal,Básica primaria,May - Jul,688.2432130000001
2021,Total nacional,Formal,Básica primaria,Jun - Ago,674.3605016666667
2021,Total nacional,Formal,Básica primaria,Jul - Sep,681.2252716666667
2021,Total nacional,Formal,Básica primaria,Ago - Oct,739.2016519999999
2021,Total nacional,Formal,Básica primaria,Sep - Nov,764.1500336666667
2021,Total nacional,Formal,Básica primaria,Oct - Dic,781.7804356666666
2021,Total nacional,Formal,Básica primaria,Nov - Ene,758.8961233333333
2021,Total nacional,Formal,Básica primaria,Dic - Feb,744.8904200000001
2022,Total nacional,Formal,Básica primaria,Ene - Mar,729.9359146666666
2022,Total nacional,Formal,Básica primaria,Feb - Abr,741.1890149999999
2022,Total nacional,Formal,Básica primaria,Mar - May,759.0124426666666
2022,Total nacional,Formal,Básica primaria,Abr - Jun,785.0832083333333
2022,Total nacional,Formal,Básica primaria,May - Jul,768.1649766666666
2022,Total nacional,Formal,Básica primaria,Jun - Ago,775.2808913333333
2022,Total nacional,Formal,Básica primaria,Jul - Sep,776.6426183333333
2022,Total nacional,Formal,Básica primaria,Ago - Oct,797.0893503333333
2022,Total nacional,Formal,Básica primaria,Sep - Nov,787.0951623333334
2022,Total nacional,Formal,Básica primaria,Oct - Dic,753.3017396666668
2022,Total nacional,Formal,Básica primaria,Nov - Ene,719.7920743333334
2022,Total nacional,Formal,Básica primaria,Dic - Feb,733.5926203333333
2023,Total nacional,Formal,Básica primaria,Ene - Mar,773.944641
2023,Total nacional,Formal,Básica primaria,Feb - Abr,800.7044893333333
2023,Total nacional,Formal,Básica primaria,Mar - May,792.1190953333335
2023,Total nacional,Formal,Básica primaria,Abr - Jun,804.1529903333334
2023,Total nacional,Formal,Básica primaria,May - Jul,815.3398956666666
2023,Total nacional,Formal,Básica primaria,Jun - Ago,809.7482913333333
2023,Total nacional,Formal,Básica primaria,Jul - Sep,807.1817903333334
2023,Total nacional,Formal,Básica primaria,Ago - Oct,849.7549956666667
2023,Total nacional,Formal,Básica primaria,Sep - Nov,844.7603756666667
2023,Total nacional,Formal,Básica primaria,Oct - Dic,782.6545816666667
2023,Total nacional,Formal,Básica primaria,Nov - Ene,732.2375753333332
2023,Total nacional,Formal,Básica primaria,Dic - Feb,728.9160820000001
2024,Total nacional,Formal,Básica primaria,Ene - Mar,800.1675543333332
2024,Total nacional,Formal,Básica primaria,Feb - Abr,799.158269
2024,Total nacional,Formal,Básica primaria,Mar - May,821.648079
2024,Total nacional,Formal,Básica primaria,Abr - Jun,805.603208
2024,Total nacional,Formal,Básica primaria,May - Jul,813.6394346666667
2024,Total nacional,Formal,Básica primaria,Jun - Ago,811.0230626666666
2024,Total nacional,Formal,Básica primaria,Jul - Sep,829.2859923333334
2024,Total nacional,Formal,Básica primaria,Ago - Oct,877.4489530000001
2024,Total nacional,Formal,Básica primaria,Sep - Nov,862.3704853333334
2024,Total nacional,Formal,Básica primaria,Oct - Dic,840.1419816666667
2024,Total nacional,Formal,Básica primaria,Nov - Ene,788.84849
2024,Total nacional,Formal,Básica primaria,Dic - Feb,804.397395
2025,Total nacional,Formal,Básica primaria,Ene - Mar,834.544376
2025,Total nacional,Formal,Básica primaria,Feb - Abr,861.574575
2025,Total nacional,Formal,Básica primaria,Mar - May,836.156124
2025,Total nacional,Formal,Básica primaria,Abr - Jun,793.123553
2025,Total nacional,Formal,Básica primaria,May - Jul,773.968232
2025,Total nacional,Formal,Básica primaria,Jun - Ago,826.675392
2025,Total nacional,Formal,Básica primaria,Jul - Sep,829.174369
2025,Total nacional,Formal,Básica primaria,Ago - Oct,867.110349
2025,Total nacional,Formal,Básica primaria,Sep - Nov,849.994958
2025,Total nacional,Formal,Básica primaria,Oct - Dic,869.390778
2025,Total nacional,Formal,Básica primaria,Nov - Ene,812.183907
2025,Total nacional,Formal,Básica primaria,Dic - Feb,747.261228
2026,Total nacional,Formal,Básica primaria,Ene - Mar,771.857612
2026,Total nacional,Formal,Básica primaria,Feb - Abr,762.991831
2021,Total nacional,Formal,Básica secundaria^,Ene - Mar,210.98157066666667
2021,Total nacional,Formal,Básica secundaria^,Feb - Abr,213.3936613333333
2021,Total nacional,Formal,Básica secundaria^,Mar - May,233.3330546666667
2021,Total nacional,Formal,Básica secundaria^,Abr - Jun,214.18337333333332
2021,Total nacional,Formal,Básica secundaria^,May - Jul,212.97445833333336
2021,Total nacional,Formal,Básica secundaria^,Jun - Ago,194.81249766666667
2021,Total nacional,Formal,Básica secundaria^,Jul - Sep,201.530215
2021,Total nacional,Formal,Básica secundaria^,Ago - Oct,215.1764873333333
2021,Total nacional,Formal,Básica secundaria^,Sep - Nov,222.37847966666664
2021,Total nacional,Formal,Básica secundaria^,Oct - Dic,231.21715099999997
2021,Total nacional,Formal,Básica secundaria^,Nov - Ene,227.128991
2021,Total nacional,Formal,Básica secundaria^,Dic - Feb,250.20989766666665
2022,Total nacional,Formal,Básica secundaria^,Ene - Mar,235.222743
2022,Total nacional,Formal,Básica secundaria^,Feb - Abr,224.66626
2022,Total nacional,Formal,Básica secundaria^,Mar - May,208.27470666666667
2022,Total nacional,Formal,Básica secundaria^,Abr - Jun,216.981345
2022,Total nacional,Formal,Básica secundaria^,May - Jul,228.59402866666665
2022,Total nacional,Formal,Básica secundaria^,Jun - Ago,241.33893566666666
2022,Total nacional,Formal,Básica secundaria^,Jul - Sep,235.35231799999997
2022,Total nacional,Formal,Básica secundaria^,Ago - Oct,232.702058
2022,Total nacional,Formal,Básica secundaria^,Sep - Nov,234.02862100000002
2022,Total nacional,Formal,Básica secundaria^,Oct - Dic,237.3699993333333
2022,Total nacional,Formal,Básica secundaria^,Nov - Ene,228.24559166666666
2022,Total nacional,Formal,Básica secundaria^,Dic - Feb,207.12569600000003
2023,Total nacional,Formal,Básica secundaria^,Ene - Mar,204.72824066666666
2023,Total nacional,Formal,Básica secundaria^,Feb - Abr,212.0924633333333
2023,Total nacional,Formal,Básica secundaria^,Mar - May,223.85579599999997
2023,Total nacional,Formal,Básica secundaria^,Abr - Jun,257.2963546666667
2023,Total nacional,Formal,Básica secundaria^,May - Jul,256.0011796666667
2023,Total nacional,Formal,Básica secundaria^,Jun - Ago,267.499478
2023,Total nacional,Formal,Básica secundaria^,Jul - Sep,237.87703733333333
2023,Total nacional,Formal,Básica secundaria^,Ago - Oct,254.88918833333332
2023,Total nacional,Formal,Básica secundaria^,Sep - Nov,249.75363533333334
2023,Total nacional,Formal,Básica secundaria^,Oct - Dic,247.3975596666667
2023,Total nacional,Formal,Básica secundaria^,Nov - Ene,233.86881833333334
2023,Total nacional,Formal,Básica secundaria^,Dic - Feb,228.85726100000002
2024,Total nacional,Formal,Básica secundaria^,Ene - Mar,247.991975
2024,Total nacional,Formal,Básica secundaria^,Feb - Abr,246.77351433333334
2024,Total nacional,Formal,Básica secundaria^,Mar - May,251.21858066666664
2024,Total nacional,Formal,Básica secundaria^,Abr - Jun,242.68501433333336
2024,Total nacional,Formal,Básica secundaria^,May - Jul,230.811228
2024,Total nacional,Formal,Básica secundaria^,Jun - Ago,226.24140933333334
2024,Total nacional,Formal,Básica secundaria^,Jul - Sep,205.87217066666665
2024,Total nacional,Formal,Básica secundaria^,Ago - Oct,229.99776533333332
2024,Total nacional,Formal,Básica secundaria^,Sep - Nov,246.64123666666669
2024,Total nacional,Formal,Básica secundaria^,Oct - Dic,251.95539500000004
2024,Total nacional,Formal,Básica secundaria^,Nov - Ene,240.491529
2024,Total nacional,Formal,Básica secundaria^,Dic - Feb,213.1396
2025,Total nacional,Formal,Básica secundaria^,Ene - Mar,209.879395
2025,Total nacional,Formal,Básica secundaria^,Feb - Abr,211.571097
2025,Total nacional,Formal,Básica secundaria^,Mar - May,245.754863
2025,Total nacional,Formal,Básica secundaria^,Abr - Jun,270.426861
2025,Total nacional,Formal,Básica secundaria^,May - Jul,274.642502
2025,Total nacional,Formal,Básica secundaria^,Jun - Ago,250.589708
2025,Total nacional,Formal,Básica secundaria^,Jul - Sep,234.421521
2025,Total nacional,Formal,Básica secundaria^,Ago - Oct,238.644596
2025,Total nacional,Formal,Básica secundaria^,Sep - Nov,253.542382
2025,Total nacional,Formal,Básica secundaria^,Oct - Dic,270.009075
2025,Total nacional,Formal,Básica secundaria^,Nov - Ene,265.268808
2025,Total nacional,Formal,Básica secundaria^,Dic - Feb,249.597688
2026,Total nacional,Formal,Básica secundaria^,Ene - Mar,231.326389
2026,Total nacional,Formal,Básica secundaria^,Feb - Abr,218.102534
2021,Total nacional,Formal,Educación media*^,Ene - Mar,2706.9508226666667
2021,Total nacional,Formal,Educación media*^,Feb - Abr,2776.736135333333
2021,Total nacional,Formal,Educación media*^,Mar - May,2777.2955376666664
2021,Total nacional,Formal,Educación media*^,Abr - Jun,2856.6226913333335
2021,Total nacional,Formal,Educación media*^,May - Jul,2911.4391183333337
2021,Total nacional,Formal,Educación media*^,Jun - Ago,2920.960479
2021,Total nacional,Formal,Educación media*^,Jul - Sep,2973.506520333334
2021,Total nacional,Formal,Educación media*^,Ago - Oct,3039.498575666667
2021,Total nacional,Formal,Educación media*^,Sep - Nov,3132.629266666667
2021,Total nacional,Formal,Educación media*^,Oct - Dic,3127.0792143333333
2021,Total nacional,Formal,Educación media*^,Nov - Ene,3132.6403043333335
2021,Total nacional,Formal,Educación media*^,Dic - Feb,3142.9937276666665
2022,Total nacional,Formal,Educación media*^,Ene - Mar,3142.549563
2022,Total nacional,Formal,Educación media*^,Feb - Abr,3170.6418816666664
2022,Total nacional,Formal,Educación media*^,Mar - May,3216.6991403333336
2022,Total nacional,Formal,Educación media*^,Abr - Jun,3282.9395836666667
2022,Total nacional,Formal,Educación media*^,May - Jul,3275.555422666667
2022,Total nacional,Formal,Educación media*^,Jun - Ago,3253.910835666667
2022,Total nacional,Formal,Educación media*^,Jul - Sep,3239.1853646666664
2022,Total nacional,Formal,Educación media*^,Ago - Oct,3346.9669476666663
2022,Total nacional,Formal,Educación media*^,Sep - Nov,3364.782306333333
2022,Total nacional,Formal,Educación media*^,Oct - Dic,3403.9530833333333
2022,Total nacional,Formal,Educación media*^,Nov - Ene,3268.980743
2022,Total nacional,Formal,Educación media*^,Dic - Feb,3296.213029666667
2023,Total nacional,Formal,Educación media*^,Ene - Mar,3255.268143
2023,Total nacional,Formal,Educación media*^,Feb - Abr,3391.571308666667
2023,Total nacional,Formal,Educación media*^,Mar - May,3441.6882103333337
2023,Total nacional,Formal,Educación media*^,Abr - Jun,3532.4126926666668
2023,Total nacional,Formal,Educación media*^,May - Jul,3522.548659
2023,Total nacional,Formal,Educación media*^,Jun - Ago,3524.5429259999996
2023,Total nacional,Formal,Educación media*^,Jul - Sep,3512.5678253333335
2023,Total nacional,Formal,Educación media*^,Ago - Oct,3551.5234546666666
2023,Total nacional,Formal,Educación media*^,Sep - Nov,3633.4175149999996
2023,Total nacional,Formal,Educación media*^,Oct - Dic,3685.750226666667
2023,Total nacional,Formal,Educación media*^,Nov - Ene,3618.0349260000003
2023,Total nacional,Formal,Educación media*^,Dic - Feb,3495.093836
2024,Total nacional,Formal,Educación media*^,Ene - Mar,3459.1786233333332
2024,Total nacional,Formal,Educación media*^,Feb - Abr,3458.3984823333335
2024,Total nacional,Formal,Educación media*^,Mar - May,3513.968836
2024,Total nacional,Formal,Educación media*^,Abr - Jun,3545.393969
2024,Total nacional,Formal,Educación media*^,May - Jul,3585.6794976666665
2024,Total nacional,Formal,Educación media*^,Jun - Ago,3600.33495
2024,Total nacional,Formal,Educación media*^,Jul - Sep,3636.670006
2024,Total nacional,Formal,Educación media*^,Ago - Oct,3710.8976456666664
2024,Total nacional,Formal,Educación media*^,Sep - Nov,3784.0849393333338
2024,Total nacional,Formal,Educación media*^,Oct - Dic,3816.5540939999996
2024,Total nacional,Formal,Educación media*^,Nov - Ene,3770.420587
2024,Total nacional,Formal,Educación media*^,Dic - Feb,3778.736736
2025,Total nacional,Formal,Educación media*^,Ene - Mar,3792.779447
2025,Total nacional,Formal,Educación media*^,Feb - Abr,3777.369217
2025,Total nacional,Formal,Educación media*^,Mar - May,3815.448305
2025,Total nacional,Formal,Educación media*^,Abr - Jun,3772.970779
2025,Total nacional,Formal,Educación media*^,May - Jul,3899.976561
2025,Total nacional,Formal,Educación media*^,Jun - Ago,3808.863513
2025,Total nacional,Formal,Educación media*^,Jul - Sep,3900.950268
2025,Total nacional,Formal,Educación media*^,Ago - Oct,3826.599523
2025,Total nacional,Formal,Educación media*^,Sep - Nov,3917.034673
2025,Total nacional,Formal,Educación media*^,Oct - Dic,3903.437184
2025,Total nacional,Formal,Educación media*^,Nov - Ene,3813.200999
2025,Total nacional,Formal,Educación media*^,Dic - Feb,3737.299443
2026,Total nacional,Formal,Educación media*^,Ene - Mar,3672.668346
2026,Total nacional,Formal,Educación media*^,Feb - Abr,3821.588909
2021,Total nacional,Formal,Técnica profesional y Tecnológica^^,Ene - Mar,1297.1084326666667
2021,Total nacional,Formal,Técnica profesional y Tecnológica^^,Feb - Abr,1340.6505153333335
2021,Total nacional,Formal,Técnica profesional y Tecnológica^^,Mar - May,1431.5517026666666
2021,Total nacional,Formal,Técnica profesional y Tecnológica^^,Abr - Jun,1495.4442946666668
2021,Total nacional,Formal,Técnica profesional y Tecnológica^^,May - Jul,1507.6845773333334
2021,Total nacional,Formal,Técnica profesional y Tecnológica^^,Jun - Ago,1499.710197333333
2021,Total nacional,Formal,Técnica profesional y Tecnológica^^,Jul - Sep,1531.3845520000002
2021,Total nacional,Formal,Técnica profesional y Tecnológica^^,Ago - Oct,1522.403875
2021,Total nacional,Formal,Técnica profesional y Tecnológica^^,Sep - Nov,1516.9931796666667
2021,Total nacional,Formal,Técnica profesional y Tecnológica^^,Oct - Dic,1491.329536
2021,Total nacional,Formal,Técnica profesional y Tecnológica^^,Nov - Ene,1534.114243
2021,Total nacional,Formal,Técnica profesional y Tecnológica^^,Dic - Feb,1589.5035636666664
2022,Total nacional,Formal,Técnica profesional y Tecnológica^^,Ene - Mar,1637.7187626666666
2022,Total nacional,Formal,Técnica profesional y Tecnológica^^,Feb - Abr,1695.4788056666666
2022,Total nacional,Formal,Técnica profesional y Tecnológica^^,Mar - May,1756.656551666667
2022,Total nacional,Formal,Técnica profesional y Tecnológica^^,Abr - Jun,1778.9344963333333
2022,Total nacional,Formal,Técnica profesional y Tecnológica^^,May - Jul,1758.974606
2022,Total nacional,Formal,Técnica profesional y Tecnológica^^,Jun - Ago,1751.5122313333334
2022,Total nacional,Formal,Técnica profesional y Tecnológica^^,Jul - Sep,1783.5364036666667
2022,Total nacional,Formal,Técnica profesional y Tecnológica^^,Ago - Oct,1764.2364883333332
2022,Total nacional,Formal,Técnica profesional y Tecnológica^^,Sep - Nov,1745.1819860000003
2022,Total nacional,Formal,Técnica profesional y Tecnológica^^,Oct - Dic,1733.9358339999999
2022,Total nacional,Formal,Técnica profesional y Tecnológica^^,Nov - Ene,1771.9190986666665
2022,Total nacional,Formal,Técnica profesional y Tecnológica^^,Dic - Feb,1765.3067296666666
2023,Total nacional,Formal,Técnica profesional y Tecnológica^^,Ene - Mar,1749.198857333333
2023,Total nacional,Formal,Técnica profesional y Tecnológica^^,Feb - Abr,1827.3583893333332
2023,Total nacional,Formal,Técnica profesional y Tecnológica^^,Mar - May,1934.4716763333333
2023,Total nacional,Formal,Técnica profesional y Tecnológica^^,Abr - Jun,2009.8279233333333
2023,Total nacional,Formal,Técnica profesional y Tecnológica^^,May - Jul,1972.9590086666667
2023,Total nacional,Formal,Técnica profesional y Tecnológica^^,Jun - Ago,1938.376459
2023,Total nacional,Formal,Técnica profesional y Tecnológica^^,Jul - Sep,1939.8089943333334
2023,Total nacional,Formal,Técnica profesional y Tecnológica^^,Ago - Oct,1909.1865463333334
2023,Total nacional,Formal,Técnica profesional y Tecnológica^^,Sep - Nov,1912.3984946666667
2023,Total nacional,Formal,Técnica profesional y Tecnológica^^,Oct - Dic,1868.9437623333333
2023,Total nacional,Formal,Técnica profesional y Tecnológica^^,Nov - Ene,1939.2567040000001
2023,Total nacional,Formal,Técnica profesional y Tecnológica^^,Dic - Feb,1924.765144
2024,Total nacional,Formal,Técnica profesional y Tecnológica^^,Ene - Mar,1948.6639750000002
2024,Total nacional,Formal,Técnica profesional y Tecnológica^^,Feb - Abr,1928.692196
2024,Total nacional,Formal,Técnica profesional y Tecnológica^^,Mar - May,1958.5221856666667
2024,Total nacional,Formal,Técnica profesional y Tecnológica^^,Abr - Jun,1947.9275543333333
2024,Total nacional,Formal,Técnica profesional y Tecnológica^^,May - Jul,1982.6755263333334
2024,Total nacional,Formal,Técnica profesional y Tecnológica^^,Jun - Ago,2030.5159703333331
2024,Total nacional,Formal,Técnica profesional y Tecnológica^^,Jul - Sep,2046.1828636666667
2024,Total nacional,Formal,Técnica profesional y Tecnológica^^,Ago - Oct,2012.2651326666667
2024,Total nacional,Formal,Técnica profesional y Tecnológica^^,Sep - Nov,1980.7171516666667
2024,Total nacional,Formal,Técnica profesional y Tecnológica^^,Oct - Dic,1936.1775989999999
2024,Total nacional,Formal,Técnica profesional y Tecnológica^^,Nov - Ene,1912.699023
2024,Total nacional,Formal,Técnica profesional y Tecnológica^^,Dic - Feb,1872.574708
2025,Total nacional,Formal,Técnica profesional y Tecnológica^^,Ene - Mar,1906.562427
2025,Total nacional,Formal,Técnica profesional y Tecnológica^^,Feb - Abr,1992.092895
2025,Total nacional,Formal,Técnica profesional y Tecnológica^^,Mar - May,2092.722142
2025,Total nacional,Formal,Técnica profesional y Tecnológica^^,Abr - Jun,2204.424292
2025,Total nacional,Formal,Técnica profesional y Tecnológica^^,May - Jul,2193.379312
2025,Total nacional,Formal,Técnica profesional y Tecnológica^^,Jun - Ago,2165.294782
2025,Total nacional,Formal,Técnica profesional y Tecnológica^^,Jul - Sep,2122.338743
2025,Total nacional,Formal,Técnica profesional y Tecnológica^^,Ago - Oct,2116.287125
2025,Total nacional,Formal,Técnica profesional y Tecnológica^^,Sep - Nov,2099.052041
2025,Total nacional,Formal,Técnica profesional y Tecnológica^^,Oct - Dic,2065.779987
2025,Total nacional,Formal,Técnica profesional y Tecnológica^^,Nov - Ene,2094.104877
2025,Total nacional,Formal,Técnica profesional y Tecnológica^^,Dic - Feb,2124.195338
2026,Total nacional,Formal,Técnica profesional y Tecnológica^^,Ene - Mar,2136.08206
2026,Total nacional,Formal,Técnica profesional y Tecnológica^^,Feb - Abr,2171.86176
2021,Total nacional,Formal,Universitaria,Ene - Mar,1670.252952
2021,Total nacional,Formal,Universitaria,Feb - Abr,1740.7200003333335
2021,Total nacional,Formal,Universitaria,Mar - May,1779.3524216666667
2021,Total nacional,Formal,Universitaria,Abr - Jun,1838.0139463333333
2021,Total nacional,Formal,Universitaria,May - Jul,1868.7346773333331
2021,Total nacional,Formal,Universitaria,Jun - Ago,1862.8713853333336
2021,Total nacional,Formal,Universitaria,Jul - Sep,1888.519971
2021,Total nacional,Formal,Universitaria,Ago - Oct,1895.605432
2021,Total nacional,Formal,Universitaria,Sep - Nov,1966.142569333333
2021,Total nacional,Formal,Universitaria,Oct - Dic,2010.7987306666666
2021,Total nacional,Formal,Universitaria,Nov - Ene,2036.146386333333
2021,Total nacional,Formal,Universitaria,Dic - Feb,2006.3145636666668
2022,Total nacional,Formal,Universitaria,Ene - Mar,1967.7258893333335
2022,Total nacional,Formal,Universitaria,Feb - Abr,1997.4603203333334
2022,Total nacional,Formal,Universitaria,Mar - May,2070.6915623333334
2022,Total nacional,Formal,Universitaria,Abr - Jun,2064.4491883333335
2022,Total nacional,Formal,Universitaria,May - Jul,2072.065497333333
2022,Total nacional,Formal,Universitaria,Jun - Ago,2053.564223
2022,Total nacional,Formal,Universitaria,Jul - Sep,2046.3900336666668
2022,Total nacional,Formal,Universitaria,Ago - Oct,2013.9531783333332
2022,Total nacional,Formal,Universitaria,Sep - Nov,1983.9088406666667
2022,Total nacional,Formal,Universitaria,Oct - Dic,2056.2658646666664
2022,Total nacional,Formal,Universitaria,Nov - Ene,2085.545017
2022,Total nacional,Formal,Universitaria,Dic - Feb,2079.813495
2023,Total nacional,Formal,Universitaria,Ene - Mar,2074.148534666667
2023,Total nacional,Formal,Universitaria,Feb - Abr,2059.5632736666666
2023,Total nacional,Formal,Universitaria,Mar - May,2066.2812950000002
2023,Total nacional,Formal,Universitaria,Abr - Jun,2060.135270333333
2023,Total nacional,Formal,Universitaria,May - Jul,2120.3840450000002
2023,Total nacional,Formal,Universitaria,Jun - Ago,2195.711277666667
2023,Total nacional,Formal,Universitaria,Jul - Sep,2252.671683666667
2023,Total nacional,Formal,Universitaria,Ago - Oct,2240.5747733333333
2023,Total nacional,Formal,Universitaria,Sep - Nov,2233.5271903333337
2023,Total nacional,Formal,Universitaria,Oct - Dic,2188.1268440000003
2023,Total nacional,Formal,Universitaria,Nov - Ene,2140.4930823333334
2023,Total nacional,Formal,Universitaria,Dic - Feb,2091.42142
2024,Total nacional,Formal,Universitaria,Ene - Mar,2067.2529383333335
2024,Total nacional,Formal,Universitaria,Feb - Abr,2139.9073436666663
2024,Total nacional,Formal,Universitaria,Mar - May,2174.5166286666663
2024,Total nacional,Formal,Universitaria,Abr - Jun,2195.694203333333
2024,Total nacional,Formal,Universitaria,May - Jul,2139.0998383333335
2024,Total nacional,Formal,Universitaria,Jun - Ago,2130.989234
2024,Total nacional,Formal,Universitaria,Jul - Sep,2167.0818636666663
2024,Total nacional,Formal,Universitaria,Ago - Oct,2174.7488980000003
2024,Total nacional,Formal,Universitaria,Sep - Nov,2201.2166983333336
2024,Total nacional,Formal,Universitaria,Oct - Dic,2189.360615333333
2024,Total nacional,Formal,Universitaria,Nov - Ene,2189.729193
2024,Total nacional,Formal,Universitaria,Dic - Feb,2118.821396
2025,Total nacional,Formal,Universitaria,Ene - Mar,2040.600919
2025,Total nacional,Formal,Universitaria,Feb - Abr,2085.923979
2025,Total nacional,Formal,Universitaria,Mar - May,2088.207832
2025,Total nacional,Formal,Universitaria,Abr - Jun,2197.515466
2025,Total nacional,Formal,Universitaria,May - Jul,2202.895409
2025,Total nacional,Formal,Universitaria,Jun - Ago,2290.208502
2025,Total nacional,Formal,Universitaria,Jul - Sep,2316.093974
2025,Total nacional,Formal,Universitaria,Ago - Oct,2293.928094
2025,Total nacional,Formal,Universitaria,Sep - Nov,2318.913222
2025,Total nacional,Formal,Universitaria,Oct - Dic,2287.295435
2025,Total nacional,Formal,Universitaria,Nov - Ene,2324.09991
2025,Total nacional,Formal,Universitaria,Dic - Feb,2332.161654
2026,Total nacional,Formal,Universitaria,Ene - Mar,2333.386095
2026,Total nacional,Formal,Universitaria,Feb - Abr,2354.515542
2021,Total nacional,Formal,Posgrado,Ene - Mar,690.2968043333334
2021,Total nacional,Formal,Posgrado,Feb - Abr,729.4092890000001
2021,Total nacional,Formal,Posgrado,Mar - May,767.1369753333333
2021,Total nacional,Formal,Posgrado,Abr - Jun,759.3583603333333
2021,Total nacional,Formal,Posgrado,May - Jul,795.091812
2021,Total nacional,Formal,Posgrado,Jun - Ago,810.6971196666667
2021,Total nacional,Formal,Posgrado,Jul - Sep,847.122772
2021,Total nacional,Formal,Posgrado,Ago - Oct,786.293567
2021,Total nacional,Formal,Posgrado,Sep - Nov,790.8151036666667
2021,Total nacional,Formal,Posgrado,Oct - Dic,810.7209506666667
2021,Total nacional,Formal,Posgrado,Nov - Ene,853.9495743333333
2021,Total nacional,Formal,Posgrado,Dic - Feb,833.1363903333335
2022,Total nacional,Formal,Posgrado,Ene - Mar,876.518616
2022,Total nacional,Formal,Posgrado,Feb - Abr,890.4564746666666
2022,Total nacional,Formal,Posgrado,Mar - May,937.7571913333333
2022,Total nacional,Formal,Posgrado,Abr - Jun,926.440491
2022,Total nacional,Formal,Posgrado,May - Jul,943.9658519999999
2022,Total nacional,Formal,Posgrado,Jun - Ago,949.340568
2022,Total nacional,Formal,Posgrado,Jul - Sep,962.9581406666666
2022,Total nacional,Formal,Posgrado,Ago - Oct,985.2999663333334
2022,Total nacional,Formal,Posgrado,Sep - Nov,1038.4408236666666
2022,Total nacional,Formal,Posgrado,Oct - Dic,1074.876477
2022,Total nacional,Formal,Posgrado,Nov - Ene,1036.5248709999998
2022,Total nacional,Formal,Posgrado,Dic - Feb,975.288402
2023,Total nacional,Formal,Posgrado,Ene - Mar,967.9484073333333
2023,Total nacional,Formal,Posgrado,Feb - Abr,1042.064838
2023,Total nacional,Formal,Posgrado,Mar - May,1101.6798723333334
2023,Total nacional,Formal,Posgrado,Abr - Jun,1120.2251566666666
2023,Total nacional,Formal,Posgrado,May - Jul,1138.3188886666667
2023,Total nacional,Formal,Posgrado,Jun - Ago,1141.0700706666667
2023,Total nacional,Formal,Posgrado,Jul - Sep,1129.7145183333332
2023,Total nacional,Formal,Posgrado,Ago - Oct,1116.8867426666666
2023,Total nacional,Formal,Posgrado,Sep - Nov,1126.6151613333334
2023,Total nacional,Formal,Posgrado,Oct - Dic,1169.9349376666667
2023,Total nacional,Formal,Posgrado,Nov - Ene,1116.9776523333333
2023,Total nacional,Formal,Posgrado,Dic - Feb,1087.111826
2024,Total nacional,Formal,Posgrado,Ene - Mar,1021.4639466666666
2024,Total nacional,Formal,Posgrado,Feb - Abr,1082.3727390000001
2024,Total nacional,Formal,Posgrado,Mar - May,1102.2759186666665
2024,Total nacional,Formal,Posgrado,Abr - Jun,1131.5098506666666
2024,Total nacional,Formal,Posgrado,May - Jul,1147.5804523333334
2024,Total nacional,Formal,Posgrado,Jun - Ago,1142.3718159999999
2024,Total nacional,Formal,Posgrado,Jul - Sep,1146.7312043333334
2024,Total nacional,Formal,Posgrado,Ago - Oct,1095.5517253333335
2024,Total nacional,Formal,Posgrado,Sep - Nov,1098.9575653333334
2024,Total nacional,Formal,Posgrado,Oct - Dic,1101.0005576666665
2024,Total nacional,Formal,Posgrado,Nov - Ene,1112.333628
2024,Total nacional,Formal,Posgrado,Dic - Feb,1046.327994
2025,Total nacional,Formal,Posgrado,Ene - Mar,989.366047
2025,Total nacional,Formal,Posgrado,Feb - Abr,1040.560925
2025,Total nacional,Formal,Posgrado,Mar - May,1085.035441
2025,Total nacional,Formal,Posgrado,Abr - Jun,1127.363223
2025,Total nacional,Formal,Posgrado,May - Jul,1095.266481
2025,Total nacional,Formal,Posgrado,Jun - Ago,1097.87975
2025,Total nacional,Formal,Posgrado,Jul - Sep,1114.22506
2025,Total nacional,Formal,Posgrado,Ago - Oct,1118.293822
2025,Total nacional,Formal,Posgrado,Sep - Nov,1157.721613
2025,Total nacional,Formal,Posgrado,Oct - Dic,1177.863591
2025,Total nacional,Formal,Posgrado,Nov - Ene,1206.446459
2025,Total nacional,Formal,Posgrado,Dic - Feb,1257.662932
2026,Total nacional,Formal,Posgrado,Ene - Mar,1309.71297
2026,Total nacional,Formal,Posgrado,Feb - Abr,1332.792705
2021,Total nacional,Informal,Informal,Ene - Mar,12001.55655
2021,Total nacional,Informal,Informal,Feb - Abr,12094.802355666665
2021,Total nacional,Informal,Informal,Mar - May,11874.353662333333
2021,Total nacional,Informal,Informal,Abr - Jun,11809.811104
2021,Total nacional,Informal,Informal,May - Jul,11921.085153666665
2021,Total nacional,Informal,Informal,Jun - Ago,12142.199809666665
2021,Total nacional,Informal,Informal,Jul - Sep,12178.707161999999
2021,Total nacional,Informal,Informal,Ago - Oct,12312.091496333334
2021,Total nacional,Informal,Informal,Sep - Nov,12311.780958666668
2021,Total nacional,Informal,Informal,Oct - Dic,12496.108545333334
2021,Total nacional,Informal,Informal,Nov - Ene,12275.717234999998
2021,Total nacional,Informal,Informal,Dic - Feb,12424.555634999999
2022,Total nacional,Informal,Informal,Ene - Mar,12481.013219
2022,Total nacional,Informal,Informal,Feb - Abr,12799.852262333334
2022,Total nacional,Informal,Informal,Mar - May,12730.840537333332
2022,Total nacional,Informal,Informal,Abr - Jun,12734.958284666667
2022,Total nacional,Informal,Informal,May - Jul,12766.893888333332
2022,Total nacional,Informal,Informal,Jun - Ago,12783.784671333333
2022,Total nacional,Informal,Informal,Jul - Sep,12883.773950333334
2022,Total nacional,Informal,Informal,Ago - Oct,12949.919508666666
2022,Total nacional,Informal,Informal,Sep - Nov,13044.292388666669
2022,Total nacional,Informal,Informal,Oct - Dic,12965.073846666666
2022,Total nacional,Informal,Informal,Nov - Ene,12769.766245
2022,Total nacional,Informal,Informal,Dic - Feb,12757.689636333334
2023,Total nacional,Informal,Informal,Ene - Mar,12897.122399
2023,Total nacional,Informal,Informal,Feb - Abr,12982.818312666664
2023,Total nacional,Informal,Informal,Mar - May,12856.737207
2023,Total nacional,Informal,Informal,Abr - Jun,12700.309772666666
2023,Total nacional,Informal,Informal,May - Jul,12824.349602
2023,Total nacional,Informal,Informal,Jun - Ago,12946.561942333332
2023,Total nacional,Informal,Informal,Jul - Sep,12986.333862
2023,Total nacional,Informal,Informal,Ago - Oct,12876.384211999999
2023,Total nacional,Informal,Informal,Sep - Nov,12825.963076
2023,Total nacional,Informal,Informal,Oct - Dic,12792.781065666668
2023,Total nacional,Informal,Informal,Nov - Ene,12637.433285333333
2023,Total nacional,Informal,Informal,Dic - Feb,12645.046650666665
2024,Total nacional,Informal,Informal,Ene - Mar,12594.984881333336
2024,Total nacional,Informal,Informal,Feb - Abr,12755.663953333331
2024,Total nacional,Informal,Informal,Mar - May,12755.769436
2024,Total nacional,Informal,Informal,Abr - Jun,12795.712739666667
2024,Total nacional,Informal,Informal,May - Jul,12879.178965
2024,Total nacional,Informal,Informal,Jun - Ago,12976.923639666667
2024,Total nacional,Informal,Informal,Jul - Sep,12997.165208666667
2024,Total nacional,Informal,Informal,Ago - Oct,12975.549089333334
2024,Total nacional,Informal,Informal,Sep - Nov,12951.693305666668
2024,Total nacional,Informal,Informal,Oct - Dic,13123.222070666665
2024,Total nacional,Informal,Informal,Nov - Ene,13098.148286
2024,Total nacional,Informal,Informal,Dic - Feb,13260.921476
2025,Total nacional,Informal,Informal,Ene - Mar,13353.986936
2025,Total nacional,Informal,Informal,Feb - Abr,13388.672717
2025,Total nacional,Informal,Informal,Mar - May,13219.455199
2025,Total nacional,Informal,Informal,Abr - Jun,13018.4283
2025,Total nacional,Informal,Informal,May - Jul,13075.14319
2025,Total nacional,Informal,Informal,Jun - Ago,13157.487706
2025,Total nacional,Informal,Informal,Jul - Sep,13147.757827
2025,Total nacional,Informal,Informal,Ago - Oct,13325.525561
2025,Total nacional,Informal,Informal,Sep - Nov,13450.283069
2025,Total nacional,Informal,Informal,Oct - Dic,13585.313668
2025,Total nacional,Informal,Informal,Nov - Ene,13289.432426
2025,Total nacional,Informal,Informal,Dic - Feb,13188.476735
2026,Total nacional,Informal,Informal,Ene - Mar,13218.2902
2026,Total nacional,Informal,Informal,Feb - Abr,13344.835103
2021,Total nacional,Informal,Ninguno,Ene - Mar,2352.7271633333335
2021,Total nacional,Informal,Ninguno,Feb - Abr,2427.5216456666667
2021,Total nacional,Informal,Ninguno,Mar - May,2404.8933513333336
2021,Total nacional,Informal,Ninguno,Abr - Jun,2415.5129003333336
2021,Total nacional,Informal,Ninguno,May - Jul,2431.388751666667
2021,Total nacional,Informal,Ninguno,Jun - Ago,2429.1507803333334
2021,Total nacional,Informal,Ninguno,Jul - Sep,2398.7762576666664
2021,Total nacional,Informal,Ninguno,Ago - Oct,2377.2354943333335
2021,Total nacional,Informal,Ninguno,Sep - Nov,2361.848732666667
2021,Total nacional,Informal,Ninguno,Oct - Dic,2396.696350333333
2021,Total nacional,Informal,Ninguno,Nov - Ene,2319.1992173333333
2021,Total nacional,Informal,Ninguno,Dic - Feb,2330.2470630000003
2022,Total nacional,Informal,Ninguno,Ene - Mar,2347.2897933333334
2022,Total nacional,Informal,Ninguno,Feb - Abr,2416.6028253333334
2022,Total nacional,Informal,Ninguno,Mar - May,2476.179795
2022,Total nacional,Informal,Ninguno,Abr - Jun,2429.358793
2022,Total nacional,Informal,Ninguno,May - Jul,2451.3984036666666
2022,Total nacional,Informal,Ninguno,Jun - Ago,2446.138528666667
2022,Total nacional,Informal,Ninguno,Jul - Sep,2492.323264
2022,Total nacional,Informal,Ninguno,Ago - Oct,2478.477988
2022,Total nacional,Informal,Ninguno,Sep - Nov,2490.0190296666665
2022,Total nacional,Informal,Ninguno,Oct - Dic,2487.630497666667
2022,Total nacional,Informal,Ninguno,Nov - Ene,2415.2193176666665
2022,Total nacional,Informal,Ninguno,Dic - Feb,2386.501986333333
2023,Total nacional,Informal,Ninguno,Ene - Mar,2428.277968
2023,Total nacional,Informal,Ninguno,Feb - Abr,2503.133774
2023,Total nacional,Informal,Ninguno,Mar - May,2498.8331463333334
2023,Total nacional,Informal,Ninguno,Abr - Jun,2422.047119
2023,Total nacional,Informal,Ninguno,May - Jul,2463.806189
2023,Total nacional,Informal,Ninguno,Jun - Ago,2491.3048400000002
2023,Total nacional,Informal,Ninguno,Jul - Sep,2528.0454466666665
2023,Total nacional,Informal,Ninguno,Ago - Oct,2468.627994
2023,Total nacional,Informal,Ninguno,Sep - Nov,2478.7307566666664
2023,Total nacional,Informal,Ninguno,Oct - Dic,2424.9455536666665
2023,Total nacional,Informal,Ninguno,Nov - Ene,2432.439291666666
2023,Total nacional,Informal,Ninguno,Dic - Feb,2389.0577630000003
2024,Total nacional,Informal,Ninguno,Ene - Mar,2394.130637
2024,Total nacional,Informal,Ninguno,Feb - Abr,2386.5753763333337
2024,Total nacional,Informal,Ninguno,Mar - May,2353.089423666667
2024,Total nacional,Informal,Ninguno,Abr - Jun,2322.358506666667
2024,Total nacional,Informal,Ninguno,May - Jul,2363.1313043333334
2024,Total nacional,Informal,Ninguno,Jun - Ago,2372.048467
2024,Total nacional,Informal,Ninguno,Jul - Sep,2399.3924660000002
2024,Total nacional,Informal,Ninguno,Ago - Oct,2299.6132883333335
2024,Total nacional,Informal,Ninguno,Sep - Nov,2291.6267086666667
2024,Total nacional,Informal,Ninguno,Oct - Dic,2322.6660180000003
2024,Total nacional,Informal,Ninguno,Nov - Ene,2356.3471
2024,Total nacional,Informal,Ninguno,Dic - Feb,2408.395043
2025,Total nacional,Informal,Ninguno,Ene - Mar,2415.351112
2025,Total nacional,Informal,Ninguno,Feb - Abr,2383.792195
2025,Total nacional,Informal,Ninguno,Mar - May,2328.908098
2025,Total nacional,Informal,Ninguno,Abr - Jun,2277.739266
2025,Total nacional,Informal,Ninguno,May - Jul,2338.860982
2025,Total nacional,Informal,Ninguno,Jun - Ago,2309.947859
2025,Total nacional,Informal,Ninguno,Jul - Sep,2319.037057
2025,Total nacional,Informal,Ninguno,Ago - Oct,2304.846447
2025,Total nacional,Informal,Ninguno,Sep - Nov,2398.052143
2025,Total nacional,Informal,Ninguno,Oct - Dic,2358.383821
2025,Total nacional,Informal,Ninguno,Nov - Ene,2325.346467
2025,Total nacional,Informal,Ninguno,Dic - Feb,2270.846982
2026,Total nacional,Informal,Ninguno,Ene - Mar,2280.95666
2026,Total nacional,Informal,Ninguno,Feb - Abr,2279.372782
2021,Total nacional,Informal,Básica primaria,Ene - Mar,3116.0118246666666
2021,Total nacional,Informal,Básica primaria,Feb - Abr,3162.861873
2021,Total nacional,Informal,Básica primaria,Mar - May,3016.4421726666665
2021,Total nacional,Informal,Básica primaria,Abr - Jun,3047.9114993333333
2021,Total nacional,Informal,Básica primaria,May - Jul,3123.949741666667
2021,Total nacional,Informal,Básica primaria,Jun - Ago,3300.6196113333335
2021,Total nacional,Informal,Básica primaria,Jul - Sep,3351.390159666667
2021,Total nacional,Informal,Básica primaria,Ago - Oct,3359.4368636666673
2021,Total nacional,Informal,Básica primaria,Sep - Nov,3340.798041
2021,Total nacional,Informal,Básica primaria,Oct - Dic,3306.155416
2021,Total nacional,Informal,Básica primaria,Nov - Ene,3257.2599293333333
2021,Total nacional,Informal,Básica primaria,Dic - Feb,3295.7291213333333
2022,Total nacional,Informal,Básica primaria,Ene - Mar,3375.658984666667
2022,Total nacional,Informal,Básica primaria,Feb - Abr,3454.763935333333
2022,Total nacional,Informal,Básica primaria,Mar - May,3376.815521666667
2022,Total nacional,Informal,Básica primaria,Abr - Jun,3382.9182029999997
2022,Total nacional,Informal,Básica primaria,May - Jul,3396.319180666667
2022,Total nacional,Informal,Básica primaria,Jun - Ago,3425.405351666667
2022,Total nacional,Informal,Básica primaria,Jul - Sep,3445.605312
2022,Total nacional,Informal,Básica primaria,Ago - Oct,3480.26384
2022,Total nacional,Informal,Básica primaria,Sep - Nov,3545.769795666667
2022,Total nacional,Informal,Básica primaria,Oct - Dic,3501.4363983333337
2022,Total nacional,Informal,Básica primaria,Nov - Ene,3435.990510333333
2022,Total nacional,Informal,Básica primaria,Dic - Feb,3482.7088946666668
2023,Total nacional,Informal,Básica primaria,Ene - Mar,3559.7703463333332
2023,Total nacional,Informal,Básica primaria,Feb - Abr,3562.7869713333334
2023,Total nacional,Informal,Básica primaria,Mar - May,3466.9055590000003
2023,Total nacional,Informal,Básica primaria,Abr - Jun,3415.9918730000004
2023,Total nacional,Informal,Básica primaria,May - Jul,3435.588142
2023,Total nacional,Informal,Básica primaria,Jun - Ago,3467.0245446666668
2023,Total nacional,Informal,Básica primaria,Jul - Sep,3448.4408559999997
2023,Total nacional,Informal,Básica primaria,Ago - Oct,3493.3152873333333
2023,Total nacional,Informal,Básica primaria,Sep - Nov,3454.5761893333333
2023,Total nacional,Informal,Básica primaria,Oct - Dic,3453.799263333334
2023,Total nacional,Informal,Básica primaria,Nov - Ene,3385.6290553333333
2023,Total nacional,Informal,Básica primaria,Dic - Feb,3397.7748556666666
2024,Total nacional,Informal,Básica primaria,Ene - Mar,3360.554601
2024,Total nacional,Informal,Básica primaria,Feb - Abr,3354.0403850000002
2024,Total nacional,Informal,Básica primaria,Mar - May,3293.9138866666667
2024,Total nacional,Informal,Básica primaria,Abr - Jun,3310.712426666667
2024,Total nacional,Informal,Básica primaria,May - Jul,3328.0118596666666
2024,Total nacional,Informal,Básica primaria,Jun - Ago,3382.0563870000005
2024,Total nacional,Informal,Básica primaria,Jul - Sep,3398.374275
2024,Total nacional,Informal,Básica primaria,Ago - Oct,3452.8260946666664
2024,Total nacional,Informal,Básica primaria,Sep - Nov,3487.728115
2024,Total nacional,Informal,Básica primaria,Oct - Dic,3475.0401896666663
2024,Total nacional,Informal,Básica primaria,Nov - Ene,3416.565019
2024,Total nacional,Informal,Básica primaria,Dic - Feb,3452.744859
2025,Total nacional,Informal,Básica primaria,Ene - Mar,3495.696534
2025,Total nacional,Informal,Básica primaria,Feb - Abr,3506.349115
2025,Total nacional,Informal,Básica primaria,Mar - May,3471.909918
2025,Total nacional,Informal,Básica primaria,Abr - Jun,3432.906371
2025,Total nacional,Informal,Básica primaria,May - Jul,3454.481265
2025,Total nacional,Informal,Básica primaria,Jun - Ago,3440.509613
2025,Total nacional,Informal,Básica primaria,Jul - Sep,3458.762227
2025,Total nacional,Informal,Básica primaria,Ago - Oct,3488.941117
2025,Total nacional,Informal,Básica primaria,Sep - Nov,3548.62018
2025,Total nacional,Informal,Básica primaria,Oct - Dic,3611.226056
2025,Total nacional,Informal,Básica primaria,Nov - Ene,3557.85658
2025,Total nacional,Informal,Básica primaria,Dic - Feb,3490.753805
2026,Total nacional,Informal,Básica primaria,Ene - Mar,3420.627726
2026,Total nacional,Informal,Básica primaria,Feb - Abr,3428.562558
2021,Total nacional,Informal,Básica secundaria^,Ene - Mar,810.3476623333335
2021,Total nacional,Informal,Básica secundaria^,Feb - Abr,783.609822
2021,Total nacional,Informal,Básica secundaria^,Mar - May,772.1471273333333
2021,Total nacional,Informal,Básica secundaria^,Abr - Jun,763.0133503333333
2021,Total nacional,Informal,Básica secundaria^,May - Jul,770.9256876666667
2021,Total nacional,Informal,Básica secundaria^,Jun - Ago,731.1228346666667
2021,Total nacional,Informal,Básica secundaria^,Jul - Sep,720.7503806666667
2021,Total nacional,Informal,Básica secundaria^,Ago - Oct,721.9952126666667
2021,Total nacional,Informal,Básica secundaria^,Sep - Nov,729.0546793333333
2021,Total nacional,Informal,Básica secundaria^,Oct - Dic,769.717066
2021,Total nacional,Informal,Básica secundaria^,Nov - Ene,743.424998
2021,Total nacional,Informal,Básica secundaria^,Dic - Feb,792.7684873333333
2022,Total nacional,Informal,Básica secundaria^,Ene - Mar,756.2644646666668
2022,Total nacional,Informal,Básica secundaria^,Feb - Abr,788.8833079999999
2022,Total nacional,Informal,Básica secundaria^,Mar - May,757.4774163333333
2022,Total nacional,Informal,Básica secundaria^,Abr - Jun,768.2953753333333
2022,Total nacional,Informal,Básica secundaria^,May - Jul,793.0119583333334
2022,Total nacional,Informal,Básica secundaria^,Jun - Ago,780.0523726666667
2022,Total nacional,Informal,Básica secundaria^,Jul - Sep,814.3160826666666
2022,Total nacional,Informal,Básica secundaria^,Ago - Oct,818.1850039999999
2022,Total nacional,Informal,Básica secundaria^,Sep - Nov,862.4390946666667
2022,Total nacional,Informal,Básica secundaria^,Oct - Dic,865.630796
2022,Total nacional,Informal,Básica secundaria^,Nov - Ene,866.6151286666667
2022,Total nacional,Informal,Básica secundaria^,Dic - Feb,836.6069243333333
2023,Total nacional,Informal,Básica secundaria^,Ene - Mar,827.9806966666666
2023,Total nacional,Informal,Básica secundaria^,Feb - Abr,818.3808043333333
2023,Total nacional,Informal,Básica secundaria^,Mar - May,795.5423413333333
2023,Total nacional,Informal,Básica secundaria^,Abr - Jun,774.3058726666667
2023,Total nacional,Informal,Básica secundaria^,May - Jul,797.5934573333334
2023,Total nacional,Informal,Básica secundaria^,Jun - Ago,841.2758753333334
2023,Total nacional,Informal,Básica secundaria^,Jul - Sep,848.3387666666666
2023,Total nacional,Informal,Básica secundaria^,Ago - Oct,809.1456156666667
2023,Total nacional,Informal,Básica secundaria^,Sep - Nov,807.052832
2023,Total nacional,Informal,Básica secundaria^,Oct - Dic,823.6979556666666
2023,Total nacional,Informal,Básica secundaria^,Nov - Ene,837.239638
2023,Total nacional,Informal,Básica secundaria^,Dic - Feb,788.995581
2024,Total nacional,Informal,Básica secundaria^,Ene - Mar,779.7361283333333
2024,Total nacional,Informal,Básica secundaria^,Feb - Abr,777.7599970000001
2024,Total nacional,Informal,Básica secundaria^,Mar - May,809.5534866666667
2024,Total nacional,Informal,Básica secundaria^,Abr - Jun,818.9841426666667
2024,Total nacional,Informal,Básica secundaria^,May - Jul,841.7223196666667
2024,Total nacional,Informal,Básica secundaria^,Jun - Ago,876.3189843333333
2024,Total nacional,Informal,Básica secundaria^,Jul - Sep,863.2587076666667
2024,Total nacional,Informal,Básica secundaria^,Ago - Oct,866.4676206666667
2024,Total nacional,Informal,Básica secundaria^,Sep - Nov,812.5471776666667
2024,Total nacional,Informal,Básica secundaria^,Oct - Dic,822.7796579999999
2024,Total nacional,Informal,Básica secundaria^,Nov - Ene,791.318528
2024,Total nacional,Informal,Básica secundaria^,Dic - Feb,850.884513
2025,Total nacional,Informal,Básica secundaria^,Ene - Mar,850.146941
2025,Total nacional,Informal,Básica secundaria^,Feb - Abr,858.958168
2025,Total nacional,Informal,Básica secundaria^,Mar - May,818.015198
2025,Total nacional,Informal,Básica secundaria^,Abr - Jun,806.237103
2025,Total nacional,Informal,Básica secundaria^,May - Jul,814.286595
2025,Total nacional,Informal,Básica secundaria^,Jun - Ago,838.912405
2025,Total nacional,Informal,Básica secundaria^,Jul - Sep,847.918274
2025,Total nacional,Informal,Básica secundaria^,Ago - Oct,882.719278
2025,Total nacional,Informal,Básica secundaria^,Sep - Nov,866.749376
2025,Total nacional,Informal,Básica secundaria^,Oct - Dic,886.674192
2025,Total nacional,Informal,Básica secundaria^,Nov - Ene,809.438402
2025,Total nacional,Informal,Básica secundaria^,Dic - Feb,798.406945
2026,Total nacional,Informal,Básica secundaria^,Ene - Mar,809.470986
2026,Total nacional,Informal,Básica secundaria^,Feb - Abr,845.396527
2021,Total nacional,Informal,Educación media*^,Ene - Mar,4025.3488023333334
2021,Total nacional,Informal,Educación media*^,Feb - Abr,4045.007044
2021,Total nacional,Informal,Educación media*^,Mar - May,4043.42466
2021,Total nacional,Informal,Educación media*^,Abr - Jun,3982.9664236666667
2021,Total nacional,Informal,Educación media*^,May - Jul,4039.0264939999997
2021,Total nacional,Informal,Educación media*^,Jun - Ago,4101.410713
2021,Total nacional,Informal,Educación media*^,Jul - Sep,4123.733444333334
2021,Total nacional,Informal,Educación media*^,Ago - Oct,4231.813755
2021,Total nacional,Informal,Educación media*^,Sep - Nov,4240.796604333334
2021,Total nacional,Informal,Educación media*^,Oct - Dic,4291.663838666666
2021,Total nacional,Informal,Educación media*^,Nov - Ene,4239.928769333333
2021,Total nacional,Informal,Educación media*^,Dic - Feb,4284.264249666667
2022,Total nacional,Informal,Educación media*^,Ene - Mar,4310.436611666667
2022,Total nacional,Informal,Educación media*^,Feb - Abr,4410.336790333334
2022,Total nacional,Informal,Educación media*^,Mar - May,4376.395325
2022,Total nacional,Informal,Educación media*^,Abr - Jun,4421.424682333333
2022,Total nacional,Informal,Educación media*^,May - Jul,4408.214637666667
2022,Total nacional,Informal,Educación media*^,Jun - Ago,4408.996828333334
2022,Total nacional,Informal,Educación media*^,Jul - Sep,4398.018568
2022,Total nacional,Informal,Educación media*^,Ago - Oct,4478.164428666667
2022,Total nacional,Informal,Educación media*^,Sep - Nov,4471.7015839999995
2022,Total nacional,Informal,Educación media*^,Oct - Dic,4471.105436999999
2022,Total nacional,Informal,Educación media*^,Nov - Ene,4387.754561999999
2022,Total nacional,Informal,Educación media*^,Dic - Feb,4451.335061666668
2023,Total nacional,Informal,Educación media*^,Ene - Mar,4471.122681333333
2023,Total nacional,Informal,Educación media*^,Feb - Abr,4517.767854666667
2023,Total nacional,Informal,Educación media*^,Mar - May,4480.583596666666
2023,Total nacional,Informal,Educación media*^,Abr - Jun,4458.104100666666
2023,Total nacional,Informal,Educación media*^,May - Jul,4451.194674333333
2023,Total nacional,Informal,Educación media*^,Jun - Ago,4467.875627333334
2023,Total nacional,Informal,Educación media*^,Jul - Sep,4479.4508786666665
2023,Total nacional,Informal,Educación media*^,Ago - Oct,4448.016037
2023,Total nacional,Informal,Educación media*^,Sep - Nov,4441.275491666666
2023,Total nacional,Informal,Educación media*^,Oct - Dic,4499.141332333334
2023,Total nacional,Informal,Educación media*^,Nov - Ene,4421.182503666667
2023,Total nacional,Informal,Educación media*^,Dic - Feb,4470.917971
2024,Total nacional,Informal,Educación media*^,Ene - Mar,4442.185248000001
2024,Total nacional,Informal,Educación media*^,Feb - Abr,4589.648728
2024,Total nacional,Informal,Educación media*^,Mar - May,4649.612459
2024,Total nacional,Informal,Educación media*^,Abr - Jun,4707.465510999999
2024,Total nacional,Informal,Educación media*^,May - Jul,4683.634904333333
2024,Total nacional,Informal,Educación media*^,Jun - Ago,4678.760629666666
2024,Total nacional,Informal,Educación media*^,Jul - Sep,4626.489749333333
2024,Total nacional,Informal,Educación media*^,Ago - Oct,4693.105926333333
2024,Total nacional,Informal,Educación media*^,Sep - Nov,4734.953671333334
2024,Total nacional,Informal,Educación media*^,Oct - Dic,4862.072554666666
2024,Total nacional,Informal,Educación media*^,Nov - Ene,4800.349312
2024,Total nacional,Informal,Educación media*^,Dic - Feb,4823.030106
2025,Total nacional,Informal,Educación media*^,Ene - Mar,4865.35904
2025,Total nacional,Informal,Educación media*^,Feb - Abr,4934.596182
2025,Total nacional,Informal,Educación media*^,Mar - May,4863.689838
2025,Total nacional,Informal,Educación media*^,Abr - Jun,4780.406575
2025,Total nacional,Informal,Educación media*^,May - Jul,4763.94007
2025,Total nacional,Informal,Educación media*^,Jun - Ago,4801.291545
2025,Total nacional,Informal,Educación media*^,Jul - Sep,4779.375677
2025,Total nacional,Informal,Educación media*^,Ago - Oct,4882.11918
2025,Total nacional,Informal,Educación media*^,Sep - Nov,4936.527282
2025,Total nacional,Informal,Educación media*^,Oct - Dic,5005.252811
2025,Total nacional,Informal,Educación media*^,Nov - Ene,4872.508265
2025,Total nacional,Informal,Educación media*^,Dic - Feb,4851.870097
2026,Total nacional,Informal,Educación media*^,Ene - Mar,4879.6584
2026,Total nacional,Informal,Educación media*^,Feb - Abr,4948.677395
2021,Total nacional,Informal,Técnica profesional y Tecnológica^^,Ene - Mar,763.8430490000001
2021,Total nacional,Informal,Técnica profesional y Tecnológica^^,Feb - Abr,757.4043593333332
2021,Total nacional,Informal,Técnica profesional y Tecnológica^^,Mar - May,772.9243263333333
2021,Total nacional,Informal,Técnica profesional y Tecnológica^^,Abr - Jun,762.4080636666667
2021,Total nacional,Informal,Técnica profesional y Tecnológica^^,May - Jul,760.40595
2021,Total nacional,Informal,Técnica profesional y Tecnológica^^,Jun - Ago,801.212285
2021,Total nacional,Informal,Técnica profesional y Tecnológica^^,Jul - Sep,808.905714
2021,Total nacional,Informal,Técnica profesional y Tecnológica^^,Ago - Oct,807.946958
2021,Total nacional,Informal,Técnica profesional y Tecnológica^^,Sep - Nov,816.8096220000001
2021,Total nacional,Informal,Técnica profesional y Tecnológica^^,Oct - Dic,848.2764563333334
2021,Total nacional,Informal,Técnica profesional y Tecnológica^^,Nov - Ene,867.6581333333334
2021,Total nacional,Informal,Técnica profesional y Tecnológica^^,Dic - Feb,860.1224496666667
2022,Total nacional,Informal,Técnica profesional y Tecnológica^^,Ene - Mar,861.952197
2022,Total nacional,Informal,Técnica profesional y Tecnológica^^,Feb - Abr,873.139485
2022,Total nacional,Informal,Técnica profesional y Tecnológica^^,Mar - May,885.797418
2022,Total nacional,Informal,Técnica profesional y Tecnológica^^,Abr - Jun,912.407621
2022,Total nacional,Informal,Técnica profesional y Tecnológica^^,May - Jul,910.9629423333332
2022,Total nacional,Informal,Técnica profesional y Tecnológica^^,Jun - Ago,932.3228803333333
2022,Total nacional,Informal,Técnica profesional y Tecnológica^^,Jul - Sep,913.338514
2022,Total nacional,Informal,Técnica profesional y Tecnológica^^,Ago - Oct,908.9650263333333
2022,Total nacional,Informal,Técnica profesional y Tecnológica^^,Sep - Nov,870.7245176666667
2022,Total nacional,Informal,Técnica profesional y Tecnológica^^,Oct - Dic,852.357056
2022,Total nacional,Informal,Técnica profesional y Tecnológica^^,Nov - Ene,878.7859543333333
2022,Total nacional,Informal,Técnica profesional y Tecnológica^^,Dic - Feb,872.1438396666666
2023,Total nacional,Informal,Técnica profesional y Tecnológica^^,Ene - Mar,889.60525
2023,Total nacional,Informal,Técnica profesional y Tecnológica^^,Feb - Abr,875.7444009999999
2023,Total nacional,Informal,Técnica profesional y Tecnológica^^,Mar - May,904.0006536666666
2023,Total nacional,Informal,Técnica profesional y Tecnológica^^,Abr - Jun,900.8228216666666
2023,Total nacional,Informal,Técnica profesional y Tecnológica^^,May - Jul,941.3677773333334
2023,Total nacional,Informal,Técnica profesional y Tecnológica^^,Jun - Ago,926.5471203333333
2023,Total nacional,Informal,Técnica profesional y Tecnológica^^,Jul - Sep,925.0513346666667
2023,Total nacional,Informal,Técnica profesional y Tecnológica^^,Ago - Oct,881.118883
2023,Total nacional,Informal,Técnica profesional y Tecnológica^^,Sep - Nov,877.3950506666666
2023,Total nacional,Informal,Técnica profesional y Tecnológica^^,Oct - Dic,866.7639009999999
2023,Total nacional,Informal,Técnica profesional y Tecnológica^^,Nov - Ene,843.0630066666666
2023,Total nacional,Informal,Técnica profesional y Tecnológica^^,Dic - Feb,890.0415866666667
2024,Total nacional,Informal,Técnica profesional y Tecnológica^^,Ene - Mar,902.2043536666666
2024,Total nacional,Informal,Técnica profesional y Tecnológica^^,Feb - Abr,912.5971913333333
2024,Total nacional,Informal,Técnica profesional y Tecnológica^^,Mar - May,895.7310646666666
2024,Total nacional,Informal,Técnica profesional y Tecnológica^^,Abr - Jun,877.1020939999999
2024,Total nacional,Informal,Técnica profesional y Tecnológica^^,May - Jul,908.6800059999999
2024,Total nacional,Informal,Técnica profesional y Tecnológica^^,Jun - Ago,899.2093209999999
2024,Total nacional,Informal,Técnica profesional y Tecnológica^^,Jul - Sep,922.9979163333334
2024,Total nacional,Informal,Técnica profesional y Tecnológica^^,Ago - Oct,897.2283860000001
2024,Total nacional,Informal,Técnica profesional y Tecnológica^^,Sep - Nov,858.9028613333334
2024,Total nacional,Informal,Técnica profesional y Tecnológica^^,Oct - Dic,868.3924973333333
2024,Total nacional,Informal,Técnica profesional y Tecnológica^^,Nov - Ene,927.517678
2024,Total nacional,Informal,Técnica profesional y Tecnológica^^,Dic - Feb,934.816531
2025,Total nacional,Informal,Técnica profesional y Tecnológica^^,Ene - Mar,937.597128
2025,Total nacional,Informal,Técnica profesional y Tecnológica^^,Feb - Abr,915.130576
2025,Total nacional,Informal,Técnica profesional y Tecnológica^^,Mar - May,944.105708
2025,Total nacional,Informal,Técnica profesional y Tecnológica^^,Abr - Jun,939.675245
2025,Total nacional,Informal,Técnica profesional y Tecnológica^^,May - Jul,952.773891
2025,Total nacional,Informal,Técnica profesional y Tecnológica^^,Jun - Ago,992.640147
2025,Total nacional,Informal,Técnica profesional y Tecnológica^^,Jul - Sep,985.25173
2025,Total nacional,Informal,Técnica profesional y Tecnológica^^,Ago - Oct,975.782731
2025,Total nacional,Informal,Técnica profesional y Tecnológica^^,Sep - Nov,957.784264
2025,Total nacional,Informal,Técnica profesional y Tecnológica^^,Oct - Dic,987.903719
2025,Total nacional,Informal,Técnica profesional y Tecnológica^^,Nov - Ene,989.896151
2025,Total nacional,Informal,Técnica profesional y Tecnológica^^,Dic - Feb,972.926913
2026,Total nacional,Informal,Técnica profesional y Tecnológica^^,Ene - Mar,975.947829
2026,Total nacional,Informal,Técnica profesional y Tecnológica^^,Feb - Abr,996.996814
2021,Total nacional,Informal,Universitaria,Ene - Mar,666.4668556666666
2021,Total nacional,Informal,Universitaria,Feb - Abr,699.9769550000001
2021,Total nacional,Informal,Universitaria,Mar - May,701.3357276666667
2021,Total nacional,Informal,Universitaria,Abr - Jun,694.7083996666667
2021,Total nacional,Informal,Universitaria,May - Jul,669.1684443333332
2021,Total nacional,Informal,Universitaria,Jun - Ago,648.477522
2021,Total nacional,Informal,Universitaria,Jul - Sep,642.704829
2021,Total nacional,Informal,Universitaria,Ago - Oct,664.7466803333333
2021,Total nacional,Informal,Universitaria,Sep - Nov,671.7604063333333
2021,Total nacional,Informal,Universitaria,Oct - Dic,729.0595626666667
2021,Total nacional,Informal,Universitaria,Nov - Ene,718.345457
2021,Total nacional,Informal,Universitaria,Dic - Feb,739.5454973333332
2022,Total nacional,Informal,Universitaria,Ene - Mar,718.278091
2022,Total nacional,Informal,Universitaria,Feb - Abr,731.3521049999999
2022,Total nacional,Informal,Universitaria,Mar - May,717.5384963333332
2022,Total nacional,Informal,Universitaria,Abr - Jun,682.8904646666666
2022,Total nacional,Informal,Universitaria,May - Jul,665.0462723333334
2022,Total nacional,Informal,Universitaria,Jun - Ago,659.2871690000001
2022,Total nacional,Informal,Universitaria,Jul - Sep,684.2691533333333
2022,Total nacional,Informal,Universitaria,Ago - Oct,659.2278069999999
2022,Total nacional,Informal,Universitaria,Sep - Nov,673.7903016666666
2022,Total nacional,Informal,Universitaria,Oct - Dic,639.149309
2022,Total nacional,Informal,Universitaria,Nov - Ene,645.925205
2022,Total nacional,Informal,Universitaria,Dic - Feb,602.3089583333334
2023,Total nacional,Informal,Universitaria,Ene - Mar,615.4769736666667
2023,Total nacional,Informal,Universitaria,Feb - Abr,596.4581483333333
2023,Total nacional,Informal,Universitaria,Mar - May,599.9241536666667
2023,Total nacional,Informal,Universitaria,Abr - Jun,605.6522633333334
2023,Total nacional,Informal,Universitaria,May - Jul,604.6006526666666
2023,Total nacional,Informal,Universitaria,Jun - Ago,615.1889289999999
2023,Total nacional,Informal,Universitaria,Jul - Sep,610.5520986666667
2023,Total nacional,Informal,Universitaria,Ago - Oct,628.3272043333333
2023,Total nacional,Informal,Universitaria,Sep - Nov,624.0717983333334
2023,Total nacional,Informal,Universitaria,Oct - Dic,607.2355363333335
2023,Total nacional,Informal,Universitaria,Nov - Ene,609.1389973333334
2023,Total nacional,Informal,Universitaria,Dic - Feb,593.4172580000001
2024,Total nacional,Informal,Universitaria,Ene - Mar,581.2907446666667
2024,Total nacional,Informal,Universitaria,Feb - Abr,588.86668
2024,Total nacional,Informal,Universitaria,Mar - May,612.5383186666667
2024,Total nacional,Informal,Universitaria,Abr - Jun,620.508277
2024,Total nacional,Informal,Universitaria,May - Jul,614.8295776666666
2024,Total nacional,Informal,Universitaria,Jun - Ago,625.8879456666667
2024,Total nacional,Informal,Universitaria,Jul - Sep,648.7388966666666
2024,Total nacional,Informal,Universitaria,Ago - Oct,650.7283826666667
2024,Total nacional,Informal,Universitaria,Sep - Nov,632.766162
2024,Total nacional,Informal,Universitaria,Oct - Dic,628.8836006666667
2024,Total nacional,Informal,Universitaria,Nov - Ene,644.594874
2024,Total nacional,Informal,Universitaria,Dic - Feb,634.543356
2025,Total nacional,Informal,Universitaria,Ene - Mar,635.394907
2025,Total nacional,Informal,Universitaria,Feb - Abr,627.458427
2025,Total nacional,Informal,Universitaria,Mar - May,644.343971
2025,Total nacional,Informal,Universitaria,Abr - Jun,645.215444
2025,Total nacional,Informal,Universitaria,May - Jul,621.82271
2025,Total nacional,Informal,Universitaria,Jun - Ago,639.109805
2025,Total nacional,Informal,Universitaria,Jul - Sep,616.487739
2025,Total nacional,Informal,Universitaria,Ago - Oct,649.980033
2025,Total nacional,Informal,Universitaria,Sep - Nov,610.88234
2025,Total nacional,Informal,Universitaria,Oct - Dic,614.045072
2025,Total nacional,Informal,Universitaria,Nov - Ene,592.68939
2025,Total nacional,Informal,Universitaria,Dic - Feb,646.471294
2026,Total nacional,Informal,Universitaria,Ene - Mar,674.092952
2026,Total nacional,Informal,Universitaria,Feb - Abr,694.524233
2021,Total nacional,Informal,Posgrado,Ene - Mar,123.64322166666666
2021,Total nacional,Informal,Posgrado,Feb - Abr,133.45870166666666
2021,Total nacional,Informal,Posgrado,Mar - May,119.03092566666668
2021,Total nacional,Informal,Posgrado,Abr - Jun,131.633543
2021,Total nacional,Informal,Posgrado,May - Jul,122.19782833333333
2021,Total nacional,Informal,Posgrado,Jun - Ago,127.497206
2021,Total nacional,Informal,Posgrado,Jul - Sep,131.05402666666666
2021,Total nacional,Informal,Posgrado,Ago - Oct,140.64084833333334
2021,Total nacional,Informal,Posgrado,Sep - Nov,132.00951266666667
2021,Total nacional,Informal,Posgrado,Oct - Dic,129.95287533333337
2021,Total nacional,Informal,Posgrado,Nov - Ene,108.61949066666666
2021,Total nacional,Informal,Posgrado,Dic - Feb,110.154296
2022,Total nacional,Informal,Posgrado,Ene - Mar,104.43628666666666
2022,Total nacional,Informal,Posgrado,Feb - Abr,120.40386033333334
2022,Total nacional,Informal,Posgrado,Mar - May,137.20162000000002
2022,Total nacional,Informal,Posgrado,Abr - Jun,135.41338866666666
2022,Total nacional,Informal,Posgrado,May - Jul,141.04581466666667
2022,Total nacional,Informal,Posgrado,Jun - Ago,130.632439
2022,Total nacional,Informal,Posgrado,Jul - Sep,134.601113
2022,Total nacional,Informal,Posgrado,Ago - Oct,125.40350833333333
2022,Total nacional,Informal,Posgrado,Sep - Nov,128.648611
2022,Total nacional,Informal,Posgrado,Oct - Dic,146.99504066666665
2022,Total nacional,Informal,Posgrado,Nov - Ene,139.41184133333334
2022,Total nacional,Informal,Posgrado,Dic - Feb,126.08397133333335
2023,Total nacional,Informal,Posgrado,Ene - Mar,104.74695433333333
2023,Total nacional,Informal,Posgrado,Feb - Abr,108.40483066666667
2023,Total nacional,Informal,Posgrado,Mar - May,110.80622733333333
2023,Total nacional,Informal,Posgrado,Abr - Jun,123.343877
2023,Total nacional,Informal,Posgrado,May - Jul,129.09785666666667
2023,Total nacional,Informal,Posgrado,Jun - Ago,133.827127
2023,Total nacional,Informal,Posgrado,Jul - Sep,142.78653033333333
2023,Total nacional,Informal,Posgrado,Ago - Oct,141.55564533333333
2023,Total nacional,Informal,Posgrado,Sep - Nov,138.077238
2023,Total nacional,Informal,Posgrado,Oct - Dic,110.93387133333333
2023,Total nacional,Informal,Posgrado,Nov - Ene,106.145743
2023,Total nacional,Informal,Posgrado,Dic - Feb,112.43833333333333
2024,Total nacional,Informal,Posgrado,Ene - Mar,134.08797766666666
2024,Total nacional,Informal,Posgrado,Feb - Abr,144.86225366666667
2024,Total nacional,Informal,Posgrado,Mar - May,140.61523733333334
2024,Total nacional,Informal,Posgrado,Abr - Jun,137.92996100000002
2024,Total nacional,Informal,Posgrado,May - Jul,138.2346663333333
2024,Total nacional,Informal,Posgrado,Jun - Ago,141.84124766666665
2024,Total nacional,Informal,Posgrado,Jul - Sep,137.11254
2024,Total nacional,Informal,Posgrado,Ago - Oct,114.37425300000001
2024,Total nacional,Informal,Posgrado,Sep - Nov,131.282512
2024,Total nacional,Informal,Posgrado,Oct - Dic,141.460815
2024,Total nacional,Informal,Posgrado,Nov - Ene,160.67449
2024,Total nacional,Informal,Posgrado,Dic - Feb,156.406744
2025,Total nacional,Informal,Posgrado,Ene - Mar,154.294385
2025,Total nacional,Informal,Posgrado,Feb - Abr,162.300849
2025,Total nacional,Informal,Posgrado,Mar - May,148.308395
2025,Total nacional,Informal,Posgrado,Abr - Jun,136.086223
2025,Total nacional,Informal,Posgrado,May - Jul,128.59341
2025,Total nacional,Informal,Posgrado,Jun - Ago,133.560054
2025,Total nacional,Informal,Posgrado,Jul - Sep,139.484049
2025,Total nacional,Informal,Posgrado,Ago - Oct,138.581244
2025,Total nacional,Informal,Posgrado,Sep - Nov,130.330834
2025,Total nacional,Informal,Posgrado,Oct - Dic,120.464839
2025,Total nacional,Informal,Posgrado,Nov - Ene,140.511757
2025,Total nacional,Informal,Posgrado,Dic - Feb,156.015286
2026,Total nacional,Informal,Posgrado,Ene - Mar,176.347975
2026,Total nacional,Informal,Posgrado,Feb - Abr,151.276028
2021,13 Ciudades y áreas metropolitanas,Población ocupada,Población ocupada,Ene - Mar,9226.413326333335
2021,13 Ciudades y áreas metropolitanas,Población ocupada,Población ocupada,Feb - Abr,9320.446573000001
2021,13 Ciudades y áreas metropolitanas,Población ocupada,Población ocupada,Mar - May,9341.646440999999
2021,13 Ciudades y áreas metropolitanas,Población ocupada,Población ocupada,Abr - Jun,9363.296156666665
2021,13 Ciudades y áreas metropolitanas,Población ocupada,Población ocupada,May - Jul,9458.353572
2021,13 Ciudades y áreas metropolitanas,Población ocupada,Población ocupada,Jun - Ago,9571.040949333334
2021,13 Ciudades y áreas metropolitanas,Población ocupada,Población ocupada,Jul - Sep,9635.599743
2021,13 Ciudades y áreas metropolitanas,Población ocupada,Población ocupada,Ago - Oct,9682.477314666667
2021,13 Ciudades y áreas metropolitanas,Población ocupada,Población ocupada,Sep - Nov,9739.247104333333
2021,13 Ciudades y áreas metropolitanas,Población ocupada,Población ocupada,Oct - Dic,9791.785053
2021,13 Ciudades y áreas metropolitanas,Población ocupada,Población ocupada,Nov - Ene,9830.614035999999
2021,13 Ciudades y áreas metropolitanas,Población ocupada,Población ocupada,Dic - Feb,9932.701805333332
2022,13 Ciudades y áreas metropolitanas,Población ocupada,Población ocupada,Ene - Mar,10076.746925333333
2022,13 Ciudades y áreas metropolitanas,Población ocupada,Población ocupada,Feb - Abr,10284.429300333333
2022,13 Ciudades y áreas metropolitanas,Población ocupada,Población ocupada,Mar - May,10340.785037666667
2022,13 Ciudades y áreas metropolitanas,Población ocupada,Población ocupada,Abr - Jun,10353.216290666665
2022,13 Ciudades y áreas metropolitanas,Población ocupada,Población ocupada,May - Jul,10334.141717333334
2022,13 Ciudades y áreas metropolitanas,Población ocupada,Población ocupada,Jun - Ago,10351.432730333334
2022,13 Ciudades y áreas metropolitanas,Población ocupada,Población ocupada,Jul - Sep,10482.682782000002
2022,13 Ciudades y áreas metropolitanas,Población ocupada,Población ocupada,Ago - Oct,10583.102656000001
2022,13 Ciudades y áreas metropolitanas,Población ocupada,Población ocupada,Sep - Nov,10682.913694333334
2022,13 Ciudades y áreas metropolitanas,Población ocupada,Población ocupada,Oct - Dic,10641.614803999999
2022,13 Ciudades y áreas metropolitanas,Población ocupada,Población ocupada,Nov - Ene,10458.330681333333
2022,13 Ciudades y áreas metropolitanas,Población ocupada,Población ocupada,Dic - Feb,10358.300228333334
2023,13 Ciudades y áreas metropolitanas,Población ocupada,Población ocupada,Ene - Mar,10427.190396333333
2023,13 Ciudades y áreas metropolitanas,Población ocupada,Población ocupada,Feb - Abr,10598.516089000002
2023,13 Ciudades y áreas metropolitanas,Población ocupada,Población ocupada,Mar - May,10647.422422000001
2023,13 Ciudades y áreas metropolitanas,Población ocupada,Población ocupada,Abr - Jun,10714.183590666667
2023,13 Ciudades y áreas metropolitanas,Población ocupada,Población ocupada,May - Jul,10838.801381666666
2023,13 Ciudades y áreas metropolitanas,Población ocupada,Población ocupada,Jun - Ago,10955.436066333334
2023,13 Ciudades y áreas metropolitanas,Población ocupada,Población ocupada,Jul - Sep,10940.145749333335
2023,13 Ciudades y áreas metropolitanas,Población ocupada,Población ocupada,Ago - Oct,10967.878106000002
2023,13 Ciudades y áreas metropolitanas,Población ocupada,Población ocupada,Sep - Nov,11065.704729333333
2023,13 Ciudades y áreas metropolitanas,Población ocupada,Población ocupada,Oct - Dic,11032.853552
2023,13 Ciudades y áreas metropolitanas,Población ocupada,Población ocupada,Nov - Ene,10862.561842000001
2023,13 Ciudades y áreas metropolitanas,Población ocupada,Población ocupada,Dic - Feb,10712.449294666667
2024,13 Ciudades y áreas metropolitanas,Población ocupada,Población ocupada,Ene - Mar,10749.074610666668
2024,13 Ciudades y áreas metropolitanas,Población ocupada,Población ocupada,Feb - Abr,10880.318776666667
2024,13 Ciudades y áreas metropolitanas,Población ocupada,Población ocupada,Mar - May,10978.210743333335
2024,13 Ciudades y áreas metropolitanas,Población ocupada,Población ocupada,Abr - Jun,11006.381083333334
2024,13 Ciudades y áreas metropolitanas,Población ocupada,Población ocupada,May - Jul,11045.467115000001
2024,13 Ciudades y áreas metropolitanas,Población ocupada,Población ocupada,Jun - Ago,11079.693612000001
2024,13 Ciudades y áreas metropolitanas,Población ocupada,Población ocupada,Jul - Sep,11092.936601
2024,13 Ciudades y áreas metropolitanas,Población ocupada,Población ocupada,Ago - Oct,11121.628596333334
2024,13 Ciudades y áreas metropolitanas,Población ocupada,Población ocupada,Sep - Nov,11187.507835333332
2024,13 Ciudades y áreas metropolitanas,Población ocupada,Población ocupada,Oct - Dic,11195.437479333332
2024,13 Ciudades y áreas metropolitanas,Población ocupada,Población ocupada,Nov - Ene,11082.729261
2024,13 Ciudades y áreas metropolitanas,Población ocupada,Población ocupada,Dic - Feb,11027.648431
2025,13 Ciudades y áreas metropolitanas,Población ocupada,Población ocupada,Ene - Mar,11102.831287
2025,13 Ciudades y áreas metropolitanas,Población ocupada,Población ocupada,Feb - Abr,11222.503855
2025,13 Ciudades y áreas metropolitanas,Población ocupada,Población ocupada,Mar - May,11253.949323
2025,13 Ciudades y áreas metropolitanas,Población ocupada,Población ocupada,Abr - Jun,11254.18152
2025,13 Ciudades y áreas metropolitanas,Población ocupada,Población ocupada,May - Jul,11343.053505
2025,13 Ciudades y áreas metropolitanas,Población ocupada,Población ocupada,Jun - Ago,11413.15094
2025,13 Ciudades y áreas metropolitanas,Población ocupada,Población ocupada,Jul - Sep,11430.239366
2025,13 Ciudades y áreas metropolitanas,Población ocupada,Población ocupada,Ago - Oct,11497.298445
2025,13 Ciudades y áreas metropolitanas,Población ocupada,Población ocupada,Sep - Nov,11566.757859
2025,13 Ciudades y áreas metropolitanas,Población ocupada,Población ocupada,Oct - Dic,11613.486667
2025,13 Ciudades y áreas metropolitanas,Población ocupada,Población ocupada,Nov - Ene,11384.962974
2025,13 Ciudades y áreas metropolitanas,Población ocupada,Población ocupada,Dic - Feb,11260.998726
2026,13 Ciudades y áreas metropolitanas,Población ocupada,Población ocupada,Ene - Mar,11227.725964
2026,13 Ciudades y áreas metropolitanas,Población ocupada,Población ocupada,Feb - Abr,11386.328947
2021,13 Ciudades y áreas metropolitanas,Población ocupada,Ninguno,Ene - Mar,413.88655466666665
2021,13 Ciudades y áreas metropolitanas,Población ocupada,Ninguno,Feb - Abr,435.41266033333335
2021,13 Ciudades y áreas metropolitanas,Población ocupada,Ninguno,Mar - May,460.604941
2021,13 Ciudades y áreas metropolitanas,Población ocupada,Ninguno,Abr - Jun,446.9907256666667
2021,13 Ciudades y áreas metropolitanas,Población ocupada,Ninguno,May - Jul,458.25124099999994
2021,13 Ciudades y áreas metropolitanas,Población ocupada,Ninguno,Jun - Ago,460.396133
2021,13 Ciudades y áreas metropolitanas,Población ocupada,Ninguno,Jul - Sep,457.401056
2021,13 Ciudades y áreas metropolitanas,Población ocupada,Ninguno,Ago - Oct,439.4791866666667
2021,13 Ciudades y áreas metropolitanas,Población ocupada,Ninguno,Sep - Nov,433.2579123333333
2021,13 Ciudades y áreas metropolitanas,Población ocupada,Ninguno,Oct - Dic,423.204546
2021,13 Ciudades y áreas metropolitanas,Población ocupada,Ninguno,Nov - Ene,407.53053266666666
2021,13 Ciudades y áreas metropolitanas,Población ocupada,Ninguno,Dic - Feb,420.8769633333333
2022,13 Ciudades y áreas metropolitanas,Población ocupada,Ninguno,Ene - Mar,438.7641226666667
2022,13 Ciudades y áreas metropolitanas,Población ocupada,Ninguno,Feb - Abr,467.544345
2022,13 Ciudades y áreas metropolitanas,Población ocupada,Ninguno,Mar - May,468.42684
2022,13 Ciudades y áreas metropolitanas,Población ocupada,Ninguno,Abr - Jun,481.283787
2022,13 Ciudades y áreas metropolitanas,Población ocupada,Ninguno,May - Jul,480.8816
2022,13 Ciudades y áreas metropolitanas,Población ocupada,Ninguno,Jun - Ago,481.2636496666667
2022,13 Ciudades y áreas metropolitanas,Población ocupada,Ninguno,Jul - Sep,495.59321733333337
2022,13 Ciudades y áreas metropolitanas,Población ocupada,Ninguno,Ago - Oct,500.65730633333334
2022,13 Ciudades y áreas metropolitanas,Población ocupada,Ninguno,Sep - Nov,507.4425376666666
2022,13 Ciudades y áreas metropolitanas,Población ocupada,Ninguno,Oct - Dic,513.2634226666667
2022,13 Ciudades y áreas metropolitanas,Población ocupada,Ninguno,Nov - Ene,522.2164326666666
2022,13 Ciudades y áreas metropolitanas,Población ocupada,Ninguno,Dic - Feb,527.4260393333334
2023,13 Ciudades y áreas metropolitanas,Población ocupada,Ninguno,Ene - Mar,534.8679
2023,13 Ciudades y áreas metropolitanas,Población ocupada,Ninguno,Feb - Abr,533.35833
2023,13 Ciudades y áreas metropolitanas,Población ocupada,Ninguno,Mar - May,514.3403043333334
2023,13 Ciudades y áreas metropolitanas,Población ocupada,Ninguno,Abr - Jun,477.6303156666667
2023,13 Ciudades y áreas metropolitanas,Población ocupada,Ninguno,May - Jul,491.7306960000001
2023,13 Ciudades y áreas metropolitanas,Población ocupada,Ninguno,Jun - Ago,515.7217103333334
2023,13 Ciudades y áreas metropolitanas,Población ocupada,Ninguno,Jul - Sep,528.7396773333334
2023,13 Ciudades y áreas metropolitanas,Población ocupada,Ninguno,Ago - Oct,524.0513649999999
2023,13 Ciudades y áreas metropolitanas,Población ocupada,Ninguno,Sep - Nov,523.004511
2023,13 Ciudades y áreas metropolitanas,Población ocupada,Ninguno,Oct - Dic,529.0413473333333
2023,13 Ciudades y áreas metropolitanas,Población ocupada,Ninguno,Nov - Ene,507.20317066666667
2023,13 Ciudades y áreas metropolitanas,Población ocupada,Ninguno,Dic - Feb,506.50794633333334
2024,13 Ciudades y áreas metropolitanas,Población ocupada,Ninguno,Ene - Mar,502.65671133333336
2024,13 Ciudades y áreas metropolitanas,Población ocupada,Ninguno,Feb - Abr,513.0911393333333
2024,13 Ciudades y áreas metropolitanas,Población ocupada,Ninguno,Mar - May,487.60379233333333
2024,13 Ciudades y áreas metropolitanas,Población ocupada,Ninguno,Abr - Jun,475.4945156666666
2024,13 Ciudades y áreas metropolitanas,Población ocupada,Ninguno,May - Jul,477.838227
2024,13 Ciudades y áreas metropolitanas,Población ocupada,Ninguno,Jun - Ago,486.9646106666667
2024,13 Ciudades y áreas metropolitanas,Población ocupada,Ninguno,Jul - Sep,499.41766766666666
2024,13 Ciudades y áreas metropolitanas,Población ocupada,Ninguno,Ago - Oct,485.26987866666667
2024,13 Ciudades y áreas metropolitanas,Población ocupada,Ninguno,Sep - Nov,492.7991623333334
2024,13 Ciudades y áreas metropolitanas,Población ocupada,Ninguno,Oct - Dic,484.000127
2024,13 Ciudades y áreas metropolitanas,Población ocupada,Ninguno,Nov - Ene,481.233228
2024,13 Ciudades y áreas metropolitanas,Población ocupada,Ninguno,Dic - Feb,477.127765
2025,13 Ciudades y áreas metropolitanas,Población ocupada,Ninguno,Ene - Mar,487.017357
2025,13 Ciudades y áreas metropolitanas,Población ocupada,Ninguno,Feb - Abr,467.444149
2025,13 Ciudades y áreas metropolitanas,Población ocupada,Ninguno,Mar - May,481.571071
2025,13 Ciudades y áreas metropolitanas,Población ocupada,Ninguno,Abr - Jun,481.360815
2025,13 Ciudades y áreas metropolitanas,Población ocupada,Ninguno,May - Jul,507.09843
2025,13 Ciudades y áreas metropolitanas,Población ocupada,Ninguno,Jun - Ago,491.895327
2025,13 Ciudades y áreas metropolitanas,Población ocupada,Ninguno,Jul - Sep,484.473857
2025,13 Ciudades y áreas metropolitanas,Población ocupada,Ninguno,Ago - Oct,493.963512
2025,13 Ciudades y áreas metropolitanas,Población ocupada,Ninguno,Sep - Nov,513.84069
2025,13 Ciudades y áreas metropolitanas,Población ocupada,Ninguno,Oct - Dic,503.308911
2025,13 Ciudades y áreas metropolitanas,Población ocupada,Ninguno,Nov - Ene,473.46597
2025,13 Ciudades y áreas metropolitanas,Población ocupada,Ninguno,Dic - Feb,458.772435
2026,13 Ciudades y áreas metropolitanas,Población ocupada,Ninguno,Ene - Mar,459.536124
2026,13 Ciudades y áreas metropolitanas,Población ocupada,Ninguno,Feb - Abr,482.974858
2021,13 Ciudades y áreas metropolitanas,Población ocupada,Básica primaria,Ene - Mar,1196.2277430000001
2021,13 Ciudades y áreas metropolitanas,Población ocupada,Básica primaria,Feb - Abr,1252.1857276666667
2021,13 Ciudades y áreas metropolitanas,Población ocupada,Básica primaria,Mar - May,1238.5576263333335
2021,13 Ciudades y áreas metropolitanas,Población ocupada,Básica primaria,Abr - Jun,1241.51434
2021,13 Ciudades y áreas metropolitanas,Población ocupada,Básica primaria,May - Jul,1237.9785126666666
2021,13 Ciudades y áreas metropolitanas,Población ocupada,Básica primaria,Jun - Ago,1304.9861566666666
2021,13 Ciudades y áreas metropolitanas,Población ocupada,Básica primaria,Jul - Sep,1329.9830263333333
2021,13 Ciudades y áreas metropolitanas,Población ocupada,Básica primaria,Ago - Oct,1350.4314590000001
2021,13 Ciudades y áreas metropolitanas,Población ocupada,Básica primaria,Sep - Nov,1318.7877126666665
2021,13 Ciudades y áreas metropolitanas,Población ocupada,Básica primaria,Oct - Dic,1289.9691113333333
2021,13 Ciudades y áreas metropolitanas,Población ocupada,Básica primaria,Nov - Ene,1310.9629953333333
2021,13 Ciudades y áreas metropolitanas,Población ocupada,Básica primaria,Dic - Feb,1318.5158136666666
2022,13 Ciudades y áreas metropolitanas,Población ocupada,Básica primaria,Ene - Mar,1369.6105513333334
2022,13 Ciudades y áreas metropolitanas,Población ocupada,Básica primaria,Feb - Abr,1390.5021846666666
2022,13 Ciudades y áreas metropolitanas,Población ocupada,Básica primaria,Mar - May,1389.5263723333335
2022,13 Ciudades y áreas metropolitanas,Población ocupada,Básica primaria,Abr - Jun,1375.8341606666665
2022,13 Ciudades y áreas metropolitanas,Población ocupada,Básica primaria,May - Jul,1387.8688046666666
2022,13 Ciudades y áreas metropolitanas,Población ocupada,Básica primaria,Jun - Ago,1382.7788010000002
2022,13 Ciudades y áreas metropolitanas,Población ocupada,Básica primaria,Jul - Sep,1428.0132560000002
2022,13 Ciudades y áreas metropolitanas,Población ocupada,Básica primaria,Ago - Oct,1444.0360423333334
2022,13 Ciudades y áreas metropolitanas,Población ocupada,Básica primaria,Sep - Nov,1469.9246343333334
2022,13 Ciudades y áreas metropolitanas,Población ocupada,Básica primaria,Oct - Dic,1387.7423773333333
2022,13 Ciudades y áreas metropolitanas,Población ocupada,Básica primaria,Nov - Ene,1320.3179293333333
2022,13 Ciudades y áreas metropolitanas,Población ocupada,Básica primaria,Dic - Feb,1355.3563546666667
2023,13 Ciudades y áreas metropolitanas,Población ocupada,Básica primaria,Ene - Mar,1426.7862493333334
2023,13 Ciudades y áreas metropolitanas,Población ocupada,Básica primaria,Feb - Abr,1439.0500603333337
2023,13 Ciudades y áreas metropolitanas,Población ocupada,Básica primaria,Mar - May,1385.462031
2023,13 Ciudades y áreas metropolitanas,Población ocupada,Básica primaria,Abr - Jun,1377.2283663333335
2023,13 Ciudades y áreas metropolitanas,Población ocupada,Básica primaria,May - Jul,1419.7574063333332
2023,13 Ciudades y áreas metropolitanas,Población ocupada,Básica primaria,Jun - Ago,1429.0720066666665
2023,13 Ciudades y áreas metropolitanas,Población ocupada,Básica primaria,Jul - Sep,1448.2616693333337
2023,13 Ciudades y áreas metropolitanas,Población ocupada,Básica primaria,Ago - Oct,1456.9528656666669
2023,13 Ciudades y áreas metropolitanas,Población ocupada,Básica primaria,Sep - Nov,1488.580326
2023,13 Ciudades y áreas metropolitanas,Población ocupada,Básica primaria,Oct - Dic,1431.796302
2023,13 Ciudades y áreas metropolitanas,Población ocupada,Básica primaria,Nov - Ene,1411.8892816666666
2023,13 Ciudades y áreas metropolitanas,Población ocupada,Básica primaria,Dic - Feb,1378.7461236666666
2024,13 Ciudades y áreas metropolitanas,Población ocupada,Básica primaria,Ene - Mar,1408.535349
2024,13 Ciudades y áreas metropolitanas,Población ocupada,Básica primaria,Feb - Abr,1383.626618666667
2024,13 Ciudades y áreas metropolitanas,Población ocupada,Básica primaria,Mar - May,1405.89009
2024,13 Ciudades y áreas metropolitanas,Población ocupada,Básica primaria,Abr - Jun,1423.0106316666668
2024,13 Ciudades y áreas metropolitanas,Población ocupada,Básica primaria,May - Jul,1452.5894663333331
2024,13 Ciudades y áreas metropolitanas,Población ocupada,Básica primaria,Jun - Ago,1417.44697
2024,13 Ciudades y áreas metropolitanas,Población ocupada,Básica primaria,Jul - Sep,1426.9347016666668
2024,13 Ciudades y áreas metropolitanas,Población ocupada,Básica primaria,Ago - Oct,1472.8260013333336
2024,13 Ciudades y áreas metropolitanas,Población ocupada,Básica primaria,Sep - Nov,1494.8699966666666
2024,13 Ciudades y áreas metropolitanas,Población ocupada,Básica primaria,Oct - Dic,1470.4288476666668
2024,13 Ciudades y áreas metropolitanas,Población ocupada,Básica primaria,Nov - Ene,1435.626876
2024,13 Ciudades y áreas metropolitanas,Población ocupada,Básica primaria,Dic - Feb,1430.997874
2025,13 Ciudades y áreas metropolitanas,Población ocupada,Básica primaria,Ene - Mar,1468.611631
2025,13 Ciudades y áreas metropolitanas,Población ocupada,Básica primaria,Feb - Abr,1437.724539
2025,13 Ciudades y áreas metropolitanas,Población ocupada,Básica primaria,Mar - May,1461.421812
2025,13 Ciudades y áreas metropolitanas,Población ocupada,Básica primaria,Abr - Jun,1402.665814
2025,13 Ciudades y áreas metropolitanas,Población ocupada,Básica primaria,May - Jul,1417.663731
2025,13 Ciudades y áreas metropolitanas,Población ocupada,Básica primaria,Jun - Ago,1431.114188
2025,13 Ciudades y áreas metropolitanas,Población ocupada,Básica primaria,Jul - Sep,1459.932245
2025,13 Ciudades y áreas metropolitanas,Población ocupada,Básica primaria,Ago - Oct,1473.371121
2025,13 Ciudades y áreas metropolitanas,Población ocupada,Básica primaria,Sep - Nov,1460.793358
2025,13 Ciudades y áreas metropolitanas,Población ocupada,Básica primaria,Oct - Dic,1481.896256
2025,13 Ciudades y áreas metropolitanas,Población ocupada,Básica primaria,Nov - Ene,1454.283229
2025,13 Ciudades y áreas metropolitanas,Población ocupada,Básica primaria,Dic - Feb,1357.876309
2026,13 Ciudades y áreas metropolitanas,Población ocupada,Básica primaria,Ene - Mar,1301.995663
2026,13 Ciudades y áreas metropolitanas,Población ocupada,Básica primaria,Feb - Abr,1299.733494
2021,13 Ciudades y áreas metropolitanas,Población ocupada,Básica secundaria^,Ene - Mar,361.7000586666666
2021,13 Ciudades y áreas metropolitanas,Población ocupada,Básica secundaria^,Feb - Abr,366.885639
2021,13 Ciudades y áreas metropolitanas,Población ocupada,Básica secundaria^,Mar - May,391.82431633333334
2021,13 Ciudades y áreas metropolitanas,Población ocupada,Básica secundaria^,Abr - Jun,379.7104973333333
2021,13 Ciudades y áreas metropolitanas,Población ocupada,Básica secundaria^,May - Jul,367.68937466666665
2021,13 Ciudades y áreas metropolitanas,Población ocupada,Básica secundaria^,Jun - Ago,347.8397566666666
2021,13 Ciudades y áreas metropolitanas,Población ocupada,Básica secundaria^,Jul - Sep,356.87860299999994
2021,13 Ciudades y áreas metropolitanas,Población ocupada,Básica secundaria^,Ago - Oct,368.87726066666664
2021,13 Ciudades y áreas metropolitanas,Población ocupada,Básica secundaria^,Sep - Nov,377.63692199999997
2021,13 Ciudades y áreas metropolitanas,Población ocupada,Básica secundaria^,Oct - Dic,373.4556846666667
2021,13 Ciudades y áreas metropolitanas,Población ocupada,Básica secundaria^,Nov - Ene,369.85222400000004
2021,13 Ciudades y áreas metropolitanas,Población ocupada,Básica secundaria^,Dic - Feb,376.78396533333336
2022,13 Ciudades y áreas metropolitanas,Población ocupada,Básica secundaria^,Ene - Mar,380.7153993333333
2022,13 Ciudades y áreas metropolitanas,Población ocupada,Básica secundaria^,Feb - Abr,388.466571
2022,13 Ciudades y áreas metropolitanas,Población ocupada,Básica secundaria^,Mar - May,375.2849346666667
2022,13 Ciudades y áreas metropolitanas,Población ocupada,Básica secundaria^,Abr - Jun,378.0089883333333
2022,13 Ciudades y áreas metropolitanas,Población ocupada,Básica secundaria^,May - Jul,406.5154626666667
2022,13 Ciudades y áreas metropolitanas,Población ocupada,Básica secundaria^,Jun - Ago,422.184016
2022,13 Ciudades y áreas metropolitanas,Población ocupada,Básica secundaria^,Jul - Sep,432.107946
2022,13 Ciudades y áreas metropolitanas,Población ocupada,Básica secundaria^,Ago - Oct,407.6091443333333
2022,13 Ciudades y áreas metropolitanas,Población ocupada,Básica secundaria^,Sep - Nov,414.3906963333333
2022,13 Ciudades y áreas metropolitanas,Población ocupada,Básica secundaria^,Oct - Dic,418.585063
2022,13 Ciudades y áreas metropolitanas,Población ocupada,Básica secundaria^,Nov - Ene,434.644548
2022,13 Ciudades y áreas metropolitanas,Población ocupada,Básica secundaria^,Dic - Feb,410.7222936666667
2023,13 Ciudades y áreas metropolitanas,Población ocupada,Básica secundaria^,Ene - Mar,415.4289283333333
2023,13 Ciudades y áreas metropolitanas,Población ocupada,Básica secundaria^,Feb - Abr,402.104732
2023,13 Ciudades y áreas metropolitanas,Población ocupada,Básica secundaria^,Mar - May,405.44554066666666
2023,13 Ciudades y áreas metropolitanas,Población ocupada,Básica secundaria^,Abr - Jun,401.18284266666666
2023,13 Ciudades y áreas metropolitanas,Población ocupada,Básica secundaria^,May - Jul,422.8612766666667
2023,13 Ciudades y áreas metropolitanas,Población ocupada,Básica secundaria^,Jun - Ago,444.25956233333335
2023,13 Ciudades y áreas metropolitanas,Población ocupada,Básica secundaria^,Jul - Sep,430.3672676666667
2023,13 Ciudades y áreas metropolitanas,Población ocupada,Básica secundaria^,Ago - Oct,412.5398783333333
2023,13 Ciudades y áreas metropolitanas,Población ocupada,Básica secundaria^,Sep - Nov,418.0476813333333
2023,13 Ciudades y áreas metropolitanas,Población ocupada,Básica secundaria^,Oct - Dic,425.71964933333334
2023,13 Ciudades y áreas metropolitanas,Población ocupada,Básica secundaria^,Nov - Ene,438.538126
2023,13 Ciudades y áreas metropolitanas,Población ocupada,Básica secundaria^,Dic - Feb,419.2693443333333
2024,13 Ciudades y áreas metropolitanas,Población ocupada,Básica secundaria^,Ene - Mar,417.8392073333334
2024,13 Ciudades y áreas metropolitanas,Población ocupada,Básica secundaria^,Feb - Abr,408.0556936666667
2024,13 Ciudades y áreas metropolitanas,Población ocupada,Básica secundaria^,Mar - May,412.4740953333333
2024,13 Ciudades y áreas metropolitanas,Población ocupada,Básica secundaria^,Abr - Jun,409.7192786666667
2024,13 Ciudades y áreas metropolitanas,Población ocupada,Básica secundaria^,May - Jul,412.73681700000003
2024,13 Ciudades y áreas metropolitanas,Población ocupada,Básica secundaria^,Jun - Ago,432.7017133333334
2024,13 Ciudades y áreas metropolitanas,Población ocupada,Básica secundaria^,Jul - Sep,429.53619933333334
2024,13 Ciudades y áreas metropolitanas,Población ocupada,Básica secundaria^,Ago - Oct,439.00704233333335
2024,13 Ciudades y áreas metropolitanas,Población ocupada,Básica secundaria^,Sep - Nov,427.61922733333336
2024,13 Ciudades y áreas metropolitanas,Población ocupada,Básica secundaria^,Oct - Dic,414.342827
2024,13 Ciudades y áreas metropolitanas,Población ocupada,Básica secundaria^,Nov - Ene,388.928408
2024,13 Ciudades y áreas metropolitanas,Población ocupada,Básica secundaria^,Dic - Feb,378.4707
2025,13 Ciudades y áreas metropolitanas,Población ocupada,Básica secundaria^,Ene - Mar,389.644468
2025,13 Ciudades y áreas metropolitanas,Población ocupada,Básica secundaria^,Feb - Abr,400.51953
2025,13 Ciudades y áreas metropolitanas,Población ocupada,Básica secundaria^,Mar - May,417.126932
2025,13 Ciudades y áreas metropolitanas,Población ocupada,Básica secundaria^,Abr - Jun,430.053073
2025,13 Ciudades y áreas metropolitanas,Población ocupada,Básica secundaria^,May - Jul,433.922993
2025,13 Ciudades y áreas metropolitanas,Población ocupada,Básica secundaria^,Jun - Ago,422.73093
2025,13 Ciudades y áreas metropolitanas,Población ocupada,Básica secundaria^,Jul - Sep,410.175347
2025,13 Ciudades y áreas metropolitanas,Población ocupada,Básica secundaria^,Ago - Oct,431.086137
2025,13 Ciudades y áreas metropolitanas,Población ocupada,Básica secundaria^,Sep - Nov,434.729272
2025,13 Ciudades y áreas metropolitanas,Población ocupada,Básica secundaria^,Oct - Dic,458.502057
2025,13 Ciudades y áreas metropolitanas,Población ocupada,Básica secundaria^,Nov - Ene,420.722024
2025,13 Ciudades y áreas metropolitanas,Población ocupada,Básica secundaria^,Dic - Feb,388.178456
2026,13 Ciudades y áreas metropolitanas,Población ocupada,Básica secundaria^,Ene - Mar,371.956931
2026,13 Ciudades y áreas metropolitanas,Población ocupada,Básica secundaria^,Feb - Abr,375.860974
2021,13 Ciudades y áreas metropolitanas,Población ocupada,Educación media*^,Ene - Mar,3481.6053579999993
2021,13 Ciudades y áreas metropolitanas,Población ocupada,Educación media*^,Feb - Abr,3499.226868333333
2021,13 Ciudades y áreas metropolitanas,Población ocupada,Educación media*^,Mar - May,3417.430833
2021,13 Ciudades y áreas metropolitanas,Población ocupada,Educación media*^,Abr - Jun,3461.234061333333
2021,13 Ciudades y áreas metropolitanas,Población ocupada,Educación media*^,May - Jul,3530.4560976666667
2021,13 Ciudades y áreas metropolitanas,Población ocupada,Educación media*^,Jun - Ago,3602.087073
2021,13 Ciudades y áreas metropolitanas,Población ocupada,Educación media*^,Jul - Sep,3584.7162546666673
2021,13 Ciudades y áreas metropolitanas,Población ocupada,Educación media*^,Ago - Oct,3614.7039266666666
2021,13 Ciudades y áreas metropolitanas,Población ocupada,Educación media*^,Sep - Nov,3677.1809646666666
2021,13 Ciudades y áreas metropolitanas,Población ocupada,Educación media*^,Oct - Dic,3699.8768350000005
2021,13 Ciudades y áreas metropolitanas,Población ocupada,Educación media*^,Nov - Ene,3687.326462333333
2021,13 Ciudades y áreas metropolitanas,Población ocupada,Educación media*^,Dic - Feb,3702.1193836666666
2022,13 Ciudades y áreas metropolitanas,Población ocupada,Educación media*^,Ene - Mar,3708.1139356666667
2022,13 Ciudades y áreas metropolitanas,Población ocupada,Educación media*^,Feb - Abr,3802.329893666667
2022,13 Ciudades y áreas metropolitanas,Población ocupada,Educación media*^,Mar - May,3783.807659
2022,13 Ciudades y áreas metropolitanas,Población ocupada,Educación media*^,Abr - Jun,3847.4799583333333
2022,13 Ciudades y áreas metropolitanas,Población ocupada,Educación media*^,May - Jul,3803.218685
2022,13 Ciudades y áreas metropolitanas,Población ocupada,Educación media*^,Jun - Ago,3836.0368603333336
2022,13 Ciudades y áreas metropolitanas,Población ocupada,Educación media*^,Jul - Sep,3880.8086380000004
2022,13 Ciudades y áreas metropolitanas,Población ocupada,Educación media*^,Ago - Oct,3975.1447890000004
2022,13 Ciudades y áreas metropolitanas,Población ocupada,Educación media*^,Sep - Nov,3988.5407460000006
2022,13 Ciudades y áreas metropolitanas,Población ocupada,Educación media*^,Oct - Dic,3961.109570666667
2022,13 Ciudades y áreas metropolitanas,Población ocupada,Educación media*^,Nov - Ene,3838.568038666667
2022,13 Ciudades y áreas metropolitanas,Población ocupada,Educación media*^,Dic - Feb,3850.330607
2023,13 Ciudades y áreas metropolitanas,Población ocupada,Educación media*^,Ene - Mar,3815.950306
2023,13 Ciudades y áreas metropolitanas,Población ocupada,Educación media*^,Feb - Abr,3922.3256166666665
2023,13 Ciudades y áreas metropolitanas,Población ocupada,Educación media*^,Mar - May,3933.4883833333333
2023,13 Ciudades y áreas metropolitanas,Población ocupada,Educación media*^,Abr - Jun,3970.0921280000002
2023,13 Ciudades y áreas metropolitanas,Población ocupada,Educación media*^,May - Jul,3968.695715
2023,13 Ciudades y áreas metropolitanas,Población ocupada,Educación media*^,Jun - Ago,3952.1267073333333
2023,13 Ciudades y áreas metropolitanas,Población ocupada,Educación media*^,Jul - Sep,3963.148009666667
2023,13 Ciudades y áreas metropolitanas,Población ocupada,Educación media*^,Ago - Oct,3992.758266333333
2023,13 Ciudades y áreas metropolitanas,Población ocupada,Educación media*^,Sep - Nov,4068.9691399999997
2023,13 Ciudades y áreas metropolitanas,Población ocupada,Educación media*^,Oct - Dic,4083.1386156666667
2023,13 Ciudades y áreas metropolitanas,Población ocupada,Educación media*^,Nov - Ene,3988.2136403333334
2023,13 Ciudades y áreas metropolitanas,Población ocupada,Educación media*^,Dic - Feb,3932.0192843333334
2024,13 Ciudades y áreas metropolitanas,Población ocupada,Educación media*^,Ene - Mar,3955.059401666667
2024,13 Ciudades y áreas metropolitanas,Población ocupada,Educación media*^,Feb - Abr,4055.6241609999997
2024,13 Ciudades y áreas metropolitanas,Población ocupada,Educación media*^,Mar - May,4088.4547333333335
2024,13 Ciudades y áreas metropolitanas,Población ocupada,Educación media*^,Abr - Jun,4139.537930666666
2024,13 Ciudades y áreas metropolitanas,Población ocupada,Educación media*^,May - Jul,4146.651549
2024,13 Ciudades y áreas metropolitanas,Población ocupada,Educación media*^,Jun - Ago,4184.445725333334
2024,13 Ciudades y áreas metropolitanas,Población ocupada,Educación media*^,Jul - Sep,4152.995466
2024,13 Ciudades y áreas metropolitanas,Población ocupada,Educación media*^,Ago - Oct,4192.7895579999995
2024,13 Ciudades y áreas metropolitanas,Población ocupada,Educación media*^,Sep - Nov,4267.530280333333
2024,13 Ciudades y áreas metropolitanas,Población ocupada,Educación media*^,Oct - Dic,4344.545075666666
2024,13 Ciudades y áreas metropolitanas,Población ocupada,Educación media*^,Nov - Ene,4294.166063
2024,13 Ciudades y áreas metropolitanas,Población ocupada,Educación media*^,Dic - Feb,4344.532116
2025,13 Ciudades y áreas metropolitanas,Población ocupada,Educación media*^,Ene - Mar,4396.922375
2025,13 Ciudades y áreas metropolitanas,Población ocupada,Educación media*^,Feb - Abr,4424.438408
2025,13 Ciudades y áreas metropolitanas,Población ocupada,Educación media*^,Mar - May,4328.790207
2025,13 Ciudades y áreas metropolitanas,Población ocupada,Educación media*^,Abr - Jun,4244.331476
2025,13 Ciudades y áreas metropolitanas,Población ocupada,Educación media*^,May - Jul,4374.095871
2025,13 Ciudades y áreas metropolitanas,Población ocupada,Educación media*^,Jun - Ago,4369.733942
2025,13 Ciudades y áreas metropolitanas,Población ocupada,Educación media*^,Jul - Sep,4403.929049
2025,13 Ciudades y áreas metropolitanas,Población ocupada,Educación media*^,Ago - Oct,4363.73711
2025,13 Ciudades y áreas metropolitanas,Población ocupada,Educación media*^,Sep - Nov,4467.523259
2025,13 Ciudades y áreas metropolitanas,Población ocupada,Educación media*^,Oct - Dic,4491.074063
2025,13 Ciudades y áreas metropolitanas,Población ocupada,Educación media*^,Nov - Ene,4327.555308
2025,13 Ciudades y áreas metropolitanas,Población ocupada,Educación media*^,Dic - Feb,4204.585885
2026,13 Ciudades y áreas metropolitanas,Población ocupada,Educación media*^,Ene - Mar,4121.984
2026,13 Ciudades y áreas metropolitanas,Población ocupada,Educación media*^,Feb - Abr,4242.39771
2021,13 Ciudades y áreas metropolitanas,Población ocupada,Técnica profesional y Tecnológica^^,Ene - Mar,1234.5611903333333
2021,13 Ciudades y áreas metropolitanas,Población ocupada,Técnica profesional y Tecnológica^^,Feb - Abr,1275.1890346666669
2021,13 Ciudades y áreas metropolitanas,Población ocupada,Técnica profesional y Tecnológica^^,Mar - May,1356.673821666667
2021,13 Ciudades y áreas metropolitanas,Población ocupada,Técnica profesional y Tecnológica^^,Abr - Jun,1406.0677756666666
2021,13 Ciudades y áreas metropolitanas,Población ocupada,Técnica profesional y Tecnológica^^,May - Jul,1430.918605
2021,13 Ciudades y áreas metropolitanas,Población ocupada,Técnica profesional y Tecnológica^^,Jun - Ago,1450.860431
2021,13 Ciudades y áreas metropolitanas,Población ocupada,Técnica profesional y Tecnológica^^,Jul - Sep,1483.9115473333334
2021,13 Ciudades y áreas metropolitanas,Población ocupada,Técnica profesional y Tecnológica^^,Ago - Oct,1437.6499436666666
2021,13 Ciudades y áreas metropolitanas,Población ocupada,Técnica profesional y Tecnológica^^,Sep - Nov,1377.1215163333334
2021,13 Ciudades y áreas metropolitanas,Población ocupada,Técnica profesional y Tecnológica^^,Oct - Dic,1330.2887030000002
2021,13 Ciudades y áreas metropolitanas,Población ocupada,Técnica profesional y Tecnológica^^,Nov - Ene,1369.8507303333336
2021,13 Ciudades y áreas metropolitanas,Población ocupada,Técnica profesional y Tecnológica^^,Dic - Feb,1455.3289673333336
2022,13 Ciudades y áreas metropolitanas,Población ocupada,Técnica profesional y Tecnológica^^,Ene - Mar,1516.276307
2022,13 Ciudades y áreas metropolitanas,Población ocupada,Técnica profesional y Tecnológica^^,Feb - Abr,1577.44016
2022,13 Ciudades y áreas metropolitanas,Población ocupada,Técnica profesional y Tecnológica^^,Mar - May,1610.9423636666668
2022,13 Ciudades y áreas metropolitanas,Población ocupada,Técnica profesional y Tecnológica^^,Abr - Jun,1631.1209513333333
2022,13 Ciudades y áreas metropolitanas,Población ocupada,Técnica profesional y Tecnológica^^,May - Jul,1610.5902646666666
2022,13 Ciudades y áreas metropolitanas,Población ocupada,Técnica profesional y Tecnológica^^,Jun - Ago,1610.6267316666665
2022,13 Ciudades y áreas metropolitanas,Población ocupada,Técnica profesional y Tecnológica^^,Jul - Sep,1612.4020816666664
2022,13 Ciudades y áreas metropolitanas,Población ocupada,Técnica profesional y Tecnológica^^,Ago - Oct,1618.9010660000001
2022,13 Ciudades y áreas metropolitanas,Población ocupada,Técnica profesional y Tecnológica^^,Sep - Nov,1611.1356456666665
2022,13 Ciudades y áreas metropolitanas,Población ocupada,Técnica profesional y Tecnológica^^,Oct - Dic,1605.0384186666668
2022,13 Ciudades y áreas metropolitanas,Población ocupada,Técnica profesional y Tecnológica^^,Nov - Ene,1625.3779169999998
2022,13 Ciudades y áreas metropolitanas,Población ocupada,Técnica profesional y Tecnológica^^,Dic - Feb,1587.7012736666668
2023,13 Ciudades y áreas metropolitanas,Población ocupada,Técnica profesional y Tecnológica^^,Ene - Mar,1588.8107486666668
2023,13 Ciudades y áreas metropolitanas,Población ocupada,Técnica profesional y Tecnológica^^,Feb - Abr,1627.1761113333332
2023,13 Ciudades y áreas metropolitanas,Población ocupada,Técnica profesional y Tecnológica^^,Mar - May,1700.3550940000002
2023,13 Ciudades y áreas metropolitanas,Población ocupada,Técnica profesional y Tecnológica^^,Abr - Jun,1759.8938873333334
2023,13 Ciudades y áreas metropolitanas,Población ocupada,Técnica profesional y Tecnológica^^,May - Jul,1773.4426276666666
2023,13 Ciudades y áreas metropolitanas,Población ocupada,Técnica profesional y Tecnológica^^,Jun - Ago,1787.8688713333333
2023,13 Ciudades y áreas metropolitanas,Población ocupada,Técnica profesional y Tecnológica^^,Jul - Sep,1748.2494473333336
2023,13 Ciudades y áreas metropolitanas,Población ocupada,Técnica profesional y Tecnológica^^,Ago - Oct,1687.7805696666667
2023,13 Ciudades y áreas metropolitanas,Población ocupada,Técnica profesional y Tecnológica^^,Sep - Nov,1651.6606769999999
2023,13 Ciudades y áreas metropolitanas,Población ocupada,Técnica profesional y Tecnológica^^,Oct - Dic,1658.731418
2023,13 Ciudades y áreas metropolitanas,Población ocupada,Técnica profesional y Tecnológica^^,Nov - Ene,1710.3732619999998
2023,13 Ciudades y áreas metropolitanas,Población ocupada,Técnica profesional y Tecnológica^^,Dic - Feb,1746.8456156666664
2024,13 Ciudades y áreas metropolitanas,Población ocupada,Técnica profesional y Tecnológica^^,Ene - Mar,1743.854278
2024,13 Ciudades y áreas metropolitanas,Población ocupada,Técnica profesional y Tecnológica^^,Feb - Abr,1723.6532596666666
2024,13 Ciudades y áreas metropolitanas,Población ocupada,Técnica profesional y Tecnológica^^,Mar - May,1721.8126003333334
2024,13 Ciudades y áreas metropolitanas,Población ocupada,Técnica profesional y Tecnológica^^,Abr - Jun,1717.5727316666664
2024,13 Ciudades y áreas metropolitanas,Población ocupada,Técnica profesional y Tecnológica^^,May - Jul,1734.8679843333332
2024,13 Ciudades y áreas metropolitanas,Población ocupada,Técnica profesional y Tecnológica^^,Jun - Ago,1758.4428673333332
2024,13 Ciudades y áreas metropolitanas,Población ocupada,Técnica profesional y Tecnológica^^,Jul - Sep,1748.5347433333334
2024,13 Ciudades y áreas metropolitanas,Población ocupada,Técnica profesional y Tecnológica^^,Ago - Oct,1706.2737376666664
2024,13 Ciudades y áreas metropolitanas,Población ocupada,Técnica profesional y Tecnológica^^,Sep - Nov,1656.0378356666668
2024,13 Ciudades y áreas metropolitanas,Población ocupada,Técnica profesional y Tecnológica^^,Oct - Dic,1647.528864
2024,13 Ciudades y áreas metropolitanas,Población ocupada,Técnica profesional y Tecnológica^^,Nov - Ene,1691.636759
2024,13 Ciudades y áreas metropolitanas,Población ocupada,Técnica profesional y Tecnológica^^,Dic - Feb,1683.844561
2025,13 Ciudades y áreas metropolitanas,Población ocupada,Técnica profesional y Tecnológica^^,Ene - Mar,1703.623936
2025,13 Ciudades y áreas metropolitanas,Población ocupada,Técnica profesional y Tecnológica^^,Feb - Abr,1743.411529
2025,13 Ciudades y áreas metropolitanas,Población ocupada,Técnica profesional y Tecnológica^^,Mar - May,1824.226923
2025,13 Ciudades y áreas metropolitanas,Población ocupada,Técnica profesional y Tecnológica^^,Abr - Jun,1903.346679
2025,13 Ciudades y áreas metropolitanas,Población ocupada,Técnica profesional y Tecnológica^^,May - Jul,1869.965733
2025,13 Ciudades y áreas metropolitanas,Población ocupada,Técnica profesional y Tecnológica^^,Jun - Ago,1872.311354
2025,13 Ciudades y áreas metropolitanas,Población ocupada,Técnica profesional y Tecnológica^^,Jul - Sep,1816.108471
2025,13 Ciudades y áreas metropolitanas,Población ocupada,Técnica profesional y Tecnológica^^,Ago - Oct,1837.130771
2025,13 Ciudades y áreas metropolitanas,Población ocupada,Técnica profesional y Tecnológica^^,Sep - Nov,1803.721504
2025,13 Ciudades y áreas metropolitanas,Población ocupada,Técnica profesional y Tecnológica^^,Oct - Dic,1808.454057
2025,13 Ciudades y áreas metropolitanas,Población ocupada,Técnica profesional y Tecnológica^^,Nov - Ene,1809.364218
2025,13 Ciudades y áreas metropolitanas,Población ocupada,Técnica profesional y Tecnológica^^,Dic - Feb,1820.337085
2026,13 Ciudades y áreas metropolitanas,Población ocupada,Técnica profesional y Tecnológica^^,Ene - Mar,1813.777661
2026,13 Ciudades y áreas metropolitanas,Población ocupada,Técnica profesional y Tecnológica^^,Feb - Abr,1818.585178
2021,13 Ciudades y áreas metropolitanas,Población ocupada,Universitaria,Ene - Mar,1646.2327526666668
2021,13 Ciudades y áreas metropolitanas,Población ocupada,Universitaria,Feb - Abr,1669.2250430000001
2021,13 Ciudades y áreas metropolitanas,Población ocupada,Universitaria,Mar - May,1707.7153
2021,13 Ciudades y áreas metropolitanas,Población ocupada,Universitaria,Abr - Jun,1732.5428896666665
2021,13 Ciudades y áreas metropolitanas,Población ocupada,Universitaria,May - Jul,1746.6472110000002
2021,13 Ciudades y áreas metropolitanas,Población ocupada,Universitaria,Jun - Ago,1712.9630666666665
2021,13 Ciudades y áreas metropolitanas,Población ocupada,Universitaria,Jul - Sep,1704.5303953333334
2021,13 Ciudades y áreas metropolitanas,Población ocupada,Universitaria,Ago - Oct,1761.1999013333334
2021,13 Ciudades y áreas metropolitanas,Población ocupada,Universitaria,Sep - Nov,1819.6637906666665
2021,13 Ciudades y áreas metropolitanas,Población ocupada,Universitaria,Oct - Dic,1907.1873273333333
2021,13 Ciudades y áreas metropolitanas,Población ocupada,Universitaria,Nov - Ene,1910.1331786666667
2021,13 Ciudades y áreas metropolitanas,Población ocupada,Universitaria,Dic - Feb,1913.406357
2022,13 Ciudades y áreas metropolitanas,Población ocupada,Universitaria,Ene - Mar,1884.467629
2022,13 Ciudades y áreas metropolitanas,Población ocupada,Universitaria,Feb - Abr,1860.153773
2022,13 Ciudades y áreas metropolitanas,Población ocupada,Universitaria,Mar - May,1894.1334719999998
2022,13 Ciudades y áreas metropolitanas,Población ocupada,Universitaria,Abr - Jun,1848.0475573333333
2022,13 Ciudades y áreas metropolitanas,Población ocupada,Universitaria,May - Jul,1850.2699896666666
2022,13 Ciudades y áreas metropolitanas,Población ocupada,Universitaria,Jun - Ago,1831.609393
2022,13 Ciudades y áreas metropolitanas,Población ocupada,Universitaria,Jul - Sep,1840.2002089999999
2022,13 Ciudades y áreas metropolitanas,Población ocupada,Universitaria,Ago - Oct,1818.502273
2022,13 Ciudades y áreas metropolitanas,Población ocupada,Universitaria,Sep - Nov,1798.2593573333334
2022,13 Ciudades y áreas metropolitanas,Población ocupada,Universitaria,Oct - Dic,1830.246015
2022,13 Ciudades y áreas metropolitanas,Población ocupada,Universitaria,Nov - Ene,1838.8809636666665
2022,13 Ciudades y áreas metropolitanas,Población ocupada,Universitaria,Dic - Feb,1823.399468333333
2023,13 Ciudades y áreas metropolitanas,Población ocupada,Universitaria,Ene - Mar,1853.3290953333333
2023,13 Ciudades y áreas metropolitanas,Población ocupada,Universitaria,Feb - Abr,1837.3240046666667
2023,13 Ciudades y áreas metropolitanas,Población ocupada,Universitaria,Mar - May,1817.8241863333333
2023,13 Ciudades y áreas metropolitanas,Población ocupada,Universitaria,Abr - Jun,1803.3990933333334
2023,13 Ciudades y áreas metropolitanas,Población ocupada,Universitaria,May - Jul,1815.9110473333333
2023,13 Ciudades y áreas metropolitanas,Población ocupada,Universitaria,Jun - Ago,1879.9347446666663
2023,13 Ciudades y áreas metropolitanas,Población ocupada,Universitaria,Jul - Sep,1895.9104883333337
2023,13 Ciudades y áreas metropolitanas,Población ocupada,Universitaria,Ago - Oct,1939.1971543333332
2023,13 Ciudades y áreas metropolitanas,Población ocupada,Universitaria,Sep - Nov,1942.3686843333335
2023,13 Ciudades y áreas metropolitanas,Población ocupada,Universitaria,Oct - Dic,1898.6786163333334
2023,13 Ciudades y áreas metropolitanas,Población ocupada,Universitaria,Nov - Ene,1870.1443076666667
2023,13 Ciudades y áreas metropolitanas,Población ocupada,Universitaria,Dic - Feb,1815.2726263333334
2024,13 Ciudades y áreas metropolitanas,Población ocupada,Universitaria,Ene - Mar,1832.2470593333335
2024,13 Ciudades y áreas metropolitanas,Población ocupada,Universitaria,Feb - Abr,1863.4065866666667
2024,13 Ciudades y áreas metropolitanas,Población ocupada,Universitaria,Mar - May,1924.994368
2024,13 Ciudades y áreas metropolitanas,Población ocupada,Universitaria,Abr - Jun,1900.5101546666665
2024,13 Ciudades y áreas metropolitanas,Población ocupada,Universitaria,May - Jul,1864.9948699999998
2024,13 Ciudades y áreas metropolitanas,Población ocupada,Universitaria,Jun - Ago,1844.2836623333333
2024,13 Ciudades y áreas metropolitanas,Población ocupada,Universitaria,Jul - Sep,1886.5339373333334
2024,13 Ciudades y áreas metropolitanas,Población ocupada,Universitaria,Ago - Oct,1916.8605886666667
2024,13 Ciudades y áreas metropolitanas,Población ocupada,Universitaria,Sep - Nov,1927.6719163333335
2024,13 Ciudades y áreas metropolitanas,Población ocupada,Universitaria,Oct - Dic,1930.2875526666667
2024,13 Ciudades y áreas metropolitanas,Población ocupada,Universitaria,Nov - Ene,1880.439396
2024,13 Ciudades y áreas metropolitanas,Población ocupada,Universitaria,Dic - Feb,1837.846265
2025,13 Ciudades y áreas metropolitanas,Población ocupada,Universitaria,Ene - Mar,1788.625844
2025,13 Ciudades y áreas metropolitanas,Población ocupada,Universitaria,Feb - Abr,1838.557122
2025,13 Ciudades y áreas metropolitanas,Población ocupada,Universitaria,Mar - May,1815.243563
2025,13 Ciudades y áreas metropolitanas,Población ocupada,Universitaria,Abr - Jun,1863.952912
2025,13 Ciudades y áreas metropolitanas,Población ocupada,Universitaria,May - Jul,1834.861877
2025,13 Ciudades y áreas metropolitanas,Población ocupada,Universitaria,Jun - Ago,1930.078938
2025,13 Ciudades y áreas metropolitanas,Población ocupada,Universitaria,Jul - Sep,1939.457828
2025,13 Ciudades y áreas metropolitanas,Población ocupada,Universitaria,Ago - Oct,1968.887764
2025,13 Ciudades y áreas metropolitanas,Población ocupada,Universitaria,Sep - Nov,1926.838876
2025,13 Ciudades y áreas metropolitanas,Población ocupada,Universitaria,Oct - Dic,1904.715818
2025,13 Ciudades y áreas metropolitanas,Población ocupada,Universitaria,Nov - Ene,1914.510733
2025,13 Ciudades y áreas metropolitanas,Población ocupada,Universitaria,Dic - Feb,1988.052518
2026,13 Ciudades y áreas metropolitanas,Población ocupada,Universitaria,Ene - Mar,2034.941441
2026,13 Ciudades y áreas metropolitanas,Población ocupada,Universitaria,Feb - Abr,2051.490061
2021,13 Ciudades y áreas metropolitanas,Población ocupada,Posgrado,Ene - Mar,627.4265806666666
2021,13 Ciudades y áreas metropolitanas,Población ocupada,Posgrado,Feb - Abr,649.0521873333333
2021,13 Ciudades y áreas metropolitanas,Población ocupada,Posgrado,Mar - May,668.3043116666666
2021,13 Ciudades y áreas metropolitanas,Población ocupada,Posgrado,Abr - Jun,654.4723963333333
2021,13 Ciudades y áreas metropolitanas,Población ocupada,Posgrado,May - Jul,672.5574646666668
2021,13 Ciudades y áreas metropolitanas,Población ocupada,Posgrado,Jun - Ago,684.3773293333334
2021,13 Ciudades y áreas metropolitanas,Población ocupada,Posgrado,Jul - Sep,714.1629546666667
2021,13 Ciudades y áreas metropolitanas,Población ocupada,Posgrado,Ago - Oct,692.2378616666666
2021,13 Ciudades y áreas metropolitanas,Población ocupada,Posgrado,Sep - Nov,691.2903900000001
2021,13 Ciudades y áreas metropolitanas,Población ocupada,Posgrado,Oct - Dic,705.9388916666667
2021,13 Ciudades y áreas metropolitanas,Población ocupada,Posgrado,Nov - Ene,724.6625473333334
2021,13 Ciudades y áreas metropolitanas,Población ocupada,Posgrado,Dic - Feb,717.9584423333332
2022,13 Ciudades y áreas metropolitanas,Población ocupada,Posgrado,Ene - Mar,765.05941
2022,13 Ciudades y áreas metropolitanas,Población ocupada,Posgrado,Feb - Abr,786.6783009999999
2022,13 Ciudades y áreas metropolitanas,Población ocupada,Posgrado,Mar - May,812.366482
2022,13 Ciudades y áreas metropolitanas,Población ocupada,Posgrado,Abr - Jun,788.8565996666667
2022,13 Ciudades y áreas metropolitanas,Población ocupada,Posgrado,May - Jul,792.9197753333333
2022,13 Ciudades y áreas metropolitanas,Población ocupada,Posgrado,Jun - Ago,784.6490506666668
2022,13 Ciudades y áreas metropolitanas,Población ocupada,Posgrado,Jul - Sep,790.9934463333334
2022,13 Ciudades y áreas metropolitanas,Población ocupada,Posgrado,Ago - Oct,817.1667473333333
2022,13 Ciudades y áreas metropolitanas,Población ocupada,Posgrado,Sep - Nov,890.9470416666667
2022,13 Ciudades y áreas metropolitanas,Población ocupada,Posgrado,Oct - Dic,923.8833996666667
2022,13 Ciudades y áreas metropolitanas,Población ocupada,Posgrado,Nov - Ene,876.5783153333333
2022,13 Ciudades y áreas metropolitanas,Población ocupada,Posgrado,Dic - Feb,803.364192
2023,13 Ciudades y áreas metropolitanas,Población ocupada,Posgrado,Ene - Mar,789.1358920000001
2023,13 Ciudades y áreas metropolitanas,Población ocupada,Posgrado,Feb - Abr,834.2959569999999
2023,13 Ciudades y áreas metropolitanas,Población ocupada,Posgrado,Mar - May,886.9054886666667
2023,13 Ciudades y áreas metropolitanas,Población ocupada,Posgrado,Abr - Jun,924.0368400000001
2023,13 Ciudades y áreas metropolitanas,Población ocupada,Posgrado,May - Jul,943.4031473333333
2023,13 Ciudades y áreas metropolitanas,Población ocupada,Posgrado,Jun - Ago,937.0475426666667
2023,13 Ciudades y áreas metropolitanas,Población ocupada,Posgrado,Jul - Sep,912.0103473333334
2023,13 Ciudades y áreas metropolitanas,Población ocupada,Posgrado,Ago - Oct,934.8212006666668
2023,13 Ciudades y áreas metropolitanas,Población ocupada,Posgrado,Sep - Nov,954.2287406666668
2023,13 Ciudades y áreas metropolitanas,Población ocupada,Posgrado,Oct - Dic,986.124768
2023,13 Ciudades y áreas metropolitanas,Población ocupada,Posgrado,Nov - Ene,925.1745303333333
2023,13 Ciudades y áreas metropolitanas,Población ocupada,Posgrado,Dic - Feb,907.2477570000001
2024,13 Ciudades y áreas metropolitanas,Población ocupada,Posgrado,Ene - Mar,886.9576906666667
2024,13 Ciudades y áreas metropolitanas,Población ocupada,Posgrado,Feb - Abr,930.504848
2024,13 Ciudades y áreas metropolitanas,Población ocupada,Posgrado,Mar - May,931.496567
2024,13 Ciudades y áreas metropolitanas,Población ocupada,Posgrado,Abr - Jun,935.2674470000001
2024,13 Ciudades y áreas metropolitanas,Población ocupada,Posgrado,May - Jul,950.306919
2024,13 Ciudades y áreas metropolitanas,Población ocupada,Posgrado,Jun - Ago,954.7636166666666
2024,13 Ciudades y áreas metropolitanas,Población ocupada,Posgrado,Jul - Sep,948.0113483333333
2024,13 Ciudades y áreas metropolitanas,Población ocupada,Posgrado,Ago - Oct,907.9866263333333
2024,13 Ciudades y áreas metropolitanas,Población ocupada,Posgrado,Sep - Nov,915.0399076666666
2024,13 Ciudades y áreas metropolitanas,Población ocupada,Posgrado,Oct - Dic,897.4652513333334
2024,13 Ciudades y áreas metropolitanas,Población ocupada,Posgrado,Nov - Ene,903.772775
2024,13 Ciudades y áreas metropolitanas,Población ocupada,Posgrado,Dic - Feb,872.791285
2025,13 Ciudades y áreas metropolitanas,Población ocupada,Posgrado,Ene - Mar,865.67756
2025,13 Ciudades y áreas metropolitanas,Población ocupada,Posgrado,Feb - Abr,908.074355
2025,13 Ciudades y áreas metropolitanas,Población ocupada,Posgrado,Mar - May,923.584179
2025,13 Ciudades y áreas metropolitanas,Población ocupada,Posgrado,Abr - Jun,927.661037
2025,13 Ciudades y áreas metropolitanas,Población ocupada,Posgrado,May - Jul,904.635155
2025,13 Ciudades y áreas metropolitanas,Población ocupada,Posgrado,Jun - Ago,893.206157
2025,13 Ciudades y áreas metropolitanas,Población ocupada,Posgrado,Jul - Sep,914.73603
2025,13 Ciudades y áreas metropolitanas,Población ocupada,Posgrado,Ago - Oct,927.69549
2025,13 Ciudades y áreas metropolitanas,Población ocupada,Posgrado,Sep - Nov,959.241619
2025,13 Ciudades y áreas metropolitanas,Población ocupada,Posgrado,Oct - Dic,963.646313
2025,13 Ciudades y áreas metropolitanas,Población ocupada,Posgrado,Nov - Ene,983.1723
2025,13 Ciudades y áreas metropolitanas,Población ocupada,Posgrado,Dic - Feb,1041.252923
2026,13 Ciudades y áreas metropolitanas,Población ocupada,Posgrado,Ene - Mar,1123.127376
2026,13 Ciudades y áreas metropolitanas,Población ocupada,Posgrado,Feb - Abr,1114.236854
2021,13 Ciudades y áreas metropolitanas,Formal,Formal,Ene - Mar,4990.366199666666
2021,13 Ciudades y áreas metropolitanas,Formal,Formal,Feb - Abr,4999.7586716666665
2021,13 Ciudades y áreas metropolitanas,Formal,Formal,Mar - May,5089.547187333334
2021,13 Ciudades y áreas metropolitanas,Formal,Formal,Abr - Jun,5125.978807333334
2021,13 Ciudades y áreas metropolitanas,Formal,Formal,May - Jul,5245.425084333334
2021,13 Ciudades y áreas metropolitanas,Formal,Formal,Jun - Ago,5265.836126666666
2021,13 Ciudades y áreas metropolitanas,Formal,Formal,Jul - Sep,5347.999793333333
2021,13 Ciudades y áreas metropolitanas,Formal,Formal,Ago - Oct,5330.884890666666
2021,13 Ciudades y áreas metropolitanas,Formal,Formal,Sep - Nov,5423.541088
2021,13 Ciudades y áreas metropolitanas,Formal,Formal,Oct - Dic,5462.111764
2021,13 Ciudades y áreas metropolitanas,Formal,Formal,Nov - Ene,5580.1614156666665
2021,13 Ciudades y áreas metropolitanas,Formal,Formal,Dic - Feb,5648.548136333334
2022,13 Ciudades y áreas metropolitanas,Formal,Formal,Ene - Mar,5696.609560333333
2022,13 Ciudades y áreas metropolitanas,Formal,Formal,Feb - Abr,5740.594314999999
2022,13 Ciudades y áreas metropolitanas,Formal,Formal,Mar - May,5779.928718666667
2022,13 Ciudades y áreas metropolitanas,Formal,Formal,Abr - Jun,5800.781322
2022,13 Ciudades y áreas metropolitanas,Formal,Formal,May - Jul,5801.583500666667
2022,13 Ciudades y áreas metropolitanas,Formal,Formal,Jun - Ago,5855.774466666667
2022,13 Ciudades y áreas metropolitanas,Formal,Formal,Jul - Sep,5905.064518333334
2022,13 Ciudades y áreas metropolitanas,Formal,Formal,Ago - Oct,5952.018709
2022,13 Ciudades y áreas metropolitanas,Formal,Formal,Sep - Nov,6032.460235
2022,13 Ciudades y áreas metropolitanas,Formal,Formal,Oct - Dic,6096.159396
2022,13 Ciudades y áreas metropolitanas,Formal,Formal,Nov - Ene,6064.332979
2022,13 Ciudades y áreas metropolitanas,Formal,Formal,Dic - Feb,5951.079268666667
2023,13 Ciudades y áreas metropolitanas,Formal,Formal,Ene - Mar,5966.552101333334
2023,13 Ciudades y áreas metropolitanas,Formal,Formal,Feb - Abr,6107.266349666667
2023,13 Ciudades y áreas metropolitanas,Formal,Formal,Mar - May,6193.680729
2023,13 Ciudades y áreas metropolitanas,Formal,Formal,Abr - Jun,6295.985500333333
2023,13 Ciudades y áreas metropolitanas,Formal,Formal,May - Jul,6338.882661333334
2023,13 Ciudades y áreas metropolitanas,Formal,Formal,Jun - Ago,6424.596729666667
2023,13 Ciudades y áreas metropolitanas,Formal,Formal,Jul - Sep,6412.3373016666665
2023,13 Ciudades y áreas metropolitanas,Formal,Formal,Ago - Oct,6431.267966666667
2023,13 Ciudades y áreas metropolitanas,Formal,Formal,Sep - Nov,6481.037841
2023,13 Ciudades y áreas metropolitanas,Formal,Formal,Oct - Dic,6456.013361
2023,13 Ciudades y áreas metropolitanas,Formal,Formal,Nov - Ene,6389.975009666666
2023,13 Ciudades y áreas metropolitanas,Formal,Formal,Dic - Feb,6263.269738999999
2024,13 Ciudades y áreas metropolitanas,Formal,Formal,Ene - Mar,6301.315023666666
2024,13 Ciudades y áreas metropolitanas,Formal,Formal,Feb - Abr,6354.550313666667
2024,13 Ciudades y áreas metropolitanas,Formal,Formal,Mar - May,6424.420041
2024,13 Ciudades y áreas metropolitanas,Formal,Formal,Abr - Jun,6424.724372333333
2024,13 Ciudades y áreas metropolitanas,Formal,Formal,May - Jul,6420.547809000001
2024,13 Ciudades y áreas metropolitanas,Formal,Formal,Jun - Ago,6445.787558333333
2024,13 Ciudades y áreas metropolitanas,Formal,Formal,Jul - Sep,6434.520501999999
2024,13 Ciudades y áreas metropolitanas,Formal,Formal,Ago - Oct,6399.182674333333
2024,13 Ciudades y áreas metropolitanas,Formal,Formal,Sep - Nov,6440.5805900000005
2024,13 Ciudades y áreas metropolitanas,Formal,Formal,Oct - Dic,6440.307237666667
2024,13 Ciudades y áreas metropolitanas,Formal,Formal,Nov - Ene,6416.90062
2024,13 Ciudades y áreas metropolitanas,Formal,Formal,Dic - Feb,6330.035846
2025,13 Ciudades y áreas metropolitanas,Formal,Formal,Ene - Mar,6313.062359
2025,13 Ciudades y áreas metropolitanas,Formal,Formal,Feb - Abr,6449.160654
2025,13 Ciudades y áreas metropolitanas,Formal,Formal,Mar - May,6494.988623
2025,13 Ciudades y áreas metropolitanas,Formal,Formal,Abr - Jun,6561.385748
2025,13 Ciudades y áreas metropolitanas,Formal,Formal,May - Jul,6580.870101
2025,13 Ciudades y áreas metropolitanas,Formal,Formal,Jun - Ago,6629.239017
2025,13 Ciudades y áreas metropolitanas,Formal,Formal,Jul - Sep,6673.952803
2025,13 Ciudades y áreas metropolitanas,Formal,Formal,Ago - Oct,6616.207533
2025,13 Ciudades y áreas metropolitanas,Formal,Formal,Sep - Nov,6677.690246
2025,13 Ciudades y áreas metropolitanas,Formal,Formal,Oct - Dic,6701.28994
2025,13 Ciudades y áreas metropolitanas,Formal,Formal,Nov - Ene,6713.179559
2025,13 Ciudades y áreas metropolitanas,Formal,Formal,Dic - Feb,6634.691589
2026,13 Ciudades y áreas metropolitanas,Formal,Formal,Ene - Mar,6625.45175
2026,13 Ciudades y áreas metropolitanas,Formal,Formal,Feb - Abr,6698.7158
2021,13 Ciudades y áreas metropolitanas,Formal,Ninguno,Ene - Mar,70.14648799999999
2021,13 Ciudades y áreas metropolitanas,Formal,Ninguno,Feb - Abr,67.82632333333333
2021,13 Ciudades y áreas metropolitanas,Formal,Ninguno,Mar - May,84.69904766666667
2021,13 Ciudades y áreas metropolitanas,Formal,Ninguno,Abr - Jun,83.34268366666667
2021,13 Ciudades y áreas metropolitanas,Formal,Ninguno,May - Jul,91.005453
2021,13 Ciudades y áreas metropolitanas,Formal,Ninguno,Jun - Ago,84.86677433333334
2021,13 Ciudades y áreas metropolitanas,Formal,Ninguno,Jul - Sep,93.79974233333333
2021,13 Ciudades y áreas metropolitanas,Formal,Ninguno,Ago - Oct,85.97265466666666
2021,13 Ciudades y áreas metropolitanas,Formal,Ninguno,Sep - Nov,89.16547333333334
2021,13 Ciudades y áreas metropolitanas,Formal,Ninguno,Oct - Dic,77.35310766666667
2021,13 Ciudades y áreas metropolitanas,Formal,Ninguno,Nov - Ene,81.391707
2021,13 Ciudades y áreas metropolitanas,Formal,Ninguno,Dic - Feb,85.93774133333334
2022,13 Ciudades y áreas metropolitanas,Formal,Ninguno,Ene - Mar,93.67635866666667
2022,13 Ciudades y áreas metropolitanas,Formal,Ninguno,Feb - Abr,96.09886533333332
2022,13 Ciudades y áreas metropolitanas,Formal,Ninguno,Mar - May,93.93635466666667
2022,13 Ciudades y áreas metropolitanas,Formal,Ninguno,Abr - Jun,97.98750666666666
2022,13 Ciudades y áreas metropolitanas,Formal,Ninguno,May - Jul,92.59790266666666
2022,13 Ciudades y áreas metropolitanas,Formal,Ninguno,Jun - Ago,90.94919399999999
2022,13 Ciudades y áreas metropolitanas,Formal,Ninguno,Jul - Sep,93.82441200000001
2022,13 Ciudades y áreas metropolitanas,Formal,Ninguno,Ago - Oct,99.99756633333334
2022,13 Ciudades y áreas metropolitanas,Formal,Ninguno,Sep - Nov,101.28545366666667
2022,13 Ciudades y áreas metropolitanas,Formal,Ninguno,Oct - Dic,101.12665266666666
2022,13 Ciudades y áreas metropolitanas,Formal,Ninguno,Nov - Ene,99.63757199999999
2022,13 Ciudades y áreas metropolitanas,Formal,Ninguno,Dic - Feb,98.51438933333333
2023,13 Ciudades y áreas metropolitanas,Formal,Ninguno,Ene - Mar,101.055402
2023,13 Ciudades y áreas metropolitanas,Formal,Ninguno,Feb - Abr,109.62741466666665
2023,13 Ciudades y áreas metropolitanas,Formal,Ninguno,Mar - May,101.79144633333333
2023,13 Ciudades y áreas metropolitanas,Formal,Ninguno,Abr - Jun,93.02235499999999
2023,13 Ciudades y áreas metropolitanas,Formal,Ninguno,May - Jul,87.41121733333334
2023,13 Ciudades y áreas metropolitanas,Formal,Ninguno,Jun - Ago,105.65210466666667
2023,13 Ciudades y áreas metropolitanas,Formal,Ninguno,Jul - Sep,107.65538933333333
2023,13 Ciudades y áreas metropolitanas,Formal,Ninguno,Ago - Oct,116.85144533333334
2023,13 Ciudades y áreas metropolitanas,Formal,Ninguno,Sep - Nov,105.57575700000001
2023,13 Ciudades y áreas metropolitanas,Formal,Ninguno,Oct - Dic,110.55957466666666
2023,13 Ciudades y áreas metropolitanas,Formal,Ninguno,Nov - Ene,99.16764566666666
2023,13 Ciudades y áreas metropolitanas,Formal,Ninguno,Dic - Feb,97.18103766666667
2024,13 Ciudades y áreas metropolitanas,Formal,Ninguno,Ene - Mar,95.162892
2024,13 Ciudades y áreas metropolitanas,Formal,Ninguno,Feb - Abr,100.64139466666666
2024,13 Ciudades y áreas metropolitanas,Formal,Ninguno,Mar - May,100.09673299999999
2024,13 Ciudades y áreas metropolitanas,Formal,Ninguno,Abr - Jun,95.77850533333333
2024,13 Ciudades y áreas metropolitanas,Formal,Ninguno,May - Jul,97.31998566666668
2024,13 Ciudades y áreas metropolitanas,Formal,Ninguno,Jun - Ago,105.06994466666667
2024,13 Ciudades y áreas metropolitanas,Formal,Ninguno,Jul - Sep,109.30373733333333
2024,13 Ciudades y áreas metropolitanas,Formal,Ninguno,Ago - Oct,103.372007
2024,13 Ciudades y áreas metropolitanas,Formal,Ninguno,Sep - Nov,98.38037566666667
2024,13 Ciudades y áreas metropolitanas,Formal,Ninguno,Oct - Dic,90.16180466666667
2024,13 Ciudades y áreas metropolitanas,Formal,Ninguno,Nov - Ene,87.917874
2024,13 Ciudades y áreas metropolitanas,Formal,Ninguno,Dic - Feb,82.626887
2025,13 Ciudades y áreas metropolitanas,Formal,Ninguno,Ene - Mar,92.240088
2025,13 Ciudades y áreas metropolitanas,Formal,Ninguno,Feb - Abr,89.568092
2025,13 Ciudades y áreas metropolitanas,Formal,Ninguno,Mar - May,102.059984
2025,13 Ciudades y áreas metropolitanas,Formal,Ninguno,Abr - Jun,100.240616
2025,13 Ciudades y áreas metropolitanas,Formal,Ninguno,May - Jul,106.880303
2025,13 Ciudades y áreas metropolitanas,Formal,Ninguno,Jun - Ago,100.113854
2025,13 Ciudades y áreas metropolitanas,Formal,Ninguno,Jul - Sep,98.762344
2025,13 Ciudades y áreas metropolitanas,Formal,Ninguno,Ago - Oct,100.105646
2025,13 Ciudades y áreas metropolitanas,Formal,Ninguno,Sep - Nov,96.616618
2025,13 Ciudades y áreas metropolitanas,Formal,Ninguno,Oct - Dic,94.108042
2025,13 Ciudades y áreas metropolitanas,Formal,Ninguno,Nov - Ene,83.153947
2025,13 Ciudades y áreas metropolitanas,Formal,Ninguno,Dic - Feb,76.308414
2026,13 Ciudades y áreas metropolitanas,Formal,Ninguno,Ene - Mar,73.429899
2026,13 Ciudades y áreas metropolitanas,Formal,Ninguno,Feb - Abr,78.615024
2021,13 Ciudades y áreas metropolitanas,Formal,Básica primaria,Ene - Mar,333.1363203333333
2021,13 Ciudades y áreas metropolitanas,Formal,Básica primaria,Feb - Abr,334.68726833333335
2021,13 Ciudades y áreas metropolitanas,Formal,Básica primaria,Mar - May,337.099214
2021,13 Ciudades y áreas metropolitanas,Formal,Básica primaria,Abr - Jun,318.149555
2021,13 Ciudades y áreas metropolitanas,Formal,Básica primaria,May - Jul,319.558154
2021,13 Ciudades y áreas metropolitanas,Formal,Básica primaria,Jun - Ago,336.7255236666667
2021,13 Ciudades y áreas metropolitanas,Formal,Básica primaria,Jul - Sep,347.57690066666663
2021,13 Ciudades y áreas metropolitanas,Formal,Básica primaria,Ago - Oct,356.600927
2021,13 Ciudades y áreas metropolitanas,Formal,Básica primaria,Sep - Nov,356.05728833333336
2021,13 Ciudades y áreas metropolitanas,Formal,Básica primaria,Oct - Dic,348.2256213333333
2021,13 Ciudades y áreas metropolitanas,Formal,Básica primaria,Nov - Ene,360.9547136666667
2021,13 Ciudades y áreas metropolitanas,Formal,Básica primaria,Dic - Feb,369.8596156666667
2022,13 Ciudades y áreas metropolitanas,Formal,Básica primaria,Ene - Mar,374.1815633333334
2022,13 Ciudades y áreas metropolitanas,Formal,Básica primaria,Feb - Abr,374.85994
2022,13 Ciudades y áreas metropolitanas,Formal,Básica primaria,Mar - May,372.25596866666666
2022,13 Ciudades y áreas metropolitanas,Formal,Básica primaria,Abr - Jun,384.05678599999993
2022,13 Ciudades y áreas metropolitanas,Formal,Básica primaria,May - Jul,377.5117886666667
2022,13 Ciudades y áreas metropolitanas,Formal,Básica primaria,Jun - Ago,377.30272600000006
2022,13 Ciudades y áreas metropolitanas,Formal,Básica primaria,Jul - Sep,385.983119
2022,13 Ciudades y áreas metropolitanas,Formal,Básica primaria,Ago - Oct,393.1769623333333
2022,13 Ciudades y áreas metropolitanas,Formal,Básica primaria,Sep - Nov,397.861457
2022,13 Ciudades y áreas metropolitanas,Formal,Básica primaria,Oct - Dic,363.103969
2022,13 Ciudades y áreas metropolitanas,Formal,Básica primaria,Nov - Ene,366.76289799999995
2022,13 Ciudades y áreas metropolitanas,Formal,Básica primaria,Dic - Feb,374.7633876666667
2023,13 Ciudades y áreas metropolitanas,Formal,Básica primaria,Ene - Mar,398.8354776666667
2023,13 Ciudades y áreas metropolitanas,Formal,Básica primaria,Feb - Abr,383.321069
2023,13 Ciudades y áreas metropolitanas,Formal,Básica primaria,Mar - May,360.5403353333333
2023,13 Ciudades y áreas metropolitanas,Formal,Básica primaria,Abr - Jun,364.6247433333333
2023,13 Ciudades y áreas metropolitanas,Formal,Básica primaria,May - Jul,391.17102266666666
2023,13 Ciudades y áreas metropolitanas,Formal,Básica primaria,Jun - Ago,406.0563133333333
2023,13 Ciudades y áreas metropolitanas,Formal,Básica primaria,Jul - Sep,428.3205233333333
2023,13 Ciudades y áreas metropolitanas,Formal,Básica primaria,Ago - Oct,421.78097899999995
2023,13 Ciudades y áreas metropolitanas,Formal,Básica primaria,Sep - Nov,417.2269613333333
2023,13 Ciudades y áreas metropolitanas,Formal,Básica primaria,Oct - Dic,368.88233966666667
2023,13 Ciudades y áreas metropolitanas,Formal,Básica primaria,Nov - Ene,367.33341199999995
2023,13 Ciudades y áreas metropolitanas,Formal,Básica primaria,Dic - Feb,367.59551366666665
2024,13 Ciudades y áreas metropolitanas,Formal,Básica primaria,Ene - Mar,412.1556083333333
2024,13 Ciudades y áreas metropolitanas,Formal,Básica primaria,Feb - Abr,398.44692000000003
2024,13 Ciudades y áreas metropolitanas,Formal,Básica primaria,Mar - May,408.851704
2024,13 Ciudades y áreas metropolitanas,Formal,Básica primaria,Abr - Jun,397.31244699999996
2024,13 Ciudades y áreas metropolitanas,Formal,Básica primaria,May - Jul,409.07855466666666
2024,13 Ciudades y áreas metropolitanas,Formal,Básica primaria,Jun - Ago,392.58447900000004
2024,13 Ciudades y áreas metropolitanas,Formal,Básica primaria,Jul - Sep,412.5624913333333
2024,13 Ciudades y áreas metropolitanas,Formal,Básica primaria,Ago - Oct,421.4190449999999
2024,13 Ciudades y áreas metropolitanas,Formal,Básica primaria,Sep - Nov,416.3814566666667
2024,13 Ciudades y áreas metropolitanas,Formal,Básica primaria,Oct - Dic,393.114546
2024,13 Ciudades y áreas metropolitanas,Formal,Básica primaria,Nov - Ene,386.784054
2024,13 Ciudades y áreas metropolitanas,Formal,Básica primaria,Dic - Feb,397.873215
2025,13 Ciudades y áreas metropolitanas,Formal,Básica primaria,Ene - Mar,407.784316
2025,13 Ciudades y áreas metropolitanas,Formal,Básica primaria,Feb - Abr,418.323299
2025,13 Ciudades y áreas metropolitanas,Formal,Básica primaria,Mar - May,403.127753
2025,13 Ciudades y áreas metropolitanas,Formal,Básica primaria,Abr - Jun,381.360066
2025,13 Ciudades y áreas metropolitanas,Formal,Básica primaria,May - Jul,368.505376
2025,13 Ciudades y áreas metropolitanas,Formal,Básica primaria,Jun - Ago,396.878817
2025,13 Ciudades y áreas metropolitanas,Formal,Básica primaria,Jul - Sep,395.384706
2025,13 Ciudades y áreas metropolitanas,Formal,Básica primaria,Ago - Oct,391.238052
2025,13 Ciudades y áreas metropolitanas,Formal,Básica primaria,Sep - Nov,390.387479
2025,13 Ciudades y áreas metropolitanas,Formal,Básica primaria,Oct - Dic,407.680255
2025,13 Ciudades y áreas metropolitanas,Formal,Básica primaria,Nov - Ene,408.653914
2025,13 Ciudades y áreas metropolitanas,Formal,Básica primaria,Dic - Feb,362.474881
2026,13 Ciudades y áreas metropolitanas,Formal,Básica primaria,Ene - Mar,363.290187
2026,13 Ciudades y áreas metropolitanas,Formal,Básica primaria,Feb - Abr,361.390078
2021,13 Ciudades y áreas metropolitanas,Formal,Básica secundaria^,Ene - Mar,110.94068533333332
2021,13 Ciudades y áreas metropolitanas,Formal,Básica secundaria^,Feb - Abr,108.540723
2021,13 Ciudades y áreas metropolitanas,Formal,Básica secundaria^,Mar - May,116.28954133333333
2021,13 Ciudades y áreas metropolitanas,Formal,Básica secundaria^,Abr - Jun,103.08563266666665
2021,13 Ciudades y áreas metropolitanas,Formal,Básica secundaria^,May - Jul,108.153159
2021,13 Ciudades y áreas metropolitanas,Formal,Básica secundaria^,Jun - Ago,100.83530666666667
2021,13 Ciudades y áreas metropolitanas,Formal,Básica secundaria^,Jul - Sep,112.93217399999999
2021,13 Ciudades y áreas metropolitanas,Formal,Básica secundaria^,Ago - Oct,118.85929733333334
2021,13 Ciudades y áreas metropolitanas,Formal,Básica secundaria^,Sep - Nov,122.93363466666666
2021,13 Ciudades y áreas metropolitanas,Formal,Básica secundaria^,Oct - Dic,119.97539833333333
2021,13 Ciudades y áreas metropolitanas,Formal,Básica secundaria^,Nov - Ene,117.25072933333333
2021,13 Ciudades y áreas metropolitanas,Formal,Básica secundaria^,Dic - Feb,127.42091866666665
2022,13 Ciudades y áreas metropolitanas,Formal,Básica secundaria^,Ene - Mar,121.802322
2022,13 Ciudades y áreas metropolitanas,Formal,Básica secundaria^,Feb - Abr,116.11794666666667
2022,13 Ciudades y áreas metropolitanas,Formal,Básica secundaria^,Mar - May,102.12128566666667
2022,13 Ciudades y áreas metropolitanas,Formal,Básica secundaria^,Abr - Jun,108.15818333333334
2022,13 Ciudades y áreas metropolitanas,Formal,Básica secundaria^,May - Jul,122.863931
2022,13 Ciudades y áreas metropolitanas,Formal,Básica secundaria^,Jun - Ago,138.057992
2022,13 Ciudades y áreas metropolitanas,Formal,Básica secundaria^,Jul - Sep,135.45541400000002
2022,13 Ciudades y áreas metropolitanas,Formal,Básica secundaria^,Ago - Oct,119.59480066666667
2022,13 Ciudades y áreas metropolitanas,Formal,Básica secundaria^,Sep - Nov,120.02687333333334
2022,13 Ciudades y áreas metropolitanas,Formal,Básica secundaria^,Oct - Dic,123.08942333333334
2022,13 Ciudades y áreas metropolitanas,Formal,Básica secundaria^,Nov - Ene,129.285335
2022,13 Ciudades y áreas metropolitanas,Formal,Básica secundaria^,Dic - Feb,115.86129333333334
2023,13 Ciudades y áreas metropolitanas,Formal,Básica secundaria^,Ene - Mar,123.70377566666666
2023,13 Ciudades y áreas metropolitanas,Formal,Básica secundaria^,Feb - Abr,133.41200033333334
2023,13 Ciudades y áreas metropolitanas,Formal,Básica secundaria^,Mar - May,145.22418566666667
2023,13 Ciudades y áreas metropolitanas,Formal,Básica secundaria^,Abr - Jun,148.158877
2023,13 Ciudades y áreas metropolitanas,Formal,Básica secundaria^,May - Jul,148.59876566666665
2023,13 Ciudades y áreas metropolitanas,Formal,Básica secundaria^,Jun - Ago,154.66745999999998
2023,13 Ciudades y áreas metropolitanas,Formal,Básica secundaria^,Jul - Sep,140.41026499999998
2023,13 Ciudades y áreas metropolitanas,Formal,Básica secundaria^,Ago - Oct,135.92191133333333
2023,13 Ciudades y áreas metropolitanas,Formal,Básica secundaria^,Sep - Nov,134.93726
2023,13 Ciudades y áreas metropolitanas,Formal,Básica secundaria^,Oct - Dic,136.87461800000003
2023,13 Ciudades y áreas metropolitanas,Formal,Básica secundaria^,Nov - Ene,139.48326833333334
2023,13 Ciudades y áreas metropolitanas,Formal,Básica secundaria^,Dic - Feb,129.19914133333333
2024,13 Ciudades y áreas metropolitanas,Formal,Básica secundaria^,Ene - Mar,135.637302
2024,13 Ciudades y áreas metropolitanas,Formal,Básica secundaria^,Feb - Abr,129.498543
2024,13 Ciudades y áreas metropolitanas,Formal,Básica secundaria^,Mar - May,136.78305366666666
2024,13 Ciudades y áreas metropolitanas,Formal,Básica secundaria^,Abr - Jun,133.04822466666667
2024,13 Ciudades y áreas metropolitanas,Formal,Básica secundaria^,May - Jul,129.22596033333332
2024,13 Ciudades y áreas metropolitanas,Formal,Básica secundaria^,Jun - Ago,130.52366166666667
2024,13 Ciudades y áreas metropolitanas,Formal,Básica secundaria^,Jul - Sep,120.90873166666667
2024,13 Ciudades y áreas metropolitanas,Formal,Básica secundaria^,Ago - Oct,121.31260366666667
2024,13 Ciudades y áreas metropolitanas,Formal,Básica secundaria^,Sep - Nov,124.394833
2024,13 Ciudades y áreas metropolitanas,Formal,Básica secundaria^,Oct - Dic,126.84353
2024,13 Ciudades y áreas metropolitanas,Formal,Básica secundaria^,Nov - Ene,132.555842
2024,13 Ciudades y áreas metropolitanas,Formal,Básica secundaria^,Dic - Feb,113.966553
2025,13 Ciudades y áreas metropolitanas,Formal,Básica secundaria^,Ene - Mar,108.938176
2025,13 Ciudades y áreas metropolitanas,Formal,Básica secundaria^,Feb - Abr,108.804959
2025,13 Ciudades y áreas metropolitanas,Formal,Básica secundaria^,Mar - May,126.631704
2025,13 Ciudades y áreas metropolitanas,Formal,Básica secundaria^,Abr - Jun,148.362211
2025,13 Ciudades y áreas metropolitanas,Formal,Básica secundaria^,May - Jul,151.618095
2025,13 Ciudades y áreas metropolitanas,Formal,Básica secundaria^,Jun - Ago,138.821219
2025,13 Ciudades y áreas metropolitanas,Formal,Básica secundaria^,Jul - Sep,127.323703
2025,13 Ciudades y áreas metropolitanas,Formal,Básica secundaria^,Ago - Oct,126.136265
2025,13 Ciudades y áreas metropolitanas,Formal,Básica secundaria^,Sep - Nov,138.736751
2025,13 Ciudades y áreas metropolitanas,Formal,Básica secundaria^,Oct - Dic,144.828656
2025,13 Ciudades y áreas metropolitanas,Formal,Básica secundaria^,Nov - Ene,151.092788
2025,13 Ciudades y áreas metropolitanas,Formal,Básica secundaria^,Dic - Feb,135.534156
2026,13 Ciudades y áreas metropolitanas,Formal,Básica secundaria^,Ene - Mar,120.84664
2026,13 Ciudades y áreas metropolitanas,Formal,Básica secundaria^,Feb - Abr,107.383339
2021,13 Ciudades y áreas metropolitanas,Formal,Educación media*^,Ene - Mar,1717.2726386666666
2021,13 Ciudades y áreas metropolitanas,Formal,Educación media*^,Feb - Abr,1737.6568650000002
2021,13 Ciudades y áreas metropolitanas,Formal,Educación media*^,Mar - May,1717.9831006666666
2021,13 Ciudades y áreas metropolitanas,Formal,Educación media*^,Abr - Jun,1782.5883476666668
2021,13 Ciudades y áreas metropolitanas,Formal,Educación media*^,May - Jul,1825.186474
2021,13 Ciudades y áreas metropolitanas,Formal,Educación media*^,Jun - Ago,1845.3247499999998
2021,13 Ciudades y áreas metropolitanas,Formal,Educación media*^,Jul - Sep,1846.299618
2021,13 Ciudades y áreas metropolitanas,Formal,Educación media*^,Ago - Oct,1843.163776
2021,13 Ciudades y áreas metropolitanas,Formal,Educación media*^,Sep - Nov,1903.157759
2021,13 Ciudades y áreas metropolitanas,Formal,Educación media*^,Oct - Dic,1903.7318070000001
2021,13 Ciudades y áreas metropolitanas,Formal,Educación media*^,Nov - Ene,1926.0523236666668
2021,13 Ciudades y áreas metropolitanas,Formal,Educación media*^,Dic - Feb,1937.46113
2022,13 Ciudades y áreas metropolitanas,Formal,Educación media*^,Ene - Mar,1923.6410846666665
2022,13 Ciudades y áreas metropolitanas,Formal,Educación media*^,Feb - Abr,1940.459893
2022,13 Ciudades y áreas metropolitanas,Formal,Educación media*^,Mar - May,1925.4280903333336
2022,13 Ciudades y áreas metropolitanas,Formal,Educación media*^,Abr - Jun,1972.961318333333
2022,13 Ciudades y áreas metropolitanas,Formal,Educación media*^,May - Jul,1959.7265360000001
2022,13 Ciudades y áreas metropolitanas,Formal,Educación media*^,Jun - Ago,1985.814015
2022,13 Ciudades y áreas metropolitanas,Formal,Educación media*^,Jul - Sep,1986.2168243333333
2022,13 Ciudades y áreas metropolitanas,Formal,Educación media*^,Ago - Oct,2026.9194253333333
2022,13 Ciudades y áreas metropolitanas,Formal,Educación media*^,Sep - Nov,2050.0572406666665
2022,13 Ciudades y áreas metropolitanas,Formal,Educación media*^,Oct - Dic,2061.759889
2022,13 Ciudades y áreas metropolitanas,Formal,Educación media*^,Nov - Ene,2024.6265776666667
2022,13 Ciudades y áreas metropolitanas,Formal,Educación media*^,Dic - Feb,2022.8731216666665
2023,13 Ciudades y áreas metropolitanas,Formal,Educación media*^,Ene - Mar,2011.6291933333332
2023,13 Ciudades y áreas metropolitanas,Formal,Educación media*^,Feb - Abr,2082.097913
2023,13 Ciudades y áreas metropolitanas,Formal,Educación media*^,Mar - May,2099.2244643333333
2023,13 Ciudades y áreas metropolitanas,Formal,Educación media*^,Abr - Jun,2137.0294806666666
2023,13 Ciudades y áreas metropolitanas,Formal,Educación media*^,May - Jul,2127.1964236666668
2023,13 Ciudades y áreas metropolitanas,Formal,Educación media*^,Jun - Ago,2103.5952196666663
2023,13 Ciudades y áreas metropolitanas,Formal,Educación media*^,Jul - Sep,2096.7232123333333
2023,13 Ciudades y áreas metropolitanas,Formal,Educación media*^,Ago - Oct,2104.6463983333338
2023,13 Ciudades y áreas metropolitanas,Formal,Educación media*^,Sep - Nov,2174.7830506666664
2023,13 Ciudades y áreas metropolitanas,Formal,Educación media*^,Oct - Dic,2181.382731333333
2023,13 Ciudades y áreas metropolitanas,Formal,Educación media*^,Nov - Ene,2160.835932
2023,13 Ciudades y áreas metropolitanas,Formal,Educación media*^,Dic - Feb,2104.995073
2024,13 Ciudades y áreas metropolitanas,Formal,Educación media*^,Ene - Mar,2120.266042
2024,13 Ciudades y áreas metropolitanas,Formal,Educación media*^,Feb - Abr,2144.308352666667
2024,13 Ciudades y áreas metropolitanas,Formal,Educación media*^,Mar - May,2144.8668199999997
2024,13 Ciudades y áreas metropolitanas,Formal,Educación media*^,Abr - Jun,2180.387157
2024,13 Ciudades y áreas metropolitanas,Formal,Educación media*^,May - Jul,2176.886627
2024,13 Ciudades y áreas metropolitanas,Formal,Educación media*^,Jun - Ago,2204.4075293333335
2024,13 Ciudades y áreas metropolitanas,Formal,Educación media*^,Jul - Sep,2193.7393036666667
2024,13 Ciudades y áreas metropolitanas,Formal,Educación media*^,Ago - Oct,2187.798092333333
2024,13 Ciudades y áreas metropolitanas,Formal,Educación media*^,Sep - Nov,2242.8541353333335
2024,13 Ciudades y áreas metropolitanas,Formal,Educación media*^,Oct - Dic,2291.1359193333333
2024,13 Ciudades y áreas metropolitanas,Formal,Educación media*^,Nov - Ene,2325.448282
2024,13 Ciudades y áreas metropolitanas,Formal,Educación media*^,Dic - Feb,2346.83272
2025,13 Ciudades y áreas metropolitanas,Formal,Educación media*^,Ene - Mar,2349.381836
2025,13 Ciudades y áreas metropolitanas,Formal,Educación media*^,Feb - Abr,2335.819274
2025,13 Ciudades y áreas metropolitanas,Formal,Educación media*^,Mar - May,2300.872071
2025,13 Ciudades y áreas metropolitanas,Formal,Educación media*^,Abr - Jun,2246.879367
2025,13 Ciudades y áreas metropolitanas,Formal,Educación media*^,May - Jul,2343.332078
2025,13 Ciudades y áreas metropolitanas,Formal,Educación media*^,Jun - Ago,2312.416742
2025,13 Ciudades y áreas metropolitanas,Formal,Educación media*^,Jul - Sep,2355.698082
2025,13 Ciudades y áreas metropolitanas,Formal,Educación media*^,Ago - Oct,2259.73079
2025,13 Ciudades y áreas metropolitanas,Formal,Educación media*^,Sep - Nov,2338.645489
2025,13 Ciudades y áreas metropolitanas,Formal,Educación media*^,Oct - Dic,2365.017485
2025,13 Ciudades y áreas metropolitanas,Formal,Educación media*^,Nov - Ene,2344.249415
2025,13 Ciudades y áreas metropolitanas,Formal,Educación media*^,Dic - Feb,2247.02545
2026,13 Ciudades y áreas metropolitanas,Formal,Educación media*^,Ene - Mar,2181.967779
2026,13 Ciudades y áreas metropolitanas,Formal,Educación media*^,Feb - Abr,2253.922661
2021,13 Ciudades y áreas metropolitanas,Formal,Técnica profesional y Tecnológica^^,Ene - Mar,830.6186603333332
2021,13 Ciudades y áreas metropolitanas,Formal,Técnica profesional y Tecnológica^^,Feb - Abr,864.0462166666666
2021,13 Ciudades y áreas metropolitanas,Formal,Técnica profesional y Tecnológica^^,Mar - May,943.7109666666666
2021,13 Ciudades y áreas metropolitanas,Formal,Técnica profesional y Tecnológica^^,Abr - Jun,986.6642256666668
2021,13 Ciudades y áreas metropolitanas,Formal,Técnica profesional y Tecnológica^^,May - Jul,1008.1183203333334
2021,13 Ciudades y áreas metropolitanas,Formal,Técnica profesional y Tecnológica^^,Jun - Ago,1008.5791306666666
2021,13 Ciudades y áreas metropolitanas,Formal,Técnica profesional y Tecnológica^^,Jul - Sep,1034.0719333333334
2021,13 Ciudades y áreas metropolitanas,Formal,Técnica profesional y Tecnológica^^,Ago - Oct,996.8474546666666
2021,13 Ciudades y áreas metropolitanas,Formal,Técnica profesional y Tecnológica^^,Sep - Nov,955.0781036666667
2021,13 Ciudades y áreas metropolitanas,Formal,Técnica profesional y Tecnológica^^,Oct - Dic,921.8421913333333
2021,13 Ciudades y áreas metropolitanas,Formal,Técnica profesional y Tecnológica^^,Nov - Ene,964.1924706666665
2021,13 Ciudades y áreas metropolitanas,Formal,Técnica profesional y Tecnológica^^,Dic - Feb,1035.528834
2022,13 Ciudades y áreas metropolitanas,Formal,Técnica profesional y Tecnológica^^,Ene - Mar,1085.2426703333333
2022,13 Ciudades y áreas metropolitanas,Formal,Técnica profesional y Tecnológica^^,Feb - Abr,1130.8463243333333
2022,13 Ciudades y áreas metropolitanas,Formal,Técnica profesional y Tecnológica^^,Mar - May,1147.611501
2022,13 Ciudades y áreas metropolitanas,Formal,Técnica profesional y Tecnológica^^,Abr - Jun,1138.8315316666667
2022,13 Ciudades y áreas metropolitanas,Formal,Técnica profesional y Tecnológica^^,May - Jul,1129.668563
2022,13 Ciudades y áreas metropolitanas,Formal,Técnica profesional y Tecnológica^^,Jun - Ago,1141.7111003333332
2022,13 Ciudades y áreas metropolitanas,Formal,Técnica profesional y Tecnológica^^,Jul - Sep,1167.2307
2022,13 Ciudades y áreas metropolitanas,Formal,Técnica profesional y Tecnológica^^,Ago - Oct,1160.73297
2022,13 Ciudades y áreas metropolitanas,Formal,Técnica profesional y Tecnológica^^,Sep - Nov,1163.780611
2022,13 Ciudades y áreas metropolitanas,Formal,Técnica profesional y Tecnológica^^,Oct - Dic,1176.4843113333334
2022,13 Ciudades y áreas metropolitanas,Formal,Técnica profesional y Tecnológica^^,Nov - Ene,1204.4986206666665
2022,13 Ciudades y áreas metropolitanas,Formal,Técnica profesional y Tecnológica^^,Dic - Feb,1177.8806976666667
2023,13 Ciudades y áreas metropolitanas,Formal,Técnica profesional y Tecnológica^^,Ene - Mar,1159.8308206666666
2023,13 Ciudades y áreas metropolitanas,Formal,Técnica profesional y Tecnológica^^,Feb - Abr,1190.5379866666665
2023,13 Ciudades y áreas metropolitanas,Formal,Técnica profesional y Tecnológica^^,Mar - May,1238.4725059999998
2023,13 Ciudades y áreas metropolitanas,Formal,Técnica profesional y Tecnológica^^,Abr - Jun,1289.983387
2023,13 Ciudades y áreas metropolitanas,Formal,Técnica profesional y Tecnológica^^,May - Jul,1289.3026896666668
2023,13 Ciudades y áreas metropolitanas,Formal,Técnica profesional y Tecnológica^^,Jun - Ago,1301.5864516666668
2023,13 Ciudades y áreas metropolitanas,Formal,Técnica profesional y Tecnológica^^,Jul - Sep,1283.4544680000001
2023,13 Ciudades y áreas metropolitanas,Formal,Técnica profesional y Tecnológica^^,Ago - Oct,1243.1157153333334
2023,13 Ciudades y áreas metropolitanas,Formal,Técnica profesional y Tecnológica^^,Sep - Nov,1218.2728303333333
2023,13 Ciudades y áreas metropolitanas,Formal,Técnica profesional y Tecnológica^^,Oct - Dic,1220.6903576666666
2023,13 Ciudades y áreas metropolitanas,Formal,Técnica profesional y Tecnológica^^,Nov - Ene,1275.5062053333334
2023,13 Ciudades y áreas metropolitanas,Formal,Técnica profesional y Tecnológica^^,Dic - Feb,1276.941847
2024,13 Ciudades y áreas metropolitanas,Formal,Técnica profesional y Tecnológica^^,Ene - Mar,1273.4231773333333
2024,13 Ciudades y áreas metropolitanas,Formal,Técnica profesional y Tecnológica^^,Feb - Abr,1249.822846
2024,13 Ciudades y áreas metropolitanas,Formal,Técnica profesional y Tecnológica^^,Mar - May,1255.1707396666668
2024,13 Ciudades y áreas metropolitanas,Formal,Técnica profesional y Tecnológica^^,Abr - Jun,1263.1297346666668
2024,13 Ciudades y áreas metropolitanas,Formal,Técnica profesional y Tecnológica^^,May - Jul,1268.4522573333334
2024,13 Ciudades y áreas metropolitanas,Formal,Técnica profesional y Tecnológica^^,Jun - Ago,1300.6695146666668
2024,13 Ciudades y áreas metropolitanas,Formal,Técnica profesional y Tecnológica^^,Jul - Sep,1268.536366
2024,13 Ciudades y áreas metropolitanas,Formal,Técnica profesional y Tecnológica^^,Ago - Oct,1239.9477866666666
2024,13 Ciudades y áreas metropolitanas,Formal,Técnica profesional y Tecnológica^^,Sep - Nov,1213.393025
2024,13 Ciudades y áreas metropolitanas,Formal,Técnica profesional y Tecnológica^^,Oct - Dic,1199.1884436666667
2024,13 Ciudades y áreas metropolitanas,Formal,Técnica profesional y Tecnológica^^,Nov - Ene,1199.331962
2024,13 Ciudades y áreas metropolitanas,Formal,Técnica profesional y Tecnológica^^,Dic - Feb,1183.778126
2025,13 Ciudades y áreas metropolitanas,Formal,Técnica profesional y Tecnológica^^,Ene - Mar,1213.017674
2025,13 Ciudades y áreas metropolitanas,Formal,Técnica profesional y Tecnológica^^,Feb - Abr,1268.535252
2025,13 Ciudades y áreas metropolitanas,Formal,Técnica profesional y Tecnológica^^,Mar - May,1339.437185
2025,13 Ciudades y áreas metropolitanas,Formal,Técnica profesional y Tecnológica^^,Abr - Jun,1404.089975
2025,13 Ciudades y áreas metropolitanas,Formal,Técnica profesional y Tecnológica^^,May - Jul,1364.419664
2025,13 Ciudades y áreas metropolitanas,Formal,Técnica profesional y Tecnológica^^,Jun - Ago,1350.180052
2025,13 Ciudades y áreas metropolitanas,Formal,Técnica profesional y Tecnológica^^,Jul - Sep,1305.938983
2025,13 Ciudades y áreas metropolitanas,Formal,Técnica profesional y Tecnológica^^,Ago - Oct,1331.590453
2025,13 Ciudades y áreas metropolitanas,Formal,Técnica profesional y Tecnológica^^,Sep - Nov,1310.557924
2025,13 Ciudades y áreas metropolitanas,Formal,Técnica profesional y Tecnológica^^,Oct - Dic,1299.225857
2025,13 Ciudades y áreas metropolitanas,Formal,Técnica profesional y Tecnológica^^,Nov - Ene,1305.481755
2025,13 Ciudades y áreas metropolitanas,Formal,Técnica profesional y Tecnológica^^,Dic - Feb,1311.501826
2026,13 Ciudades y áreas metropolitanas,Formal,Técnica profesional y Tecnológica^^,Ene - Mar,1310.126597
2026,13 Ciudades y áreas metropolitanas,Formal,Técnica profesional y Tecnológica^^,Feb - Abr,1307.20495
2021,13 Ciudades y áreas metropolitanas,Formal,Universitaria,Ene - Mar,1204.9308686666666
2021,13 Ciudades y áreas metropolitanas,Formal,Universitaria,Feb - Abr,1212.9873236666667
2021,13 Ciudades y áreas metropolitanas,Formal,Universitaria,Mar - May,1239.7944143333334
2021,13 Ciudades y áreas metropolitanas,Formal,Universitaria,Abr - Jun,1265.4406126666668
2021,13 Ciudades y áreas metropolitanas,Formal,Universitaria,May - Jul,1304.5608090000003
2021,13 Ciudades y áreas metropolitanas,Formal,Universitaria,Jun - Ago,1298.8949913333333
2021,13 Ciudades y áreas metropolitanas,Formal,Universitaria,Jul - Sep,1297.7963966666666
2021,13 Ciudades y áreas metropolitanas,Formal,Universitaria,Ago - Oct,1330.4081506666666
2021,13 Ciudades y áreas metropolitanas,Formal,Universitaria,Sep - Nov,1374.618264
2021,13 Ciudades y áreas metropolitanas,Formal,Universitaria,Oct - Dic,1434.4005386666668
2021,13 Ciudades y áreas metropolitanas,Formal,Universitaria,Nov - Ene,1446.2340033333332
2021,13 Ciudades y áreas metropolitanas,Formal,Universitaria,Dic - Feb,1427.6810016666666
2022,13 Ciudades y áreas metropolitanas,Formal,Universitaria,Ene - Mar,1395.9635876666669
2022,13 Ciudades y áreas metropolitanas,Formal,Universitaria,Feb - Abr,1376.4889573333332
2022,13 Ciudades y áreas metropolitanas,Formal,Universitaria,Mar - May,1427.6234743333334
2022,13 Ciudades y áreas metropolitanas,Formal,Universitaria,Abr - Jun,1412.6491143333333
2022,13 Ciudades y áreas metropolitanas,Formal,Universitaria,May - Jul,1428.728898
2022,13 Ciudades y áreas metropolitanas,Formal,Universitaria,Jun - Ago,1428.8198466666665
2022,13 Ciudades y áreas metropolitanas,Formal,Universitaria,Jul - Sep,1431.8668209999998
2022,13 Ciudades y áreas metropolitanas,Formal,Universitaria,Ago - Oct,1417.335068333333
2022,13 Ciudades y áreas metropolitanas,Formal,Universitaria,Sep - Nov,1396.354996
2022,13 Ciudades y áreas metropolitanas,Formal,Universitaria,Oct - Dic,1451.8120633333335
2022,13 Ciudades y áreas metropolitanas,Formal,Universitaria,Nov - Ene,1458.7264519999999
2022,13 Ciudades y áreas metropolitanas,Formal,Universitaria,Dic - Feb,1445.906582333333
2023,13 Ciudades y áreas metropolitanas,Formal,Universitaria,Ene - Mar,1454.323658
2023,13 Ciudades y áreas metropolitanas,Formal,Universitaria,Feb - Abr,1448.8307473333332
2023,13 Ciudades y áreas metropolitanas,Formal,Universitaria,Mar - May,1436.4805896666667
2023,13 Ciudades y áreas metropolitanas,Formal,Universitaria,Abr - Jun,1423.9218863333333
2023,13 Ciudades y áreas metropolitanas,Formal,Universitaria,May - Jul,1437.885602333333
2023,13 Ciudades y áreas metropolitanas,Formal,Universitaria,Jun - Ago,1497.9319046666667
2023,13 Ciudades y áreas metropolitanas,Formal,Universitaria,Jul - Sep,1526.1766610000002
2023,13 Ciudades y áreas metropolitanas,Formal,Universitaria,Ago - Oct,1560.7721053333335
2023,13 Ciudades y áreas metropolitanas,Formal,Universitaria,Sep - Nov,1560.9188916666665
2023,13 Ciudades y áreas metropolitanas,Formal,Universitaria,Oct - Dic,1525.1235556666668
2023,13 Ciudades y áreas metropolitanas,Formal,Universitaria,Nov - Ene,1490.9934423333332
2023,13 Ciudades y áreas metropolitanas,Formal,Universitaria,Dic - Feb,1461.1015923333332
2024,13 Ciudades y áreas metropolitanas,Formal,Universitaria,Ene - Mar,1478.1663959999998
2024,13 Ciudades y áreas metropolitanas,Formal,Universitaria,Feb - Abr,1512.5296423333336
2024,13 Ciudades y áreas metropolitanas,Formal,Universitaria,Mar - May,1542.7672873333333
2024,13 Ciudades y áreas metropolitanas,Formal,Universitaria,Abr - Jun,1513.726961
2024,13 Ciudades y áreas metropolitanas,Formal,Universitaria,May - Jul,1485.3160026666667
2024,13 Ciudades y áreas metropolitanas,Formal,Universitaria,Jun - Ago,1465.9620566666665
2024,13 Ciudades y áreas metropolitanas,Formal,Universitaria,Jul - Sep,1486.5744253333335
2024,13 Ciudades y áreas metropolitanas,Formal,Universitaria,Ago - Oct,1502.6736273333333
2024,13 Ciudades y áreas metropolitanas,Formal,Universitaria,Sep - Nov,1514.9858736666665
2024,13 Ciudades y áreas metropolitanas,Formal,Universitaria,Oct - Dic,1521.5786823333335
2024,13 Ciudades y áreas metropolitanas,Formal,Universitaria,Nov - Ene,1476.817623
2024,13 Ciudades y áreas metropolitanas,Formal,Universitaria,Dic - Feb,1445.118957
2025,13 Ciudades y áreas metropolitanas,Formal,Universitaria,Ene - Mar,1399.038613
2025,13 Ciudades y áreas metropolitanas,Formal,Universitaria,Feb - Abr,1450.402311
2025,13 Ciudades y áreas metropolitanas,Formal,Universitaria,Mar - May,1413.158024
2025,13 Ciudades y áreas metropolitanas,Formal,Universitaria,Abr - Jun,1457.160171
2025,13 Ciudades y áreas metropolitanas,Formal,Universitaria,May - Jul,1438.585994
2025,13 Ciudades y áreas metropolitanas,Formal,Universitaria,Jun - Ago,1534.032752
2025,13 Ciudades y áreas metropolitanas,Formal,Universitaria,Jul - Sep,1578.555604
2025,13 Ciudades y áreas metropolitanas,Formal,Universitaria,Ago - Oct,1582.044866
2025,13 Ciudades y áreas metropolitanas,Formal,Universitaria,Sep - Nov,1547.178646
2025,13 Ciudades y áreas metropolitanas,Formal,Universitaria,Oct - Dic,1514.932443
2025,13 Ciudades y áreas metropolitanas,Formal,Universitaria,Nov - Ene,1538.938367
2025,13 Ciudades y áreas metropolitanas,Formal,Universitaria,Dic - Feb,1574.351016
2026,13 Ciudades y áreas metropolitanas,Formal,Universitaria,Ene - Mar,1590.138625
2026,13 Ciudades y áreas metropolitanas,Formal,Universitaria,Feb - Abr,1589.458056
2021,13 Ciudades y áreas metropolitanas,Formal,Posgrado,Ene - Mar,533.2267356666666
2021,13 Ciudades y áreas metropolitanas,Formal,Posgrado,Feb - Abr,548.923757
2021,13 Ciudades y áreas metropolitanas,Formal,Posgrado,Mar - May,578.4631723333333
2021,13 Ciudades y áreas metropolitanas,Formal,Posgrado,Abr - Jun,554.7943789999999
2021,13 Ciudades y áreas metropolitanas,Formal,Posgrado,May - Jul,577.0075886666667
2021,13 Ciudades y áreas metropolitanas,Formal,Posgrado,Jun - Ago,585.0740569999999
2021,13 Ciudades y áreas metropolitanas,Formal,Posgrado,Jul - Sep,612.6539263333333
2021,13 Ciudades y áreas metropolitanas,Formal,Posgrado,Ago - Oct,586.3418123333333
2021,13 Ciudades y áreas metropolitanas,Formal,Posgrado,Sep - Nov,589.794314
2021,13 Ciudades y áreas metropolitanas,Formal,Posgrado,Oct - Dic,607.004886
2021,13 Ciudades y áreas metropolitanas,Formal,Posgrado,Nov - Ene,642.1403183333333
2021,13 Ciudades y áreas metropolitanas,Formal,Posgrado,Dic - Feb,639.0905096666667
2022,13 Ciudades y áreas metropolitanas,Formal,Posgrado,Ene - Mar,689.466415
2022,13 Ciudades y áreas metropolitanas,Formal,Posgrado,Feb - Abr,696.563896
2022,13 Ciudades y áreas metropolitanas,Formal,Posgrado,Mar - May,706.5731460000001
2022,13 Ciudades y áreas metropolitanas,Formal,Posgrado,Abr - Jun,685.4976816666667
2022,13 Ciudades y áreas metropolitanas,Formal,Posgrado,May - Jul,688.9016216666665
2022,13 Ciudades y áreas metropolitanas,Formal,Posgrado,Jun - Ago,691.128241
2022,13 Ciudades y áreas metropolitanas,Formal,Posgrado,Jul - Sep,702.4851333333332
2022,13 Ciudades y áreas metropolitanas,Formal,Posgrado,Ago - Oct,733.522945
2022,13 Ciudades y áreas metropolitanas,Formal,Posgrado,Sep - Nov,801.2110153333333
2022,13 Ciudades y áreas metropolitanas,Formal,Posgrado,Oct - Dic,817.08068
2022,13 Ciudades y áreas metropolitanas,Formal,Posgrado,Nov - Ene,779.093117
2022,13 Ciudades y áreas metropolitanas,Formal,Posgrado,Dic - Feb,715.2797966666667
2023,13 Ciudades y áreas metropolitanas,Formal,Posgrado,Ene - Mar,714.4340266666667
2023,13 Ciudades y áreas metropolitanas,Formal,Posgrado,Feb - Abr,756.6994713333333
2023,13 Ciudades y áreas metropolitanas,Formal,Posgrado,Mar - May,808.4873376666666
2023,13 Ciudades y áreas metropolitanas,Formal,Posgrado,Abr - Jun,838.5246546666667
2023,13 Ciudades y áreas metropolitanas,Formal,Posgrado,May - Jul,854.9437103333333
2023,13 Ciudades y áreas metropolitanas,Formal,Posgrado,Jun - Ago,848.641697
2023,13 Ciudades y áreas metropolitanas,Formal,Posgrado,Jul - Sep,819.2117183333334
2023,13 Ciudades y áreas metropolitanas,Formal,Posgrado,Ago - Oct,834.4725433333333
2023,13 Ciudades y áreas metropolitanas,Formal,Posgrado,Sep - Nov,854.6444536666667
2023,13 Ciudades y áreas metropolitanas,Formal,Posgrado,Oct - Dic,898.1545493333333
2023,13 Ciudades y áreas metropolitanas,Formal,Posgrado,Nov - Ene,847.2843873333333
2023,13 Ciudades y áreas metropolitanas,Formal,Posgrado,Dic - Feb,820.9602406666667
2024,13 Ciudades y áreas metropolitanas,Formal,Posgrado,Ene - Mar,784.6424296666665
2024,13 Ciudades y áreas metropolitanas,Formal,Posgrado,Feb - Abr,817.0098816666665
2024,13 Ciudades y áreas metropolitanas,Formal,Posgrado,Mar - May,830.5966133333335
2024,13 Ciudades y áreas metropolitanas,Formal,Posgrado,Abr - Jun,836.2066199999999
2024,13 Ciudades y áreas metropolitanas,Formal,Posgrado,May - Jul,849.4333583333333
2024,13 Ciudades y áreas metropolitanas,Formal,Posgrado,Jun - Ago,846.4384756666667
2024,13 Ciudades y áreas metropolitanas,Formal,Posgrado,Jul - Sep,842.435458
2024,13 Ciudades y áreas metropolitanas,Formal,Posgrado,Ago - Oct,822.0443500000001
2024,13 Ciudades y áreas metropolitanas,Formal,Posgrado,Sep - Nov,824.403373
2024,13 Ciudades y áreas metropolitanas,Formal,Posgrado,Oct - Dic,811.597369
2024,13 Ciudades y áreas metropolitanas,Formal,Posgrado,Nov - Ene,801.330903
2024,13 Ciudades y áreas metropolitanas,Formal,Posgrado,Dic - Feb,757.861207
2025,13 Ciudades y áreas metropolitanas,Formal,Posgrado,Ene - Mar,740.100429
2025,13 Ciudades y áreas metropolitanas,Formal,Posgrado,Feb - Abr,775.46045
2025,13 Ciudades y áreas metropolitanas,Formal,Posgrado,Mar - May,807.891339
2025,13 Ciudades y áreas metropolitanas,Formal,Posgrado,Abr - Jun,822.570496
2025,13 Ciudades y áreas metropolitanas,Formal,Posgrado,May - Jul,806.805744
2025,13 Ciudades y áreas metropolitanas,Formal,Posgrado,Jun - Ago,794.715476
2025,13 Ciudades y áreas metropolitanas,Formal,Posgrado,Jul - Sep,810.862842
2025,13 Ciudades y áreas metropolitanas,Formal,Posgrado,Ago - Oct,823.93492
2025,13 Ciudades y áreas metropolitanas,Formal,Posgrado,Sep - Nov,855.498057
2025,13 Ciudades y áreas metropolitanas,Formal,Posgrado,Oct - Dic,873.60801
2025,13 Ciudades y áreas metropolitanas,Formal,Posgrado,Nov - Ene,879.72018
2025,13 Ciudades y áreas metropolitanas,Formal,Posgrado,Dic - Feb,925.552732
2026,13 Ciudades y áreas metropolitanas,Formal,Posgrado,Ene - Mar,985.245256
2026,13 Ciudades y áreas metropolitanas,Formal,Posgrado,Feb - Abr,999.691874
2021,13 Ciudades y áreas metropolitanas,Informal,Informal,Ene - Mar,4236.047126666667
2021,13 Ciudades y áreas metropolitanas,Informal,Informal,Feb - Abr,4320.687901333334
2021,13 Ciudades y áreas metropolitanas,Informal,Informal,Mar - May,4252.099253666666
2021,13 Ciudades y áreas metropolitanas,Informal,Informal,Abr - Jun,4237.317349333333
2021,13 Ciudades y áreas metropolitanas,Informal,Informal,May - Jul,4212.928487666667
2021,13 Ciudades y áreas metropolitanas,Informal,Informal,Jun - Ago,4305.204822666667
2021,13 Ciudades y áreas metropolitanas,Informal,Informal,Jul - Sep,4287.599949666666
2021,13 Ciudades y áreas metropolitanas,Informal,Informal,Ago - Oct,4351.592424
2021,13 Ciudades y áreas metropolitanas,Informal,Informal,Sep - Nov,4315.7060163333335
2021,13 Ciudades y áreas metropolitanas,Informal,Informal,Oct - Dic,4329.673288999999
2021,13 Ciudades y áreas metropolitanas,Informal,Informal,Nov - Ene,4250.4526203333335
2021,13 Ciudades y áreas metropolitanas,Informal,Informal,Dic - Feb,4284.153669333333
2022,13 Ciudades y áreas metropolitanas,Informal,Informal,Ene - Mar,4380.1373656666665
2022,13 Ciudades y áreas metropolitanas,Informal,Informal,Feb - Abr,4543.834986333334
2022,13 Ciudades y áreas metropolitanas,Informal,Informal,Mar - May,4560.856319333333
2022,13 Ciudades y áreas metropolitanas,Informal,Informal,Abr - Jun,4552.434968666667
2022,13 Ciudades y áreas metropolitanas,Informal,Informal,May - Jul,4532.558216333334
2022,13 Ciudades y áreas metropolitanas,Informal,Informal,Jun - Ago,4495.658263666667
2022,13 Ciudades y áreas metropolitanas,Informal,Informal,Jul - Sep,4577.618263333334
2022,13 Ciudades y áreas metropolitanas,Informal,Informal,Ago - Oct,4631.083946666667
2022,13 Ciudades y áreas metropolitanas,Informal,Informal,Sep - Nov,4650.453458666667
2022,13 Ciudades y áreas metropolitanas,Informal,Informal,Oct - Dic,4545.455407333334
2022,13 Ciudades y áreas metropolitanas,Informal,Informal,Nov - Ene,4393.997701666667
2022,13 Ciudades y áreas metropolitanas,Informal,Informal,Dic - Feb,4407.220959333334
2023,13 Ciudades y áreas metropolitanas,Informal,Informal,Ene - Mar,4460.638295
2023,13 Ciudades y áreas metropolitanas,Informal,Informal,Feb - Abr,4491.249739333333
2023,13 Ciudades y áreas metropolitanas,Informal,Informal,Mar - May,4453.741693
2023,13 Ciudades y áreas metropolitanas,Informal,Informal,Abr - Jun,4418.198090333334
2023,13 Ciudades y áreas metropolitanas,Informal,Informal,May - Jul,4499.918720333334
2023,13 Ciudades y áreas metropolitanas,Informal,Informal,Jun - Ago,4530.839336666667
2023,13 Ciudades y áreas metropolitanas,Informal,Informal,Jul - Sep,4527.808447333333
2023,13 Ciudades y áreas metropolitanas,Informal,Informal,Ago - Oct,4536.610139
2023,13 Ciudades y áreas metropolitanas,Informal,Informal,Sep - Nov,4584.666888000001
2023,13 Ciudades y áreas metropolitanas,Informal,Informal,Oct - Dic,4576.840190999999
2023,13 Ciudades y áreas metropolitanas,Informal,Informal,Nov - Ene,4472.586832333333
2023,13 Ciudades y áreas metropolitanas,Informal,Informal,Dic - Feb,4449.179555666667
2024,13 Ciudades y áreas metropolitanas,Informal,Informal,Ene - Mar,4447.7595870000005
2024,13 Ciudades y áreas metropolitanas,Informal,Informal,Feb - Abr,4525.768463333334
2024,13 Ciudades y áreas metropolitanas,Informal,Informal,Mar - May,4553.790702666666
2024,13 Ciudades y áreas metropolitanas,Informal,Informal,Abr - Jun,4581.656711333333
2024,13 Ciudades y áreas metropolitanas,Informal,Informal,May - Jul,4624.919306333333
2024,13 Ciudades y áreas metropolitanas,Informal,Informal,Jun - Ago,4633.906054
2024,13 Ciudades y áreas metropolitanas,Informal,Informal,Jul - Sep,4658.416099666666
2024,13 Ciudades y áreas metropolitanas,Informal,Informal,Ago - Oct,4722.445922333333
2024,13 Ciudades y áreas metropolitanas,Informal,Informal,Sep - Nov,4746.927245666667
2024,13 Ciudades y áreas metropolitanas,Informal,Informal,Oct - Dic,4755.130241666667
2024,13 Ciudades y áreas metropolitanas,Informal,Informal,Nov - Ene,4665.828641
2024,13 Ciudades y áreas metropolitanas,Informal,Informal,Dic - Feb,4697.612586
2025,13 Ciudades y áreas metropolitanas,Informal,Informal,Ene - Mar,4789.768929
2025,13 Ciudades y áreas metropolitanas,Informal,Informal,Feb - Abr,4773.343201
2025,13 Ciudades y áreas metropolitanas,Informal,Informal,Mar - May,4758.9607
2025,13 Ciudades y áreas metropolitanas,Informal,Informal,Abr - Jun,4692.795772
2025,13 Ciudades y áreas metropolitanas,Informal,Informal,May - Jul,4762.183404
2025,13 Ciudades y áreas metropolitanas,Informal,Informal,Jun - Ago,4783.911923
2025,13 Ciudades y áreas metropolitanas,Informal,Informal,Jul - Sep,4756.286562
2025,13 Ciudades y áreas metropolitanas,Informal,Informal,Ago - Oct,4881.090912
2025,13 Ciudades y áreas metropolitanas,Informal,Informal,Sep - Nov,4889.067612
2025,13 Ciudades y áreas metropolitanas,Informal,Informal,Oct - Dic,4912.196727
2025,13 Ciudades y áreas metropolitanas,Informal,Informal,Nov - Ene,4671.783415
2025,13 Ciudades y áreas metropolitanas,Informal,Informal,Dic - Feb,4626.307137
2026,13 Ciudades y áreas metropolitanas,Informal,Informal,Ene - Mar,4602.274214
2026,13 Ciudades y áreas metropolitanas,Informal,Informal,Feb - Abr,4687.613147
2021,13 Ciudades y áreas metropolitanas,Informal,Ninguno,Ene - Mar,343.7400666666667
2021,13 Ciudades y áreas metropolitanas,Informal,Ninguno,Feb - Abr,367.586337
2021,13 Ciudades y áreas metropolitanas,Informal,Ninguno,Mar - May,375.9058933333333
2021,13 Ciudades y áreas metropolitanas,Informal,Ninguno,Abr - Jun,363.64804200000003
2021,13 Ciudades y áreas metropolitanas,Informal,Ninguno,May - Jul,367.245788
2021,13 Ciudades y áreas metropolitanas,Informal,Ninguno,Jun - Ago,375.52935866666667
2021,13 Ciudades y áreas metropolitanas,Informal,Ninguno,Jul - Sep,363.60131333333334
2021,13 Ciudades y áreas metropolitanas,Informal,Ninguno,Ago - Oct,353.50653166666666
2021,13 Ciudades y áreas metropolitanas,Informal,Ninguno,Sep - Nov,344.09243866666674
2021,13 Ciudades y áreas metropolitanas,Informal,Ninguno,Oct - Dic,345.85143833333336
2021,13 Ciudades y áreas metropolitanas,Informal,Ninguno,Nov - Ene,326.1388256666667
2021,13 Ciudades y áreas metropolitanas,Informal,Ninguno,Dic - Feb,334.9392216666667
2022,13 Ciudades y áreas metropolitanas,Informal,Ninguno,Ene - Mar,345.08776366666666
2022,13 Ciudades y áreas metropolitanas,Informal,Ninguno,Feb - Abr,371.44547933333337
2022,13 Ciudades y áreas metropolitanas,Informal,Ninguno,Mar - May,374.4904853333333
2022,13 Ciudades y áreas metropolitanas,Informal,Ninguno,Abr - Jun,383.2962803333333
2022,13 Ciudades y áreas metropolitanas,Informal,Ninguno,May - Jul,388.2836973333333
2022,13 Ciudades y áreas metropolitanas,Informal,Ninguno,Jun - Ago,390.3144556666667
2022,13 Ciudades y áreas metropolitanas,Informal,Ninguno,Jul - Sep,401.7688053333333
2022,13 Ciudades y áreas metropolitanas,Informal,Ninguno,Ago - Oct,400.65974
2022,13 Ciudades y áreas metropolitanas,Informal,Ninguno,Sep - Nov,406.15708366666667
2022,13 Ciudades y áreas metropolitanas,Informal,Ninguno,Oct - Dic,412.1367696666666
2022,13 Ciudades y áreas metropolitanas,Informal,Ninguno,Nov - Ene,422.5788603333333
2022,13 Ciudades y áreas metropolitanas,Informal,Ninguno,Dic - Feb,428.91165
2023,13 Ciudades y áreas metropolitanas,Informal,Ninguno,Ene - Mar,433.812498
2023,13 Ciudades y áreas metropolitanas,Informal,Ninguno,Feb - Abr,423.7309156666667
2023,13 Ciudades y áreas metropolitanas,Informal,Ninguno,Mar - May,412.5488586666667
2023,13 Ciudades y áreas metropolitanas,Informal,Ninguno,Abr - Jun,384.6079613333333
2023,13 Ciudades y áreas metropolitanas,Informal,Ninguno,May - Jul,404.319479
2023,13 Ciudades y áreas metropolitanas,Informal,Ninguno,Jun - Ago,410.06960566666663
2023,13 Ciudades y áreas metropolitanas,Informal,Ninguno,Jul - Sep,421.08428766666674
2023,13 Ciudades y áreas metropolitanas,Informal,Ninguno,Ago - Oct,407.19991933333336
2023,13 Ciudades y áreas metropolitanas,Informal,Ninguno,Sep - Nov,417.42875366666664
2023,13 Ciudades y áreas metropolitanas,Informal,Ninguno,Oct - Dic,418.4817726666667
2023,13 Ciudades y áreas metropolitanas,Informal,Ninguno,Nov - Ene,408.035525
2023,13 Ciudades y áreas metropolitanas,Informal,Ninguno,Dic - Feb,409.32690866666667
2024,13 Ciudades y áreas metropolitanas,Informal,Ninguno,Ene - Mar,407.49381900000003
2024,13 Ciudades y áreas metropolitanas,Informal,Ninguno,Feb - Abr,412.4497443333333
2024,13 Ciudades y áreas metropolitanas,Informal,Ninguno,Mar - May,387.507059
2024,13 Ciudades y áreas metropolitanas,Informal,Ninguno,Abr - Jun,379.7160106666667
2024,13 Ciudades y áreas metropolitanas,Informal,Ninguno,May - Jul,380.51824166666665
2024,13 Ciudades y áreas metropolitanas,Informal,Ninguno,Jun - Ago,381.894666
2024,13 Ciudades y áreas metropolitanas,Informal,Ninguno,Jul - Sep,390.11393
2024,13 Ciudades y áreas metropolitanas,Informal,Ninguno,Ago - Oct,381.89787133333334
2024,13 Ciudades y áreas metropolitanas,Informal,Ninguno,Sep - Nov,394.4187866666667
2024,13 Ciudades y áreas metropolitanas,Informal,Ninguno,Oct - Dic,393.83832266666667
2024,13 Ciudades y áreas metropolitanas,Informal,Ninguno,Nov - Ene,393.315353
2024,13 Ciudades y áreas metropolitanas,Informal,Ninguno,Dic - Feb,394.500878
2025,13 Ciudades y áreas metropolitanas,Informal,Ninguno,Ene - Mar,394.777269
2025,13 Ciudades y áreas metropolitanas,Informal,Ninguno,Feb - Abr,377.876057
2025,13 Ciudades y áreas metropolitanas,Informal,Ninguno,Mar - May,379.511087
2025,13 Ciudades y áreas metropolitanas,Informal,Ninguno,Abr - Jun,381.120199
2025,13 Ciudades y áreas metropolitanas,Informal,Ninguno,May - Jul,400.218127
2025,13 Ciudades y áreas metropolitanas,Informal,Ninguno,Jun - Ago,391.781473
2025,13 Ciudades y áreas metropolitanas,Informal,Ninguno,Jul - Sep,385.711513
2025,13 Ciudades y áreas metropolitanas,Informal,Ninguno,Ago - Oct,393.857866
2025,13 Ciudades y áreas metropolitanas,Informal,Ninguno,Sep - Nov,417.224072
2025,13 Ciudades y áreas metropolitanas,Informal,Ninguno,Oct - Dic,409.200868
2025,13 Ciudades y áreas metropolitanas,Informal,Ninguno,Nov - Ene,390.312023
2025,13 Ciudades y áreas metropolitanas,Informal,Ninguno,Dic - Feb,382.46402
2026,13 Ciudades y áreas metropolitanas,Informal,Ninguno,Ene - Mar,386.106225
2026,13 Ciudades y áreas metropolitanas,Informal,Ninguno,Feb - Abr,404.359834
2021,13 Ciudades y áreas metropolitanas,Informal,Básica primaria,Ene - Mar,863.0914226666667
2021,13 Ciudades y áreas metropolitanas,Informal,Básica primaria,Feb - Abr,917.4984593333334
2021,13 Ciudades y áreas metropolitanas,Informal,Básica primaria,Mar - May,901.4584123333334
2021,13 Ciudades y áreas metropolitanas,Informal,Básica primaria,Abr - Jun,923.3647850000001
2021,13 Ciudades y áreas metropolitanas,Informal,Básica primaria,May - Jul,918.4203586666667
2021,13 Ciudades y áreas metropolitanas,Informal,Básica primaria,Jun - Ago,968.260633
2021,13 Ciudades y áreas metropolitanas,Informal,Básica primaria,Jul - Sep,982.4061256666668
2021,13 Ciudades y áreas metropolitanas,Informal,Básica primaria,Ago - Oct,993.830532
2021,13 Ciudades y áreas metropolitanas,Informal,Básica primaria,Sep - Nov,962.7304243333333
2021,13 Ciudades y áreas metropolitanas,Informal,Básica primaria,Oct - Dic,941.7434896666667
2021,13 Ciudades y áreas metropolitanas,Informal,Básica primaria,Nov - Ene,950.0082813333333
2021,13 Ciudades y áreas metropolitanas,Informal,Básica primaria,Dic - Feb,948.6561976666667
2022,13 Ciudades y áreas metropolitanas,Informal,Básica primaria,Ene - Mar,995.4289876666667
2022,13 Ciudades y áreas metropolitanas,Informal,Básica primaria,Feb - Abr,1015.6422443333335
2022,13 Ciudades y áreas metropolitanas,Informal,Básica primaria,Mar - May,1017.2704030000001
2022,13 Ciudades y áreas metropolitanas,Informal,Básica primaria,Abr - Jun,991.7773739999999
2022,13 Ciudades y áreas metropolitanas,Informal,Básica primaria,May - Jul,1010.3570153333334
2022,13 Ciudades y áreas metropolitanas,Informal,Básica primaria,Jun - Ago,1005.4760746666666
2022,13 Ciudades y áreas metropolitanas,Informal,Básica primaria,Jul - Sep,1042.030137
2022,13 Ciudades y áreas metropolitanas,Informal,Básica primaria,Ago - Oct,1050.85908
2022,13 Ciudades y áreas metropolitanas,Informal,Básica primaria,Sep - Nov,1072.0631773333334
2022,13 Ciudades y áreas metropolitanas,Informal,Básica primaria,Oct - Dic,1024.6384083333332
2022,13 Ciudades y áreas metropolitanas,Informal,Básica primaria,Nov - Ene,953.5550313333333
2022,13 Ciudades y áreas metropolitanas,Informal,Básica primaria,Dic - Feb,980.592967
2023,13 Ciudades y áreas metropolitanas,Informal,Básica primaria,Ene - Mar,1027.9507716666667
2023,13 Ciudades y áreas metropolitanas,Informal,Básica primaria,Feb - Abr,1055.7289913333334
2023,13 Ciudades y áreas metropolitanas,Informal,Básica primaria,Mar - May,1024.9216956666667
2023,13 Ciudades y áreas metropolitanas,Informal,Básica primaria,Abr - Jun,1012.603623
2023,13 Ciudades y áreas metropolitanas,Informal,Básica primaria,May - Jul,1028.5863836666667
2023,13 Ciudades y áreas metropolitanas,Informal,Básica primaria,Jun - Ago,1023.0156929999999
2023,13 Ciudades y áreas metropolitanas,Informal,Básica primaria,Jul - Sep,1019.9411456666667
2023,13 Ciudades y áreas metropolitanas,Informal,Básica primaria,Ago - Oct,1035.1718863333333
2023,13 Ciudades y áreas metropolitanas,Informal,Básica primaria,Sep - Nov,1071.3533646666667
2023,13 Ciudades y áreas metropolitanas,Informal,Básica primaria,Oct - Dic,1062.9139623333333
2023,13 Ciudades y áreas metropolitanas,Informal,Básica primaria,Nov - Ene,1044.5558696666667
2023,13 Ciudades y áreas metropolitanas,Informal,Básica primaria,Dic - Feb,1011.15061
2024,13 Ciudades y áreas metropolitanas,Informal,Básica primaria,Ene - Mar,996.3797406666667
2024,13 Ciudades y áreas metropolitanas,Informal,Básica primaria,Feb - Abr,985.1796986666667
2024,13 Ciudades y áreas metropolitanas,Informal,Básica primaria,Mar - May,997.0383860000001
2024,13 Ciudades y áreas metropolitanas,Informal,Básica primaria,Abr - Jun,1025.698185
2024,13 Ciudades y áreas metropolitanas,Informal,Básica primaria,May - Jul,1043.510912
2024,13 Ciudades y áreas metropolitanas,Informal,Básica primaria,Jun - Ago,1024.8624916666668
2024,13 Ciudades y áreas metropolitanas,Informal,Básica primaria,Jul - Sep,1014.3722106666668
2024,13 Ciudades y áreas metropolitanas,Informal,Básica primaria,Ago - Oct,1051.4069566666667
2024,13 Ciudades y áreas metropolitanas,Informal,Básica primaria,Sep - Nov,1078.48854
2024,13 Ciudades y áreas metropolitanas,Informal,Básica primaria,Oct - Dic,1077.3143016666666
2024,13 Ciudades y áreas metropolitanas,Informal,Básica primaria,Nov - Ene,1048.842822
2024,13 Ciudades y áreas metropolitanas,Informal,Básica primaria,Dic - Feb,1033.124659
2025,13 Ciudades y áreas metropolitanas,Informal,Básica primaria,Ene - Mar,1060.827315
2025,13 Ciudades y áreas metropolitanas,Informal,Básica primaria,Feb - Abr,1019.40124
2025,13 Ciudades y áreas metropolitanas,Informal,Básica primaria,Mar - May,1058.294059
2025,13 Ciudades y áreas metropolitanas,Informal,Básica primaria,Abr - Jun,1021.305748
2025,13 Ciudades y áreas metropolitanas,Informal,Básica primaria,May - Jul,1049.158355
2025,13 Ciudades y áreas metropolitanas,Informal,Básica primaria,Jun - Ago,1034.235371
2025,13 Ciudades y áreas metropolitanas,Informal,Básica primaria,Jul - Sep,1064.547539
2025,13 Ciudades y áreas metropolitanas,Informal,Básica primaria,Ago - Oct,1082.133068
2025,13 Ciudades y áreas metropolitanas,Informal,Básica primaria,Sep - Nov,1070.405879
2025,13 Ciudades y áreas metropolitanas,Informal,Básica primaria,Oct - Dic,1074.216001
2025,13 Ciudades y áreas metropolitanas,Informal,Básica primaria,Nov - Ene,1045.629315
2025,13 Ciudades y áreas metropolitanas,Informal,Básica primaria,Dic - Feb,995.401429
2026,13 Ciudades y áreas metropolitanas,Informal,Básica primaria,Ene - Mar,938.705476
2026,13 Ciudades y áreas metropolitanas,Informal,Básica primaria,Feb - Abr,938.343416
2021,13 Ciudades y áreas metropolitanas,Informal,Básica secundaria^,Ene - Mar,250.759373
2021,13 Ciudades y áreas metropolitanas,Informal,Básica secundaria^,Feb - Abr,258.3449156666666
2021,13 Ciudades y áreas metropolitanas,Informal,Básica secundaria^,Mar - May,275.534775
2021,13 Ciudades y áreas metropolitanas,Informal,Básica secundaria^,Abr - Jun,276.6248646666666
2021,13 Ciudades y áreas metropolitanas,Informal,Básica secundaria^,May - Jul,259.5362156666667
2021,13 Ciudades y áreas metropolitanas,Informal,Básica secundaria^,Jun - Ago,247.00444933333333
2021,13 Ciudades y áreas metropolitanas,Informal,Básica secundaria^,Jul - Sep,243.94642866666666
2021,13 Ciudades y áreas metropolitanas,Informal,Básica secundaria^,Ago - Oct,250.017963
2021,13 Ciudades y áreas metropolitanas,Informal,Básica secundaria^,Sep - Nov,254.70328733333335
2021,13 Ciudades y áreas metropolitanas,Informal,Básica secundaria^,Oct - Dic,253.48028633333334
2021,13 Ciudades y áreas metropolitanas,Informal,Básica secundaria^,Nov - Ene,252.60149466666667
2021,13 Ciudades y áreas metropolitanas,Informal,Básica secundaria^,Dic - Feb,249.3630466666667
2022,13 Ciudades y áreas metropolitanas,Informal,Básica secundaria^,Ene - Mar,258.9130773333333
2022,13 Ciudades y áreas metropolitanas,Informal,Básica secundaria^,Feb - Abr,272.34862433333336
2022,13 Ciudades y áreas metropolitanas,Informal,Básica secundaria^,Mar - May,273.163649
2022,13 Ciudades y áreas metropolitanas,Informal,Básica secundaria^,Abr - Jun,269.85080466666665
2022,13 Ciudades y áreas metropolitanas,Informal,Básica secundaria^,May - Jul,283.65153133333337
2022,13 Ciudades y áreas metropolitanas,Informal,Básica secundaria^,Jun - Ago,284.1260236666667
2022,13 Ciudades y áreas metropolitanas,Informal,Básica secundaria^,Jul - Sep,296.652532
2022,13 Ciudades y áreas metropolitanas,Informal,Básica secundaria^,Ago - Oct,288.01434333333333
2022,13 Ciudades y áreas metropolitanas,Informal,Básica secundaria^,Sep - Nov,294.3638226666667
2022,13 Ciudades y áreas metropolitanas,Informal,Básica secundaria^,Oct - Dic,295.495639
2022,13 Ciudades y áreas metropolitanas,Informal,Básica secundaria^,Nov - Ene,305.3592126666667
2022,13 Ciudades y áreas metropolitanas,Informal,Básica secundaria^,Dic - Feb,294.86100000000005
2023,13 Ciudades y áreas metropolitanas,Informal,Básica secundaria^,Ene - Mar,291.7251526666667
2023,13 Ciudades y áreas metropolitanas,Informal,Básica secundaria^,Feb - Abr,268.6927316666667
2023,13 Ciudades y áreas metropolitanas,Informal,Básica secundaria^,Mar - May,260.22135499999996
2023,13 Ciudades y áreas metropolitanas,Informal,Básica secundaria^,Abr - Jun,253.02396599999997
2023,13 Ciudades y áreas metropolitanas,Informal,Básica secundaria^,May - Jul,274.26251133333335
2023,13 Ciudades y áreas metropolitanas,Informal,Básica secundaria^,Jun - Ago,289.59210233333334
2023,13 Ciudades y áreas metropolitanas,Informal,Básica secundaria^,Jul - Sep,289.9570026666667
2023,13 Ciudades y áreas metropolitanas,Informal,Básica secundaria^,Ago - Oct,276.61796699999996
2023,13 Ciudades y áreas metropolitanas,Informal,Básica secundaria^,Sep - Nov,283.11042199999997
2023,13 Ciudades y áreas metropolitanas,Informal,Básica secundaria^,Oct - Dic,288.84503166666667
2023,13 Ciudades y áreas metropolitanas,Informal,Básica secundaria^,Nov - Ene,299.05485799999997
2023,13 Ciudades y áreas metropolitanas,Informal,Básica secundaria^,Dic - Feb,290.07020266666666
2024,13 Ciudades y áreas metropolitanas,Informal,Básica secundaria^,Ene - Mar,282.201905
2024,13 Ciudades y áreas metropolitanas,Informal,Básica secundaria^,Feb - Abr,278.55715000000004
2024,13 Ciudades y áreas metropolitanas,Informal,Básica secundaria^,Mar - May,275.6910413333333
2024,13 Ciudades y áreas metropolitanas,Informal,Básica secundaria^,Abr - Jun,276.67105366666664
2024,13 Ciudades y áreas metropolitanas,Informal,Básica secundaria^,May - Jul,283.51085666666665
2024,13 Ciudades y áreas metropolitanas,Informal,Básica secundaria^,Jun - Ago,302.1780516666667
2024,13 Ciudades y áreas metropolitanas,Informal,Básica secundaria^,Jul - Sep,308.627468
2024,13 Ciudades y áreas metropolitanas,Informal,Básica secundaria^,Ago - Oct,317.69443900000005
2024,13 Ciudades y áreas metropolitanas,Informal,Básica secundaria^,Sep - Nov,303.2243946666667
2024,13 Ciudades y áreas metropolitanas,Informal,Básica secundaria^,Oct - Dic,287.499297
2024,13 Ciudades y áreas metropolitanas,Informal,Básica secundaria^,Nov - Ene,256.372566
2024,13 Ciudades y áreas metropolitanas,Informal,Básica secundaria^,Dic - Feb,264.504147
2025,13 Ciudades y áreas metropolitanas,Informal,Básica secundaria^,Ene - Mar,280.706292
2025,13 Ciudades y áreas metropolitanas,Informal,Básica secundaria^,Feb - Abr,291.714571
2025,13 Ciudades y áreas metropolitanas,Informal,Básica secundaria^,Mar - May,290.495228
2025,13 Ciudades y áreas metropolitanas,Informal,Básica secundaria^,Abr - Jun,281.690861
2025,13 Ciudades y áreas metropolitanas,Informal,Básica secundaria^,May - Jul,282.304898
2025,13 Ciudades y áreas metropolitanas,Informal,Básica secundaria^,Jun - Ago,283.909712
2025,13 Ciudades y áreas metropolitanas,Informal,Básica secundaria^,Jul - Sep,282.851644
2025,13 Ciudades y áreas metropolitanas,Informal,Básica secundaria^,Ago - Oct,304.949872
2025,13 Ciudades y áreas metropolitanas,Informal,Básica secundaria^,Sep - Nov,295.992521
2025,13 Ciudades y áreas metropolitanas,Informal,Básica secundaria^,Oct - Dic,313.673401
2025,13 Ciudades y áreas metropolitanas,Informal,Básica secundaria^,Nov - Ene,269.629236
2025,13 Ciudades y áreas metropolitanas,Informal,Básica secundaria^,Dic - Feb,252.6443
2026,13 Ciudades y áreas metropolitanas,Informal,Básica secundaria^,Ene - Mar,251.110291
2026,13 Ciudades y áreas metropolitanas,Informal,Básica secundaria^,Feb - Abr,268.477635
2021,13 Ciudades y áreas metropolitanas,Informal,Educación media*^,Ene - Mar,1764.3327193333334
2021,13 Ciudades y áreas metropolitanas,Informal,Educación media*^,Feb - Abr,1761.5700033333333
2021,13 Ciudades y áreas metropolitanas,Informal,Educación media*^,Mar - May,1699.4477323333333
2021,13 Ciudades y áreas metropolitanas,Informal,Educación media*^,Abr - Jun,1678.6457133333333
2021,13 Ciudades y áreas metropolitanas,Informal,Educación media*^,May - Jul,1705.2696236666663
2021,13 Ciudades y áreas metropolitanas,Informal,Educación media*^,Jun - Ago,1756.762323
2021,13 Ciudades y áreas metropolitanas,Informal,Educación media*^,Jul - Sep,1738.416637
2021,13 Ciudades y áreas metropolitanas,Informal,Educación media*^,Ago - Oct,1771.5401506666667
2021,13 Ciudades y áreas metropolitanas,Informal,Educación media*^,Sep - Nov,1774.0232056666666
2021,13 Ciudades y áreas metropolitanas,Informal,Educación media*^,Oct - Dic,1796.145028
2021,13 Ciudades y áreas metropolitanas,Informal,Educación media*^,Nov - Ene,1761.2741386666667
2021,13 Ciudades y áreas metropolitanas,Informal,Educación media*^,Dic - Feb,1764.6582536666665
2022,13 Ciudades y áreas metropolitanas,Informal,Educación media*^,Ene - Mar,1784.4728509999998
2022,13 Ciudades y áreas metropolitanas,Informal,Educación media*^,Feb - Abr,1861.8700006666666
2022,13 Ciudades y áreas metropolitanas,Informal,Educación media*^,Mar - May,1858.3795686666665
2022,13 Ciudades y áreas metropolitanas,Informal,Educación media*^,Abr - Jun,1874.51864
2022,13 Ciudades y áreas metropolitanas,Informal,Educación media*^,May - Jul,1843.492149
2022,13 Ciudades y áreas metropolitanas,Informal,Educación media*^,Jun - Ago,1850.222845
2022,13 Ciudades y áreas metropolitanas,Informal,Educación media*^,Jul - Sep,1894.5918133333332
2022,13 Ciudades y áreas metropolitanas,Informal,Educación media*^,Ago - Oct,1948.2253633333332
2022,13 Ciudades y áreas metropolitanas,Informal,Educación media*^,Sep - Nov,1938.4835053333334
2022,13 Ciudades y áreas metropolitanas,Informal,Educación media*^,Oct - Dic,1899.3496816666666
2022,13 Ciudades y áreas metropolitanas,Informal,Educación media*^,Nov - Ene,1813.9414610000001
2022,13 Ciudades y áreas metropolitanas,Informal,Educación media*^,Dic - Feb,1827.4574853333334
2023,13 Ciudades y áreas metropolitanas,Informal,Educación media*^,Ene - Mar,1804.3211126666665
2023,13 Ciudades y áreas metropolitanas,Informal,Educación media*^,Feb - Abr,1840.2277036666667
2023,13 Ciudades y áreas metropolitanas,Informal,Educación media*^,Mar - May,1834.263919
2023,13 Ciudades y áreas metropolitanas,Informal,Educación media*^,Abr - Jun,1833.0626473333334
2023,13 Ciudades y áreas metropolitanas,Informal,Educación media*^,May - Jul,1841.4992913333335
2023,13 Ciudades y áreas metropolitanas,Informal,Educación media*^,Jun - Ago,1848.5314876666669
2023,13 Ciudades y áreas metropolitanas,Informal,Educación media*^,Jul - Sep,1866.424797
2023,13 Ciudades y áreas metropolitanas,Informal,Educación media*^,Ago - Oct,1888.1118676666665
2023,13 Ciudades y áreas metropolitanas,Informal,Educación media*^,Sep - Nov,1894.186089
2023,13 Ciudades y áreas metropolitanas,Informal,Educación media*^,Oct - Dic,1901.7558846666668
2023,13 Ciudades y áreas metropolitanas,Informal,Educación media*^,Nov - Ene,1827.3777089999996
2023,13 Ciudades y áreas metropolitanas,Informal,Educación media*^,Dic - Feb,1827.0242116666668
2024,13 Ciudades y áreas metropolitanas,Informal,Educación media*^,Ene - Mar,1834.7933596666664
2024,13 Ciudades y áreas metropolitanas,Informal,Educación media*^,Feb - Abr,1911.315808
2024,13 Ciudades y áreas metropolitanas,Informal,Educación media*^,Mar - May,1943.5879133333335
2024,13 Ciudades y áreas metropolitanas,Informal,Educación media*^,Abr - Jun,1959.150774
2024,13 Ciudades y áreas metropolitanas,Informal,Educación media*^,May - Jul,1969.7649223333335
2024,13 Ciudades y áreas metropolitanas,Informal,Educación media*^,Jun - Ago,1980.0381963333332
2024,13 Ciudades y áreas metropolitanas,Informal,Educación media*^,Jul - Sep,1959.2561623333334
2024,13 Ciudades y áreas metropolitanas,Informal,Educación media*^,Ago - Oct,2004.9914656666667
2024,13 Ciudades y áreas metropolitanas,Informal,Educación media*^,Sep - Nov,2024.6761450000001
2024,13 Ciudades y áreas metropolitanas,Informal,Educación media*^,Oct - Dic,2053.4091563333336
2024,13 Ciudades y áreas metropolitanas,Informal,Educación media*^,Nov - Ene,1968.717781
2024,13 Ciudades y áreas metropolitanas,Informal,Educación media*^,Dic - Feb,1997.699397
2025,13 Ciudades y áreas metropolitanas,Informal,Educación media*^,Ene - Mar,2047.540539
2025,13 Ciudades y áreas metropolitanas,Informal,Educación media*^,Feb - Abr,2088.619133
2025,13 Ciudades y áreas metropolitanas,Informal,Educación media*^,Mar - May,2027.918136
2025,13 Ciudades y áreas metropolitanas,Informal,Educación media*^,Abr - Jun,1997.452109
2025,13 Ciudades y áreas metropolitanas,Informal,Educación media*^,May - Jul,2030.763793
2025,13 Ciudades y áreas metropolitanas,Informal,Educación media*^,Jun - Ago,2057.3172
2025,13 Ciudades y áreas metropolitanas,Informal,Educación media*^,Jul - Sep,2048.230967
2025,13 Ciudades y áreas metropolitanas,Informal,Educación media*^,Ago - Oct,2104.00632
2025,13 Ciudades y áreas metropolitanas,Informal,Educación media*^,Sep - Nov,2128.87777
2025,13 Ciudades y áreas metropolitanas,Informal,Educación media*^,Oct - Dic,2126.056577
2025,13 Ciudades y áreas metropolitanas,Informal,Educación media*^,Nov - Ene,1983.305893
2025,13 Ciudades y áreas metropolitanas,Informal,Educación media*^,Dic - Feb,1957.560435
2026,13 Ciudades y áreas metropolitanas,Informal,Educación media*^,Ene - Mar,1940.016221
2026,13 Ciudades y áreas metropolitanas,Informal,Educación media*^,Feb - Abr,1988.475049
2021,13 Ciudades y áreas metropolitanas,Informal,Técnica profesional y Tecnológica^^,Ene - Mar,403.94252966666664
2021,13 Ciudades y áreas metropolitanas,Informal,Técnica profesional y Tecnológica^^,Feb - Abr,411.14281733333337
2021,13 Ciudades y áreas metropolitanas,Informal,Técnica profesional y Tecnológica^^,Mar - May,412.9628543333333
2021,13 Ciudades y áreas metropolitanas,Informal,Técnica profesional y Tecnológica^^,Abr - Jun,419.4035496666667
2021,13 Ciudades y áreas metropolitanas,Informal,Técnica profesional y Tecnológica^^,May - Jul,422.80028500000003
2021,13 Ciudades y áreas metropolitanas,Informal,Técnica profesional y Tecnológica^^,Jun - Ago,442.2813006666667
2021,13 Ciudades y áreas metropolitanas,Informal,Técnica profesional y Tecnológica^^,Jul - Sep,449.8396143333334
2021,13 Ciudades y áreas metropolitanas,Informal,Técnica profesional y Tecnológica^^,Ago - Oct,440.802489
2021,13 Ciudades y áreas metropolitanas,Informal,Técnica profesional y Tecnológica^^,Sep - Nov,422.04341266666665
2021,13 Ciudades y áreas metropolitanas,Informal,Técnica profesional y Tecnológica^^,Oct - Dic,408.4465116666666
2021,13 Ciudades y áreas metropolitanas,Informal,Técnica profesional y Tecnológica^^,Nov - Ene,405.65825966666665
2021,13 Ciudades y áreas metropolitanas,Informal,Técnica profesional y Tecnológica^^,Dic - Feb,419.80013333333335
2022,13 Ciudades y áreas metropolitanas,Informal,Técnica profesional y Tecnológica^^,Ene - Mar,431.0336366666667
2022,13 Ciudades y áreas metropolitanas,Informal,Técnica profesional y Tecnológica^^,Feb - Abr,446.593836
2022,13 Ciudades y áreas metropolitanas,Informal,Técnica profesional y Tecnológica^^,Mar - May,463.3308626666667
2022,13 Ciudades y áreas metropolitanas,Informal,Técnica profesional y Tecnológica^^,Abr - Jun,492.28942
2022,13 Ciudades y áreas metropolitanas,Informal,Técnica profesional y Tecnológica^^,May - Jul,480.9217013333334
2022,13 Ciudades y áreas metropolitanas,Informal,Técnica profesional y Tecnológica^^,Jun - Ago,468.9156313333333
2022,13 Ciudades y áreas metropolitanas,Informal,Técnica profesional y Tecnológica^^,Jul - Sep,445.17138133333333
2022,13 Ciudades y áreas metropolitanas,Informal,Técnica profesional y Tecnológica^^,Ago - Oct,458.16809599999993
2022,13 Ciudades y áreas metropolitanas,Informal,Técnica profesional y Tecnológica^^,Sep - Nov,447.355035
2022,13 Ciudades y áreas metropolitanas,Informal,Técnica profesional y Tecnológica^^,Oct - Dic,428.5541073333333
2022,13 Ciudades y áreas metropolitanas,Informal,Técnica profesional y Tecnológica^^,Nov - Ene,420.87929633333334
2022,13 Ciudades y áreas metropolitanas,Informal,Técnica profesional y Tecnológica^^,Dic - Feb,409.8205756666666
2023,13 Ciudades y áreas metropolitanas,Informal,Técnica profesional y Tecnológica^^,Ene - Mar,428.97992800000003
2023,13 Ciudades y áreas metropolitanas,Informal,Técnica profesional y Tecnológica^^,Feb - Abr,436.63812466666667
2023,13 Ciudades y áreas metropolitanas,Informal,Técnica profesional y Tecnológica^^,Mar - May,461.882588
2023,13 Ciudades y áreas metropolitanas,Informal,Técnica profesional y Tecnológica^^,Abr - Jun,469.91050033333335
2023,13 Ciudades y áreas metropolitanas,Informal,Técnica profesional y Tecnológica^^,May - Jul,484.13993800000003
2023,13 Ciudades y áreas metropolitanas,Informal,Técnica profesional y Tecnológica^^,Jun - Ago,486.2824196666667
2023,13 Ciudades y áreas metropolitanas,Informal,Técnica profesional y Tecnológica^^,Jul - Sep,464.7949796666667
2023,13 Ciudades y áreas metropolitanas,Informal,Técnica profesional y Tecnológica^^,Ago - Oct,444.6648546666667
2023,13 Ciudades y áreas metropolitanas,Informal,Técnica profesional y Tecnológica^^,Sep - Nov,433.38784699999997
2023,13 Ciudades y áreas metropolitanas,Informal,Técnica profesional y Tecnológica^^,Oct - Dic,438.0410603333333
2023,13 Ciudades y áreas metropolitanas,Informal,Técnica profesional y Tecnológica^^,Nov - Ene,434.8670566666667
2023,13 Ciudades y áreas metropolitanas,Informal,Técnica profesional y Tecnológica^^,Dic - Feb,469.90376866666674
2024,13 Ciudades y áreas metropolitanas,Informal,Técnica profesional y Tecnológica^^,Ene - Mar,470.4311003333333
2024,13 Ciudades y áreas metropolitanas,Informal,Técnica profesional y Tecnológica^^,Feb - Abr,473.83041366666674
2024,13 Ciudades y áreas metropolitanas,Informal,Técnica profesional y Tecnológica^^,Mar - May,466.64186033333334
2024,13 Ciudades y áreas metropolitanas,Informal,Técnica profesional y Tecnológica^^,Abr - Jun,454.44299699999993
2024,13 Ciudades y áreas metropolitanas,Informal,Técnica profesional y Tecnológica^^,May - Jul,466.41572633333334
2024,13 Ciudades y áreas metropolitanas,Informal,Técnica profesional y Tecnológica^^,Jun - Ago,457.7733523333333
2024,13 Ciudades y áreas metropolitanas,Informal,Técnica profesional y Tecnológica^^,Jul - Sep,479.99837700000006
2024,13 Ciudades y áreas metropolitanas,Informal,Técnica profesional y Tecnológica^^,Ago - Oct,466.3259513333333
2024,13 Ciudades y áreas metropolitanas,Informal,Técnica profesional y Tecnológica^^,Sep - Nov,442.64481099999995
2024,13 Ciudades y áreas metropolitanas,Informal,Técnica profesional y Tecnológica^^,Oct - Dic,448.34042066666666
2024,13 Ciudades y áreas metropolitanas,Informal,Técnica profesional y Tecnológica^^,Nov - Ene,492.304797
2024,13 Ciudades y áreas metropolitanas,Informal,Técnica profesional y Tecnológica^^,Dic - Feb,500.066434
2025,13 Ciudades y áreas metropolitanas,Informal,Técnica profesional y Tecnológica^^,Ene - Mar,490.606262
2025,13 Ciudades y áreas metropolitanas,Informal,Técnica profesional y Tecnológica^^,Feb - Abr,474.876277
2025,13 Ciudades y áreas metropolitanas,Informal,Técnica profesional y Tecnológica^^,Mar - May,484.789738
2025,13 Ciudades y áreas metropolitanas,Informal,Técnica profesional y Tecnológica^^,Abr - Jun,499.256704
2025,13 Ciudades y áreas metropolitanas,Informal,Técnica profesional y Tecnológica^^,May - Jul,505.546069
2025,13 Ciudades y áreas metropolitanas,Informal,Técnica profesional y Tecnológica^^,Jun - Ago,522.131301
2025,13 Ciudades y áreas metropolitanas,Informal,Técnica profesional y Tecnológica^^,Jul - Sep,510.169488
2025,13 Ciudades y áreas metropolitanas,Informal,Técnica profesional y Tecnológica^^,Ago - Oct,505.540319
2025,13 Ciudades y áreas metropolitanas,Informal,Técnica profesional y Tecnológica^^,Sep - Nov,493.163579
2025,13 Ciudades y áreas metropolitanas,Informal,Técnica profesional y Tecnológica^^,Oct - Dic,509.2282
2025,13 Ciudades y áreas metropolitanas,Informal,Técnica profesional y Tecnológica^^,Nov - Ene,503.882463
2025,13 Ciudades y áreas metropolitanas,Informal,Técnica profesional y Tecnológica^^,Dic - Feb,508.835259
2026,13 Ciudades y áreas metropolitanas,Informal,Técnica profesional y Tecnológica^^,Ene - Mar,503.651064
2026,13 Ciudades y áreas metropolitanas,Informal,Técnica profesional y Tecnológica^^,Feb - Abr,511.380228
2021,13 Ciudades y áreas metropolitanas,Informal,Universitaria,Ene - Mar,441.3018836666667
2021,13 Ciudades y áreas metropolitanas,Informal,Universitaria,Feb - Abr,456.23771933333336
2021,13 Ciudades y áreas metropolitanas,Informal,Universitaria,Mar - May,467.92088566666666
2021,13 Ciudades y áreas metropolitanas,Informal,Universitaria,Abr - Jun,467.10227699999996
2021,13 Ciudades y áreas metropolitanas,Informal,Universitaria,May - Jul,442.08640199999996
2021,13 Ciudades y áreas metropolitanas,Informal,Universitaria,Jun - Ago,414.06807533333335
2021,13 Ciudades y áreas metropolitanas,Informal,Universitaria,Jul - Sep,406.73399866666665
2021,13 Ciudades y áreas metropolitanas,Informal,Universitaria,Ago - Oct,430.7917506666667
2021,13 Ciudades y áreas metropolitanas,Informal,Universitaria,Sep - Nov,445.0455263333333
2021,13 Ciudades y áreas metropolitanas,Informal,Universitaria,Oct - Dic,472.78678833333333
2021,13 Ciudades y áreas metropolitanas,Informal,Universitaria,Nov - Ene,463.899175
2021,13 Ciudades y áreas metropolitanas,Informal,Universitaria,Dic - Feb,485.7253553333333
2022,13 Ciudades y áreas metropolitanas,Informal,Universitaria,Ene - Mar,488.50404166666664
2022,13 Ciudades y áreas metropolitanas,Informal,Universitaria,Feb - Abr,483.6648156666667
2022,13 Ciudades y áreas metropolitanas,Informal,Universitaria,Mar - May,466.5099976666667
2022,13 Ciudades y áreas metropolitanas,Informal,Universitaria,Abr - Jun,435.39844266666665
2022,13 Ciudades y áreas metropolitanas,Informal,Universitaria,May - Jul,421.5410916666667
2022,13 Ciudades y áreas metropolitanas,Informal,Universitaria,Jun - Ago,402.7895466666667
2022,13 Ciudades y áreas metropolitanas,Informal,Universitaria,Jul - Sep,408.3333886666667
2022,13 Ciudades y áreas metropolitanas,Informal,Universitaria,Ago - Oct,401.16720533333336
2022,13 Ciudades y áreas metropolitanas,Informal,Universitaria,Sep - Nov,401.9043616666666
2022,13 Ciudades y áreas metropolitanas,Informal,Universitaria,Oct - Dic,378.43395166666664
2022,13 Ciudades y áreas metropolitanas,Informal,Universitaria,Nov - Ene,380.1545116666666
2022,13 Ciudades y áreas metropolitanas,Informal,Universitaria,Dic - Feb,377.4928856666667
2023,13 Ciudades y áreas metropolitanas,Informal,Universitaria,Ene - Mar,399.00543700000003
2023,13 Ciudades y áreas metropolitanas,Informal,Universitaria,Feb - Abr,388.493257
2023,13 Ciudades y áreas metropolitanas,Informal,Universitaria,Mar - May,381.34359666666666
2023,13 Ciudades y áreas metropolitanas,Informal,Universitaria,Abr - Jun,379.47720699999996
2023,13 Ciudades y áreas metropolitanas,Informal,Universitaria,May - Jul,378.02544500000005
2023,13 Ciudades y áreas metropolitanas,Informal,Universitaria,Jun - Ago,382.00284000000005
2023,13 Ciudades y áreas metropolitanas,Informal,Universitaria,Jul - Sep,369.7338276666667
2023,13 Ciudades y áreas metropolitanas,Informal,Universitaria,Ago - Oct,378.425049
2023,13 Ciudades y áreas metropolitanas,Informal,Universitaria,Sep - Nov,381.4497926666667
2023,13 Ciudades y áreas metropolitanas,Informal,Universitaria,Oct - Dic,373.55505999999997
2023,13 Ciudades y áreas metropolitanas,Informal,Universitaria,Nov - Ene,379.15086533333334
2023,13 Ciudades y áreas metropolitanas,Informal,Universitaria,Dic - Feb,354.17103399999996
2024,13 Ciudades y áreas metropolitanas,Informal,Universitaria,Ene - Mar,354.0806636666666
2024,13 Ciudades y áreas metropolitanas,Informal,Universitaria,Feb - Abr,350.87694433333337
2024,13 Ciudades y áreas metropolitanas,Informal,Universitaria,Mar - May,382.2270806666667
2024,13 Ciudades y áreas metropolitanas,Informal,Universitaria,Abr - Jun,386.7831939999999
2024,13 Ciudades y áreas metropolitanas,Informal,Universitaria,May - Jul,379.6788676666667
2024,13 Ciudades y áreas metropolitanas,Informal,Universitaria,Jun - Ago,378.3216056666667
2024,13 Ciudades y áreas metropolitanas,Informal,Universitaria,Jul - Sep,399.9595116666667
2024,13 Ciudades y áreas metropolitanas,Informal,Universitaria,Ago - Oct,414.18696133333333
2024,13 Ciudades y áreas metropolitanas,Informal,Universitaria,Sep - Nov,412.68604266666665
2024,13 Ciudades y áreas metropolitanas,Informal,Universitaria,Oct - Dic,408.7088703333333
2024,13 Ciudades y áreas metropolitanas,Informal,Universitaria,Nov - Ene,403.621773
2024,13 Ciudades y áreas metropolitanas,Informal,Universitaria,Dic - Feb,392.727308
2025,13 Ciudades y áreas metropolitanas,Informal,Universitaria,Ene - Mar,389.587231
2025,13 Ciudades y áreas metropolitanas,Informal,Universitaria,Feb - Abr,388.154811
2025,13 Ciudades y áreas metropolitanas,Informal,Universitaria,Mar - May,402.085539
2025,13 Ciudades y áreas metropolitanas,Informal,Universitaria,Abr - Jun,406.792741
2025,13 Ciudades y áreas metropolitanas,Informal,Universitaria,May - Jul,396.275883
2025,13 Ciudades y áreas metropolitanas,Informal,Universitaria,Jun - Ago,396.046185
2025,13 Ciudades y áreas metropolitanas,Informal,Universitaria,Jul - Sep,360.902224
2025,13 Ciudades y áreas metropolitanas,Informal,Universitaria,Ago - Oct,386.842898
2025,13 Ciudades y áreas metropolitanas,Informal,Universitaria,Sep - Nov,379.66023
2025,13 Ciudades y áreas metropolitanas,Informal,Universitaria,Oct - Dic,389.783375
2025,13 Ciudades y áreas metropolitanas,Informal,Universitaria,Nov - Ene,375.572365
2025,13 Ciudades y áreas metropolitanas,Informal,Universitaria,Dic - Feb,413.701503
2026,13 Ciudades y áreas metropolitanas,Informal,Universitaria,Ene - Mar,444.802815
2026,13 Ciudades y áreas metropolitanas,Informal,Universitaria,Feb - Abr,462.032005
2021,13 Ciudades y áreas metropolitanas,Informal,Posgrado,Ene - Mar,94.19984433333333
2021,13 Ciudades y áreas metropolitanas,Informal,Posgrado,Feb - Abr,100.12843
2021,13 Ciudades y áreas metropolitanas,Informal,Posgrado,Mar - May,89.841139
2021,13 Ciudades y áreas metropolitanas,Informal,Posgrado,Abr - Jun,99.67801733333333
2021,13 Ciudades y áreas metropolitanas,Informal,Posgrado,May - Jul,95.549876
2021,13 Ciudades y áreas metropolitanas,Informal,Posgrado,Jun - Ago,99.30327233333333
2021,13 Ciudades y áreas metropolitanas,Informal,Posgrado,Jul - Sep,101.50902833333333
2021,13 Ciudades y áreas metropolitanas,Informal,Posgrado,Ago - Oct,105.89604933333332
2021,13 Ciudades y áreas metropolitanas,Informal,Posgrado,Sep - Nov,101.49607566666667
2021,13 Ciudades y áreas metropolitanas,Informal,Posgrado,Oct - Dic,98.93400533333333
2021,13 Ciudades y áreas metropolitanas,Informal,Posgrado,Nov - Ene,82.52222866666666
2021,13 Ciudades y áreas metropolitanas,Informal,Posgrado,Dic - Feb,78.86793233333333
2022,13 Ciudades y áreas metropolitanas,Informal,Posgrado,Ene - Mar,75.59299433333332
2022,13 Ciudades y áreas metropolitanas,Informal,Posgrado,Feb - Abr,90.11440433333333
2022,13 Ciudades y áreas metropolitanas,Informal,Posgrado,Mar - May,105.79333566666666
2022,13 Ciudades y áreas metropolitanas,Informal,Posgrado,Abr - Jun,103.358918
2022,13 Ciudades y áreas metropolitanas,Informal,Posgrado,May - Jul,104.018154
2022,13 Ciudades y áreas metropolitanas,Informal,Posgrado,Jun - Ago,93.52081
2022,13 Ciudades y áreas metropolitanas,Informal,Posgrado,Jul - Sep,88.50831333333333
2022,13 Ciudades y áreas metropolitanas,Informal,Posgrado,Ago - Oct,83.64380233333333
2022,13 Ciudades y áreas metropolitanas,Informal,Posgrado,Sep - Nov,89.73602633333333
2022,13 Ciudades y áreas metropolitanas,Informal,Posgrado,Oct - Dic,106.80271933333331
2022,13 Ciudades y áreas metropolitanas,Informal,Posgrado,Nov - Ene,97.48519800000001
2022,13 Ciudades y áreas metropolitanas,Informal,Posgrado,Dic - Feb,88.08439500000001
2023,13 Ciudades y áreas metropolitanas,Informal,Posgrado,Ene - Mar,74.70186533333333
2023,13 Ciudades y áreas metropolitanas,Informal,Posgrado,Feb - Abr,77.59648566666667
2023,13 Ciudades y áreas metropolitanas,Informal,Posgrado,Mar - May,78.418151
2023,13 Ciudades y áreas metropolitanas,Informal,Posgrado,Abr - Jun,85.51218533333333
2023,13 Ciudades y áreas metropolitanas,Informal,Posgrado,May - Jul,88.459437
2023,13 Ciudades y áreas metropolitanas,Informal,Posgrado,Jun - Ago,88.40584566666666
2023,13 Ciudades y áreas metropolitanas,Informal,Posgrado,Jul - Sep,92.798629
2023,13 Ciudades y áreas metropolitanas,Informal,Posgrado,Ago - Oct,100.34865766666667
2023,13 Ciudades y áreas metropolitanas,Informal,Posgrado,Sep - Nov,99.58428766666668
2023,13 Ciudades y áreas metropolitanas,Informal,Posgrado,Oct - Dic,87.970219
2023,13 Ciudades y áreas metropolitanas,Informal,Posgrado,Nov - Ene,77.89014300000001
2023,13 Ciudades y áreas metropolitanas,Informal,Posgrado,Dic - Feb,86.287516
2024,13 Ciudades y áreas metropolitanas,Informal,Posgrado,Ene - Mar,102.315261
2024,13 Ciudades y áreas metropolitanas,Informal,Posgrado,Feb - Abr,113.49496633333335
2024,13 Ciudades y áreas metropolitanas,Informal,Posgrado,Mar - May,100.89995366666666
2024,13 Ciudades y áreas metropolitanas,Informal,Posgrado,Abr - Jun,99.060827
2024,13 Ciudades y áreas metropolitanas,Informal,Posgrado,May - Jul,100.87356066666666
2024,13 Ciudades y áreas metropolitanas,Informal,Posgrado,Jun - Ago,108.32514099999999
2024,13 Ciudades y áreas metropolitanas,Informal,Posgrado,Jul - Sep,105.57589033333333
2024,13 Ciudades y áreas metropolitanas,Informal,Posgrado,Ago - Oct,85.94227633333333
2024,13 Ciudades y áreas metropolitanas,Informal,Posgrado,Sep - Nov,90.63653466666666
2024,13 Ciudades y áreas metropolitanas,Informal,Posgrado,Oct - Dic,85.86788233333334
2024,13 Ciudades y áreas metropolitanas,Informal,Posgrado,Nov - Ene,102.441872
2024,13 Ciudades y áreas metropolitanas,Informal,Posgrado,Dic - Feb,114.930078
2025,13 Ciudades y áreas metropolitanas,Informal,Posgrado,Ene - Mar,125.577131
2025,13 Ciudades y áreas metropolitanas,Informal,Posgrado,Feb - Abr,132.613905
2025,13 Ciudades y áreas metropolitanas,Informal,Posgrado,Mar - May,115.69284
2025,13 Ciudades y áreas metropolitanas,Informal,Posgrado,Abr - Jun,105.090541
2025,13 Ciudades y áreas metropolitanas,Informal,Posgrado,May - Jul,97.829411
2025,13 Ciudades y áreas metropolitanas,Informal,Posgrado,Jun - Ago,98.490681
2025,13 Ciudades y áreas metropolitanas,Informal,Posgrado,Jul - Sep,103.873188
2025,13 Ciudades y áreas metropolitanas,Informal,Posgrado,Ago - Oct,103.76057
2025,13 Ciudades y áreas metropolitanas,Informal,Posgrado,Sep - Nov,103.743562
2025,13 Ciudades y áreas metropolitanas,Informal,Posgrado,Oct - Dic,90.038303
2025,13 Ciudades y áreas metropolitanas,Informal,Posgrado,Nov - Ene,103.45212
2025,13 Ciudades y áreas metropolitanas,Informal,Posgrado,Dic - Feb,115.70019
2026,13 Ciudades y áreas metropolitanas,Informal,Posgrado,Ene - Mar,137.882121
2026,13 Ciudades y áreas metropolitanas,Informal,Posgrado,Feb - Abr,114.54498
2021,23 Ciudades y áreas metropolitanas,Población ocupada,Población ocupada,Ene - Mar,10207.340572
2021,23 Ciudades y áreas metropolitanas,Población ocupada,Población ocupada,Feb - Abr,10314.171929333332
2021,23 Ciudades y áreas metropolitanas,Población ocupada,Población ocupada,Mar - May,10331.821430333332
2021,23 Ciudades y áreas metropolitanas,Población ocupada,Población ocupada,Abr - Jun,10347.146649
2021,23 Ciudades y áreas metropolitanas,Población ocupada,Población ocupada,May - Jul,10449.413783666669
2021,23 Ciudades y áreas metropolitanas,Población ocupada,Población ocupada,Jun - Ago,10574.868798000001
2021,23 Ciudades y áreas metropolitanas,Población ocupada,Población ocupada,Jul - Sep,10655.821353
2021,23 Ciudades y áreas metropolitanas,Población ocupada,Población ocupada,Ago - Oct,10702.589261666666
2021,23 Ciudades y áreas metropolitanas,Población ocupada,Población ocupada,Sep - Nov,10779.31586
2021,23 Ciudades y áreas metropolitanas,Población ocupada,Población ocupada,Oct - Dic,10848.345590333332
2021,23 Ciudades y áreas metropolitanas,Población ocupada,Población ocupada,Nov - Ene,10902.707086
2021,23 Ciudades y áreas metropolitanas,Población ocupada,Población ocupada,Dic - Feb,11011.355844999998
2022,23 Ciudades y áreas metropolitanas,Población ocupada,Población ocupada,Ene - Mar,11162.760618333332
2022,23 Ciudades y áreas metropolitanas,Población ocupada,Población ocupada,Feb - Abr,11378.000644
2022,23 Ciudades y áreas metropolitanas,Población ocupada,Población ocupada,Mar - May,11439.402495666667
2022,23 Ciudades y áreas metropolitanas,Población ocupada,Población ocupada,Abr - Jun,11459.504878
2022,23 Ciudades y áreas metropolitanas,Población ocupada,Población ocupada,May - Jul,11439.922237666668
2022,23 Ciudades y áreas metropolitanas,Población ocupada,Población ocupada,Jun - Ago,11449.306667333332
2022,23 Ciudades y áreas metropolitanas,Población ocupada,Población ocupada,Jul - Sep,11579.020379333335
2022,23 Ciudades y áreas metropolitanas,Población ocupada,Población ocupada,Ago - Oct,11682.576954999999
2022,23 Ciudades y áreas metropolitanas,Población ocupada,Población ocupada,Sep - Nov,11795.358530666666
2022,23 Ciudades y áreas metropolitanas,Población ocupada,Población ocupada,Oct - Dic,11756.368381666667
2022,23 Ciudades y áreas metropolitanas,Población ocupada,Población ocupada,Nov - Ene,11569.591984666666
2022,23 Ciudades y áreas metropolitanas,Población ocupada,Población ocupada,Dic - Feb,11461.349134000002
2023,23 Ciudades y áreas metropolitanas,Población ocupada,Población ocupada,Ene - Mar,11530.651008666668
2023,23 Ciudades y áreas metropolitanas,Población ocupada,Población ocupada,Feb - Abr,11714.832621666668
2023,23 Ciudades y áreas metropolitanas,Población ocupada,Población ocupada,Mar - May,11775.823848333335
2023,23 Ciudades y áreas metropolitanas,Población ocupada,Población ocupada,Abr - Jun,11846.743603333334
2023,23 Ciudades y áreas metropolitanas,Población ocupada,Población ocupada,May - Jul,11983.672198999999
2023,23 Ciudades y áreas metropolitanas,Población ocupada,Población ocupada,Jun - Ago,12111.015122666666
2023,23 Ciudades y áreas metropolitanas,Población ocupada,Población ocupada,Jul - Sep,12107.891424333333
2023,23 Ciudades y áreas metropolitanas,Población ocupada,Población ocupada,Ago - Oct,12135.745354
2023,23 Ciudades y áreas metropolitanas,Población ocupada,Población ocupada,Sep - Nov,12231.298793
2023,23 Ciudades y áreas metropolitanas,Población ocupada,Población ocupada,Oct - Dic,12190.331298333333
2023,23 Ciudades y áreas metropolitanas,Población ocupada,Población ocupada,Nov - Ene,11995.477210666666
2023,23 Ciudades y áreas metropolitanas,Población ocupada,Población ocupada,Dic - Feb,11830.173333666666
2024,23 Ciudades y áreas metropolitanas,Población ocupada,Población ocupada,Ene - Mar,11857.361929
2024,23 Ciudades y áreas metropolitanas,Población ocupada,Población ocupada,Feb - Abr,12002.824188666666
2024,23 Ciudades y áreas metropolitanas,Población ocupada,Población ocupada,Mar - May,12109.160166666667
2024,23 Ciudades y áreas metropolitanas,Población ocupada,Población ocupada,Abr - Jun,12143.724945
2024,23 Ciudades y áreas metropolitanas,Población ocupada,Población ocupada,May - Jul,12187.925706
2024,23 Ciudades y áreas metropolitanas,Población ocupada,Población ocupada,Jun - Ago,12235.695790666667
2024,23 Ciudades y áreas metropolitanas,Población ocupada,Población ocupada,Jul - Sep,12252.889955666667
2024,23 Ciudades y áreas metropolitanas,Población ocupada,Población ocupada,Ago - Oct,12276.383967000002
2024,23 Ciudades y áreas metropolitanas,Población ocupada,Población ocupada,Sep - Nov,12338.194133666666
2024,23 Ciudades y áreas metropolitanas,Población ocupada,Población ocupada,Oct - Dic,12357.403506333334
2024,23 Ciudades y áreas metropolitanas,Población ocupada,Población ocupada,Nov - Ene,12245.800395
2024,23 Ciudades y áreas metropolitanas,Población ocupada,Población ocupada,Dic - Feb,12182.654422
2025,23 Ciudades y áreas metropolitanas,Población ocupada,Población ocupada,Ene - Mar,12248.376113
2025,23 Ciudades y áreas metropolitanas,Población ocupada,Población ocupada,Feb - Abr,12376.421972
2025,23 Ciudades y áreas metropolitanas,Población ocupada,Población ocupada,Mar - May,12413.643334
2025,23 Ciudades y áreas metropolitanas,Población ocupada,Población ocupada,Abr - Jun,12421.268307
2025,23 Ciudades y áreas metropolitanas,Población ocupada,Población ocupada,May - Jul,12519.907935
2025,23 Ciudades y áreas metropolitanas,Población ocupada,Población ocupada,Jun - Ago,12604.566365
2025,23 Ciudades y áreas metropolitanas,Población ocupada,Población ocupada,Jul - Sep,12630.061425
2025,23 Ciudades y áreas metropolitanas,Población ocupada,Población ocupada,Ago - Oct,12699.154455
2025,23 Ciudades y áreas metropolitanas,Población ocupada,Población ocupada,Sep - Nov,12774.461218
2025,23 Ciudades y áreas metropolitanas,Población ocupada,Población ocupada,Oct - Dic,12813.274178
2025,23 Ciudades y áreas metropolitanas,Población ocupada,Población ocupada,Nov - Ene,12564.239348
2025,23 Ciudades y áreas metropolitanas,Población ocupada,Población ocupada,Dic - Feb,12429.285203
2026,23 Ciudades y áreas metropolitanas,Población ocupada,Población ocupada,Ene - Mar,12402.357556
2026,23 Ciudades y áreas metropolitanas,Población ocupada,Población ocupada,Feb - Abr,12582.268196
2021,23 Ciudades y áreas metropolitanas,Población ocupada,Ninguno,Ene - Mar,485.593703
2021,23 Ciudades y áreas metropolitanas,Población ocupada,Ninguno,Feb - Abr,508.32945033333334
2021,23 Ciudades y áreas metropolitanas,Población ocupada,Ninguno,Mar - May,529.892293
2021,23 Ciudades y áreas metropolitanas,Población ocupada,Ninguno,Abr - Jun,513.946639
2021,23 Ciudades y áreas metropolitanas,Población ocupada,Ninguno,May - Jul,523.584284
2021,23 Ciudades y áreas metropolitanas,Población ocupada,Ninguno,Jun - Ago,527.4542926666667
2021,23 Ciudades y áreas metropolitanas,Población ocupada,Ninguno,Jul - Sep,523.7116093333334
2021,23 Ciudades y áreas metropolitanas,Población ocupada,Ninguno,Ago - Oct,505.8933546666667
2021,23 Ciudades y áreas metropolitanas,Población ocupada,Ninguno,Sep - Nov,500.248931
2021,23 Ciudades y áreas metropolitanas,Población ocupada,Ninguno,Oct - Dic,491.57325366666663
2021,23 Ciudades y áreas metropolitanas,Población ocupada,Ninguno,Nov - Ene,479.4993226666666
2021,23 Ciudades y áreas metropolitanas,Población ocupada,Ninguno,Dic - Feb,491.85586933333326
2022,23 Ciudades y áreas metropolitanas,Población ocupada,Ninguno,Ene - Mar,512.2303806666666
2022,23 Ciudades y áreas metropolitanas,Población ocupada,Ninguno,Feb - Abr,539.6370283333333
2022,23 Ciudades y áreas metropolitanas,Población ocupada,Ninguno,Mar - May,542.4436916666667
2022,23 Ciudades y áreas metropolitanas,Población ocupada,Ninguno,Abr - Jun,553.4571426666668
2022,23 Ciudades y áreas metropolitanas,Población ocupada,Ninguno,May - Jul,553.7985516666666
2022,23 Ciudades y áreas metropolitanas,Población ocupada,Ninguno,Jun - Ago,554.8738480000001
2022,23 Ciudades y áreas metropolitanas,Población ocupada,Ninguno,Jul - Sep,568.8751366666667
2022,23 Ciudades y áreas metropolitanas,Población ocupada,Ninguno,Ago - Oct,574.436241
2022,23 Ciudades y áreas metropolitanas,Población ocupada,Ninguno,Sep - Nov,586.3335716666667
2022,23 Ciudades y áreas metropolitanas,Población ocupada,Ninguno,Oct - Dic,593.0128403333333
2022,23 Ciudades y áreas metropolitanas,Población ocupada,Ninguno,Nov - Ene,601.2805016666666
2022,23 Ciudades y áreas metropolitanas,Población ocupada,Ninguno,Dic - Feb,603.2864456666666
2023,23 Ciudades y áreas metropolitanas,Población ocupada,Ninguno,Ene - Mar,610.6691543333333
2023,23 Ciudades y áreas metropolitanas,Población ocupada,Ninguno,Feb - Abr,611.6442996666667
2023,23 Ciudades y áreas metropolitanas,Población ocupada,Ninguno,Mar - May,590.2241123333333
2023,23 Ciudades y áreas metropolitanas,Población ocupada,Ninguno,Abr - Jun,558.282421
2023,23 Ciudades y áreas metropolitanas,Población ocupada,Ninguno,May - Jul,570.3317109999999
2023,23 Ciudades y áreas metropolitanas,Población ocupada,Ninguno,Jun - Ago,596.0612923333333
2023,23 Ciudades y áreas metropolitanas,Población ocupada,Ninguno,Jul - Sep,603.6809706666667
2023,23 Ciudades y áreas metropolitanas,Población ocupada,Ninguno,Ago - Oct,597.9513343333333
2023,23 Ciudades y áreas metropolitanas,Población ocupada,Ninguno,Sep - Nov,597.928019
2023,23 Ciudades y áreas metropolitanas,Población ocupada,Ninguno,Oct - Dic,605.507066
2023,23 Ciudades y áreas metropolitanas,Población ocupada,Ninguno,Nov - Ene,583.4449669999999
2023,23 Ciudades y áreas metropolitanas,Población ocupada,Ninguno,Dic - Feb,580.472971
2024,23 Ciudades y áreas metropolitanas,Población ocupada,Ninguno,Ene - Mar,575.1498526666668
2024,23 Ciudades y áreas metropolitanas,Población ocupada,Ninguno,Feb - Abr,587.3941903333333
2024,23 Ciudades y áreas metropolitanas,Población ocupada,Ninguno,Mar - May,559.377323
2024,23 Ciudades y áreas metropolitanas,Población ocupada,Ninguno,Abr - Jun,547.6466293333334
2024,23 Ciudades y áreas metropolitanas,Población ocupada,Ninguno,May - Jul,548.082186
2024,23 Ciudades y áreas metropolitanas,Población ocupada,Ninguno,Jun - Ago,558.7612496666666
2024,23 Ciudades y áreas metropolitanas,Población ocupada,Ninguno,Jul - Sep,571.7343096666667
2024,23 Ciudades y áreas metropolitanas,Población ocupada,Ninguno,Ago - Oct,559.2753246666666
2024,23 Ciudades y áreas metropolitanas,Población ocupada,Ninguno,Sep - Nov,567.909355
2024,23 Ciudades y áreas metropolitanas,Población ocupada,Ninguno,Oct - Dic,562.359112
2024,23 Ciudades y áreas metropolitanas,Población ocupada,Ninguno,Nov - Ene,562.163661
2024,23 Ciudades y áreas metropolitanas,Población ocupada,Ninguno,Dic - Feb,558.462395
2025,23 Ciudades y áreas metropolitanas,Población ocupada,Ninguno,Ene - Mar,564.102611
2025,23 Ciudades y áreas metropolitanas,Población ocupada,Ninguno,Feb - Abr,541.979831
2025,23 Ciudades y áreas metropolitanas,Población ocupada,Ninguno,Mar - May,556.028867
2025,23 Ciudades y áreas metropolitanas,Población ocupada,Ninguno,Abr - Jun,554.939587
2025,23 Ciudades y áreas metropolitanas,Población ocupada,Ninguno,May - Jul,578.521495
2025,23 Ciudades y áreas metropolitanas,Población ocupada,Ninguno,Jun - Ago,563.614833
2025,23 Ciudades y áreas metropolitanas,Población ocupada,Ninguno,Jul - Sep,560.991689
2025,23 Ciudades y áreas metropolitanas,Población ocupada,Ninguno,Ago - Oct,574.502399
2025,23 Ciudades y áreas metropolitanas,Población ocupada,Ninguno,Sep - Nov,593.871412
2025,23 Ciudades y áreas metropolitanas,Población ocupada,Ninguno,Oct - Dic,579.7682
2025,23 Ciudades y áreas metropolitanas,Población ocupada,Ninguno,Nov - Ene,547.093208
2025,23 Ciudades y áreas metropolitanas,Población ocupada,Ninguno,Dic - Feb,530.889743
2026,23 Ciudades y áreas metropolitanas,Población ocupada,Ninguno,Ene - Mar,531.650617
2026,23 Ciudades y áreas metropolitanas,Población ocupada,Ninguno,Feb - Abr,556.045696
2021,23 Ciudades y áreas metropolitanas,Población ocupada,Básica primaria,Ene - Mar,1351.936595
2021,23 Ciudades y áreas metropolitanas,Población ocupada,Básica primaria,Feb - Abr,1412.7243863333333
2021,23 Ciudades y áreas metropolitanas,Población ocupada,Básica primaria,Mar - May,1402.1962700000001
2021,23 Ciudades y áreas metropolitanas,Población ocupada,Básica primaria,Abr - Jun,1405.841606
2021,23 Ciudades y áreas metropolitanas,Población ocupada,Básica primaria,May - Jul,1406.6941893333335
2021,23 Ciudades y áreas metropolitanas,Población ocupada,Básica primaria,Jun - Ago,1474.900981666667
2021,23 Ciudades y áreas metropolitanas,Población ocupada,Básica primaria,Jul - Sep,1506.2133436666666
2021,23 Ciudades y áreas metropolitanas,Población ocupada,Básica primaria,Ago - Oct,1525.5620126666665
2021,23 Ciudades y áreas metropolitanas,Población ocupada,Básica primaria,Sep - Nov,1491.9056226666669
2021,23 Ciudades y áreas metropolitanas,Población ocupada,Básica primaria,Oct - Dic,1461.3714843333335
2021,23 Ciudades y áreas metropolitanas,Población ocupada,Básica primaria,Nov - Ene,1481.9359796666668
2021,23 Ciudades y áreas metropolitanas,Población ocupada,Básica primaria,Dic - Feb,1496.251911
2022,23 Ciudades y áreas metropolitanas,Población ocupada,Básica primaria,Ene - Mar,1549.5517663333333
2022,23 Ciudades y áreas metropolitanas,Población ocupada,Básica primaria,Feb - Abr,1572.771302
2022,23 Ciudades y áreas metropolitanas,Población ocupada,Básica primaria,Mar - May,1568.6066396666665
2022,23 Ciudades y áreas metropolitanas,Población ocupada,Básica primaria,Abr - Jun,1554.1892933333331
2022,23 Ciudades y áreas metropolitanas,Población ocupada,Básica primaria,May - Jul,1564.9852183333333
2022,23 Ciudades y áreas metropolitanas,Población ocupada,Básica primaria,Jun - Ago,1560.8819979999998
2022,23 Ciudades y áreas metropolitanas,Población ocupada,Básica primaria,Jul - Sep,1609.146574333333
2022,23 Ciudades y áreas metropolitanas,Población ocupada,Básica primaria,Ago - Oct,1628.702998
2022,23 Ciudades y áreas metropolitanas,Población ocupada,Básica primaria,Sep - Nov,1658.3894559999999
2022,23 Ciudades y áreas metropolitanas,Población ocupada,Básica primaria,Oct - Dic,1571.8185266666667
2022,23 Ciudades y áreas metropolitanas,Población ocupada,Básica primaria,Nov - Ene,1500.2270450000003
2022,23 Ciudades y áreas metropolitanas,Población ocupada,Básica primaria,Dic - Feb,1529.6100496666668
2023,23 Ciudades y áreas metropolitanas,Población ocupada,Básica primaria,Ene - Mar,1604.6204136666668
2023,23 Ciudades y áreas metropolitanas,Población ocupada,Básica primaria,Feb - Abr,1618.2394623333332
2023,23 Ciudades y áreas metropolitanas,Población ocupada,Básica primaria,Mar - May,1567.9998406666666
2023,23 Ciudades y áreas metropolitanas,Población ocupada,Básica primaria,Abr - Jun,1560.2633423333334
2023,23 Ciudades y áreas metropolitanas,Población ocupada,Básica primaria,May - Jul,1603.4076786666667
2023,23 Ciudades y áreas metropolitanas,Población ocupada,Básica primaria,Jun - Ago,1618.5758426666669
2023,23 Ciudades y áreas metropolitanas,Población ocupada,Básica primaria,Jul - Sep,1642.6754246666667
2023,23 Ciudades y áreas metropolitanas,Población ocupada,Básica primaria,Ago - Oct,1654.7143753333332
2023,23 Ciudades y áreas metropolitanas,Población ocupada,Básica primaria,Sep - Nov,1680.0736836666667
2023,23 Ciudades y áreas metropolitanas,Población ocupada,Básica primaria,Oct - Dic,1621.828538
2023,23 Ciudades y áreas metropolitanas,Población ocupada,Básica primaria,Nov - Ene,1593.9859416666666
2023,23 Ciudades y áreas metropolitanas,Población ocupada,Básica primaria,Dic - Feb,1556.6108649999999
2024,23 Ciudades y áreas metropolitanas,Población ocupada,Básica primaria,Ene - Mar,1579.382738
2024,23 Ciudades y áreas metropolitanas,Población ocupada,Básica primaria,Feb - Abr,1555.1032356666667
2024,23 Ciudades y áreas metropolitanas,Población ocupada,Básica primaria,Mar - May,1574.0242883333333
2024,23 Ciudades y áreas metropolitanas,Población ocupada,Básica primaria,Abr - Jun,1592.1233216666667
2024,23 Ciudades y áreas metropolitanas,Población ocupada,Básica primaria,May - Jul,1621.3734996666665
2024,23 Ciudades y áreas metropolitanas,Población ocupada,Básica primaria,Jun - Ago,1594.199068
2024,23 Ciudades y áreas metropolitanas,Población ocupada,Básica primaria,Jul - Sep,1603.9248633333334
2024,23 Ciudades y áreas metropolitanas,Población ocupada,Básica primaria,Ago - Oct,1651.2460763333336
2024,23 Ciudades y áreas metropolitanas,Población ocupada,Básica primaria,Sep - Nov,1671.2482646666667
2024,23 Ciudades y áreas metropolitanas,Población ocupada,Básica primaria,Oct - Dic,1648.3831193333333
2024,23 Ciudades y áreas metropolitanas,Población ocupada,Básica primaria,Nov - Ene,1615.600731
2024,23 Ciudades y áreas metropolitanas,Población ocupada,Básica primaria,Dic - Feb,1611.166287
2025,23 Ciudades y áreas metropolitanas,Población ocupada,Básica primaria,Ene - Mar,1650.213553
2025,23 Ciudades y áreas metropolitanas,Población ocupada,Básica primaria,Feb - Abr,1620.785441
2025,23 Ciudades y áreas metropolitanas,Población ocupada,Básica primaria,Mar - May,1641.946034
2025,23 Ciudades y áreas metropolitanas,Población ocupada,Básica primaria,Abr - Jun,1577.148331
2025,23 Ciudades y áreas metropolitanas,Población ocupada,Básica primaria,May - Jul,1592.883245
2025,23 Ciudades y áreas metropolitanas,Población ocupada,Básica primaria,Jun - Ago,1604.961258
2025,23 Ciudades y áreas metropolitanas,Población ocupada,Básica primaria,Jul - Sep,1643.154317
2025,23 Ciudades y áreas metropolitanas,Población ocupada,Básica primaria,Ago - Oct,1655.116055
2025,23 Ciudades y áreas metropolitanas,Población ocupada,Básica primaria,Sep - Nov,1648.715788
2025,23 Ciudades y áreas metropolitanas,Población ocupada,Básica primaria,Oct - Dic,1663.89622
2025,23 Ciudades y áreas metropolitanas,Población ocupada,Básica primaria,Nov - Ene,1631.206992
2025,23 Ciudades y áreas metropolitanas,Población ocupada,Básica primaria,Dic - Feb,1526.668695
2026,23 Ciudades y áreas metropolitanas,Población ocupada,Básica primaria,Ene - Mar,1466.763579
2026,23 Ciudades y áreas metropolitanas,Población ocupada,Básica primaria,Feb - Abr,1464.198733
2021,23 Ciudades y áreas metropolitanas,Población ocupada,Básica secundaria^,Ene - Mar,409.916997
2021,23 Ciudades y áreas metropolitanas,Población ocupada,Básica secundaria^,Feb - Abr,414.0897313333333
2021,23 Ciudades y áreas metropolitanas,Población ocupada,Básica secundaria^,Mar - May,438.5976103333333
2021,23 Ciudades y áreas metropolitanas,Población ocupada,Básica secundaria^,Abr - Jun,426.996926
2021,23 Ciudades y áreas metropolitanas,Población ocupada,Básica secundaria^,May - Jul,412.9394786666667
2021,23 Ciudades y áreas metropolitanas,Población ocupada,Básica secundaria^,Jun - Ago,391.2922873333334
2021,23 Ciudades y áreas metropolitanas,Población ocupada,Básica secundaria^,Jul - Sep,397.79120366666666
2021,23 Ciudades y áreas metropolitanas,Población ocupada,Básica secundaria^,Ago - Oct,411.97393366666665
2021,23 Ciudades y áreas metropolitanas,Población ocupada,Básica secundaria^,Sep - Nov,423.88461133333334
2021,23 Ciudades y áreas metropolitanas,Población ocupada,Básica secundaria^,Oct - Dic,422.5665916666667
2021,23 Ciudades y áreas metropolitanas,Población ocupada,Básica secundaria^,Nov - Ene,419.02935333333335
2021,23 Ciudades y áreas metropolitanas,Población ocupada,Básica secundaria^,Dic - Feb,425.800455
2022,23 Ciudades y áreas metropolitanas,Población ocupada,Básica secundaria^,Ene - Mar,428.2657636666666
2022,23 Ciudades y áreas metropolitanas,Población ocupada,Básica secundaria^,Feb - Abr,435.392924
2022,23 Ciudades y áreas metropolitanas,Población ocupada,Básica secundaria^,Mar - May,419.78072433333335
2022,23 Ciudades y áreas metropolitanas,Población ocupada,Básica secundaria^,Abr - Jun,424.22412333333335
2022,23 Ciudades y áreas metropolitanas,Población ocupada,Básica secundaria^,May - Jul,451.5711596666667
2022,23 Ciudades y áreas metropolitanas,Población ocupada,Básica secundaria^,Jun - Ago,467.8270586666667
2022,23 Ciudades y áreas metropolitanas,Población ocupada,Básica secundaria^,Jul - Sep,477.514038
2022,23 Ciudades y áreas metropolitanas,Población ocupada,Básica secundaria^,Ago - Oct,455.04189766666667
2022,23 Ciudades y áreas metropolitanas,Población ocupada,Básica secundaria^,Sep - Nov,465.05988933333333
2022,23 Ciudades y áreas metropolitanas,Población ocupada,Básica secundaria^,Oct - Dic,469.4489573333333
2022,23 Ciudades y áreas metropolitanas,Población ocupada,Básica secundaria^,Nov - Ene,485.437745
2022,23 Ciudades y áreas metropolitanas,Población ocupada,Básica secundaria^,Dic - Feb,458.6692126666667
2023,23 Ciudades y áreas metropolitanas,Población ocupada,Básica secundaria^,Ene - Mar,460.32811366666664
2023,23 Ciudades y áreas metropolitanas,Población ocupada,Básica secundaria^,Feb - Abr,446.054508
2023,23 Ciudades y áreas metropolitanas,Población ocupada,Básica secundaria^,Mar - May,451.1176786666667
2023,23 Ciudades y áreas metropolitanas,Población ocupada,Básica secundaria^,Abr - Jun,448.21256999999997
2023,23 Ciudades y áreas metropolitanas,Población ocupada,Básica secundaria^,May - Jul,471.96580399999993
2023,23 Ciudades y áreas metropolitanas,Población ocupada,Básica secundaria^,Jun - Ago,492.71427266666666
2023,23 Ciudades y áreas metropolitanas,Población ocupada,Básica secundaria^,Jul - Sep,479.3697686666667
2023,23 Ciudades y áreas metropolitanas,Población ocupada,Básica secundaria^,Ago - Oct,460.3316726666667
2023,23 Ciudades y áreas metropolitanas,Población ocupada,Básica secundaria^,Sep - Nov,466.1928023333333
2023,23 Ciudades y áreas metropolitanas,Población ocupada,Básica secundaria^,Oct - Dic,473.511226
2023,23 Ciudades y áreas metropolitanas,Población ocupada,Básica secundaria^,Nov - Ene,484.5697753333333
2023,23 Ciudades y áreas metropolitanas,Población ocupada,Básica secundaria^,Dic - Feb,464.4441576666666
2024,23 Ciudades y áreas metropolitanas,Población ocupada,Básica secundaria^,Ene - Mar,461.4487523333334
2024,23 Ciudades y áreas metropolitanas,Población ocupada,Básica secundaria^,Feb - Abr,450.9137273333334
2024,23 Ciudades y áreas metropolitanas,Población ocupada,Básica secundaria^,Mar - May,456.5775423333334
2024,23 Ciudades y áreas metropolitanas,Población ocupada,Básica secundaria^,Abr - Jun,455.66958633333337
2024,23 Ciudades y áreas metropolitanas,Población ocupada,Básica secundaria^,May - Jul,461.421083
2024,23 Ciudades y áreas metropolitanas,Población ocupada,Básica secundaria^,Jun - Ago,479.29102800000004
2024,23 Ciudades y áreas metropolitanas,Población ocupada,Básica secundaria^,Jul - Sep,475.40748533333334
2024,23 Ciudades y áreas metropolitanas,Población ocupada,Básica secundaria^,Ago - Oct,482.19195833333333
2024,23 Ciudades y áreas metropolitanas,Población ocupada,Básica secundaria^,Sep - Nov,473.5722243333334
2024,23 Ciudades y áreas metropolitanas,Población ocupada,Básica secundaria^,Oct - Dic,460.44252400000005
2024,23 Ciudades y áreas metropolitanas,Población ocupada,Básica secundaria^,Nov - Ene,435.99418
2024,23 Ciudades y áreas metropolitanas,Población ocupada,Básica secundaria^,Dic - Feb,426.038291
2025,23 Ciudades y áreas metropolitanas,Población ocupada,Básica secundaria^,Ene - Mar,436.557755
2025,23 Ciudades y áreas metropolitanas,Población ocupada,Básica secundaria^,Feb - Abr,447.65775
2025,23 Ciudades y áreas metropolitanas,Población ocupada,Básica secundaria^,Mar - May,462.600072
2025,23 Ciudades y áreas metropolitanas,Población ocupada,Básica secundaria^,Abr - Jun,475.870562
2025,23 Ciudades y áreas metropolitanas,Población ocupada,Básica secundaria^,May - Jul,479.84714
2025,23 Ciudades y áreas metropolitanas,Población ocupada,Básica secundaria^,Jun - Ago,466.604316
2025,23 Ciudades y áreas metropolitanas,Población ocupada,Básica secundaria^,Jul - Sep,453.306935
2025,23 Ciudades y áreas metropolitanas,Población ocupada,Básica secundaria^,Ago - Oct,478.733732
2025,23 Ciudades y áreas metropolitanas,Población ocupada,Básica secundaria^,Sep - Nov,482.942055
2025,23 Ciudades y áreas metropolitanas,Población ocupada,Básica secundaria^,Oct - Dic,505.572683
2025,23 Ciudades y áreas metropolitanas,Población ocupada,Básica secundaria^,Nov - Ene,464.527238
2025,23 Ciudades y áreas metropolitanas,Población ocupada,Básica secundaria^,Dic - Feb,431.786057
2026,23 Ciudades y áreas metropolitanas,Población ocupada,Básica secundaria^,Ene - Mar,415.564557
2026,23 Ciudades y áreas metropolitanas,Población ocupada,Básica secundaria^,Feb - Abr,417.491014
2021,23 Ciudades y áreas metropolitanas,Población ocupada,Educación media*^,Ene - Mar,3833.1248103333332
2021,23 Ciudades y áreas metropolitanas,Población ocupada,Educación media*^,Feb - Abr,3858.7893046666663
2021,23 Ciudades y áreas metropolitanas,Población ocupada,Educación media*^,Mar - May,3774.3001980000004
2021,23 Ciudades y áreas metropolitanas,Población ocupada,Educación media*^,Abr - Jun,3807.9299846666668
2021,23 Ciudades y áreas metropolitanas,Población ocupada,Educación media*^,May - Jul,3876.3304850000004
2021,23 Ciudades y áreas metropolitanas,Población ocupada,Educación media*^,Jun - Ago,3954.346331
2021,23 Ciudades y áreas metropolitanas,Población ocupada,Educación media*^,Jul - Sep,3950.528885333333
2021,23 Ciudades y áreas metropolitanas,Población ocupada,Educación media*^,Ago - Oct,3985.9530053333333
2021,23 Ciudades y áreas metropolitanas,Población ocupada,Educación media*^,Sep - Nov,4058.9940606666664
2021,23 Ciudades y áreas metropolitanas,Población ocupada,Educación media*^,Oct - Dic,4087.3899573333333
2021,23 Ciudades y áreas metropolitanas,Población ocupada,Educación media*^,Nov - Ene,4080.2812976666664
2021,23 Ciudades y áreas metropolitanas,Población ocupada,Educación media*^,Dic - Feb,4092.7654940000007
2022,23 Ciudades y áreas metropolitanas,Población ocupada,Educación media*^,Ene - Mar,4096.556587666667
2022,23 Ciudades y áreas metropolitanas,Población ocupada,Educación media*^,Feb - Abr,4188.975904
2022,23 Ciudades y áreas metropolitanas,Población ocupada,Educación media*^,Mar - May,4171.639704666667
2022,23 Ciudades y áreas metropolitanas,Población ocupada,Educación media*^,Abr - Jun,4243.802385333333
2022,23 Ciudades y áreas metropolitanas,Población ocupada,Educación media*^,May - Jul,4197.939136
2022,23 Ciudades y áreas metropolitanas,Población ocupada,Educación media*^,Jun - Ago,4228.470778333333
2022,23 Ciudades y áreas metropolitanas,Población ocupada,Educación media*^,Jul - Sep,4270.1261269999995
2022,23 Ciudades y áreas metropolitanas,Población ocupada,Educación media*^,Ago - Oct,4369.629426666666
2022,23 Ciudades y áreas metropolitanas,Población ocupada,Educación media*^,Sep - Nov,4390.101460333333
2022,23 Ciudades y áreas metropolitanas,Población ocupada,Educación media*^,Oct - Dic,4367.666599666666
2022,23 Ciudades y áreas metropolitanas,Población ocupada,Educación media*^,Nov - Ene,4248.178709333333
2022,23 Ciudades y áreas metropolitanas,Población ocupada,Educación media*^,Dic - Feb,4264.417219
2023,23 Ciudades y áreas metropolitanas,Población ocupada,Educación media*^,Ene - Mar,4232.677030666666
2023,23 Ciudades y áreas metropolitanas,Población ocupada,Educación media*^,Feb - Abr,4345.146254
2023,23 Ciudades y áreas metropolitanas,Población ocupada,Educación media*^,Mar - May,4360.925805333333
2023,23 Ciudades y áreas metropolitanas,Población ocupada,Educación media*^,Abr - Jun,4394.743192666667
2023,23 Ciudades y áreas metropolitanas,Población ocupada,Educación media*^,May - Jul,4406.385912000001
2023,23 Ciudades y áreas metropolitanas,Población ocupada,Educación media*^,Jun - Ago,4391.145956
2023,23 Ciudades y áreas metropolitanas,Población ocupada,Educación media*^,Jul - Sep,4406.109974333333
2023,23 Ciudades y áreas metropolitanas,Población ocupada,Educación media*^,Ago - Oct,4425.885133
2023,23 Ciudades y áreas metropolitanas,Población ocupada,Educación media*^,Sep - Nov,4502.486878666667
2023,23 Ciudades y áreas metropolitanas,Población ocupada,Educación media*^,Oct - Dic,4516.826865999999
2023,23 Ciudades y áreas metropolitanas,Población ocupada,Educación media*^,Nov - Ene,4412.364372666666
2023,23 Ciudades y áreas metropolitanas,Población ocupada,Educación media*^,Dic - Feb,4350.201426333333
2024,23 Ciudades y áreas metropolitanas,Población ocupada,Educación media*^,Ene - Mar,4362.922357
2024,23 Ciudades y áreas metropolitanas,Población ocupada,Educación media*^,Feb - Abr,4465.802773
2024,23 Ciudades y áreas metropolitanas,Población ocupada,Educación media*^,Mar - May,4505.435668666666
2024,23 Ciudades y áreas metropolitanas,Población ocupada,Educación media*^,Abr - Jun,4563.886909
2024,23 Ciudades y áreas metropolitanas,Población ocupada,Educación media*^,May - Jul,4579.216053666667
2024,23 Ciudades y áreas metropolitanas,Población ocupada,Educación media*^,Jun - Ago,4620.295207666667
2024,23 Ciudades y áreas metropolitanas,Población ocupada,Educación media*^,Jul - Sep,4592.129782666667
2024,23 Ciudades y áreas metropolitanas,Población ocupada,Educación media*^,Ago - Oct,4624.730411333334
2024,23 Ciudades y áreas metropolitanas,Población ocupada,Educación media*^,Sep - Nov,4699.42586
2024,23 Ciudades y áreas metropolitanas,Población ocupada,Educación media*^,Oct - Dic,4777.702306
2024,23 Ciudades y áreas metropolitanas,Población ocupada,Educación media*^,Nov - Ene,4730.321118
2024,23 Ciudades y áreas metropolitanas,Población ocupada,Educación media*^,Dic - Feb,4772.165724
2025,23 Ciudades y áreas metropolitanas,Población ocupada,Educación media*^,Ene - Mar,4829.726068
2025,23 Ciudades y áreas metropolitanas,Población ocupada,Educación media*^,Feb - Abr,4860.306523
2025,23 Ciudades y áreas metropolitanas,Población ocupada,Educación media*^,Mar - May,4767.097116
2025,23 Ciudades y áreas metropolitanas,Población ocupada,Educación media*^,Abr - Jun,4677.192782
2025,23 Ciudades y áreas metropolitanas,Población ocupada,Educación media*^,May - Jul,4812.014608
2025,23 Ciudades y áreas metropolitanas,Población ocupada,Educación media*^,Jun - Ago,4819.689014
2025,23 Ciudades y áreas metropolitanas,Población ocupada,Educación media*^,Jul - Sep,4861.514196
2025,23 Ciudades y áreas metropolitanas,Población ocupada,Educación media*^,Ago - Oct,4820.375335
2025,23 Ciudades y áreas metropolitanas,Población ocupada,Educación media*^,Sep - Nov,4931.850523
2025,23 Ciudades y áreas metropolitanas,Población ocupada,Educación media*^,Oct - Dic,4958.49108
2025,23 Ciudades y áreas metropolitanas,Población ocupada,Educación media*^,Nov - Ene,4786.912576
2025,23 Ciudades y áreas metropolitanas,Población ocupada,Educación media*^,Dic - Feb,4650.102288
2026,23 Ciudades y áreas metropolitanas,Población ocupada,Educación media*^,Ene - Mar,4561.952721
2026,23 Ciudades y áreas metropolitanas,Población ocupada,Educación media*^,Feb - Abr,4692.234406
2021,23 Ciudades y áreas metropolitanas,Población ocupada,Técnica profesional y Tecnológica^^,Ene - Mar,1362.3425926666666
2021,23 Ciudades y áreas metropolitanas,Población ocupada,Técnica profesional y Tecnológica^^,Feb - Abr,1401.8653886666664
2021,23 Ciudades y áreas metropolitanas,Población ocupada,Técnica profesional y Tecnológica^^,Mar - May,1481.7756563333332
2021,23 Ciudades y áreas metropolitanas,Población ocupada,Técnica profesional y Tecnológica^^,Abr - Jun,1538.655959
2021,23 Ciudades y áreas metropolitanas,Población ocupada,Técnica profesional y Tecnológica^^,May - Jul,1565.7536086666667
2021,23 Ciudades y áreas metropolitanas,Población ocupada,Técnica profesional y Tecnológica^^,Jun - Ago,1589.2438533333334
2021,23 Ciudades y áreas metropolitanas,Población ocupada,Técnica profesional y Tecnológica^^,Jul - Sep,1627.4226443333334
2021,23 Ciudades y áreas metropolitanas,Población ocupada,Técnica profesional y Tecnológica^^,Ago - Oct,1579.648187
2021,23 Ciudades y áreas metropolitanas,Población ocupada,Técnica profesional y Tecnológica^^,Sep - Nov,1522.2123936666667
2021,23 Ciudades y áreas metropolitanas,Población ocupada,Técnica profesional y Tecnológica^^,Oct - Dic,1472.8289386666668
2021,23 Ciudades y áreas metropolitanas,Población ocupada,Técnica profesional y Tecnológica^^,Nov - Ene,1516.8663880000001
2021,23 Ciudades y áreas metropolitanas,Población ocupada,Técnica profesional y Tecnológica^^,Dic - Feb,1604.720052
2022,23 Ciudades y áreas metropolitanas,Población ocupada,Técnica profesional y Tecnológica^^,Ene - Mar,1670.014467
2022,23 Ciudades y áreas metropolitanas,Población ocupada,Técnica profesional y Tecnológica^^,Feb - Abr,1734.2224333333334
2022,23 Ciudades y áreas metropolitanas,Población ocupada,Técnica profesional y Tecnológica^^,Mar - May,1770.2996736666666
2022,23 Ciudades y áreas metropolitanas,Población ocupada,Técnica profesional y Tecnológica^^,Abr - Jun,1790.2789903333332
2022,23 Ciudades y áreas metropolitanas,Población ocupada,Técnica profesional y Tecnológica^^,May - Jul,1771.2832693333332
2022,23 Ciudades y áreas metropolitanas,Población ocupada,Técnica profesional y Tecnológica^^,Jun - Ago,1769.3489113333333
2022,23 Ciudades y áreas metropolitanas,Población ocupada,Técnica profesional y Tecnológica^^,Jul - Sep,1771.2831913333332
2022,23 Ciudades y áreas metropolitanas,Población ocupada,Técnica profesional y Tecnológica^^,Ago - Oct,1777.0905836666668
2022,23 Ciudades y áreas metropolitanas,Población ocupada,Técnica profesional y Tecnológica^^,Sep - Nov,1764.4266336666667
2022,23 Ciudades y áreas metropolitanas,Población ocupada,Técnica profesional y Tecnológica^^,Oct - Dic,1751.9823466666667
2022,23 Ciudades y áreas metropolitanas,Población ocupada,Técnica profesional y Tecnológica^^,Nov - Ene,1765.990144
2022,23 Ciudades y áreas metropolitanas,Población ocupada,Técnica profesional y Tecnológica^^,Dic - Feb,1728.173589
2023,23 Ciudades y áreas metropolitanas,Población ocupada,Técnica profesional y Tecnológica^^,Ene - Mar,1729.3546476666668
2023,23 Ciudades y áreas metropolitanas,Población ocupada,Técnica profesional y Tecnológica^^,Feb - Abr,1771.0733413333335
2023,23 Ciudades y áreas metropolitanas,Población ocupada,Técnica profesional y Tecnológica^^,Mar - May,1844.88795
2023,23 Ciudades y áreas metropolitanas,Población ocupada,Técnica profesional y Tecnológica^^,Abr - Jun,1906.7791096666667
2023,23 Ciudades y áreas metropolitanas,Población ocupada,Técnica profesional y Tecnológica^^,May - Jul,1919.3655533333333
2023,23 Ciudades y áreas metropolitanas,Población ocupada,Técnica profesional y Tecnológica^^,Jun - Ago,1937.18725
2023,23 Ciudades y áreas metropolitanas,Población ocupada,Técnica profesional y Tecnológica^^,Jul - Sep,1900.2668263333335
2023,23 Ciudades y áreas metropolitanas,Población ocupada,Técnica profesional y Tecnológica^^,Ago - Oct,1846.2867016666669
2023,23 Ciudades y áreas metropolitanas,Población ocupada,Técnica profesional y Tecnológica^^,Sep - Nov,1810.4035943333336
2023,23 Ciudades y áreas metropolitanas,Población ocupada,Técnica profesional y Tecnológica^^,Oct - Dic,1816.1850676666666
2023,23 Ciudades y áreas metropolitanas,Población ocupada,Técnica profesional y Tecnológica^^,Nov - Ene,1867.3656469999999
2023,23 Ciudades y áreas metropolitanas,Población ocupada,Técnica profesional y Tecnológica^^,Dic - Feb,1906.6666136666665
2024,23 Ciudades y áreas metropolitanas,Población ocupada,Técnica profesional y Tecnológica^^,Ene - Mar,1911.6576286666666
2024,23 Ciudades y áreas metropolitanas,Población ocupada,Técnica profesional y Tecnológica^^,Feb - Abr,1891.034609333333
2024,23 Ciudades y áreas metropolitanas,Población ocupada,Técnica profesional y Tecnológica^^,Mar - May,1889.3241656666667
2024,23 Ciudades y áreas metropolitanas,Población ocupada,Técnica profesional y Tecnológica^^,Abr - Jun,1878.677576
2024,23 Ciudades y áreas metropolitanas,Población ocupada,Técnica profesional y Tecnológica^^,May - Jul,1899.9613070000003
2024,23 Ciudades y áreas metropolitanas,Población ocupada,Técnica profesional y Tecnológica^^,Jun - Ago,1926.0810793333333
2024,23 Ciudades y áreas metropolitanas,Población ocupada,Técnica profesional y Tecnológica^^,Jul - Sep,1916.8277426666666
2024,23 Ciudades y áreas metropolitanas,Población ocupada,Técnica profesional y Tecnológica^^,Ago - Oct,1870.217832
2024,23 Ciudades y áreas metropolitanas,Población ocupada,Técnica profesional y Tecnológica^^,Sep - Nov,1816.1734726666666
2024,23 Ciudades y áreas metropolitanas,Población ocupada,Técnica profesional y Tecnológica^^,Oct - Dic,1814.5439079999999
2024,23 Ciudades y áreas metropolitanas,Población ocupada,Técnica profesional y Tecnológica^^,Nov - Ene,1858.300806
2024,23 Ciudades y áreas metropolitanas,Población ocupada,Técnica profesional y Tecnológica^^,Dic - Feb,1853.158487
2025,23 Ciudades y áreas metropolitanas,Población ocupada,Técnica profesional y Tecnológica^^,Ene - Mar,1867.914127
2025,23 Ciudades y áreas metropolitanas,Población ocupada,Técnica profesional y Tecnológica^^,Feb - Abr,1910.627511
2025,23 Ciudades y áreas metropolitanas,Población ocupada,Técnica profesional y Tecnológica^^,Mar - May,1993.201692
2025,23 Ciudades y áreas metropolitanas,Población ocupada,Técnica profesional y Tecnológica^^,Abr - Jun,2080.518385
2025,23 Ciudades y áreas metropolitanas,Población ocupada,Técnica profesional y Tecnológica^^,May - Jul,2050.095027
2025,23 Ciudades y áreas metropolitanas,Población ocupada,Técnica profesional y Tecnológica^^,Jun - Ago,2053.280432
2025,23 Ciudades y áreas metropolitanas,Población ocupada,Técnica profesional y Tecnológica^^,Jul - Sep,1990.285583
2025,23 Ciudades y áreas metropolitanas,Población ocupada,Técnica profesional y Tecnológica^^,Ago - Oct,2012.598392
2025,23 Ciudades y áreas metropolitanas,Población ocupada,Técnica profesional y Tecnológica^^,Sep - Nov,1975.765794
2025,23 Ciudades y áreas metropolitanas,Población ocupada,Técnica profesional y Tecnológica^^,Oct - Dic,1980.071453
2025,23 Ciudades y áreas metropolitanas,Población ocupada,Técnica profesional y Tecnológica^^,Nov - Ene,1973.239661
2025,23 Ciudades y áreas metropolitanas,Población ocupada,Técnica profesional y Tecnológica^^,Dic - Feb,1982.720121
2026,23 Ciudades y áreas metropolitanas,Población ocupada,Técnica profesional y Tecnológica^^,Ene - Mar,1975.449857
2026,23 Ciudades y áreas metropolitanas,Población ocupada,Técnica profesional y Tecnológica^^,Feb - Abr,1983.382229
2021,23 Ciudades y áreas metropolitanas,Población ocupada,Universitaria,Ene - Mar,1801.1851233333334
2021,23 Ciudades y áreas metropolitanas,Población ocupada,Universitaria,Feb - Abr,1834.9116323333335
2021,23 Ciudades y áreas metropolitanas,Población ocupada,Universitaria,Mar - May,1880.1156156666666
2021,23 Ciudades y áreas metropolitanas,Población ocupada,Universitaria,Abr - Jun,1903.4556566666668
2021,23 Ciudades y áreas metropolitanas,Población ocupada,Universitaria,May - Jul,1922.0565586666664
2021,23 Ciudades y áreas metropolitanas,Población ocupada,Universitaria,Jun - Ago,1892.137688
2021,23 Ciudades y áreas metropolitanas,Población ocupada,Universitaria,Jul - Sep,1881.4951783333336
2021,23 Ciudades y áreas metropolitanas,Población ocupada,Universitaria,Ago - Oct,1932.3517606666665
2021,23 Ciudades y áreas metropolitanas,Población ocupada,Universitaria,Sep - Nov,1992.122726333333
2021,23 Ciudades y áreas metropolitanas,Población ocupada,Universitaria,Oct - Dic,2087.7745373333332
2021,23 Ciudades y áreas metropolitanas,Población ocupada,Universitaria,Nov - Ene,2092.544476333333
2021,23 Ciudades y áreas metropolitanas,Población ocupada,Universitaria,Dic - Feb,2096.2739
2022,23 Ciudades y áreas metropolitanas,Población ocupada,Universitaria,Ene - Mar,2067.871618333333
2022,23 Ciudades y áreas metropolitanas,Población ocupada,Universitaria,Feb - Abr,2047.097053333333
2022,23 Ciudades y áreas metropolitanas,Población ocupada,Universitaria,Mar - May,2081.6305006666666
2022,23 Ciudades y áreas metropolitanas,Población ocupada,Universitaria,Abr - Jun,2030.3429289999997
2022,23 Ciudades y áreas metropolitanas,Población ocupada,Universitaria,May - Jul,2033.687627666667
2022,23 Ciudades y áreas metropolitanas,Población ocupada,Universitaria,Jun - Ago,2011.0709393333334
2022,23 Ciudades y áreas metropolitanas,Población ocupada,Universitaria,Jul - Sep,2021.2127826666667
2022,23 Ciudades y áreas metropolitanas,Población ocupada,Universitaria,Ago - Oct,1992.7316183333332
2022,23 Ciudades y áreas metropolitanas,Población ocupada,Universitaria,Sep - Nov,1970.9274090000001
2022,23 Ciudades y áreas metropolitanas,Población ocupada,Universitaria,Oct - Dic,2008.3630466666666
2022,23 Ciudades y áreas metropolitanas,Población ocupada,Universitaria,Nov - Ene,2022.0437986666666
2022,23 Ciudades y áreas metropolitanas,Población ocupada,Universitaria,Dic - Feb,2005.8666190000001
2023,23 Ciudades y áreas metropolitanas,Población ocupada,Universitaria,Ene - Mar,2032.4540676666666
2023,23 Ciudades y áreas metropolitanas,Población ocupada,Universitaria,Feb - Abr,2017.9341843333332
2023,23 Ciudades y áreas metropolitanas,Población ocupada,Universitaria,Mar - May,2003.813896333333
2023,23 Ciudades y áreas metropolitanas,Población ocupada,Universitaria,Abr - Jun,1986.338383666667
2023,23 Ciudades y áreas metropolitanas,Población ocupada,Universitaria,May - Jul,1994.9315416666668
2023,23 Ciudades y áreas metropolitanas,Población ocupada,Universitaria,Jun - Ago,2057.0005026666663
2023,23 Ciudades y áreas metropolitanas,Población ocupada,Universitaria,Jul - Sep,2077.1784753333336
2023,23 Ciudades y áreas metropolitanas,Población ocupada,Universitaria,Ago - Oct,2124.0279866666665
2023,23 Ciudades y áreas metropolitanas,Población ocupada,Universitaria,Sep - Nov,2130.94112
2023,23 Ciudades y áreas metropolitanas,Población ocupada,Universitaria,Oct - Dic,2082.3696806666667
2023,23 Ciudades y áreas metropolitanas,Población ocupada,Universitaria,Nov - Ene,2049.561807
2023,23 Ciudades y áreas metropolitanas,Población ocupada,Universitaria,Dic - Feb,1988.913859666667
2024,23 Ciudades y áreas metropolitanas,Población ocupada,Universitaria,Ene - Mar,2008.0449323333335
2024,23 Ciudades y áreas metropolitanas,Población ocupada,Universitaria,Feb - Abr,2045.079825
2024,23 Ciudades y áreas metropolitanas,Población ocupada,Universitaria,Mar - May,2111.47948
2024,23 Ciudades y áreas metropolitanas,Población ocupada,Universitaria,Abr - Jun,2088.987017666667
2024,23 Ciudades y áreas metropolitanas,Población ocupada,Universitaria,May - Jul,2051.6700693333332
2024,23 Ciudades y áreas metropolitanas,Población ocupada,Universitaria,Jun - Ago,2029.9675556666668
2024,23 Ciudades y áreas metropolitanas,Población ocupada,Universitaria,Jul - Sep,2072.923798
2024,23 Ciudades y áreas metropolitanas,Población ocupada,Universitaria,Ago - Oct,2105.3678706666665
2024,23 Ciudades y áreas metropolitanas,Población ocupada,Universitaria,Sep - Nov,2113.5845483333337
2024,23 Ciudades y áreas metropolitanas,Población ocupada,Universitaria,Oct - Dic,2117.341538
2024,23 Ciudades y áreas metropolitanas,Población ocupada,Universitaria,Nov - Ene,2063.930648
2024,23 Ciudades y áreas metropolitanas,Población ocupada,Universitaria,Dic - Feb,2023.5067
2025,23 Ciudades y áreas metropolitanas,Población ocupada,Universitaria,Ene - Mar,1970.934794
2025,23 Ciudades y áreas metropolitanas,Población ocupada,Universitaria,Feb - Abr,2022.786476
2025,23 Ciudades y áreas metropolitanas,Población ocupada,Universitaria,Mar - May,2004.911851
2025,23 Ciudades y áreas metropolitanas,Población ocupada,Universitaria,Abr - Jun,2061.944244
2025,23 Ciudades y áreas metropolitanas,Población ocupada,Universitaria,May - Jul,2036.724986
2025,23 Ciudades y áreas metropolitanas,Población ocupada,Universitaria,Jun - Ago,2132.699821
2025,23 Ciudades y áreas metropolitanas,Población ocupada,Universitaria,Jul - Sep,2136.160661
2025,23 Ciudades y áreas metropolitanas,Población ocupada,Universitaria,Ago - Oct,2159.119363
2025,23 Ciudades y áreas metropolitanas,Población ocupada,Universitaria,Sep - Nov,2113.412798
2025,23 Ciudades y áreas metropolitanas,Población ocupada,Universitaria,Oct - Dic,2091.072933
2025,23 Ciudades y áreas metropolitanas,Población ocupada,Universitaria,Nov - Ene,2102.002174
2025,23 Ciudades y áreas metropolitanas,Población ocupada,Universitaria,Dic - Feb,2181.290159
2026,23 Ciudades y áreas metropolitanas,Población ocupada,Universitaria,Ene - Mar,2234.127973
2026,23 Ciudades y áreas metropolitanas,Población ocupada,Universitaria,Feb - Abr,2256.870253
2021,23 Ciudades y áreas metropolitanas,Población ocupada,Posgrado,Ene - Mar,676.7338733333332
2021,23 Ciudades y áreas metropolitanas,Población ocupada,Posgrado,Feb - Abr,697.6967619999999
2021,23 Ciudades y áreas metropolitanas,Población ocupada,Posgrado,Mar - May,718.7864783333333
2021,23 Ciudades y áreas metropolitanas,Población ocupada,Posgrado,Abr - Jun,708.1545666666667
2021,23 Ciudades y áreas metropolitanas,Población ocupada,Posgrado,May - Jul,727.0190896666667
2021,23 Ciudades y áreas metropolitanas,Población ocupada,Posgrado,Jun - Ago,736.8989029999999
2021,23 Ciudades y áreas metropolitanas,Población ocupada,Posgrado,Jul - Sep,764.1732299999999
2021,23 Ciudades y áreas metropolitanas,Población ocupada,Posgrado,Ago - Oct,742.126042
2021,23 Ciudades y áreas metropolitanas,Población ocupada,Posgrado,Sep - Nov,742.691006
2021,23 Ciudades y áreas metropolitanas,Población ocupada,Posgrado,Oct - Dic,758.7257943333334
2021,23 Ciudades y áreas metropolitanas,Población ocupada,Posgrado,Nov - Ene,778.4849443333333
2021,23 Ciudades y áreas metropolitanas,Población ocupada,Posgrado,Dic - Feb,773.4554263333333
2022,23 Ciudades y áreas metropolitanas,Población ocupada,Posgrado,Ene - Mar,822.7505156666666
2022,23 Ciudades y áreas metropolitanas,Población ocupada,Posgrado,Feb - Abr,847.2902723333333
2022,23 Ciudades y áreas metropolitanas,Población ocupada,Posgrado,Mar - May,877.83322
2022,23 Ciudades y áreas metropolitanas,Población ocupada,Posgrado,Abr - Jun,860.1997833333334
2022,23 Ciudades y áreas metropolitanas,Población ocupada,Posgrado,May - Jul,864.2831943333332
2022,23 Ciudades y áreas metropolitanas,Población ocupada,Posgrado,Jun - Ago,854.222083
2022,23 Ciudades y áreas metropolitanas,Población ocupada,Posgrado,Jul - Sep,858.034902
2022,23 Ciudades y áreas metropolitanas,Población ocupada,Posgrado,Ago - Oct,883.7750773333333
2022,23 Ciudades y áreas metropolitanas,Población ocupada,Posgrado,Sep - Nov,957.644257
2022,23 Ciudades y áreas metropolitanas,Población ocupada,Posgrado,Oct - Dic,992.2105336666667
2022,23 Ciudades y áreas metropolitanas,Población ocupada,Posgrado,Nov - Ene,944.5685096666666
2022,23 Ciudades y áreas metropolitanas,Población ocupada,Posgrado,Dic - Feb,871.311454
2023,23 Ciudades y áreas metropolitanas,Población ocupada,Posgrado,Ene - Mar,857.6517593333333
2023,23 Ciudades y áreas metropolitanas,Población ocupada,Posgrado,Feb - Abr,901.8447510000001
2023,23 Ciudades y áreas metropolitanas,Población ocupada,Posgrado,Mar - May,953.0433603333335
2023,23 Ciudades y áreas metropolitanas,Población ocupada,Posgrado,Abr - Jun,991.1528109999999
2023,23 Ciudades y áreas metropolitanas,Población ocupada,Posgrado,May - Jul,1013.8535236666665
2023,23 Ciudades y áreas metropolitanas,Población ocupada,Posgrado,Jun - Ago,1008.5861076666666
2023,23 Ciudades y áreas metropolitanas,Población ocupada,Posgrado,Jul - Sep,984.7185380000001
2023,23 Ciudades y áreas metropolitanas,Población ocupada,Posgrado,Ago - Oct,1006.2605893333333
2023,23 Ciudades y áreas metropolitanas,Población ocupada,Posgrado,Sep - Nov,1023.9679423333333
2023,23 Ciudades y áreas metropolitanas,Población ocupada,Posgrado,Oct - Dic,1053.8356016666667
2023,23 Ciudades y áreas metropolitanas,Población ocupada,Posgrado,Nov - Ene,992.7255953333333
2023,23 Ciudades y áreas metropolitanas,Población ocupada,Posgrado,Dic - Feb,975.8606206666667
2024,23 Ciudades y áreas metropolitanas,Población ocupada,Posgrado,Ene - Mar,956.6886356666668
2024,23 Ciudades y áreas metropolitanas,Población ocupada,Posgrado,Feb - Abr,1004.9254523333333
2024,23 Ciudades y áreas metropolitanas,Población ocupada,Posgrado,Mar - May,1007.2698113333335
2024,23 Ciudades y áreas metropolitanas,Población ocupada,Posgrado,Abr - Jun,1011.2781226666666
2024,23 Ciudades y áreas metropolitanas,Población ocupada,Posgrado,May - Jul,1020.617851
2024,23 Ciudades y áreas metropolitanas,Población ocupada,Posgrado,Jun - Ago,1026.4227166666667
2024,23 Ciudades y áreas metropolitanas,Población ocupada,Posgrado,Jul - Sep,1018.9359966666667
2024,23 Ciudades y áreas metropolitanas,Población ocupada,Posgrado,Ago - Oct,982.7393310000001
2024,23 Ciudades y áreas metropolitanas,Población ocupada,Posgrado,Sep - Nov,990.1423996666667
2024,23 Ciudades y áreas metropolitanas,Población ocupada,Posgrado,Oct - Dic,969.593565
2024,23 Ciudades y áreas metropolitanas,Población ocupada,Posgrado,Nov - Ene,972.33099
2024,23 Ciudades y áreas metropolitanas,Población ocupada,Posgrado,Dic - Feb,936.084668
2025,23 Ciudades y áreas metropolitanas,Población ocupada,Posgrado,Ene - Mar,926.185085
2025,23 Ciudades y áreas metropolitanas,Población ocupada,Posgrado,Feb - Abr,969.944218
2025,23 Ciudades y áreas metropolitanas,Población ocupada,Posgrado,Mar - May,985.873066
2025,23 Ciudades y áreas metropolitanas,Población ocupada,Posgrado,Abr - Jun,992.769498
2025,23 Ciudades y áreas metropolitanas,Población ocupada,Posgrado,May - Jul,968.816798
2025,23 Ciudades y áreas metropolitanas,Población ocupada,Posgrado,Jun - Ago,961.441664
2025,23 Ciudades y áreas metropolitanas,Población ocupada,Posgrado,Jul - Sep,983.101787
2025,23 Ciudades y áreas metropolitanas,Población ocupada,Posgrado,Ago - Oct,997.282638
2025,23 Ciudades y áreas metropolitanas,Población ocupada,Posgrado,Sep - Nov,1027.833566
2025,23 Ciudades y áreas metropolitanas,Población ocupada,Posgrado,Oct - Dic,1032.48591
2025,23 Ciudades y áreas metropolitanas,Población ocupada,Posgrado,Nov - Ene,1057.341798
2025,23 Ciudades y áreas metropolitanas,Población ocupada,Posgrado,Dic - Feb,1123.792462
2026,23 Ciudades y áreas metropolitanas,Población ocupada,Posgrado,Ene - Mar,1216.375431
2026,23 Ciudades y áreas metropolitanas,Población ocupada,Posgrado,Feb - Abr,1210.929992
2021,23 Ciudades y áreas metropolitanas,Formal,Formal,Ene - Mar,5381.842067
2021,23 Ciudades y áreas metropolitanas,Formal,Formal,Feb - Abr,5397.806292666667
2021,23 Ciudades y áreas metropolitanas,Formal,Formal,Mar - May,5488.904758333333
2021,23 Ciudades y áreas metropolitanas,Formal,Formal,Abr - Jun,5525.086748000001
2021,23 Ciudades y áreas metropolitanas,Formal,Formal,May - Jul,5647.482366333334
2021,23 Ciudades y áreas metropolitanas,Formal,Formal,Jun - Ago,5673.077457666666
2021,23 Ciudades y áreas metropolitanas,Formal,Formal,Jul - Sep,5757.383131
2021,23 Ciudades y áreas metropolitanas,Formal,Formal,Ago - Oct,5739.822267333333
2021,23 Ciudades y áreas metropolitanas,Formal,Formal,Sep - Nov,5840.074320333333
2021,23 Ciudades y áreas metropolitanas,Formal,Formal,Oct - Dic,5889.934976666666
2021,23 Ciudades y áreas metropolitanas,Formal,Formal,Nov - Ene,6019.177407333333
2021,23 Ciudades y áreas metropolitanas,Formal,Formal,Dic - Feb,6091.372219
2022,23 Ciudades y áreas metropolitanas,Formal,Formal,Ene - Mar,6142.380686333333
2022,23 Ciudades y áreas metropolitanas,Formal,Formal,Feb - Abr,6186.512223666666
2022,23 Ciudades y áreas metropolitanas,Formal,Formal,Mar - May,6241.278732666666
2022,23 Ciudades y áreas metropolitanas,Formal,Formal,Abr - Jun,6272.280518333333
2022,23 Ciudades y áreas metropolitanas,Formal,Formal,May - Jul,6277.61818
2022,23 Ciudades y áreas metropolitanas,Formal,Formal,Jun - Ago,6320.630707333334
2022,23 Ciudades y áreas metropolitanas,Formal,Formal,Jul - Sep,6366.998894333333
2022,23 Ciudades y áreas metropolitanas,Formal,Formal,Ago - Oct,6414.210800666668
2022,23 Ciudades y áreas metropolitanas,Formal,Formal,Sep - Nov,6489.606156000001
2022,23 Ciudades y áreas metropolitanas,Formal,Formal,Oct - Dic,6552.917967
2022,23 Ciudades y áreas metropolitanas,Formal,Formal,Nov - Ene,6518.487813333333
2022,23 Ciudades y áreas metropolitanas,Formal,Formal,Dic - Feb,6412.625776666667
2023,23 Ciudades y áreas metropolitanas,Formal,Formal,Ene - Mar,6431.405578666666
2023,23 Ciudades y áreas metropolitanas,Formal,Formal,Feb - Abr,6581.565871333333
2023,23 Ciudades y áreas metropolitanas,Formal,Formal,Mar - May,6677.028717
2023,23 Ciudades y áreas metropolitanas,Formal,Formal,Abr - Jun,6785.721683333333
2023,23 Ciudades y áreas metropolitanas,Formal,Formal,May - Jul,6831.672345999999
2023,23 Ciudades y áreas metropolitanas,Formal,Formal,Jun - Ago,6919.259290999999
2023,23 Ciudades y áreas metropolitanas,Formal,Formal,Jul - Sep,6911.216587999999
2023,23 Ciudades y áreas metropolitanas,Formal,Formal,Ago - Oct,6934.888448000001
2023,23 Ciudades y áreas metropolitanas,Formal,Formal,Sep - Nov,6980.187016333333
2023,23 Ciudades y áreas metropolitanas,Formal,Formal,Oct - Dic,6952.655476666667
2023,23 Ciudades y áreas metropolitanas,Formal,Formal,Nov - Ene,6878.546371666666
2023,23 Ciudades y áreas metropolitanas,Formal,Formal,Dic - Feb,6751.289523333333
2024,23 Ciudades y áreas metropolitanas,Formal,Formal,Ene - Mar,6790.576181666666
2024,23 Ciudades y áreas metropolitanas,Formal,Formal,Feb - Abr,6859.772261000001
2024,23 Ciudades y áreas metropolitanas,Formal,Formal,Mar - May,6945.484131666667
2024,23 Ciudades y áreas metropolitanas,Formal,Formal,Abr - Jun,6952.023238999999
2024,23 Ciudades y áreas metropolitanas,Formal,Formal,May - Jul,6941.499154666667
2024,23 Ciudades y áreas metropolitanas,Formal,Formal,Jun - Ago,6964.840242000001
2024,23 Ciudades y áreas metropolitanas,Formal,Formal,Jul - Sep,6951.755647999999
2024,23 Ciudades y áreas metropolitanas,Formal,Formal,Ago - Oct,6920.862439666666
2024,23 Ciudades y áreas metropolitanas,Formal,Formal,Sep - Nov,6954.439939666667
2024,23 Ciudades y áreas metropolitanas,Formal,Formal,Oct - Dic,6949.730429
2024,23 Ciudades y áreas metropolitanas,Formal,Formal,Nov - Ene,6910.0214
2024,23 Ciudades y áreas metropolitanas,Formal,Formal,Dic - Feb,6815.567372
2025,23 Ciudades y áreas metropolitanas,Formal,Formal,Ene - Mar,6792.71636
2025,23 Ciudades y áreas metropolitanas,Formal,Formal,Feb - Abr,6939.029225
2025,23 Ciudades y áreas metropolitanas,Formal,Formal,Mar - May,6994.065289
2025,23 Ciudades y áreas metropolitanas,Formal,Formal,Abr - Jun,7075.065806
2025,23 Ciudades y áreas metropolitanas,Formal,Formal,May - Jul,7095.739795
2025,23 Ciudades y áreas metropolitanas,Formal,Formal,Jun - Ago,7152.342737
2025,23 Ciudades y áreas metropolitanas,Formal,Formal,Jul - Sep,7198.619652
2025,23 Ciudades y áreas metropolitanas,Formal,Formal,Ago - Oct,7144.69372
2025,23 Ciudades y áreas metropolitanas,Formal,Formal,Sep - Nov,7207.580947
2025,23 Ciudades y áreas metropolitanas,Formal,Formal,Oct - Dic,7225.806379
2025,23 Ciudades y áreas metropolitanas,Formal,Formal,Nov - Ene,7233.551609
2025,23 Ciudades y áreas metropolitanas,Formal,Formal,Dic - Feb,7158.345735
2026,23 Ciudades y áreas metropolitanas,Formal,Formal,Ene - Mar,7162.025443
2026,23 Ciudades y áreas metropolitanas,Formal,Formal,Feb - Abr,7252.805243
2021,23 Ciudades y áreas metropolitanas,Formal,Ninguno,Ene - Mar,76.19468166666667
2021,23 Ciudades y áreas metropolitanas,Formal,Ninguno,Feb - Abr,72.95008333333334
2021,23 Ciudades y áreas metropolitanas,Formal,Ninguno,Mar - May,89.534248
2021,23 Ciudades y áreas metropolitanas,Formal,Ninguno,Abr - Jun,88.09425266666666
2021,23 Ciudades y áreas metropolitanas,Formal,Ninguno,May - Jul,95.86758166666665
2021,23 Ciudades y áreas metropolitanas,Formal,Ninguno,Jun - Ago,89.95909766666666
2021,23 Ciudades y áreas metropolitanas,Formal,Ninguno,Jul - Sep,98.65911066666666
2021,23 Ciudades y áreas metropolitanas,Formal,Ninguno,Ago - Oct,90.627673
2021,23 Ciudades y áreas metropolitanas,Formal,Ninguno,Sep - Nov,94.195307
2021,23 Ciudades y áreas metropolitanas,Formal,Ninguno,Oct - Dic,82.09076066666667
2021,23 Ciudades y áreas metropolitanas,Formal,Ninguno,Nov - Ene,86.729717
2021,23 Ciudades y áreas metropolitanas,Formal,Ninguno,Dic - Feb,90.982374
2022,23 Ciudades y áreas metropolitanas,Formal,Ninguno,Ene - Mar,99.07147666666667
2022,23 Ciudades y áreas metropolitanas,Formal,Ninguno,Feb - Abr,101.287421
2022,23 Ciudades y áreas metropolitanas,Formal,Ninguno,Mar - May,100.29430333333333
2022,23 Ciudades y áreas metropolitanas,Formal,Ninguno,Abr - Jun,104.715751
2022,23 Ciudades y áreas metropolitanas,Formal,Ninguno,May - Jul,99.45147833333334
2022,23 Ciudades y áreas metropolitanas,Formal,Ninguno,Jun - Ago,97.68185900000002
2022,23 Ciudades y áreas metropolitanas,Formal,Ninguno,Jul - Sep,100.35425433333334
2022,23 Ciudades y áreas metropolitanas,Formal,Ninguno,Ago - Oct,106.63723699999998
2022,23 Ciudades y áreas metropolitanas,Formal,Ninguno,Sep - Nov,107.32741433333335
2022,23 Ciudades y áreas metropolitanas,Formal,Ninguno,Oct - Dic,107.00945466666667
2022,23 Ciudades y áreas metropolitanas,Formal,Ninguno,Nov - Ene,105.23829266666667
2022,23 Ciudades y áreas metropolitanas,Formal,Ninguno,Dic - Feb,104.90452366666666
2023,23 Ciudades y áreas metropolitanas,Formal,Ninguno,Ene - Mar,107.841095
2023,23 Ciudades y áreas metropolitanas,Formal,Ninguno,Feb - Abr,117.17456166666666
2023,23 Ciudades y áreas metropolitanas,Formal,Ninguno,Mar - May,108.99136
2023,23 Ciudades y áreas metropolitanas,Formal,Ninguno,Abr - Jun,101.64448733333332
2023,23 Ciudades y áreas metropolitanas,Formal,Ninguno,May - Jul,95.55632700000001
2023,23 Ciudades y áreas metropolitanas,Formal,Ninguno,Jun - Ago,113.88158066666665
2023,23 Ciudades y áreas metropolitanas,Formal,Ninguno,Jul - Sep,114.87524166666667
2023,23 Ciudades y áreas metropolitanas,Formal,Ninguno,Ago - Oct,123.73334366666666
2023,23 Ciudades y áreas metropolitanas,Formal,Ninguno,Sep - Nov,111.76213866666667
2023,23 Ciudades y áreas metropolitanas,Formal,Ninguno,Oct - Dic,117.17426133333333
2023,23 Ciudades y áreas metropolitanas,Formal,Ninguno,Nov - Ene,106.093442
2023,23 Ciudades y áreas metropolitanas,Formal,Ninguno,Dic - Feb,104.80609700000001
2024,23 Ciudades y áreas metropolitanas,Formal,Ninguno,Ene - Mar,101.275292
2024,23 Ciudades y áreas metropolitanas,Formal,Ninguno,Feb - Abr,107.36040566666668
2024,23 Ciudades y áreas metropolitanas,Formal,Ninguno,Mar - May,107.00641033333333
2024,23 Ciudades y áreas metropolitanas,Formal,Ninguno,Abr - Jun,103.72512300000001
2024,23 Ciudades y áreas metropolitanas,Formal,Ninguno,May - Jul,104.98040766666668
2024,23 Ciudades y áreas metropolitanas,Formal,Ninguno,Jun - Ago,112.06131966666665
2024,23 Ciudades y áreas metropolitanas,Formal,Ninguno,Jul - Sep,116.40069733333333
2024,23 Ciudades y áreas metropolitanas,Formal,Ninguno,Ago - Oct,110.74218733333333
2024,23 Ciudades y áreas metropolitanas,Formal,Ninguno,Sep - Nov,105.21064633333333
2024,23 Ciudades y áreas metropolitanas,Formal,Ninguno,Oct - Dic,96.25714933333332
2024,23 Ciudades y áreas metropolitanas,Formal,Ninguno,Nov - Ene,93.594765
2024,23 Ciudades y áreas metropolitanas,Formal,Ninguno,Dic - Feb,88.605628
2025,23 Ciudades y áreas metropolitanas,Formal,Ninguno,Ene - Mar,98.007745
2025,23 Ciudades y áreas metropolitanas,Formal,Ninguno,Feb - Abr,95.692577
2025,23 Ciudades y áreas metropolitanas,Formal,Ninguno,Mar - May,108.004246
2025,23 Ciudades y áreas metropolitanas,Formal,Ninguno,Abr - Jun,106.066889
2025,23 Ciudades y áreas metropolitanas,Formal,Ninguno,May - Jul,111.920542
2025,23 Ciudades y áreas metropolitanas,Formal,Ninguno,Jun - Ago,104.942996
2025,23 Ciudades y áreas metropolitanas,Formal,Ninguno,Jul - Sep,104.029182
2025,23 Ciudades y áreas metropolitanas,Formal,Ninguno,Ago - Oct,105.379064
2025,23 Ciudades y áreas metropolitanas,Formal,Ninguno,Sep - Nov,103.007694
2025,23 Ciudades y áreas metropolitanas,Formal,Ninguno,Oct - Dic,101.235128
2025,23 Ciudades y áreas metropolitanas,Formal,Ninguno,Nov - Ene,90.054329
2025,23 Ciudades y áreas metropolitanas,Formal,Ninguno,Dic - Feb,82.310254
2026,23 Ciudades y áreas metropolitanas,Formal,Ninguno,Ene - Mar,78.85621
2026,23 Ciudades y áreas metropolitanas,Formal,Ninguno,Feb - Abr,84.811991
2021,23 Ciudades y áreas metropolitanas,Formal,Básica primaria,Ene - Mar,354.47184666666664
2021,23 Ciudades y áreas metropolitanas,Formal,Básica primaria,Feb - Abr,355.8625796666667
2021,23 Ciudades y áreas metropolitanas,Formal,Básica primaria,Mar - May,359.4388436666666
2021,23 Ciudades y áreas metropolitanas,Formal,Básica primaria,Abr - Jun,340.2016383333334
2021,23 Ciudades y áreas metropolitanas,Formal,Básica primaria,May - Jul,340.86470166666663
2021,23 Ciudades y áreas metropolitanas,Formal,Básica primaria,Jun - Ago,357.90847733333334
2021,23 Ciudades y áreas metropolitanas,Formal,Básica primaria,Jul - Sep,369.5875286666667
2021,23 Ciudades y áreas metropolitanas,Formal,Básica primaria,Ago - Oct,379.0159883333333
2021,23 Ciudades y áreas metropolitanas,Formal,Básica primaria,Sep - Nov,378.0526843333334
2021,23 Ciudades y áreas metropolitanas,Formal,Básica primaria,Oct - Dic,370.3153406666667
2021,23 Ciudades y áreas metropolitanas,Formal,Básica primaria,Nov - Ene,384.12555100000003
2021,23 Ciudades y áreas metropolitanas,Formal,Básica primaria,Dic - Feb,394.12340166666667
2022,23 Ciudades y áreas metropolitanas,Formal,Básica primaria,Ene - Mar,397.7204246666667
2022,23 Ciudades y áreas metropolitanas,Formal,Básica primaria,Feb - Abr,398.235124
2022,23 Ciudades y áreas metropolitanas,Formal,Básica primaria,Mar - May,396.3144446666667
2022,23 Ciudades y áreas metropolitanas,Formal,Básica primaria,Abr - Jun,409.06020400000006
2022,23 Ciudades y áreas metropolitanas,Formal,Básica primaria,May - Jul,401.577977
2022,23 Ciudades y áreas metropolitanas,Formal,Básica primaria,Jun - Ago,401.6056546666667
2022,23 Ciudades y áreas metropolitanas,Formal,Básica primaria,Jul - Sep,413.129792
2022,23 Ciudades y áreas metropolitanas,Formal,Básica primaria,Ago - Oct,421.3040356666667
2022,23 Ciudades y áreas metropolitanas,Formal,Básica primaria,Sep - Nov,423.85146000000003
2022,23 Ciudades y áreas metropolitanas,Formal,Básica primaria,Oct - Dic,386.389451
2022,23 Ciudades y áreas metropolitanas,Formal,Básica primaria,Nov - Ene,389.86335933333334
2022,23 Ciudades y áreas metropolitanas,Formal,Básica primaria,Dic - Feb,398.2760513333333
2023,23 Ciudades y áreas metropolitanas,Formal,Básica primaria,Ene - Mar,423.6237496666667
2023,23 Ciudades y áreas metropolitanas,Formal,Básica primaria,Feb - Abr,408.30385133333334
2023,23 Ciudades y áreas metropolitanas,Formal,Básica primaria,Mar - May,387.4449646666667
2023,23 Ciudades y áreas metropolitanas,Formal,Básica primaria,Abr - Jun,391.31363000000005
2023,23 Ciudades y áreas metropolitanas,Formal,Básica primaria,May - Jul,418.40133266666663
2023,23 Ciudades y áreas metropolitanas,Formal,Básica primaria,Jun - Ago,433.1939423333333
2023,23 Ciudades y áreas metropolitanas,Formal,Básica primaria,Jul - Sep,456.6130906666667
2023,23 Ciudades y áreas metropolitanas,Formal,Básica primaria,Ago - Oct,450.5085563333334
2023,23 Ciudades y áreas metropolitanas,Formal,Básica primaria,Sep - Nov,445.8270936666666
2023,23 Ciudades y áreas metropolitanas,Formal,Básica primaria,Oct - Dic,397.1590866666667
2023,23 Ciudades y áreas metropolitanas,Formal,Básica primaria,Nov - Ene,394.0336786666667
2023,23 Ciudades y áreas metropolitanas,Formal,Básica primaria,Dic - Feb,392.61483033333326
2024,23 Ciudades y áreas metropolitanas,Formal,Básica primaria,Ene - Mar,437.6324193333333
2024,23 Ciudades y áreas metropolitanas,Formal,Básica primaria,Feb - Abr,425.18300266666665
2024,23 Ciudades y áreas metropolitanas,Formal,Básica primaria,Mar - May,436.50285233333335
2024,23 Ciudades y áreas metropolitanas,Formal,Básica primaria,Abr - Jun,423.5864393333333
2024,23 Ciudades y áreas metropolitanas,Formal,Básica primaria,May - Jul,435.20118
2024,23 Ciudades y áreas metropolitanas,Formal,Básica primaria,Jun - Ago,418.82830366666667
2024,23 Ciudades y áreas metropolitanas,Formal,Básica primaria,Jul - Sep,438.43554466666666
2024,23 Ciudades y áreas metropolitanas,Formal,Básica primaria,Ago - Oct,448.1825476666666
2024,23 Ciudades y áreas metropolitanas,Formal,Básica primaria,Sep - Nov,442.6854826666667
2024,23 Ciudades y áreas metropolitanas,Formal,Básica primaria,Oct - Dic,419.7073476666667
2024,23 Ciudades y áreas metropolitanas,Formal,Básica primaria,Nov - Ene,411.176014
2024,23 Ciudades y áreas metropolitanas,Formal,Básica primaria,Dic - Feb,423.263059
2025,23 Ciudades y áreas metropolitanas,Formal,Básica primaria,Ene - Mar,433.945954
2025,23 Ciudades y áreas metropolitanas,Formal,Básica primaria,Feb - Abr,445.741983
2025,23 Ciudades y áreas metropolitanas,Formal,Básica primaria,Mar - May,428.762402
2025,23 Ciudades y áreas metropolitanas,Formal,Básica primaria,Abr - Jun,405.136337
2025,23 Ciudades y áreas metropolitanas,Formal,Básica primaria,May - Jul,392.660165
2025,23 Ciudades y áreas metropolitanas,Formal,Básica primaria,Jun - Ago,421.040418
2025,23 Ciudades y áreas metropolitanas,Formal,Básica primaria,Jul - Sep,421.62866
2025,23 Ciudades y áreas metropolitanas,Formal,Básica primaria,Ago - Oct,417.37357
2025,23 Ciudades y áreas metropolitanas,Formal,Básica primaria,Sep - Nov,419.019568
2025,23 Ciudades y áreas metropolitanas,Formal,Básica primaria,Oct - Dic,434.92164
2025,23 Ciudades y áreas metropolitanas,Formal,Básica primaria,Nov - Ene,433.974383
2025,23 Ciudades y áreas metropolitanas,Formal,Básica primaria,Dic - Feb,385.082655
2026,23 Ciudades y áreas metropolitanas,Formal,Básica primaria,Ene - Mar,386.347692
2026,23 Ciudades y áreas metropolitanas,Formal,Básica primaria,Feb - Abr,384.913826
2021,23 Ciudades y áreas metropolitanas,Formal,Básica secundaria^,Ene - Mar,119.61876933333333
2021,23 Ciudades y áreas metropolitanas,Formal,Básica secundaria^,Feb - Abr,116.43504266666666
2021,23 Ciudades y áreas metropolitanas,Formal,Básica secundaria^,Mar - May,123.96916633333335
2021,23 Ciudades y áreas metropolitanas,Formal,Básica secundaria^,Abr - Jun,110.90112166666667
2021,23 Ciudades y áreas metropolitanas,Formal,Básica secundaria^,May - Jul,115.39889366666667
2021,23 Ciudades y áreas metropolitanas,Formal,Básica secundaria^,Jun - Ago,107.87112166666667
2021,23 Ciudades y áreas metropolitanas,Formal,Básica secundaria^,Jul - Sep,118.79426133333334
2021,23 Ciudades y áreas metropolitanas,Formal,Básica secundaria^,Ago - Oct,125.32857666666666
2021,23 Ciudades y áreas metropolitanas,Formal,Básica secundaria^,Sep - Nov,129.24608366666666
2021,23 Ciudades y áreas metropolitanas,Formal,Básica secundaria^,Oct - Dic,126.91470833333334
2021,23 Ciudades y áreas metropolitanas,Formal,Básica secundaria^,Nov - Ene,124.63253900000001
2021,23 Ciudades y áreas metropolitanas,Formal,Básica secundaria^,Dic - Feb,135.49000366666667
2022,23 Ciudades y áreas metropolitanas,Formal,Básica secundaria^,Ene - Mar,129.806059
2022,23 Ciudades y áreas metropolitanas,Formal,Básica secundaria^,Feb - Abr,123.32603166666667
2022,23 Ciudades y áreas metropolitanas,Formal,Básica secundaria^,Mar - May,110.23869966666666
2022,23 Ciudades y áreas metropolitanas,Formal,Básica secundaria^,Abr - Jun,116.50801000000001
2022,23 Ciudades y áreas metropolitanas,Formal,Básica secundaria^,May - Jul,130.97258200000002
2022,23 Ciudades y áreas metropolitanas,Formal,Básica secundaria^,Jun - Ago,146.01923000000002
2022,23 Ciudades y áreas metropolitanas,Formal,Básica secundaria^,Jul - Sep,143.24753233333334
2022,23 Ciudades y áreas metropolitanas,Formal,Básica secundaria^,Ago - Oct,127.46650066666665
2022,23 Ciudades y áreas metropolitanas,Formal,Básica secundaria^,Sep - Nov,127.367907
2022,23 Ciudades y áreas metropolitanas,Formal,Básica secundaria^,Oct - Dic,130.61597566666669
2022,23 Ciudades y áreas metropolitanas,Formal,Básica secundaria^,Nov - Ene,136.47203733333333
2022,23 Ciudades y áreas metropolitanas,Formal,Básica secundaria^,Dic - Feb,122.70762633333334
2023,23 Ciudades y áreas metropolitanas,Formal,Básica secundaria^,Ene - Mar,130.362873
2023,23 Ciudades y áreas metropolitanas,Formal,Básica secundaria^,Feb - Abr,140.96422099999998
2023,23 Ciudades y áreas metropolitanas,Formal,Básica secundaria^,Mar - May,153.262124
2023,23 Ciudades y áreas metropolitanas,Formal,Básica secundaria^,Abr - Jun,156.966985
2023,23 Ciudades y áreas metropolitanas,Formal,Básica secundaria^,May - Jul,157.59942333333333
2023,23 Ciudades y áreas metropolitanas,Formal,Básica secundaria^,Jun - Ago,163.80289433333334
2023,23 Ciudades y áreas metropolitanas,Formal,Básica secundaria^,Jul - Sep,149.13342766666668
2023,23 Ciudades y áreas metropolitanas,Formal,Básica secundaria^,Ago - Oct,144.172209
2023,23 Ciudades y áreas metropolitanas,Formal,Básica secundaria^,Sep - Nov,142.53402833333334
2023,23 Ciudades y áreas metropolitanas,Formal,Básica secundaria^,Oct - Dic,144.749218
2023,23 Ciudades y áreas metropolitanas,Formal,Básica secundaria^,Nov - Ene,147.18424633333333
2023,23 Ciudades y áreas metropolitanas,Formal,Básica secundaria^,Dic - Feb,137.17659933333334
2024,23 Ciudades y áreas metropolitanas,Formal,Básica secundaria^,Ene - Mar,142.22043
2024,23 Ciudades y áreas metropolitanas,Formal,Básica secundaria^,Feb - Abr,136.08122166666666
2024,23 Ciudades y áreas metropolitanas,Formal,Básica secundaria^,Mar - May,143.621396
2024,23 Ciudades y áreas metropolitanas,Formal,Básica secundaria^,Abr - Jun,140.92904533333333
2024,23 Ciudades y áreas metropolitanas,Formal,Básica secundaria^,May - Jul,137.59406966666666
2024,23 Ciudades y áreas metropolitanas,Formal,Básica secundaria^,Jun - Ago,138.70627766666667
2024,23 Ciudades y áreas metropolitanas,Formal,Básica secundaria^,Jul - Sep,129.15814733333335
2024,23 Ciudades y áreas metropolitanas,Formal,Básica secundaria^,Ago - Oct,128.96413366666664
2024,23 Ciudades y áreas metropolitanas,Formal,Básica secundaria^,Sep - Nov,132.32341233333332
2024,23 Ciudades y áreas metropolitanas,Formal,Básica secundaria^,Oct - Dic,134.95736599999998
2024,23 Ciudades y áreas metropolitanas,Formal,Básica secundaria^,Nov - Ene,141.046053
2024,23 Ciudades y áreas metropolitanas,Formal,Básica secundaria^,Dic - Feb,122.278261
2025,23 Ciudades y áreas metropolitanas,Formal,Básica secundaria^,Ene - Mar,116.81617
2025,23 Ciudades y áreas metropolitanas,Formal,Básica secundaria^,Feb - Abr,116.345038
2025,23 Ciudades y áreas metropolitanas,Formal,Básica secundaria^,Mar - May,133.89706
2025,23 Ciudades y áreas metropolitanas,Formal,Básica secundaria^,Abr - Jun,155.85706
2025,23 Ciudades y áreas metropolitanas,Formal,Básica secundaria^,May - Jul,159.748494
2025,23 Ciudades y áreas metropolitanas,Formal,Básica secundaria^,Jun - Ago,146.637731
2025,23 Ciudades y áreas metropolitanas,Formal,Básica secundaria^,Jul - Sep,134.772937
2025,23 Ciudades y áreas metropolitanas,Formal,Básica secundaria^,Ago - Oct,134.323345
2025,23 Ciudades y áreas metropolitanas,Formal,Básica secundaria^,Sep - Nov,147.13524
2025,23 Ciudades y áreas metropolitanas,Formal,Básica secundaria^,Oct - Dic,152.927671
2025,23 Ciudades y áreas metropolitanas,Formal,Básica secundaria^,Nov - Ene,158.776263
2025,23 Ciudades y áreas metropolitanas,Formal,Básica secundaria^,Dic - Feb,142.733144
2026,23 Ciudades y áreas metropolitanas,Formal,Básica secundaria^,Ene - Mar,128.625956
2026,23 Ciudades y áreas metropolitanas,Formal,Básica secundaria^,Feb - Abr,115.258038
2021,23 Ciudades y áreas metropolitanas,Formal,Educación media*^,Ene - Mar,1838.6337813333332
2021,23 Ciudades y áreas metropolitanas,Formal,Educación media*^,Feb - Abr,1862.7314139999999
2021,23 Ciudades y áreas metropolitanas,Formal,Educación media*^,Mar - May,1840.6944356666665
2021,23 Ciudades y áreas metropolitanas,Formal,Educación media*^,Abr - Jun,1899.2717353333335
2021,23 Ciudades y áreas metropolitanas,Formal,Educación media*^,May - Jul,1940.1359963333334
2021,23 Ciudades y áreas metropolitanas,Formal,Educación media*^,Jun - Ago,1962.4523433333334
2021,23 Ciudades y áreas metropolitanas,Formal,Educación media*^,Jul - Sep,1968.5509833333333
2021,23 Ciudades y áreas metropolitanas,Formal,Educación media*^,Ago - Oct,1966.4690566666666
2021,23 Ciudades y áreas metropolitanas,Formal,Educación media*^,Sep - Nov,2033.1328933333334
2021,23 Ciudades y áreas metropolitanas,Formal,Educación media*^,Oct - Dic,2038.0912026666665
2021,23 Ciudades y áreas metropolitanas,Formal,Educación media*^,Nov - Ene,2066.450264333333
2021,23 Ciudades y áreas metropolitanas,Formal,Educación media*^,Dic - Feb,2074.263287333333
2022,23 Ciudades y áreas metropolitanas,Formal,Educación media*^,Ene - Mar,2058.1790313333336
2022,23 Ciudades y áreas metropolitanas,Formal,Educación media*^,Feb - Abr,2069.0416563333333
2022,23 Ciudades y áreas metropolitanas,Formal,Educación media*^,Mar - May,2056.5504533333333
2022,23 Ciudades y áreas metropolitanas,Formal,Educación media*^,Abr - Jun,2109.426579
2022,23 Ciudades y áreas metropolitanas,Formal,Educación media*^,May - Jul,2099.272562
2022,23 Ciudades y áreas metropolitanas,Formal,Educación media*^,Jun - Ago,2123.0457586666666
2022,23 Ciudades y áreas metropolitanas,Formal,Educación media*^,Jul - Sep,2120.5587053333334
2022,23 Ciudades y áreas metropolitanas,Formal,Educación media*^,Ago - Oct,2164.864498
2022,23 Ciudades y áreas metropolitanas,Formal,Educación media*^,Sep - Nov,2189.2124493333336
2022,23 Ciudades y áreas metropolitanas,Formal,Educación media*^,Oct - Dic,2202.943224333333
2022,23 Ciudades y áreas metropolitanas,Formal,Educación media*^,Nov - Ene,2166.807574666667
2022,23 Ciudades y áreas metropolitanas,Formal,Educación media*^,Dic - Feb,2172.1647863333333
2023,23 Ciudades y áreas metropolitanas,Formal,Educación media*^,Ene - Mar,2162.9818813333336
2023,23 Ciudades y áreas metropolitanas,Formal,Educación media*^,Feb - Abr,2236.271769333333
2023,23 Ciudades y áreas metropolitanas,Formal,Educación media*^,Mar - May,2256.4782309999996
2023,23 Ciudades y áreas metropolitanas,Formal,Educación media*^,Abr - Jun,2297.7873600000003
2023,23 Ciudades y áreas metropolitanas,Formal,Educación media*^,May - Jul,2291.619225666667
2023,23 Ciudades y áreas metropolitanas,Formal,Educación media*^,Jun - Ago,2267.8154213333332
2023,23 Ciudades y áreas metropolitanas,Formal,Educación media*^,Jul - Sep,2257.928858333333
2023,23 Ciudades y áreas metropolitanas,Formal,Educación media*^,Ago - Oct,2264.241862333333
2023,23 Ciudades y áreas metropolitanas,Formal,Educación media*^,Sep - Nov,2330.6016729999997
2023,23 Ciudades y áreas metropolitanas,Formal,Educación media*^,Oct - Dic,2340.1309156666666
2023,23 Ciudades y áreas metropolitanas,Formal,Educación media*^,Nov - Ene,2316.580305666667
2023,23 Ciudades y áreas metropolitanas,Formal,Educación media*^,Dic - Feb,2261.3818183333337
2024,23 Ciudades y áreas metropolitanas,Formal,Educación media*^,Ene - Mar,2273.913021
2024,23 Ciudades y áreas metropolitanas,Formal,Educación media*^,Feb - Abr,2300.1017613333333
2024,23 Ciudades y áreas metropolitanas,Formal,Educación media*^,Mar - May,2304.7496313333336
2024,23 Ciudades y áreas metropolitanas,Formal,Educación media*^,Abr - Jun,2345.7164603333335
2024,23 Ciudades y áreas metropolitanas,Formal,Educación media*^,May - Jul,2341.917987
2024,23 Ciudades y áreas metropolitanas,Formal,Educación media*^,Jun - Ago,2369.914364333333
2024,23 Ciudades y áreas metropolitanas,Formal,Educación media*^,Jul - Sep,2356.601829333333
2024,23 Ciudades y áreas metropolitanas,Formal,Educación media*^,Ago - Oct,2350.1187536666666
2024,23 Ciudades y áreas metropolitanas,Formal,Educación media*^,Sep - Nov,2403.4634776666667
2024,23 Ciudades y áreas metropolitanas,Formal,Educación media*^,Oct - Dic,2449.0448083333335
2024,23 Ciudades y áreas metropolitanas,Formal,Educación media*^,Nov - Ene,2480.726603
2024,23 Ciudades y áreas metropolitanas,Formal,Educación media*^,Dic - Feb,2495.442673
2025,23 Ciudades y áreas metropolitanas,Formal,Educación media*^,Ene - Mar,2499.498413
2025,23 Ciudades y áreas metropolitanas,Formal,Educación media*^,Feb - Abr,2489.530301
2025,23 Ciudades y áreas metropolitanas,Formal,Educación media*^,Mar - May,2459.529906
2025,23 Ciudades y áreas metropolitanas,Formal,Educación media*^,Abr - Jun,2406.899932
2025,23 Ciudades y áreas metropolitanas,Formal,Educación media*^,May - Jul,2503.534164
2025,23 Ciudades y áreas metropolitanas,Formal,Educación media*^,Jun - Ago,2477.404803
2025,23 Ciudades y áreas metropolitanas,Formal,Educación media*^,Jul - Sep,2527.196356
2025,23 Ciudades y áreas metropolitanas,Formal,Educación media*^,Ago - Oct,2434.771262
2025,23 Ciudades y áreas metropolitanas,Formal,Educación media*^,Sep - Nov,2516.614149
2025,23 Ciudades y áreas metropolitanas,Formal,Educación media*^,Oct - Dic,2538.786241
2025,23 Ciudades y áreas metropolitanas,Formal,Educación media*^,Nov - Ene,2512.157594
2025,23 Ciudades y áreas metropolitanas,Formal,Educación media*^,Dic - Feb,2410.097916
2026,23 Ciudades y áreas metropolitanas,Formal,Educación media*^,Ene - Mar,2343.682825
2026,23 Ciudades y áreas metropolitanas,Formal,Educación media*^,Feb - Abr,2421.830225
2021,23 Ciudades y áreas metropolitanas,Formal,Técnica profesional y Tecnológica^^,Ene - Mar,904.6223839999999
2021,23 Ciudades y áreas metropolitanas,Formal,Técnica profesional y Tecnológica^^,Feb - Abr,938.5951973333334
2021,23 Ciudades y áreas metropolitanas,Formal,Técnica profesional y Tecnológica^^,Mar - May,1017.1660506666667
2021,23 Ciudades y áreas metropolitanas,Formal,Técnica profesional y Tecnológica^^,Abr - Jun,1066.1508983333333
2021,23 Ciudades y áreas metropolitanas,Formal,Técnica profesional y Tecnológica^^,May - Jul,1090.3552023333332
2021,23 Ciudades y áreas metropolitanas,Formal,Técnica profesional y Tecnológica^^,Jun - Ago,1093.513583
2021,23 Ciudades y áreas metropolitanas,Formal,Técnica profesional y Tecnológica^^,Jul - Sep,1120.229654
2021,23 Ciudades y áreas metropolitanas,Formal,Técnica profesional y Tecnológica^^,Ago - Oct,1081.898465
2021,23 Ciudades y áreas metropolitanas,Formal,Técnica profesional y Tecnológica^^,Sep - Nov,1039.4014789999999
2021,23 Ciudades y áreas metropolitanas,Formal,Técnica profesional y Tecnológica^^,Oct - Dic,1005.2426406666667
2021,23 Ciudades y áreas metropolitanas,Formal,Técnica profesional y Tecnológica^^,Nov - Ene,1049.0740356666665
2021,23 Ciudades y áreas metropolitanas,Formal,Técnica profesional y Tecnológica^^,Dic - Feb,1124.6484746666667
2022,23 Ciudades y áreas metropolitanas,Formal,Técnica profesional y Tecnológica^^,Ene - Mar,1177.0627766666667
2022,23 Ciudades y áreas metropolitanas,Formal,Técnica profesional y Tecnológica^^,Feb - Abr,1224.5565596666668
2022,23 Ciudades y áreas metropolitanas,Formal,Técnica profesional y Tecnológica^^,Mar - May,1243.7314763333334
2022,23 Ciudades y áreas metropolitanas,Formal,Técnica profesional y Tecnológica^^,Abr - Jun,1235.423708
2022,23 Ciudades y áreas metropolitanas,Formal,Técnica profesional y Tecnológica^^,May - Jul,1227.3241813333334
2022,23 Ciudades y áreas metropolitanas,Formal,Técnica profesional y Tecnológica^^,Jun - Ago,1237.779613
2022,23 Ciudades y áreas metropolitanas,Formal,Técnica profesional y Tecnológica^^,Jul - Sep,1263.2557833333333
2022,23 Ciudades y áreas metropolitanas,Formal,Técnica profesional y Tecnológica^^,Ago - Oct,1257.0707623333335
2022,23 Ciudades y áreas metropolitanas,Formal,Técnica profesional y Tecnológica^^,Sep - Nov,1257.2170853333334
2022,23 Ciudades y áreas metropolitanas,Formal,Técnica profesional y Tecnológica^^,Oct - Dic,1266.4390053333334
2022,23 Ciudades y áreas metropolitanas,Formal,Técnica profesional y Tecnológica^^,Nov - Ene,1290.6805796666667
2022,23 Ciudades y áreas metropolitanas,Formal,Técnica profesional y Tecnológica^^,Dic - Feb,1263.5981636666666
2023,23 Ciudades y áreas metropolitanas,Formal,Técnica profesional y Tecnológica^^,Ene - Mar,1245.8856253333333
2023,23 Ciudades y áreas metropolitanas,Formal,Técnica profesional y Tecnológica^^,Feb - Abr,1279.6668303333333
2023,23 Ciudades y áreas metropolitanas,Formal,Técnica profesional y Tecnológica^^,Mar - May,1328.1324903333332
2023,23 Ciudades y áreas metropolitanas,Formal,Técnica profesional y Tecnológica^^,Abr - Jun,1381.4644696666667
2023,23 Ciudades y áreas metropolitanas,Formal,Técnica profesional y Tecnológica^^,May - Jul,1378.7141010000003
2023,23 Ciudades y áreas metropolitanas,Formal,Técnica profesional y Tecnológica^^,Jun - Ago,1393.0676993333334
2023,23 Ciudades y áreas metropolitanas,Formal,Técnica profesional y Tecnológica^^,Jul - Sep,1377.9600626666668
2023,23 Ciudades y áreas metropolitanas,Formal,Técnica profesional y Tecnológica^^,Ago - Oct,1342.2701626666667
2023,23 Ciudades y áreas metropolitanas,Formal,Técnica profesional y Tecnológica^^,Sep - Nov,1318.6229226666667
2023,23 Ciudades y áreas metropolitanas,Formal,Técnica profesional y Tecnológica^^,Oct - Dic,1318.3581416666668
2023,23 Ciudades y áreas metropolitanas,Formal,Técnica profesional y Tecnológica^^,Nov - Ene,1373.9267389999998
2023,23 Ciudades y áreas metropolitanas,Formal,Técnica profesional y Tecnológica^^,Dic - Feb,1377.185063
2024,23 Ciudades y áreas metropolitanas,Formal,Técnica profesional y Tecnológica^^,Ene - Mar,1379.9773586666668
2024,23 Ciudades y áreas metropolitanas,Formal,Técnica profesional y Tecnológica^^,Feb - Abr,1357.9381826666668
2024,23 Ciudades y áreas metropolitanas,Formal,Técnica profesional y Tecnológica^^,Mar - May,1365.1743840000001
2024,23 Ciudades y áreas metropolitanas,Formal,Técnica profesional y Tecnológica^^,Abr - Jun,1369.2078776666667
2024,23 Ciudades y áreas metropolitanas,Formal,Técnica profesional y Tecnológica^^,May - Jul,1375.8369586666668
2024,23 Ciudades y áreas metropolitanas,Formal,Técnica profesional y Tecnológica^^,Jun - Ago,1408.6852623333332
2024,23 Ciudades y áreas metropolitanas,Formal,Técnica profesional y Tecnológica^^,Jul - Sep,1377.2127293333333
2024,23 Ciudades y áreas metropolitanas,Formal,Técnica profesional y Tecnológica^^,Ago - Oct,1345.2619459999999
2024,23 Ciudades y áreas metropolitanas,Formal,Técnica profesional y Tecnológica^^,Sep - Nov,1315.107516
2024,23 Ciudades y áreas metropolitanas,Formal,Técnica profesional y Tecnológica^^,Oct - Dic,1303.573479
2024,23 Ciudades y áreas metropolitanas,Formal,Técnica profesional y Tecnológica^^,Nov - Ene,1302.863742
2024,23 Ciudades y áreas metropolitanas,Formal,Técnica profesional y Tecnológica^^,Dic - Feb,1289.573465
2025,23 Ciudades y áreas metropolitanas,Formal,Técnica profesional y Tecnológica^^,Ene - Mar,1317.374843
2025,23 Ciudades y áreas metropolitanas,Formal,Técnica profesional y Tecnológica^^,Feb - Abr,1374.619675
2025,23 Ciudades y áreas metropolitanas,Formal,Técnica profesional y Tecnológica^^,Mar - May,1446.000663
2025,23 Ciudades y áreas metropolitanas,Formal,Técnica profesional y Tecnológica^^,Abr - Jun,1515.203042
2025,23 Ciudades y áreas metropolitanas,Formal,Técnica profesional y Tecnológica^^,May - Jul,1476.62004
2025,23 Ciudades y áreas metropolitanas,Formal,Técnica profesional y Tecnológica^^,Jun - Ago,1462.755317
2025,23 Ciudades y áreas metropolitanas,Formal,Técnica profesional y Tecnológica^^,Jul - Sep,1413.865767
2025,23 Ciudades y áreas metropolitanas,Formal,Técnica profesional y Tecnológica^^,Ago - Oct,1440.798204
2025,23 Ciudades y áreas metropolitanas,Formal,Técnica profesional y Tecnológica^^,Sep - Nov,1418.076805
2025,23 Ciudades y áreas metropolitanas,Formal,Técnica profesional y Tecnológica^^,Oct - Dic,1406.520959
2025,23 Ciudades y áreas metropolitanas,Formal,Técnica profesional y Tecnológica^^,Nov - Ene,1409.111349
2025,23 Ciudades y áreas metropolitanas,Formal,Técnica profesional y Tecnológica^^,Dic - Feb,1414.954314
2026,23 Ciudades y áreas metropolitanas,Formal,Técnica profesional y Tecnológica^^,Ene - Mar,1413.896361
2026,23 Ciudades y áreas metropolitanas,Formal,Técnica profesional y Tecnológica^^,Feb - Abr,1410.576387
2021,23 Ciudades y áreas metropolitanas,Formal,Universitaria,Ene - Mar,1311.9087613333331
2021,23 Ciudades y áreas metropolitanas,Formal,Universitaria,Feb - Abr,1329.8027046666666
2021,23 Ciudades y áreas metropolitanas,Formal,Universitaria,Mar - May,1362.4928653333334
2021,23 Ciudades y áreas metropolitanas,Formal,Universitaria,Abr - Jun,1388.2419313333332
2021,23 Ciudades y áreas metropolitanas,Formal,Universitaria,May - Jul,1430.2423666666666
2021,23 Ciudades y áreas metropolitanas,Formal,Universitaria,Jun - Ago,1426.1627156666666
2021,23 Ciudades y áreas metropolitanas,Formal,Universitaria,Jul - Sep,1423.4908773333334
2021,23 Ciudades y áreas metropolitanas,Formal,Universitaria,Ago - Oct,1453.7857736666665
2021,23 Ciudades y áreas metropolitanas,Formal,Universitaria,Sep - Nov,1497.7746713333333
2021,23 Ciudades y áreas metropolitanas,Formal,Universitaria,Oct - Dic,1563.684064
2021,23 Ciudades y áreas metropolitanas,Formal,Universitaria,Nov - Ene,1577.2710586666665
2021,23 Ciudades y áreas metropolitanas,Formal,Universitaria,Dic - Feb,1559.5636303333333
2022,23 Ciudades y áreas metropolitanas,Formal,Universitaria,Ene - Mar,1528.8326533333336
2022,23 Ciudades y áreas metropolitanas,Formal,Universitaria,Feb - Abr,1512.100009
2022,23 Ciudades y áreas metropolitanas,Formal,Universitaria,Mar - May,1566.012385
2022,23 Ciudades y áreas metropolitanas,Formal,Universitaria,Abr - Jun,1548.3320649999998
2022,23 Ciudades y áreas metropolitanas,Formal,Universitaria,May - Jul,1565.231958333333
2022,23 Ciudades y áreas metropolitanas,Formal,Universitaria,Jun - Ago,1560.6866373333332
2022,23 Ciudades y áreas metropolitanas,Formal,Universitaria,Jul - Sep,1564.348309
2022,23 Ciudades y áreas metropolitanas,Formal,Universitaria,Ago - Oct,1545.49434
2022,23 Ciudades y áreas metropolitanas,Formal,Universitaria,Sep - Nov,1523.1334176666667
2022,23 Ciudades y áreas metropolitanas,Formal,Universitaria,Oct - Dic,1580.8046156666667
2022,23 Ciudades y áreas metropolitanas,Formal,Universitaria,Nov - Ene,1589.8097093333333
2022,23 Ciudades y áreas metropolitanas,Formal,Universitaria,Dic - Feb,1577.4570406666664
2023,23 Ciudades y áreas metropolitanas,Formal,Universitaria,Ene - Mar,1584.1213796666668
2023,23 Ciudades y áreas metropolitanas,Formal,Universitaria,Feb - Abr,1579.5961506666665
2023,23 Ciudades y áreas metropolitanas,Formal,Universitaria,Mar - May,1571.6347403333332
2023,23 Ciudades y áreas metropolitanas,Formal,Universitaria,Abr - Jun,1557.3431966666667
2023,23 Ciudades y áreas metropolitanas,Formal,Universitaria,May - Jul,1569.534343
2023,23 Ciudades y áreas metropolitanas,Formal,Universitaria,Jun - Ago,1628.471229
2023,23 Ciudades y áreas metropolitanas,Formal,Universitaria,Jul - Sep,1659.9179026666668
2023,23 Ciudades y áreas metropolitanas,Formal,Universitaria,Ago - Oct,1697.2626463333334
2023,23 Ciudades y áreas metropolitanas,Formal,Universitaria,Sep - Nov,1698.9338513333332
2023,23 Ciudades y áreas metropolitanas,Formal,Universitaria,Oct - Dic,1661.2511663333335
2023,23 Ciudades y áreas metropolitanas,Formal,Universitaria,Nov - Ene,1623.519915
2023,23 Ciudades y áreas metropolitanas,Formal,Universitaria,Dic - Feb,1590.2391579999996
2024,23 Ciudades y áreas metropolitanas,Formal,Universitaria,Ene - Mar,1607.2026586666664
2024,23 Ciudades y áreas metropolitanas,Formal,Universitaria,Feb - Abr,1647.483989
2024,23 Ciudades y áreas metropolitanas,Formal,Universitaria,Mar - May,1684.4775283333336
2024,23 Ciudades y áreas metropolitanas,Formal,Universitaria,Abr - Jun,1659.3778836666668
2024,23 Ciudades y áreas metropolitanas,Formal,Universitaria,May - Jul,1629.1135416666666
2024,23 Ciudades y áreas metropolitanas,Formal,Universitaria,Jun - Ago,1606.6531663333333
2024,23 Ciudades y áreas metropolitanas,Formal,Universitaria,Jul - Sep,1628.3617733333333
2024,23 Ciudades y áreas metropolitanas,Formal,Universitaria,Ago - Oct,1648.3799953333335
2024,23 Ciudades y áreas metropolitanas,Formal,Universitaria,Sep - Nov,1658.4637576666667
2024,23 Ciudades y áreas metropolitanas,Formal,Universitaria,Oct - Dic,1664.4704849999998
2024,23 Ciudades y áreas metropolitanas,Formal,Universitaria,Nov - Ene,1612.678769
2024,23 Ciudades y áreas metropolitanas,Formal,Universitaria,Dic - Feb,1581.730015
2025,23 Ciudades y áreas metropolitanas,Formal,Universitaria,Ene - Mar,1531.439873
2025,23 Ciudades y áreas metropolitanas,Formal,Universitaria,Feb - Abr,1585.578051
2025,23 Ciudades y áreas metropolitanas,Formal,Universitaria,Mar - May,1553.266512
2025,23 Ciudades y áreas metropolitanas,Formal,Universitaria,Abr - Jun,1604.15665
2025,23 Ciudades y áreas metropolitanas,Formal,Universitaria,May - Jul,1586.418476
2025,23 Ciudades y áreas metropolitanas,Formal,Universitaria,Jun - Ago,1683.005777
2025,23 Ciudades y áreas metropolitanas,Formal,Universitaria,Jul - Sep,1725.062165
2025,23 Ciudades y áreas metropolitanas,Formal,Universitaria,Ago - Oct,1725.503076
2025,23 Ciudades y áreas metropolitanas,Formal,Universitaria,Sep - Nov,1686.481857
2025,23 Ciudades y áreas metropolitanas,Formal,Universitaria,Oct - Dic,1654.264588
2025,23 Ciudades y áreas metropolitanas,Formal,Universitaria,Nov - Ene,1680.768622
2025,23 Ciudades y áreas metropolitanas,Formal,Universitaria,Dic - Feb,1721.044502
2026,23 Ciudades y áreas metropolitanas,Formal,Universitaria,Ene - Mar,1740.995191
2026,23 Ciudades y áreas metropolitanas,Formal,Universitaria,Feb - Abr,1747.554089
2021,23 Ciudades y áreas metropolitanas,Formal,Posgrado,Ene - Mar,573.3416980000001
2021,23 Ciudades y áreas metropolitanas,Formal,Posgrado,Feb - Abr,589.1402036666667
2021,23 Ciudades y áreas metropolitanas,Formal,Posgrado,Mar - May,620.9529943333333
2021,23 Ciudades y áreas metropolitanas,Formal,Posgrado,Abr - Jun,599.388482
2021,23 Ciudades y áreas metropolitanas,Formal,Posgrado,May - Jul,621.986899
2021,23 Ciudades y áreas metropolitanas,Formal,Posgrado,Jun - Ago,628.896211
2021,23 Ciudades y áreas metropolitanas,Formal,Posgrado,Jul - Sep,654.9235283333334
2021,23 Ciudades y áreas metropolitanas,Formal,Posgrado,Ago - Oct,629.0525586666666
2021,23 Ciudades y áreas metropolitanas,Formal,Posgrado,Sep - Nov,633.5354993333334
2021,23 Ciudades y áreas metropolitanas,Formal,Posgrado,Oct - Dic,651.31903
2021,23 Ciudades y áreas metropolitanas,Formal,Posgrado,Nov - Ene,686.682355
2021,23 Ciudades y áreas metropolitanas,Formal,Posgrado,Dic - Feb,685.2033996666665
2022,23 Ciudades y áreas metropolitanas,Formal,Posgrado,Ene - Mar,737.7419756666668
2022,23 Ciudades y áreas metropolitanas,Formal,Posgrado,Feb - Abr,747.9152163333333
2022,23 Ciudades y áreas metropolitanas,Formal,Posgrado,Mar - May,763.0869173333334
2022,23 Ciudades y áreas metropolitanas,Formal,Posgrado,Abr - Jun,747.857871
2022,23 Ciudades y áreas metropolitanas,Formal,Posgrado,May - Jul,751.7062373333333
2022,23 Ciudades y áreas metropolitanas,Formal,Posgrado,Jun - Ago,751.4937813333332
2022,23 Ciudades y áreas metropolitanas,Formal,Posgrado,Jul - Sep,759.9226100000001
2022,23 Ciudades y áreas metropolitanas,Formal,Posgrado,Ago - Oct,790.6344573333332
2022,23 Ciudades y áreas metropolitanas,Formal,Posgrado,Sep - Nov,859.4948410000001
2022,23 Ciudades y áreas metropolitanas,Formal,Posgrado,Oct - Dic,876.8948399999999
2022,23 Ciudades y áreas metropolitanas,Formal,Posgrado,Nov - Ene,837.7948596666666
2022,23 Ciudades y áreas metropolitanas,Formal,Posgrado,Dic - Feb,773.5030406666666
2023,23 Ciudades y áreas metropolitanas,Formal,Posgrado,Ene - Mar,773.8346826666667
2023,23 Ciudades y áreas metropolitanas,Formal,Posgrado,Feb - Abr,816.8341946666668
2023,23 Ciudades y áreas metropolitanas,Formal,Posgrado,Mar - May,867.41513
2023,23 Ciudades y áreas metropolitanas,Formal,Posgrado,Abr - Jun,898.2716256666666
2023,23 Ciudades y áreas metropolitanas,Formal,Posgrado,May - Jul,917.626388
2023,23 Ciudades y áreas metropolitanas,Formal,Posgrado,Jun - Ago,912.508921
2023,23 Ciudades y áreas metropolitanas,Formal,Posgrado,Jul - Sep,884.2729249999999
2023,23 Ciudades y áreas metropolitanas,Formal,Posgrado,Ago - Oct,898.6896516666666
2023,23 Ciudades y áreas metropolitanas,Formal,Posgrado,Sep - Nov,916.9373850000001
2023,23 Ciudades y áreas metropolitanas,Formal,Posgrado,Oct - Dic,959.0191959999999
2023,23 Ciudades y áreas metropolitanas,Formal,Posgrado,Nov - Ene,907.5340996666667
2023,23 Ciudades y áreas metropolitanas,Formal,Posgrado,Dic - Feb,882.191987
2024,23 Ciudades y áreas metropolitanas,Formal,Posgrado,Ene - Mar,846.3517083333332
2024,23 Ciudades y áreas metropolitanas,Formal,Posgrado,Feb - Abr,883.2355156666666
2024,23 Ciudades y áreas metropolitanas,Formal,Posgrado,Mar - May,898.595906
2024,23 Ciudades y áreas metropolitanas,Formal,Posgrado,Abr - Jun,904.276753
2024,23 Ciudades y áreas metropolitanas,Formal,Posgrado,May - Jul,911.9510136666668
2024,23 Ciudades y áreas metropolitanas,Formal,Posgrado,Jun - Ago,909.8596516666667
2024,23 Ciudades y áreas metropolitanas,Formal,Posgrado,Jul - Sep,905.1249389999999
2024,23 Ciudades y áreas metropolitanas,Formal,Posgrado,Ago - Oct,888.5977133333334
2024,23 Ciudades y áreas metropolitanas,Formal,Posgrado,Sep - Nov,891.2674996666666
2024,23 Ciudades y áreas metropolitanas,Formal,Posgrado,Oct - Dic,874.9022213333334
2024,23 Ciudades y áreas metropolitanas,Formal,Posgrado,Nov - Ene,861.056738
2024,23 Ciudades y áreas metropolitanas,Formal,Posgrado,Dic - Feb,812.662088
2025,23 Ciudades y áreas metropolitanas,Formal,Posgrado,Ene - Mar,793.038131
2025,23 Ciudades y áreas metropolitanas,Formal,Posgrado,Feb - Abr,829.274581
2025,23 Ciudades y áreas metropolitanas,Formal,Posgrado,Mar - May,862.793936
2025,23 Ciudades y áreas metropolitanas,Formal,Posgrado,Abr - Jun,881.02305
2025,23 Ciudades y áreas metropolitanas,Formal,Posgrado,May - Jul,864.011714
2025,23 Ciudades y áreas metropolitanas,Formal,Posgrado,Jun - Ago,854.372236
2025,23 Ciudades y áreas metropolitanas,Formal,Posgrado,Jul - Sep,870.53469
2025,23 Ciudades y áreas metropolitanas,Formal,Posgrado,Ago - Oct,885.11866
2025,23 Ciudades y áreas metropolitanas,Formal,Posgrado,Sep - Nov,917.176352
2025,23 Ciudades y áreas metropolitanas,Formal,Posgrado,Oct - Dic,935.26096
2025,23 Ciudades y áreas metropolitanas,Formal,Posgrado,Nov - Ene,946.819877
2025,23 Ciudades y áreas metropolitanas,Formal,Posgrado,Dic - Feb,1000.113781
2026,23 Ciudades y áreas metropolitanas,Formal,Posgrado,Ene - Mar,1069.148386
2026,23 Ciudades y áreas metropolitanas,Formal,Posgrado,Feb - Abr,1086.744814
2021,23 Ciudades y áreas metropolitanas,Informal,Informal,Ene - Mar,4825.498504666667
2021,23 Ciudades y áreas metropolitanas,Informal,Informal,Feb - Abr,4916.365636333333
2021,23 Ciudades y áreas metropolitanas,Informal,Informal,Mar - May,4842.916671666667
2021,23 Ciudades y áreas metropolitanas,Informal,Informal,Abr - Jun,4822.0599010000005
2021,23 Ciudades y áreas metropolitanas,Informal,Informal,May - Jul,4801.931417333333
2021,23 Ciudades y áreas metropolitanas,Informal,Informal,Jun - Ago,4901.791340333333
2021,23 Ciudades y áreas metropolitanas,Informal,Informal,Jul - Sep,4898.438222
2021,23 Ciudades y áreas metropolitanas,Informal,Informal,Ago - Oct,4962.7669946666665
2021,23 Ciudades y áreas metropolitanas,Informal,Informal,Sep - Nov,4939.24154
2021,23 Ciudades y áreas metropolitanas,Informal,Informal,Oct - Dic,4958.410614
2021,23 Ciudades y áreas metropolitanas,Informal,Informal,Nov - Ene,4883.529678666667
2021,23 Ciudades y áreas metropolitanas,Informal,Informal,Dic - Feb,4919.983625666667
2022,23 Ciudades y áreas metropolitanas,Informal,Informal,Ene - Mar,5020.379931333333
2022,23 Ciudades y áreas metropolitanas,Informal,Informal,Feb - Abr,5191.488419666667
2022,23 Ciudades y áreas metropolitanas,Informal,Informal,Mar - May,5198.123762666666
2022,23 Ciudades y áreas metropolitanas,Informal,Informal,Abr - Jun,5187.224359666667
2022,23 Ciudades y áreas metropolitanas,Informal,Informal,May - Jul,5162.304057666667
2022,23 Ciudades y áreas metropolitanas,Informal,Informal,Jun - Ago,5128.6759600000005
2022,23 Ciudades y áreas metropolitanas,Informal,Informal,Jul - Sep,5212.021485
2022,23 Ciudades y áreas metropolitanas,Informal,Informal,Ago - Oct,5268.366154333333
2022,23 Ciudades y áreas metropolitanas,Informal,Informal,Sep - Nov,5305.752374666667
2022,23 Ciudades y áreas metropolitanas,Informal,Informal,Oct - Dic,5203.450414666667
2022,23 Ciudades y áreas metropolitanas,Informal,Informal,Nov - Ene,5051.104171333333
2022,23 Ciudades y áreas metropolitanas,Informal,Informal,Dic - Feb,5048.723357333333
2023,23 Ciudades y áreas metropolitanas,Informal,Informal,Ene - Mar,5099.24543
2023,23 Ciudades y áreas metropolitanas,Informal,Informal,Feb - Abr,5133.266750666667
2023,23 Ciudades y áreas metropolitanas,Informal,Informal,Mar - May,5098.795131666667
2023,23 Ciudades y áreas metropolitanas,Informal,Informal,Abr - Jun,5061.021920333334
2023,23 Ciudades y áreas metropolitanas,Informal,Informal,May - Jul,5151.999853
2023,23 Ciudades y áreas metropolitanas,Informal,Informal,Jun - Ago,5191.755831666666
2023,23 Ciudades y áreas metropolitanas,Informal,Informal,Jul - Sep,5196.674836333334
2023,23 Ciudades y áreas metropolitanas,Informal,Informal,Ago - Oct,5200.856905666667
2023,23 Ciudades y áreas metropolitanas,Informal,Informal,Sep - Nov,5251.111776333334
2023,23 Ciudades y áreas metropolitanas,Informal,Informal,Oct - Dic,5237.675821666667
2023,23 Ciudades y áreas metropolitanas,Informal,Informal,Nov - Ene,5116.930839333333
2023,23 Ciudades y áreas metropolitanas,Informal,Informal,Dic - Feb,5078.883810666666
2024,23 Ciudades y áreas metropolitanas,Informal,Informal,Ene - Mar,5066.785747333334
2024,23 Ciudades y áreas metropolitanas,Informal,Informal,Feb - Abr,5143.051927666666
2024,23 Ciudades y áreas metropolitanas,Informal,Informal,Mar - May,5163.676035
2024,23 Ciudades y áreas metropolitanas,Informal,Informal,Abr - Jun,5191.701706
2024,23 Ciudades y áreas metropolitanas,Informal,Informal,May - Jul,5246.426551
2024,23 Ciudades y áreas metropolitanas,Informal,Informal,Jun - Ago,5270.855548333333
2024,23 Ciudades y áreas metropolitanas,Informal,Informal,Jul - Sep,5301.134307333333
2024,23 Ciudades y áreas metropolitanas,Informal,Informal,Ago - Oct,5355.521527666667
2024,23 Ciudades y áreas metropolitanas,Informal,Informal,Sep - Nov,5383.7541943333335
2024,23 Ciudades y áreas metropolitanas,Informal,Informal,Oct - Dic,5407.673078
2024,23 Ciudades y áreas metropolitanas,Informal,Informal,Nov - Ene,5335.778995
2024,23 Ciudades y áreas metropolitanas,Informal,Informal,Dic - Feb,5367.08705
2025,23 Ciudades y áreas metropolitanas,Informal,Informal,Ene - Mar,5455.659753
2025,23 Ciudades y áreas metropolitanas,Informal,Informal,Feb - Abr,5437.392747
2025,23 Ciudades y áreas metropolitanas,Informal,Informal,Mar - May,5419.578046
2025,23 Ciudades y áreas metropolitanas,Informal,Informal,Abr - Jun,5346.202501
2025,23 Ciudades y áreas metropolitanas,Informal,Informal,May - Jul,5424.16814
2025,23 Ciudades y áreas metropolitanas,Informal,Informal,Jun - Ago,5452.223628
2025,23 Ciudades y áreas metropolitanas,Informal,Informal,Jul - Sep,5431.441773
2025,23 Ciudades y áreas metropolitanas,Informal,Informal,Ago - Oct,5554.460735
2025,23 Ciudades y áreas metropolitanas,Informal,Informal,Sep - Nov,5566.880271
2025,23 Ciudades y áreas metropolitanas,Informal,Informal,Oct - Dic,5587.467798
2025,23 Ciudades y áreas metropolitanas,Informal,Informal,Nov - Ene,5330.68774
2025,23 Ciudades y áreas metropolitanas,Informal,Informal,Dic - Feb,5270.939468
2026,23 Ciudades y áreas metropolitanas,Informal,Informal,Ene - Mar,5240.332113
2026,23 Ciudades y áreas metropolitanas,Informal,Informal,Feb - Abr,5329.462953
2021,23 Ciudades y áreas metropolitanas,Informal,Ninguno,Ene - Mar,409.399021
2021,23 Ciudades y áreas metropolitanas,Informal,Ninguno,Feb - Abr,435.379367
2021,23 Ciudades y áreas metropolitanas,Informal,Ninguno,Mar - May,440.35804499999995
2021,23 Ciudades y áreas metropolitanas,Informal,Ninguno,Abr - Jun,425.852386
2021,23 Ciudades y áreas metropolitanas,Informal,Ninguno,May - Jul,427.716702
2021,23 Ciudades y áreas metropolitanas,Informal,Ninguno,Jun - Ago,437.4951946666667
2021,23 Ciudades y áreas metropolitanas,Informal,Ninguno,Jul - Sep,425.0524986666667
2021,23 Ciudades y áreas metropolitanas,Informal,Ninguno,Ago - Oct,415.2656816666667
2021,23 Ciudades y áreas metropolitanas,Informal,Ninguno,Sep - Nov,406.0536236666667
2021,23 Ciudades y áreas metropolitanas,Informal,Ninguno,Oct - Dic,409.4824926666667
2021,23 Ciudades y áreas metropolitanas,Informal,Ninguno,Nov - Ene,392.76960533333335
2021,23 Ciudades y áreas metropolitanas,Informal,Ninguno,Dic - Feb,400.8734953333333
2022,23 Ciudades y áreas metropolitanas,Informal,Ninguno,Ene - Mar,413.15890399999995
2022,23 Ciudades y áreas metropolitanas,Informal,Ninguno,Feb - Abr,438.3496076666667
2022,23 Ciudades y áreas metropolitanas,Informal,Ninguno,Mar - May,442.14938866666665
2022,23 Ciudades y áreas metropolitanas,Informal,Ninguno,Abr - Jun,448.7413916666667
2022,23 Ciudades y áreas metropolitanas,Informal,Ninguno,May - Jul,454.34707299999997
2022,23 Ciudades y áreas metropolitanas,Informal,Ninguno,Jun - Ago,457.19198866666665
2022,23 Ciudades y áreas metropolitanas,Informal,Ninguno,Jul - Sep,468.5208823333333
2022,23 Ciudades y áreas metropolitanas,Informal,Ninguno,Ago - Oct,467.79900433333336
2022,23 Ciudades y áreas metropolitanas,Informal,Ninguno,Sep - Nov,479.0061576666667
2022,23 Ciudades y áreas metropolitanas,Informal,Ninguno,Oct - Dic,486.00338600000003
2022,23 Ciudades y áreas metropolitanas,Informal,Ninguno,Nov - Ene,496.04220933333335
2022,23 Ciudades y áreas metropolitanas,Informal,Ninguno,Dic - Feb,498.3819223333333
2023,23 Ciudades y áreas metropolitanas,Informal,Ninguno,Ene - Mar,502.82805966666666
2023,23 Ciudades y áreas metropolitanas,Informal,Ninguno,Feb - Abr,494.46973799999995
2023,23 Ciudades y áreas metropolitanas,Informal,Ninguno,Mar - May,481.23275233333334
2023,23 Ciudades y áreas metropolitanas,Informal,Ninguno,Abr - Jun,456.6379336666667
2023,23 Ciudades y áreas metropolitanas,Informal,Ninguno,May - Jul,474.7753843333333
2023,23 Ciudades y áreas metropolitanas,Informal,Ninguno,Jun - Ago,482.17971200000005
2023,23 Ciudades y áreas metropolitanas,Informal,Ninguno,Jul - Sep,488.8057293333333
2023,23 Ciudades y áreas metropolitanas,Informal,Ninguno,Ago - Oct,474.2179906666667
2023,23 Ciudades y áreas metropolitanas,Informal,Ninguno,Sep - Nov,486.16588
2023,23 Ciudades y áreas metropolitanas,Informal,Ninguno,Oct - Dic,488.3328046666666
2023,23 Ciudades y áreas metropolitanas,Informal,Ninguno,Nov - Ene,477.35152500000004
2023,23 Ciudades y áreas metropolitanas,Informal,Ninguno,Dic - Feb,475.6668743333333
2024,23 Ciudades y áreas metropolitanas,Informal,Ninguno,Ene - Mar,473.87456066666664
2024,23 Ciudades y áreas metropolitanas,Informal,Ninguno,Feb - Abr,480.0337846666667
2024,23 Ciudades y áreas metropolitanas,Informal,Ninguno,Mar - May,452.3709126666667
2024,23 Ciudades y áreas metropolitanas,Informal,Ninguno,Abr - Jun,443.92150633333335
2024,23 Ciudades y áreas metropolitanas,Informal,Ninguno,May - Jul,443.10177833333336
2024,23 Ciudades y áreas metropolitanas,Informal,Ninguno,Jun - Ago,446.69993
2024,23 Ciudades y áreas metropolitanas,Informal,Ninguno,Jul - Sep,455.33361233333335
2024,23 Ciudades y áreas metropolitanas,Informal,Ninguno,Ago - Oct,448.53313733333334
2024,23 Ciudades y áreas metropolitanas,Informal,Ninguno,Sep - Nov,462.6987086666666
2024,23 Ciudades y áreas metropolitanas,Informal,Ninguno,Oct - Dic,466.1019626666667
2024,23 Ciudades y áreas metropolitanas,Informal,Ninguno,Nov - Ene,468.568896
2024,23 Ciudades y áreas metropolitanas,Informal,Ninguno,Dic - Feb,469.856768
2025,23 Ciudades y áreas metropolitanas,Informal,Ninguno,Ene - Mar,466.094865
2025,23 Ciudades y áreas metropolitanas,Informal,Ninguno,Feb - Abr,446.287254
2025,23 Ciudades y áreas metropolitanas,Informal,Ninguno,Mar - May,448.024621
2025,23 Ciudades y áreas metropolitanas,Informal,Ninguno,Abr - Jun,448.872697
2025,23 Ciudades y áreas metropolitanas,Informal,Ninguno,May - Jul,466.600953
2025,23 Ciudades y áreas metropolitanas,Informal,Ninguno,Jun - Ago,458.671837
2025,23 Ciudades y áreas metropolitanas,Informal,Ninguno,Jul - Sep,456.962507
2025,23 Ciudades y áreas metropolitanas,Informal,Ninguno,Ago - Oct,469.123335
2025,23 Ciudades y áreas metropolitanas,Informal,Ninguno,Sep - Nov,490.863718
2025,23 Ciudades y áreas metropolitanas,Informal,Ninguno,Oct - Dic,478.533072
2025,23 Ciudades y áreas metropolitanas,Informal,Ninguno,Nov - Ene,457.038879
2025,23 Ciudades y áreas metropolitanas,Informal,Ninguno,Dic - Feb,448.57949
2026,23 Ciudades y áreas metropolitanas,Informal,Ninguno,Ene - Mar,452.794407
2026,23 Ciudades y áreas metropolitanas,Informal,Ninguno,Feb - Abr,471.233705
2021,23 Ciudades y áreas metropolitanas,Informal,Básica primaria,Ene - Mar,997.4647483333333
2021,23 Ciudades y áreas metropolitanas,Informal,Básica primaria,Feb - Abr,1056.8618066666666
2021,23 Ciudades y áreas metropolitanas,Informal,Básica primaria,Mar - May,1042.7574263333333
2021,23 Ciudades y áreas metropolitanas,Informal,Básica primaria,Abr - Jun,1065.6399676666667
2021,23 Ciudades y áreas metropolitanas,Informal,Básica primaria,May - Jul,1065.8294876666666
2021,23 Ciudades y áreas metropolitanas,Informal,Básica primaria,Jun - Ago,1116.9925046666665
2021,23 Ciudades y áreas metropolitanas,Informal,Básica primaria,Jul - Sep,1136.625815333333
2021,23 Ciudades y áreas metropolitanas,Informal,Básica primaria,Ago - Oct,1146.5460246666669
2021,23 Ciudades y áreas metropolitanas,Informal,Básica primaria,Sep - Nov,1113.8529383333334
2021,23 Ciudades y áreas metropolitanas,Informal,Básica primaria,Oct - Dic,1091.0561436666667
2021,23 Ciudades y áreas metropolitanas,Informal,Básica primaria,Nov - Ene,1097.8104286666667
2021,23 Ciudades y áreas metropolitanas,Informal,Básica primaria,Dic - Feb,1102.1285093333333
2022,23 Ciudades y áreas metropolitanas,Informal,Básica primaria,Ene - Mar,1151.8313416666667
2022,23 Ciudades y áreas metropolitanas,Informal,Básica primaria,Feb - Abr,1174.536178
2022,23 Ciudades y áreas metropolitanas,Informal,Básica primaria,Mar - May,1172.2921953333332
2022,23 Ciudades y áreas metropolitanas,Informal,Básica primaria,Abr - Jun,1145.1290896666667
2022,23 Ciudades y áreas metropolitanas,Informal,Básica primaria,May - Jul,1163.4072413333333
2022,23 Ciudades y áreas metropolitanas,Informal,Básica primaria,Jun - Ago,1159.276343
2022,23 Ciudades y áreas metropolitanas,Informal,Básica primaria,Jul - Sep,1196.016782
2022,23 Ciudades y áreas metropolitanas,Informal,Básica primaria,Ago - Oct,1207.3989623333334
2022,23 Ciudades y áreas metropolitanas,Informal,Básica primaria,Sep - Nov,1234.537996
2022,23 Ciudades y áreas metropolitanas,Informal,Básica primaria,Oct - Dic,1185.4290756666667
2022,23 Ciudades y áreas metropolitanas,Informal,Básica primaria,Nov - Ene,1110.3636856666665
2022,23 Ciudades y áreas metropolitanas,Informal,Básica primaria,Dic - Feb,1131.3339983333333
2023,23 Ciudades y áreas metropolitanas,Informal,Básica primaria,Ene - Mar,1180.996664
2023,23 Ciudades y áreas metropolitanas,Informal,Básica primaria,Feb - Abr,1209.9356106666667
2023,23 Ciudades y áreas metropolitanas,Informal,Básica primaria,Mar - May,1180.5548756666667
2023,23 Ciudades y áreas metropolitanas,Informal,Básica primaria,Abr - Jun,1168.9497119999999
2023,23 Ciudades y áreas metropolitanas,Informal,Básica primaria,May - Jul,1185.0063460000001
2023,23 Ciudades y áreas metropolitanas,Informal,Básica primaria,Jun - Ago,1185.3819003333335
2023,23 Ciudades y áreas metropolitanas,Informal,Básica primaria,Jul - Sep,1186.0623336666667
2023,23 Ciudades y áreas metropolitanas,Informal,Básica primaria,Ago - Oct,1204.2058186666666
2023,23 Ciudades y áreas metropolitanas,Informal,Básica primaria,Sep - Nov,1234.2465893333335
2023,23 Ciudades y áreas metropolitanas,Informal,Básica primaria,Oct - Dic,1224.669451
2023,23 Ciudades y áreas metropolitanas,Informal,Básica primaria,Nov - Ene,1199.9522626666667
2023,23 Ciudades y áreas metropolitanas,Informal,Básica primaria,Dic - Feb,1163.9960346666667
2024,23 Ciudades y áreas metropolitanas,Informal,Básica primaria,Ene - Mar,1141.7503186666665
2024,23 Ciudades y áreas metropolitanas,Informal,Básica primaria,Feb - Abr,1129.920233
2024,23 Ciudades y áreas metropolitanas,Informal,Básica primaria,Mar - May,1137.521436
2024,23 Ciudades y áreas metropolitanas,Informal,Básica primaria,Abr - Jun,1168.5368823333336
2024,23 Ciudades y áreas metropolitanas,Informal,Básica primaria,May - Jul,1186.1723196666667
2024,23 Ciudades y áreas metropolitanas,Informal,Básica primaria,Jun - Ago,1175.3707643333332
2024,23 Ciudades y áreas metropolitanas,Informal,Básica primaria,Jul - Sep,1165.4893186666666
2024,23 Ciudades y áreas metropolitanas,Informal,Básica primaria,Ago - Oct,1203.0635286666666
2024,23 Ciudades y áreas metropolitanas,Informal,Básica primaria,Sep - Nov,1228.562782
2024,23 Ciudades y áreas metropolitanas,Informal,Básica primaria,Oct - Dic,1228.6757716666666
2024,23 Ciudades y áreas metropolitanas,Informal,Básica primaria,Nov - Ene,1204.424717
2024,23 Ciudades y áreas metropolitanas,Informal,Básica primaria,Dic - Feb,1187.903228
2025,23 Ciudades y áreas metropolitanas,Informal,Básica primaria,Ene - Mar,1216.2676
2025,23 Ciudades y áreas metropolitanas,Informal,Básica primaria,Feb - Abr,1175.043457
2025,23 Ciudades y áreas metropolitanas,Informal,Básica primaria,Mar - May,1213.183632
2025,23 Ciudades y áreas metropolitanas,Informal,Básica primaria,Abr - Jun,1172.011995
2025,23 Ciudades y áreas metropolitanas,Informal,Básica primaria,May - Jul,1200.223079
2025,23 Ciudades y áreas metropolitanas,Informal,Básica primaria,Jun - Ago,1183.920841
2025,23 Ciudades y áreas metropolitanas,Informal,Básica primaria,Jul - Sep,1221.525657
2025,23 Ciudades y áreas metropolitanas,Informal,Básica primaria,Ago - Oct,1237.742485
2025,23 Ciudades y áreas metropolitanas,Informal,Básica primaria,Sep - Nov,1229.69622
2025,23 Ciudades y áreas metropolitanas,Informal,Básica primaria,Oct - Dic,1228.97458
2025,23 Ciudades y áreas metropolitanas,Informal,Básica primaria,Nov - Ene,1197.232608
2025,23 Ciudades y áreas metropolitanas,Informal,Básica primaria,Dic - Feb,1141.58604
2026,23 Ciudades y áreas metropolitanas,Informal,Básica primaria,Ene - Mar,1080.415887
2026,23 Ciudades y áreas metropolitanas,Informal,Básica primaria,Feb - Abr,1079.284907
2021,23 Ciudades y áreas metropolitanas,Informal,Básica secundaria^,Ene - Mar,290.2982273333334
2021,23 Ciudades y áreas metropolitanas,Informal,Básica secundaria^,Feb - Abr,297.6546886666667
2021,23 Ciudades y áreas metropolitanas,Informal,Básica secundaria^,Mar - May,314.628444
2021,23 Ciudades y áreas metropolitanas,Informal,Básica secundaria^,Abr - Jun,316.0958043333333
2021,23 Ciudades y áreas metropolitanas,Informal,Básica secundaria^,May - Jul,297.540585
2021,23 Ciudades y áreas metropolitanas,Informal,Básica secundaria^,Jun - Ago,283.4211656666667
2021,23 Ciudades y áreas metropolitanas,Informal,Básica secundaria^,Jul - Sep,278.996942
2021,23 Ciudades y áreas metropolitanas,Informal,Básica secundaria^,Ago - Oct,286.64535666666666
2021,23 Ciudades y áreas metropolitanas,Informal,Básica secundaria^,Sep - Nov,294.63852733333334
2021,23 Ciudades y áreas metropolitanas,Informal,Básica secundaria^,Oct - Dic,295.65188333333333
2021,23 Ciudades y áreas metropolitanas,Informal,Básica secundaria^,Nov - Ene,294.39681433333334
2021,23 Ciudades y áreas metropolitanas,Informal,Básica secundaria^,Dic - Feb,290.31045133333333
2022,23 Ciudades y áreas metropolitanas,Informal,Básica secundaria^,Ene - Mar,298.459705
2022,23 Ciudades y áreas metropolitanas,Informal,Básica secundaria^,Feb - Abr,312.06689266666666
2022,23 Ciudades y áreas metropolitanas,Informal,Básica secundaria^,Mar - May,309.542025
2022,23 Ciudades y áreas metropolitanas,Informal,Básica secundaria^,Abr - Jun,307.71611299999995
2022,23 Ciudades y áreas metropolitanas,Informal,Básica secundaria^,May - Jul,320.59857733333337
2022,23 Ciudades y áreas metropolitanas,Informal,Básica secundaria^,Jun - Ago,321.80782833333336
2022,23 Ciudades y áreas metropolitanas,Informal,Básica secundaria^,Jul - Sep,334.2665056666667
2022,23 Ciudades y áreas metropolitanas,Informal,Básica secundaria^,Ago - Oct,327.575397
2022,23 Ciudades y áreas metropolitanas,Informal,Básica secundaria^,Sep - Nov,337.6919823333333
2022,23 Ciudades y áreas metropolitanas,Informal,Básica secundaria^,Oct - Dic,338.8329816666667
2022,23 Ciudades y áreas metropolitanas,Informal,Básica secundaria^,Nov - Ene,348.9657076666667
2022,23 Ciudades y áreas metropolitanas,Informal,Básica secundaria^,Dic - Feb,335.96158633333334
2023,23 Ciudades y áreas metropolitanas,Informal,Básica secundaria^,Ene - Mar,329.96524066666666
2023,23 Ciudades y áreas metropolitanas,Informal,Básica secundaria^,Feb - Abr,305.090287
2023,23 Ciudades y áreas metropolitanas,Informal,Básica secundaria^,Mar - May,297.85555466666665
2023,23 Ciudades y áreas metropolitanas,Informal,Básica secundaria^,Abr - Jun,291.245585
2023,23 Ciudades y áreas metropolitanas,Informal,Básica secundaria^,May - Jul,314.3663803333333
2023,23 Ciudades y áreas metropolitanas,Informal,Básica secundaria^,Jun - Ago,328.91137799999996
2023,23 Ciudades y áreas metropolitanas,Informal,Básica secundaria^,Jul - Sep,330.23634066666665
2023,23 Ciudades y áreas metropolitanas,Informal,Básica secundaria^,Ago - Oct,316.1594636666667
2023,23 Ciudades y áreas metropolitanas,Informal,Básica secundaria^,Sep - Nov,323.658774
2023,23 Ciudades y áreas metropolitanas,Informal,Básica secundaria^,Oct - Dic,328.76200833333337
2023,23 Ciudades y áreas metropolitanas,Informal,Básica secundaria^,Nov - Ene,337.38552933333335
2023,23 Ciudades y áreas metropolitanas,Informal,Básica secundaria^,Dic - Feb,327.2675586666667
2024,23 Ciudades y áreas metropolitanas,Informal,Básica secundaria^,Ene - Mar,319.2283223333333
2024,23 Ciudades y áreas metropolitanas,Informal,Básica secundaria^,Feb - Abr,314.8325056666667
2024,23 Ciudades y áreas metropolitanas,Informal,Básica secundaria^,Mar - May,312.9561463333334
2024,23 Ciudades y áreas metropolitanas,Informal,Básica secundaria^,Abr - Jun,314.740541
2024,23 Ciudades y áreas metropolitanas,Informal,Básica secundaria^,May - Jul,323.8270136666667
2024,23 Ciudades y áreas metropolitanas,Informal,Básica secundaria^,Jun - Ago,340.58475066666665
2024,23 Ciudades y áreas metropolitanas,Informal,Básica secundaria^,Jul - Sep,346.2493383333333
2024,23 Ciudades y áreas metropolitanas,Informal,Básica secundaria^,Ago - Oct,353.22782466666666
2024,23 Ciudades y áreas metropolitanas,Informal,Básica secundaria^,Sep - Nov,341.248812
2024,23 Ciudades y áreas metropolitanas,Informal,Básica secundaria^,Oct - Dic,325.48515799999996
2024,23 Ciudades y áreas metropolitanas,Informal,Básica secundaria^,Nov - Ene,294.948127
2024,23 Ciudades y áreas metropolitanas,Informal,Básica secundaria^,Dic - Feb,303.76003
2025,23 Ciudades y áreas metropolitanas,Informal,Básica secundaria^,Ene - Mar,319.741584
2025,23 Ciudades y áreas metropolitanas,Informal,Básica secundaria^,Feb - Abr,331.312712
2025,23 Ciudades y áreas metropolitanas,Informal,Básica secundaria^,Mar - May,328.703012
2025,23 Ciudades y áreas metropolitanas,Informal,Básica secundaria^,Abr - Jun,320.013501
2025,23 Ciudades y áreas metropolitanas,Informal,Básica secundaria^,May - Jul,320.098646
2025,23 Ciudades y áreas metropolitanas,Informal,Básica secundaria^,Jun - Ago,319.966585
2025,23 Ciudades y áreas metropolitanas,Informal,Básica secundaria^,Jul - Sep,318.533999
2025,23 Ciudades y áreas metropolitanas,Informal,Básica secundaria^,Ago - Oct,344.410387
2025,23 Ciudades y áreas metropolitanas,Informal,Básica secundaria^,Sep - Nov,335.806815
2025,23 Ciudades y áreas metropolitanas,Informal,Básica secundaria^,Oct - Dic,352.645011
2025,23 Ciudades y áreas metropolitanas,Informal,Básica secundaria^,Nov - Ene,305.750975
2025,23 Ciudades y áreas metropolitanas,Informal,Básica secundaria^,Dic - Feb,289.052913
2026,23 Ciudades y áreas metropolitanas,Informal,Básica secundaria^,Ene - Mar,286.9386
2026,23 Ciudades y áreas metropolitanas,Informal,Básica secundaria^,Feb - Abr,302.232976
2021,23 Ciudades y áreas metropolitanas,Informal,Educación media*^,Ene - Mar,1994.4910296666667
2021,23 Ciudades y áreas metropolitanas,Informal,Educación media*^,Feb - Abr,1996.0578913333336
2021,23 Ciudades y áreas metropolitanas,Informal,Educación media*^,Mar - May,1933.6057630000003
2021,23 Ciudades y áreas metropolitanas,Informal,Educación media*^,Abr - Jun,1908.6582500000002
2021,23 Ciudades y áreas metropolitanas,Informal,Educación media*^,May - Jul,1936.1944886666668
2021,23 Ciudades y áreas metropolitanas,Informal,Educación media*^,Jun - Ago,1991.8939873333331
2021,23 Ciudades y áreas metropolitanas,Informal,Educación media*^,Jul - Sep,1981.9779016666664
2021,23 Ciudades y áreas metropolitanas,Informal,Educación media*^,Ago - Oct,2019.4839486666667
2021,23 Ciudades y áreas metropolitanas,Informal,Educación media*^,Sep - Nov,2025.8611673333332
2021,23 Ciudades y áreas metropolitanas,Informal,Educación media*^,Oct - Dic,2049.298754666667
2021,23 Ciudades y áreas metropolitanas,Informal,Educación media*^,Nov - Ene,2013.8310333333332
2021,23 Ciudades y áreas metropolitanas,Informal,Educación media*^,Dic - Feb,2018.5022066666668
2022,23 Ciudades y áreas metropolitanas,Informal,Educación media*^,Ene - Mar,2038.3775563333336
2022,23 Ciudades y áreas metropolitanas,Informal,Educación media*^,Feb - Abr,2119.9342476666666
2022,23 Ciudades y áreas metropolitanas,Informal,Educación media*^,Mar - May,2115.0892513333333
2022,23 Ciudades y áreas metropolitanas,Informal,Educación media*^,Abr - Jun,2134.3758063333335
2022,23 Ciudades y áreas metropolitanas,Informal,Educación media*^,May - Jul,2098.666574
2022,23 Ciudades y áreas metropolitanas,Informal,Educación media*^,Jun - Ago,2105.4250193333337
2022,23 Ciudades y áreas metropolitanas,Informal,Educación media*^,Jul - Sep,2149.5674209999997
2022,23 Ciudades y áreas metropolitanas,Informal,Educación media*^,Ago - Oct,2204.7649276666666
2022,23 Ciudades y áreas metropolitanas,Informal,Educación media*^,Sep - Nov,2200.8890103333338
2022,23 Ciudades y áreas metropolitanas,Informal,Educación media*^,Oct - Dic,2164.723375
2022,23 Ciudades y áreas metropolitanas,Informal,Educación media*^,Nov - Ene,2081.3711346666664
2022,23 Ciudades y áreas metropolitanas,Informal,Educación media*^,Dic - Feb,2092.2524326666667
2023,23 Ciudades y áreas metropolitanas,Informal,Educación media*^,Ene - Mar,2069.695149333333
2023,23 Ciudades y áreas metropolitanas,Informal,Educación media*^,Feb - Abr,2108.8744846666664
2023,23 Ciudades y áreas metropolitanas,Informal,Educación media*^,Mar - May,2104.4475743333333
2023,23 Ciudades y áreas metropolitanas,Informal,Educación media*^,Abr - Jun,2096.955833
2023,23 Ciudades y áreas metropolitanas,Informal,Educación media*^,May - Jul,2114.766687
2023,23 Ciudades y áreas metropolitanas,Informal,Educación media*^,Jun - Ago,2123.330535333333
2023,23 Ciudades y áreas metropolitanas,Informal,Educación media*^,Jul - Sep,2148.1811166666666
2023,23 Ciudades y áreas metropolitanas,Informal,Educación media*^,Ago - Oct,2161.6432710000004
2023,23 Ciudades y áreas metropolitanas,Informal,Educación media*^,Sep - Nov,2171.885205666667
2023,23 Ciudades y áreas metropolitanas,Informal,Educación media*^,Oct - Dic,2176.695949666667
2023,23 Ciudades y áreas metropolitanas,Informal,Educación media*^,Nov - Ene,2095.784066333333
2023,23 Ciudades y áreas metropolitanas,Informal,Educación media*^,Dic - Feb,2088.819607666667
2024,23 Ciudades y áreas metropolitanas,Informal,Educación media*^,Ene - Mar,2089.0093363333335
2024,23 Ciudades y áreas metropolitanas,Informal,Educación media*^,Feb - Abr,2165.7010123333334
2024,23 Ciudades y áreas metropolitanas,Informal,Educación media*^,Mar - May,2200.686038
2024,23 Ciudades y áreas metropolitanas,Informal,Educación media*^,Abr - Jun,2218.170449
2024,23 Ciudades y áreas metropolitanas,Informal,Educación media*^,May - Jul,2237.298067
2024,23 Ciudades y áreas metropolitanas,Informal,Educación media*^,Jun - Ago,2250.3808436666673
2024,23 Ciudades y áreas metropolitanas,Informal,Educación media*^,Jul - Sep,2235.527953666667
2024,23 Ciudades y áreas metropolitanas,Informal,Educación media*^,Ago - Oct,2274.611657666667
2024,23 Ciudades y áreas metropolitanas,Informal,Educación media*^,Sep - Nov,2295.9623823333336
2024,23 Ciudades y áreas metropolitanas,Informal,Educación media*^,Oct - Dic,2328.6574973333336
2024,23 Ciudades y áreas metropolitanas,Informal,Educación media*^,Nov - Ene,2249.594515
2024,23 Ciudades y áreas metropolitanas,Informal,Educación media*^,Dic - Feb,2276.723051
2025,23 Ciudades y áreas metropolitanas,Informal,Educación media*^,Ene - Mar,2330.227655
2025,23 Ciudades y áreas metropolitanas,Informal,Educación media*^,Feb - Abr,2370.776222
2025,23 Ciudades y áreas metropolitanas,Informal,Educación media*^,Mar - May,2307.56721
2025,23 Ciudades y áreas metropolitanas,Informal,Educación media*^,Abr - Jun,2270.29285
2025,23 Ciudades y áreas metropolitanas,Informal,Educación media*^,May - Jul,2308.480444
2025,23 Ciudades y áreas metropolitanas,Informal,Educación media*^,Jun - Ago,2342.284211
2025,23 Ciudades y áreas metropolitanas,Informal,Educación media*^,Jul - Sep,2334.31784
2025,23 Ciudades y áreas metropolitanas,Informal,Educación media*^,Ago - Oct,2385.604073
2025,23 Ciudades y áreas metropolitanas,Informal,Educación media*^,Sep - Nov,2415.236374
2025,23 Ciudades y áreas metropolitanas,Informal,Educación media*^,Oct - Dic,2419.704839
2025,23 Ciudades y áreas metropolitanas,Informal,Educación media*^,Nov - Ene,2274.754983
2025,23 Ciudades y áreas metropolitanas,Informal,Educación media*^,Dic - Feb,2240.004372
2026,23 Ciudades y áreas metropolitanas,Informal,Educación media*^,Ene - Mar,2218.269896
2026,23 Ciudades y áreas metropolitanas,Informal,Educación media*^,Feb - Abr,2270.404181
2021,23 Ciudades y áreas metropolitanas,Informal,Técnica profesional y Tecnológica^^,Ene - Mar,457.7202086666667
2021,23 Ciudades y áreas metropolitanas,Informal,Técnica profesional y Tecnológica^^,Feb - Abr,463.27019133333334
2021,23 Ciudades y áreas metropolitanas,Informal,Técnica profesional y Tecnológica^^,Mar - May,464.6096056666667
2021,23 Ciudades y áreas metropolitanas,Informal,Técnica profesional y Tecnológica^^,Abr - Jun,472.5050606666667
2021,23 Ciudades y áreas metropolitanas,Informal,Técnica profesional y Tecnológica^^,May - Jul,475.398406
2021,23 Ciudades y áreas metropolitanas,Informal,Técnica profesional y Tecnológica^^,Jun - Ago,495.7302703333333
2021,23 Ciudades y áreas metropolitanas,Informal,Técnica profesional y Tecnológica^^,Jul - Sep,507.1929903333333
2021,23 Ciudades y áreas metropolitanas,Informal,Técnica profesional y Tecnológica^^,Ago - Oct,497.7497223333333
2021,23 Ciudades y áreas metropolitanas,Informal,Técnica profesional y Tecnológica^^,Sep - Nov,482.81091466666675
2021,23 Ciudades y áreas metropolitanas,Informal,Técnica profesional y Tecnológica^^,Oct - Dic,467.58629833333333
2021,23 Ciudades y áreas metropolitanas,Informal,Técnica profesional y Tecnológica^^,Nov - Ene,467.7923523333334
2021,23 Ciudades y áreas metropolitanas,Informal,Técnica profesional y Tecnológica^^,Dic - Feb,480.0715773333333
2022,23 Ciudades y áreas metropolitanas,Informal,Técnica profesional y Tecnológica^^,Ene - Mar,492.95169000000004
2022,23 Ciudades y áreas metropolitanas,Informal,Técnica profesional y Tecnológica^^,Feb - Abr,509.6658736666666
2022,23 Ciudades y áreas metropolitanas,Informal,Técnica profesional y Tecnológica^^,Mar - May,526.5681969999999
2022,23 Ciudades y áreas metropolitanas,Informal,Técnica profesional y Tecnológica^^,Abr - Jun,554.855282
2022,23 Ciudades y áreas metropolitanas,Informal,Técnica profesional y Tecnológica^^,May - Jul,543.9590876666666
2022,23 Ciudades y áreas metropolitanas,Informal,Técnica profesional y Tecnológica^^,Jun - Ago,531.5692983333333
2022,23 Ciudades y áreas metropolitanas,Informal,Técnica profesional y Tecnológica^^,Jul - Sep,508.027408
2022,23 Ciudades y áreas metropolitanas,Informal,Técnica profesional y Tecnológica^^,Ago - Oct,520.0198213333333
2022,23 Ciudades y áreas metropolitanas,Informal,Técnica profesional y Tecnológica^^,Sep - Nov,507.2095483333333
2022,23 Ciudades y áreas metropolitanas,Informal,Técnica profesional y Tecnológica^^,Oct - Dic,485.54334133333333
2022,23 Ciudades y áreas metropolitanas,Informal,Técnica profesional y Tecnológica^^,Nov - Ene,475.30956433333336
2022,23 Ciudades y áreas metropolitanas,Informal,Técnica profesional y Tecnológica^^,Dic - Feb,464.5754253333334
2023,23 Ciudades y áreas metropolitanas,Informal,Técnica profesional y Tecnológica^^,Ene - Mar,483.4690223333334
2023,23 Ciudades y áreas metropolitanas,Informal,Técnica profesional y Tecnológica^^,Feb - Abr,491.40651099999997
2023,23 Ciudades y áreas metropolitanas,Informal,Técnica profesional y Tecnológica^^,Mar - May,516.7554596666668
2023,23 Ciudades y áreas metropolitanas,Informal,Técnica profesional y Tecnológica^^,Abr - Jun,525.3146396666667
2023,23 Ciudades y áreas metropolitanas,Informal,Técnica profesional y Tecnológica^^,May - Jul,540.6514516666666
2023,23 Ciudades y áreas metropolitanas,Informal,Técnica profesional y Tecnológica^^,Jun - Ago,544.1195503333333
2023,23 Ciudades y áreas metropolitanas,Informal,Técnica profesional y Tecnológica^^,Jul - Sep,522.3067636666666
2023,23 Ciudades y áreas metropolitanas,Informal,Técnica profesional y Tecnológica^^,Ago - Oct,504.01653933333336
2023,23 Ciudades y áreas metropolitanas,Informal,Técnica profesional y Tecnológica^^,Sep - Nov,491.7806716666667
2023,23 Ciudades y áreas metropolitanas,Informal,Técnica profesional y Tecnológica^^,Oct - Dic,497.826926
2023,23 Ciudades y áreas metropolitanas,Informal,Técnica profesional y Tecnológica^^,Nov - Ene,493.43890833333336
2023,23 Ciudades y áreas metropolitanas,Informal,Técnica profesional y Tecnológica^^,Dic - Feb,529.481551
2024,23 Ciudades y áreas metropolitanas,Informal,Técnica profesional y Tecnológica^^,Ene - Mar,531.6802703333334
2024,23 Ciudades y áreas metropolitanas,Informal,Técnica profesional y Tecnológica^^,Feb - Abr,533.0964266666666
2024,23 Ciudades y áreas metropolitanas,Informal,Técnica profesional y Tecnológica^^,Mar - May,524.1497816666666
2024,23 Ciudades y áreas metropolitanas,Informal,Técnica profesional y Tecnológica^^,Abr - Jun,509.46969800000005
2024,23 Ciudades y áreas metropolitanas,Informal,Técnica profesional y Tecnológica^^,May - Jul,524.1243479999999
2024,23 Ciudades y áreas metropolitanas,Informal,Técnica profesional y Tecnológica^^,Jun - Ago,517.3958166666666
2024,23 Ciudades y áreas metropolitanas,Informal,Técnica profesional y Tecnológica^^,Jul - Sep,539.6150133333334
2024,23 Ciudades y áreas metropolitanas,Informal,Técnica profesional y Tecnológica^^,Ago - Oct,524.9558860000001
2024,23 Ciudades y áreas metropolitanas,Informal,Técnica profesional y Tecnológica^^,Sep - Nov,501.06595666666664
2024,23 Ciudades y áreas metropolitanas,Informal,Técnica profesional y Tecnológica^^,Oct - Dic,510.97042933333336
2024,23 Ciudades y áreas metropolitanas,Informal,Técnica profesional y Tecnológica^^,Nov - Ene,555.437064
2024,23 Ciudades y áreas metropolitanas,Informal,Técnica profesional y Tecnológica^^,Dic - Feb,563.585022
2025,23 Ciudades y áreas metropolitanas,Informal,Técnica profesional y Tecnológica^^,Ene - Mar,550.539285
2025,23 Ciudades y áreas metropolitanas,Informal,Técnica profesional y Tecnológica^^,Feb - Abr,536.007836
2025,23 Ciudades y áreas metropolitanas,Informal,Técnica profesional y Tecnológica^^,Mar - May,547.201029
2025,23 Ciudades y áreas metropolitanas,Informal,Técnica profesional y Tecnológica^^,Abr - Jun,565.315344
2025,23 Ciudades y áreas metropolitanas,Informal,Técnica profesional y Tecnológica^^,May - Jul,573.474987
2025,23 Ciudades y áreas metropolitanas,Informal,Técnica profesional y Tecnológica^^,Jun - Ago,590.525115
2025,23 Ciudades y áreas metropolitanas,Informal,Técnica profesional y Tecnológica^^,Jul - Sep,576.419815
2025,23 Ciudades y áreas metropolitanas,Informal,Técnica profesional y Tecnológica^^,Ago - Oct,571.800189
2025,23 Ciudades y áreas metropolitanas,Informal,Técnica profesional y Tecnológica^^,Sep - Nov,557.688989
2025,23 Ciudades y áreas metropolitanas,Informal,Técnica profesional y Tecnológica^^,Oct - Dic,573.550494
2025,23 Ciudades y áreas metropolitanas,Informal,Técnica profesional y Tecnológica^^,Nov - Ene,564.128312
2025,23 Ciudades y áreas metropolitanas,Informal,Técnica profesional y Tecnológica^^,Dic - Feb,567.765807
2026,23 Ciudades y áreas metropolitanas,Informal,Técnica profesional y Tecnológica^^,Ene - Mar,561.553496
2026,23 Ciudades y áreas metropolitanas,Informal,Técnica profesional y Tecnológica^^,Feb - Abr,572.805842
2021,23 Ciudades y áreas metropolitanas,Informal,Universitaria,Ene - Mar,489.276362
2021,23 Ciudades y áreas metropolitanas,Informal,Universitaria,Feb - Abr,505.10892766666666
2021,23 Ciudades y áreas metropolitanas,Informal,Universitaria,Mar - May,517.6227503333333
2021,23 Ciudades y áreas metropolitanas,Informal,Universitaria,Abr - Jun,515.2137253333333
2021,23 Ciudades y áreas metropolitanas,Informal,Universitaria,May - Jul,491.814192
2021,23 Ciudades y áreas metropolitanas,Informal,Universitaria,Jun - Ago,465.9749726666667
2021,23 Ciudades y áreas metropolitanas,Informal,Universitaria,Jul - Sep,458.004301
2021,23 Ciudades y áreas metropolitanas,Informal,Universitaria,Ago - Oct,478.56598699999995
2021,23 Ciudades y áreas metropolitanas,Informal,Universitaria,Sep - Nov,494.34805466666666
2021,23 Ciudades y áreas metropolitanas,Informal,Universitaria,Oct - Dic,524.0904736666666
2021,23 Ciudades y áreas metropolitanas,Informal,Universitaria,Nov - Ene,515.273418
2021,23 Ciudades y áreas metropolitanas,Informal,Universitaria,Dic - Feb,536.71027
2022,23 Ciudades y áreas metropolitanas,Informal,Universitaria,Ene - Mar,539.0389650000001
2022,23 Ciudades y áreas metropolitanas,Informal,Universitaria,Feb - Abr,534.9970443333333
2022,23 Ciudades y áreas metropolitanas,Informal,Universitaria,Mar - May,515.6181156666667
2022,23 Ciudades y áreas metropolitanas,Informal,Universitaria,Abr - Jun,482.0108643333333
2022,23 Ciudades y áreas metropolitanas,Informal,Universitaria,May - Jul,468.45566966666667
2022,23 Ciudades y áreas metropolitanas,Informal,Universitaria,Jun - Ago,450.3843023333334
2022,23 Ciudades y áreas metropolitanas,Informal,Universitaria,Jul - Sep,456.8644736666667
2022,23 Ciudades y áreas metropolitanas,Informal,Universitaria,Ago - Oct,447.23727833333334
2022,23 Ciudades y áreas metropolitanas,Informal,Universitaria,Sep - Nov,447.7939913333334
2022,23 Ciudades y áreas metropolitanas,Informal,Universitaria,Oct - Dic,427.558431
2022,23 Ciudades y áreas metropolitanas,Informal,Universitaria,Nov - Ene,432.2340893333333
2022,23 Ciudades y áreas metropolitanas,Informal,Universitaria,Dic - Feb,428.4095783333334
2023,23 Ciudades y áreas metropolitanas,Informal,Universitaria,Ene - Mar,448.33268833333335
2023,23 Ciudades y áreas metropolitanas,Informal,Universitaria,Feb - Abr,438.33803400000005
2023,23 Ciudades y áreas metropolitanas,Informal,Universitaria,Mar - May,432.1791563333333
2023,23 Ciudades y áreas metropolitanas,Informal,Universitaria,Abr - Jun,428.995187
2023,23 Ciudades y áreas metropolitanas,Informal,Universitaria,May - Jul,425.3971986666667
2023,23 Ciudades y áreas metropolitanas,Informal,Universitaria,Jun - Ago,428.5292733333333
2023,23 Ciudades y áreas metropolitanas,Informal,Universitaria,Jul - Sep,417.26057199999997
2023,23 Ciudades y áreas metropolitanas,Informal,Universitaria,Ago - Oct,426.7653393333333
2023,23 Ciudades y áreas metropolitanas,Informal,Universitaria,Sep - Nov,432.007268
2023,23 Ciudades y áreas metropolitanas,Informal,Universitaria,Oct - Dic,421.118514
2023,23 Ciudades y áreas metropolitanas,Informal,Universitaria,Nov - Ene,426.04189199999996
2023,23 Ciudades y áreas metropolitanas,Informal,Universitaria,Dic - Feb,398.67470166666664
2024,23 Ciudades y áreas metropolitanas,Informal,Universitaria,Ene - Mar,400.84227366666664
2024,23 Ciudades y áreas metropolitanas,Informal,Universitaria,Feb - Abr,397.59583599999996
2024,23 Ciudades y áreas metropolitanas,Informal,Universitaria,Mar - May,427.0019516666667
2024,23 Ciudades y áreas metropolitanas,Informal,Universitaria,Abr - Jun,429.609134
2024,23 Ciudades y áreas metropolitanas,Informal,Universitaria,May - Jul,422.5565276666666
2024,23 Ciudades y áreas metropolitanas,Informal,Universitaria,Jun - Ago,423.31438899999995
2024,23 Ciudades y áreas metropolitanas,Informal,Universitaria,Jul - Sep,444.5620243333333
2024,23 Ciudades y áreas metropolitanas,Informal,Universitaria,Ago - Oct,456.9878753333333
2024,23 Ciudades y áreas metropolitanas,Informal,Universitaria,Sep - Nov,455.120791
2024,23 Ciudades y áreas metropolitanas,Informal,Universitaria,Oct - Dic,452.8710533333333
2024,23 Ciudades y áreas metropolitanas,Informal,Universitaria,Nov - Ene,451.251879
2024,23 Ciudades y áreas metropolitanas,Informal,Universitaria,Dic - Feb,441.776685
2025,23 Ciudades y áreas metropolitanas,Informal,Universitaria,Ene - Mar,439.49492
2025,23 Ciudades y áreas metropolitanas,Informal,Universitaria,Feb - Abr,437.208424
2025,23 Ciudades y áreas metropolitanas,Informal,Universitaria,Mar - May,451.645339
2025,23 Ciudades y áreas metropolitanas,Informal,Universitaria,Abr - Jun,457.787594
2025,23 Ciudades y áreas metropolitanas,Informal,Universitaria,May - Jul,450.30651
2025,23 Ciudades y áreas metropolitanas,Informal,Universitaria,Jun - Ago,449.694044
2025,23 Ciudades y áreas metropolitanas,Informal,Universitaria,Jul - Sep,411.098496
2025,23 Ciudades y áreas metropolitanas,Informal,Universitaria,Ago - Oct,433.616288
2025,23 Ciudades y áreas metropolitanas,Informal,Universitaria,Sep - Nov,426.930942
2025,23 Ciudades y áreas metropolitanas,Informal,Universitaria,Oct - Dic,436.808344
2025,23 Ciudades y áreas metropolitanas,Informal,Universitaria,Nov - Ene,421.233552
2025,23 Ciudades y áreas metropolitanas,Informal,Universitaria,Dic - Feb,460.245656
2026,23 Ciudades y áreas metropolitanas,Informal,Universitaria,Ene - Mar,493.132781
2026,23 Ciudades y áreas metropolitanas,Informal,Universitaria,Feb - Abr,509.316165
2021,23 Ciudades y áreas metropolitanas,Informal,Posgrado,Ene - Mar,103.39217500000001
2021,23 Ciudades y áreas metropolitanas,Informal,Posgrado,Feb - Abr,108.55655833333334
2021,23 Ciudades y áreas metropolitanas,Informal,Posgrado,Mar - May,97.833484
2021,23 Ciudades y áreas metropolitanas,Informal,Posgrado,Abr - Jun,108.76608466666666
2021,23 Ciudades y áreas metropolitanas,Informal,Posgrado,May - Jul,105.032191
2021,23 Ciudades y áreas metropolitanas,Informal,Posgrado,Jun - Ago,108.00269266666668
2021,23 Ciudades y áreas metropolitanas,Informal,Posgrado,Jul - Sep,109.24970266666666
2021,23 Ciudades y áreas metropolitanas,Informal,Posgrado,Ago - Oct,113.07348366666668
2021,23 Ciudades y áreas metropolitanas,Informal,Posgrado,Sep - Nov,109.15550633333334
2021,23 Ciudades y áreas metropolitanas,Informal,Posgrado,Oct - Dic,107.40676366666666
2021,23 Ciudades y áreas metropolitanas,Informal,Posgrado,Nov - Ene,91.80258866666667
2021,23 Ciudades y áreas metropolitanas,Informal,Posgrado,Dic - Feb,88.252026
2022,23 Ciudades y áreas metropolitanas,Informal,Posgrado,Ene - Mar,85.00853933333333
2022,23 Ciudades y áreas metropolitanas,Informal,Posgrado,Feb - Abr,99.37505566666668
2022,23 Ciudades y áreas metropolitanas,Informal,Posgrado,Mar - May,114.74630300000001
2022,23 Ciudades y áreas metropolitanas,Informal,Posgrado,Abr - Jun,112.34191233333333
2022,23 Ciudades y áreas metropolitanas,Informal,Posgrado,May - Jul,112.57695700000001
2022,23 Ciudades y áreas metropolitanas,Informal,Posgrado,Jun - Ago,102.72830133333333
2022,23 Ciudades y áreas metropolitanas,Informal,Posgrado,Jul - Sep,98.11229200000001
2022,23 Ciudades y áreas metropolitanas,Informal,Posgrado,Ago - Oct,93.14062
2022,23 Ciudades y áreas metropolitanas,Informal,Posgrado,Sep - Nov,98.14941566666666
2022,23 Ciudades y áreas metropolitanas,Informal,Posgrado,Oct - Dic,115.31569333333333
2022,23 Ciudades y áreas metropolitanas,Informal,Posgrado,Nov - Ene,106.77364966666666
2022,23 Ciudades y áreas metropolitanas,Informal,Posgrado,Dic - Feb,97.80841333333335
2023,23 Ciudades y áreas metropolitanas,Informal,Posgrado,Ene - Mar,83.81707666666667
2023,23 Ciudades y áreas metropolitanas,Informal,Posgrado,Feb - Abr,85.01055633333334
2023,23 Ciudades y áreas metropolitanas,Informal,Posgrado,Mar - May,85.62823033333332
2023,23 Ciudades y áreas metropolitanas,Informal,Posgrado,Abr - Jun,92.88118533333333
2023,23 Ciudades y áreas metropolitanas,Informal,Posgrado,May - Jul,96.22713566666665
2023,23 Ciudades y áreas metropolitanas,Informal,Posgrado,Jun - Ago,96.07718666666666
2023,23 Ciudades y áreas metropolitanas,Informal,Posgrado,Jul - Sep,100.445613
2023,23 Ciudades y áreas metropolitanas,Informal,Posgrado,Ago - Oct,107.57093766666667
2023,23 Ciudades y áreas metropolitanas,Informal,Posgrado,Sep - Nov,107.03055733333332
2023,23 Ciudades y áreas metropolitanas,Informal,Posgrado,Oct - Dic,94.81640599999999
2023,23 Ciudades y áreas metropolitanas,Informal,Posgrado,Nov - Ene,85.19149599999999
2023,23 Ciudades y áreas metropolitanas,Informal,Posgrado,Dic - Feb,93.668634
2024,23 Ciudades y áreas metropolitanas,Informal,Posgrado,Ene - Mar,110.33692733333332
2024,23 Ciudades y áreas metropolitanas,Informal,Posgrado,Feb - Abr,121.68993666666665
2024,23 Ciudades y áreas metropolitanas,Informal,Posgrado,Mar - May,108.67390533333332
2024,23 Ciudades y áreas metropolitanas,Informal,Posgrado,Abr - Jun,107.00136966666666
2024,23 Ciudades y áreas metropolitanas,Informal,Posgrado,May - Jul,108.66683733333332
2024,23 Ciudades y áreas metropolitanas,Informal,Posgrado,Jun - Ago,116.56306533333334
2024,23 Ciudades y áreas metropolitanas,Informal,Posgrado,Jul - Sep,113.811058
2024,23 Ciudades y áreas metropolitanas,Informal,Posgrado,Ago - Oct,94.141618
2024,23 Ciudades y áreas metropolitanas,Informal,Posgrado,Sep - Nov,98.87490000000001
2024,23 Ciudades y áreas metropolitanas,Informal,Posgrado,Oct - Dic,94.691344
2024,23 Ciudades y áreas metropolitanas,Informal,Posgrado,Nov - Ene,111.274251
2024,23 Ciudades y áreas metropolitanas,Informal,Posgrado,Dic - Feb,123.42258
2025,23 Ciudades y áreas metropolitanas,Informal,Posgrado,Ene - Mar,133.146954
2025,23 Ciudades y áreas metropolitanas,Informal,Posgrado,Feb - Abr,140.669637
2025,23 Ciudades y áreas metropolitanas,Informal,Posgrado,Mar - May,123.079129
2025,23 Ciudades y áreas metropolitanas,Informal,Posgrado,Abr - Jun,111.746447
2025,23 Ciudades y áreas metropolitanas,Informal,Posgrado,May - Jul,104.805084
2025,23 Ciudades y áreas metropolitanas,Informal,Posgrado,Jun - Ago,107.069428
2025,23 Ciudades y áreas metropolitanas,Informal,Posgrado,Jul - Sep,112.567097
2025,23 Ciudades y áreas metropolitanas,Informal,Posgrado,Ago - Oct,112.163978
2025,23 Ciudades y áreas metropolitanas,Informal,Posgrado,Sep - Nov,110.657213
2025,23 Ciudades y áreas metropolitanas,Informal,Posgrado,Oct - Dic,97.22495
2025,23 Ciudades y áreas metropolitanas,Informal,Posgrado,Nov - Ene,110.521921
2025,23 Ciudades y áreas metropolitanas,Informal,Posgrado,Dic - Feb,123.678681
2026,23 Ciudades y áreas metropolitanas,Informal,Posgrado,Ene - Mar,147.227045
2026,23 Ciudades y áreas metropolitanas,Informal,Posgrado,Feb - Abr,124.185178
