Fecha,Perspectiva,Sexo,Concepto,Periodo,Valor
2021,Total nacional,Total,Población ocupada,Ene - Mar,19787.210458666665
2021,Total nacional,Total,Población ocupada,Feb - Abr,20004.15751266667
2021,Total nacional,Total,Población ocupada,Mar - May,19946.438146333337
2021,Total nacional,Total,Población ocupada,Abr - Jun,19939.257222666667
2021,Total nacional,Total,Población ocupada,May - Jul,20159.417250333336
2021,Total nacional,Total,Población ocupada,Jun - Ago,20355.450913666664
2021,Total nacional,Total,Población ocupada,Jul - Sep,20558.206703666667
2021,Total nacional,Total,Población ocupada,Ago - Oct,20780.735785333334
2021,Total nacional,Total,Población ocupada,Sep - Nov,21010.881780666667
2021,Total nacional,Total,Población ocupada,Oct - Dic,21282.291796
2021,Total nacional,Total,Población ocupada,Nov - Ene,21152.724937666666
2021,Total nacional,Total,Población ocupada,Dic - Feb,21290.670992
2022,Total nacional,Total,Población ocupada,Ene - Mar,21352.177793
2022,Total nacional,Total,Población ocupada,Feb - Abr,21772.714409333334
2022,Total nacional,Total,Población ocupada,Mar - May,21940.662028000002
2022,Total nacional,Total,Población ocupada,Abr - Jun,22054.917514999997
2022,Total nacional,Total,Población ocupada,May - Jul,22087.473180999998
2022,Total nacional,Total,Población ocupada,Jun - Ago,22079.220003666665
2022,Total nacional,Total,Población ocupada,Jul - Sep,22201.465962333332
2022,Total nacional,Total,Población ocupada,Ago - Oct,22385.128792666666
2022,Total nacional,Total,Población ocupada,Sep - Nov,22493.886424333334
2022,Total nacional,Total,Población ocupada,Oct - Dic,22520.158621666666
2022,Total nacional,Total,Población ocupada,Nov - Ene,22148.664008666663
2022,Total nacional,Total,Población ocupada,Dic - Feb,22064.135597
2023,Total nacional,Total,Población ocupada,Ene - Mar,22172.651851333332
2023,Total nacional,Total,Población ocupada,Feb - Abr,22589.448848333337
2023,Total nacional,Total,Población ocupada,Mar - May,22701.036206666668
2023,Total nacional,Total,Población ocupada,Abr - Jun,22787.22184833333
2023,Total nacional,Total,Población ocupada,May - Jul,22933.833811333334
2023,Total nacional,Total,Población ocupada,Jun - Ago,23131.70821
2023,Total nacional,Total,Población ocupada,Jul - Sep,23149.819886666664
2023,Total nacional,Total,Población ocupada,Ago - Oct,23116.482338666665
2023,Total nacional,Total,Población ocupada,Sep - Nov,23124.637365333332
2023,Total nacional,Total,Población ocupada,Oct - Dic,23043.881428666664
2023,Total nacional,Total,Población ocupada,Nov - Ene,22691.48863133333
2023,Total nacional,Total,Población ocupada,Dic - Feb,22460.620363666665
2024,Total nacional,Total,Población ocupada,Ene - Mar,22387.53679433333
2024,Total nacional,Total,Población ocupada,Feb - Abr,22667.548709333332
2024,Total nacional,Total,Población ocupada,Mar - May,22846.60044966667
2024,Total nacional,Total,Población ocupada,Abr - Jun,22938.895007
2024,Total nacional,Total,Población ocupada,May - Jul,23051.676656666667
2024,Total nacional,Total,Población ocupada,Jun - Ago,23180.937313666665
2024,Total nacional,Total,Población ocupada,Jul - Sep,23278.056746000002
2024,Total nacional,Total,Población ocupada,Ago - Oct,23341.430961333335
2024,Total nacional,Total,Población ocupada,Sep - Nov,23403.893784333337
2024,Total nacional,Total,Población ocupada,Oct - Dic,23539.682919
2024,Total nacional,Total,Población ocupada,Nov - Ene,23376.259302
2024,Total nacional,Total,Población ocupada,Dic - Feb,23330.997814
2025,Total nacional,Total,Población ocupada,Ene - Mar,23358.235019
2025,Total nacional,Total,Población ocupada,Feb - Abr,23582.649624
2025,Total nacional,Total,Población ocupada,Mar - May,23635.101319
2025,Total nacional,Total,Población ocupada,Abr - Jun,23651.954433
2025,Total nacional,Total,Población ocupada,May - Jul,23782.943116
2025,Total nacional,Total,Población ocupada,Jun - Ago,23844.278902
2025,Total nacional,Total,Población ocupada,Jul - Sep,23902.24325
2025,Total nacional,Total,Población ocupada,Ago - Oct,24035.76622
2025,Total nacional,Total,Población ocupada,Sep - Nov,24298.367977
2025,Total nacional,Total,Población ocupada,Oct - Dic,24397.302737
2025,Total nacional,Total,Población ocupada,Nov - Ene,24016.432111
2025,Total nacional,Total,Población ocupada,Dic - Feb,23848.204876
2026,Total nacional,Total,Población ocupada,Ene - Mar,23890.987975
2026,Total nacional,Total,Población ocupada,Feb - Abr,24241.02269
2021,Total nacional,Total,Formal,Ene - Mar,7785.653908666667
2021,Total nacional,Total,Formal,Feb - Abr,7909.355157000001
2021,Total nacional,Total,Formal,Mar - May,8072.084484
2021,Total nacional,Total,Formal,Abr - Jun,8129.446118333333
2021,Total nacional,Total,Formal,May - Jul,8238.332096666667
2021,Total nacional,Total,Formal,Jun - Ago,8213.251104
2021,Total nacional,Total,Formal,Jul - Sep,8379.499542
2021,Total nacional,Total,Formal,Ago - Oct,8468.644289000002
2021,Total nacional,Total,Formal,Sep - Nov,8699.100822
2021,Total nacional,Total,Formal,Oct - Dic,8786.183250666667
2021,Total nacional,Total,Formal,Nov - Ene,8877.007702666668
2021,Total nacional,Total,Formal,Dic - Feb,8866.115357
2022,Total nacional,Total,Formal,Ene - Mar,8871.164574
2022,Total nacional,Total,Formal,Feb - Abr,8972.862147
2022,Total nacional,Total,Formal,Mar - May,9209.821490666667
2022,Total nacional,Total,Formal,Abr - Jun,9319.959230333334
2022,Total nacional,Total,Formal,May - Jul,9320.579292666667
2022,Total nacional,Total,Formal,Jun - Ago,9295.435332333333
2022,Total nacional,Total,Formal,Jul - Sep,9317.692012
2022,Total nacional,Total,Formal,Ago - Oct,9435.209284333332
2022,Total nacional,Total,Formal,Sep - Nov,9449.594036333334
2022,Total nacional,Total,Formal,Oct - Dic,9555.084776000002
2022,Total nacional,Total,Formal,Nov - Ene,9378.897764333333
2022,Total nacional,Total,Formal,Dic - Feb,9306.445961
2023,Total nacional,Total,Formal,Ene - Mar,9275.529452333334
2023,Total nacional,Total,Formal,Feb - Abr,9606.630535666665
2023,Total nacional,Total,Formal,Mar - May,9844.298999666666
2023,Total nacional,Total,Formal,Abr - Jun,10086.912075666667
2023,Total nacional,Total,Formal,May - Jul,10109.484209666667
2023,Total nacional,Total,Formal,Jun - Ago,10185.146267999999
2023,Total nacional,Total,Formal,Jul - Sep,10163.486025
2023,Total nacional,Total,Formal,Ago - Oct,10240.098126333332
2023,Total nacional,Total,Formal,Sep - Nov,10298.674289
2023,Total nacional,Total,Formal,Oct - Dic,10251.100362666666
2023,Total nacional,Total,Formal,Nov - Ene,10054.055346000001
2023,Total nacional,Total,Formal,Dic - Feb,9815.573713
2024,Total nacional,Total,Formal,Ene - Mar,9792.551913333335
2024,Total nacional,Total,Formal,Feb - Abr,9911.884756
2024,Total nacional,Total,Formal,Mar - May,10090.831013666668
2024,Total nacional,Total,Formal,Abr - Jun,10143.182266666667
2024,Total nacional,Total,Formal,May - Jul,10172.497691666666
2024,Total nacional,Total,Formal,Jun - Ago,10204.013674
2024,Total nacional,Total,Formal,Jul - Sep,10280.891537666668
2024,Total nacional,Total,Formal,Ago - Oct,10365.881872
2024,Total nacional,Total,Formal,Sep - Nov,10452.200478666668
2024,Total nacional,Total,Formal,Oct - Dic,10416.460848333334
2024,Total nacional,Total,Formal,Nov - Ene,10278.111016
2024,Total nacional,Total,Formal,Dic - Feb,10070.076338
2025,Total nacional,Total,Formal,Ene - Mar,10004.248083
2025,Total nacional,Total,Formal,Feb - Abr,10193.976907
2025,Total nacional,Total,Formal,Mar - May,10415.646119
2025,Total nacional,Total,Formal,Abr - Jun,10633.526133
2025,Total nacional,Total,Formal,May - Jul,10707.799927
2025,Total nacional,Total,Formal,Jun - Ago,10686.791196
2025,Total nacional,Total,Formal,Jul - Sep,10754.485423
2025,Total nacional,Total,Formal,Ago - Oct,10710.24066
2025,Total nacional,Total,Formal,Sep - Nov,10848.084908
2025,Total nacional,Total,Formal,Oct - Dic,10811.989069
2025,Total nacional,Total,Formal,Nov - Ene,10726.999686
2025,Total nacional,Total,Formal,Dic - Feb,10659.72814
2026,Total nacional,Total,Formal,Ene - Mar,10672.697775
2026,Total nacional,Total,Formal,Feb - Abr,10896.187587
2021,Total nacional,Total,Informal,Ene - Mar,12001.55655
2021,Total nacional,Total,Informal,Feb - Abr,12094.802355666665
2021,Total nacional,Total,Informal,Mar - May,11874.353662333333
2021,Total nacional,Total,Informal,Abr - Jun,11809.811104
2021,Total nacional,Total,Informal,May - Jul,11921.085153666665
2021,Total nacional,Total,Informal,Jun - Ago,12142.199809666665
2021,Total nacional,Total,Informal,Jul - Sep,12178.707161999999
2021,Total nacional,Total,Informal,Ago - Oct,12312.091496333334
2021,Total nacional,Total,Informal,Sep - Nov,12311.780958666668
2021,Total nacional,Total,Informal,Oct - Dic,12496.108545333334
2021,Total nacional,Total,Informal,Nov - Ene,12275.717234999998
2021,Total nacional,Total,Informal,Dic - Feb,12424.555634999999
2022,Total nacional,Total,Informal,Ene - Mar,12481.013219
2022,Total nacional,Total,Informal,Feb - Abr,12799.852262333334
2022,Total nacional,Total,Informal,Mar - May,12730.840537333332
2022,Total nacional,Total,Informal,Abr - Jun,12734.958284666667
2022,Total nacional,Total,Informal,May - Jul,12766.893888333332
2022,Total nacional,Total,Informal,Jun - Ago,12783.784671333333
2022,Total nacional,Total,Informal,Jul - Sep,12883.773950333334
2022,Total nacional,Total,Informal,Ago - Oct,12949.919508666666
2022,Total nacional,Total,Informal,Sep - Nov,13044.292388666669
2022,Total nacional,Total,Informal,Oct - Dic,12965.073846666666
2022,Total nacional,Total,Informal,Nov - Ene,12769.766245
2022,Total nacional,Total,Informal,Dic - Feb,12757.689636333334
2023,Total nacional,Total,Informal,Ene - Mar,12897.122399
2023,Total nacional,Total,Informal,Feb - Abr,12982.818312666664
2023,Total nacional,Total,Informal,Mar - May,12856.737207
2023,Total nacional,Total,Informal,Abr - Jun,12700.309772666666
2023,Total nacional,Total,Informal,May - Jul,12824.349602
2023,Total nacional,Total,Informal,Jun - Ago,12946.561942333332
2023,Total nacional,Total,Informal,Jul - Sep,12986.333862
2023,Total nacional,Total,Informal,Ago - Oct,12876.384211999999
2023,Total nacional,Total,Informal,Sep - Nov,12825.963076
2023,Total nacional,Total,Informal,Oct - Dic,12792.781065666668
2023,Total nacional,Total,Informal,Nov - Ene,12637.433285333333
2023,Total nacional,Total,Informal,Dic - Feb,12645.046650666665
2024,Total nacional,Total,Informal,Ene - Mar,12594.984881333336
2024,Total nacional,Total,Informal,Feb - Abr,12755.663953333331
2024,Total nacional,Total,Informal,Mar - May,12755.769436
2024,Total nacional,Total,Informal,Abr - Jun,12795.712739666667
2024,Total nacional,Total,Informal,May - Jul,12879.178965
2024,Total nacional,Total,Informal,Jun - Ago,12976.923639666667
2024,Total nacional,Total,Informal,Jul - Sep,12997.165208666667
2024,Total nacional,Total,Informal,Ago - Oct,12975.549089333334
2024,Total nacional,Total,Informal,Sep - Nov,12951.693305666668
2024,Total nacional,Total,Informal,Oct - Dic,13123.222070666665
2024,Total nacional,Total,Informal,Nov - Ene,13098.148286
2024,Total nacional,Total,Informal,Dic - Feb,13260.921476
2025,Total nacional,Total,Informal,Ene - Mar,13353.986936
2025,Total nacional,Total,Informal,Feb - Abr,13388.672717
2025,Total nacional,Total,Informal,Mar - May,13219.455199
2025,Total nacional,Total,Informal,Abr - Jun,13018.4283
2025,Total nacional,Total,Informal,May - Jul,13075.14319
2025,Total nacional,Total,Informal,Jun - Ago,13157.487706
2025,Total nacional,Total,Informal,Jul - Sep,13147.757827
2025,Total nacional,Total,Informal,Ago - Oct,13325.525561
2025,Total nacional,Total,Informal,Sep - Nov,13450.283069
2025,Total nacional,Total,Informal,Oct - Dic,13585.313668
2025,Total nacional,Total,Informal,Nov - Ene,13289.432426
2025,Total nacional,Total,Informal,Dic - Feb,13188.476735
2026,Total nacional,Total,Informal,Ene - Mar,13218.2902
2026,Total nacional,Total,Informal,Feb - Abr,13344.835103
2021,Total nacional,Hombres,Población ocupada,Ene - Mar,12111.381734
2021,Total nacional,Hombres,Población ocupada,Feb - Abr,12236.584305333332
2021,Total nacional,Hombres,Población ocupada,Mar - May,12198.133271333334
2021,Total nacional,Hombres,Población ocupada,Abr - Jun,12140.426256
2021,Total nacional,Hombres,Población ocupada,May - Jul,12260.087837333333
2021,Total nacional,Hombres,Población ocupada,Jun - Ago,12401.017710666667
2021,Total nacional,Hombres,Población ocupada,Jul - Sep,12531.418437
2021,Total nacional,Hombres,Población ocupada,Ago - Oct,12656.861486
2021,Total nacional,Hombres,Población ocupada,Sep - Nov,12735.628063000002
2021,Total nacional,Hombres,Población ocupada,Oct - Dic,12843.840313333334
2021,Total nacional,Hombres,Población ocupada,Nov - Ene,12743.074589333331
2021,Total nacional,Hombres,Población ocupada,Dic - Feb,12757.611857000002
2022,Total nacional,Hombres,Población ocupada,Ene - Mar,12772.456318333332
2022,Total nacional,Hombres,Población ocupada,Feb - Abr,12919.649402666668
2022,Total nacional,Hombres,Población ocupada,Mar - May,13025.122249
2022,Total nacional,Hombres,Población ocupada,Abr - Jun,13059.180171333333
2022,Total nacional,Hombres,Población ocupada,May - Jul,13090.432332666669
2022,Total nacional,Hombres,Población ocupada,Jun - Ago,13047.569397
2022,Total nacional,Hombres,Población ocupada,Jul - Sep,13050.800823
2022,Total nacional,Hombres,Población ocupada,Ago - Oct,13160.852973666668
2022,Total nacional,Hombres,Población ocupada,Sep - Nov,13225.871499
2022,Total nacional,Hombres,Población ocupada,Oct - Dic,13276.839117666668
2022,Total nacional,Hombres,Población ocupada,Nov - Ene,13095.051663333332
2022,Total nacional,Hombres,Población ocupada,Dic - Feb,13055.529846666666
2023,Total nacional,Hombres,Población ocupada,Ene - Mar,13118.793760999999
2023,Total nacional,Hombres,Población ocupada,Feb - Abr,13310.119557666665
2023,Total nacional,Hombres,Población ocupada,Mar - May,13328.523953999998
2023,Total nacional,Hombres,Población ocupada,Abr - Jun,13357.248584666666
2023,Total nacional,Hombres,Población ocupada,May - Jul,13388.669225
2023,Total nacional,Hombres,Población ocupada,Jun - Ago,13508.733195
2023,Total nacional,Hombres,Población ocupada,Jul - Sep,13490.093146666666
2023,Total nacional,Hombres,Población ocupada,Ago - Oct,13465.333756
2023,Total nacional,Hombres,Población ocupada,Sep - Nov,13473.831095
2023,Total nacional,Hombres,Población ocupada,Oct - Dic,13458.584745666667
2023,Total nacional,Hombres,Población ocupada,Nov - Ene,13362.732376
2023,Total nacional,Hombres,Población ocupada,Dic - Feb,13261.218176
2024,Total nacional,Hombres,Población ocupada,Ene - Mar,13207.089252666667
2024,Total nacional,Hombres,Población ocupada,Feb - Abr,13267.277896
2024,Total nacional,Hombres,Población ocupada,Mar - May,13341.624569666667
2024,Total nacional,Hombres,Población ocupada,Abr - Jun,13429.720278666666
2024,Total nacional,Hombres,Población ocupada,May - Jul,13516.059531666668
2024,Total nacional,Hombres,Población ocupada,Jun - Ago,13557.446081333333
2024,Total nacional,Hombres,Población ocupada,Jul - Sep,13597.065870666667
2024,Total nacional,Hombres,Población ocupada,Ago - Oct,13653.196694666665
2024,Total nacional,Hombres,Población ocupada,Sep - Nov,13686.173685666667
2024,Total nacional,Hombres,Población ocupada,Oct - Dic,13722.208895000002
2024,Total nacional,Hombres,Población ocupada,Nov - Ene,13706.322989
2024,Total nacional,Hombres,Población ocupada,Dic - Feb,13699.734792
2025,Total nacional,Hombres,Población ocupada,Ene - Mar,13717.091204
2025,Total nacional,Hombres,Población ocupada,Feb - Abr,13769.684803
2025,Total nacional,Hombres,Población ocupada,Mar - May,13857.188605
2025,Total nacional,Hombres,Población ocupada,Abr - Jun,13877.634958
2025,Total nacional,Hombres,Población ocupada,May - Jul,13899.762298
2025,Total nacional,Hombres,Población ocupada,Jun - Ago,13934.255946
2025,Total nacional,Hombres,Población ocupada,Jul - Sep,13921.990134
2025,Total nacional,Hombres,Población ocupada,Ago - Oct,14036.137187
2025,Total nacional,Hombres,Población ocupada,Sep - Nov,14128.782693
2025,Total nacional,Hombres,Población ocupada,Oct - Dic,14221.232313
2025,Total nacional,Hombres,Población ocupada,Nov - Ene,14018.053029
2025,Total nacional,Hombres,Población ocupada,Dic - Feb,13912.632489
2026,Total nacional,Hombres,Población ocupada,Ene - Mar,13930.006362
2026,Total nacional,Hombres,Población ocupada,Feb - Abr,14044.359246
2021,Total nacional,Hombres,Formal,Ene - Mar,4397.8566433333335
2021,Total nacional,Hombres,Formal,Feb - Abr,4517.76494
2021,Total nacional,Hombres,Formal,Mar - May,4613.208385666668
2021,Total nacional,Hombres,Formal,Abr - Jun,4615.552960333333
2021,Total nacional,Hombres,Formal,May - Jul,4651.417828666667
2021,Total nacional,Hombres,Formal,Jun - Ago,4667.108291333333
2021,Total nacional,Hombres,Formal,Jul - Sep,4780.540206999999
2021,Total nacional,Hombres,Formal,Ago - Oct,4875.166676
2021,Total nacional,Hombres,Formal,Sep - Nov,5015.446408
2021,Total nacional,Hombres,Formal,Oct - Dic,5083.709148333333
2021,Total nacional,Hombres,Formal,Nov - Ene,5105.743825333334
2021,Total nacional,Hombres,Formal,Dic - Feb,5032.018689333334
2022,Total nacional,Hombres,Formal,Ene - Mar,4984.377695
2022,Total nacional,Hombres,Formal,Feb - Abr,4993.031777
2022,Total nacional,Hombres,Formal,Mar - May,5169.800965333333
2022,Total nacional,Hombres,Formal,Abr - Jun,5238.860443999999
2022,Total nacional,Hombres,Formal,May - Jul,5256.259938333333
2022,Total nacional,Hombres,Formal,Jun - Ago,5237.106833666666
2022,Total nacional,Hombres,Formal,Jul - Sep,5227.795142999999
2022,Total nacional,Hombres,Formal,Ago - Oct,5296.410846
2022,Total nacional,Hombres,Formal,Sep - Nov,5279.598806333334
2022,Total nacional,Hombres,Formal,Oct - Dic,5334.968050666666
2022,Total nacional,Hombres,Formal,Nov - Ene,5242.700217666667
2022,Total nacional,Hombres,Formal,Dic - Feb,5216.023319333333
2023,Total nacional,Hombres,Formal,Ene - Mar,5186.815550333334
2023,Total nacional,Hombres,Formal,Feb - Abr,5365.298752000001
2023,Total nacional,Hombres,Formal,Mar - May,5465.651224666667
2023,Total nacional,Hombres,Formal,Abr - Jun,5627.931218000001
2023,Total nacional,Hombres,Formal,May - Jul,5594.574229333332
2023,Total nacional,Hombres,Formal,Jun - Ago,5657.383389
2023,Total nacional,Hombres,Formal,Jul - Sep,5621.144306333333
2023,Total nacional,Hombres,Formal,Ago - Oct,5713.521710666667
2023,Total nacional,Hombres,Formal,Sep - Nov,5758.429133000001
2023,Total nacional,Hombres,Formal,Oct - Dic,5787.085318
2023,Total nacional,Hombres,Formal,Nov - Ene,5706.022745666666
2023,Total nacional,Hombres,Formal,Dic - Feb,5566.259854666667
2024,Total nacional,Hombres,Formal,Ene - Mar,5536.241349
2024,Total nacional,Hombres,Formal,Feb - Abr,5566.825088333334
2024,Total nacional,Hombres,Formal,Mar - May,5622.452135666666
2024,Total nacional,Hombres,Formal,Abr - Jun,5683.590988
2024,Total nacional,Hombres,Formal,May - Jul,5664.624204333333
2024,Total nacional,Hombres,Formal,Jun - Ago,5712.772635333334
2024,Total nacional,Hombres,Formal,Jul - Sep,5744.645108
2024,Total nacional,Hombres,Formal,Ago - Oct,5852.490481666667
2024,Total nacional,Hombres,Formal,Sep - Nov,5898.557051
2024,Total nacional,Hombres,Formal,Oct - Dic,5858.345680333333
2024,Total nacional,Hombres,Formal,Nov - Ene,5790.418298
2024,Total nacional,Hombres,Formal,Dic - Feb,5670.742235
2025,Total nacional,Hombres,Formal,Ene - Mar,5587.738964
2025,Total nacional,Hombres,Formal,Feb - Abr,5652.082959
2025,Total nacional,Hombres,Formal,Mar - May,5841.181063
2025,Total nacional,Hombres,Formal,Abr - Jun,5954.549456
2025,Total nacional,Hombres,Formal,May - Jul,5937.272532
2025,Total nacional,Hombres,Formal,Jun - Ago,5885.955674
2025,Total nacional,Hombres,Formal,Jul - Sep,5924.302603
2025,Total nacional,Hombres,Formal,Ago - Oct,5925.650121
2025,Total nacional,Hombres,Formal,Sep - Nov,5958.601584
2025,Total nacional,Hombres,Formal,Oct - Dic,5965.446825
2025,Total nacional,Hombres,Formal,Nov - Ene,5971.982872
2025,Total nacional,Hombres,Formal,Dic - Feb,5905.845489
2026,Total nacional,Hombres,Formal,Ene - Mar,5890.193393
2026,Total nacional,Hombres,Formal,Feb - Abr,5959.35986
2021,Total nacional,Hombres,Informal,Ene - Mar,7713.525090666666
2021,Total nacional,Hombres,Informal,Feb - Abr,7718.819365333333
2021,Total nacional,Hombres,Informal,Mar - May,7584.924885666666
2021,Total nacional,Hombres,Informal,Abr - Jun,7524.873295666667
2021,Total nacional,Hombres,Informal,May - Jul,7608.670008666667
2021,Total nacional,Hombres,Informal,Jun - Ago,7733.909419333334
2021,Total nacional,Hombres,Informal,Jul - Sep,7750.878229999999
2021,Total nacional,Hombres,Informal,Ago - Oct,7781.69481
2021,Total nacional,Hombres,Informal,Sep - Nov,7720.181655
2021,Total nacional,Hombres,Informal,Oct - Dic,7760.131165
2021,Total nacional,Hombres,Informal,Nov - Ene,7637.330764333333
2021,Total nacional,Hombres,Informal,Dic - Feb,7725.593167666666
2022,Total nacional,Hombres,Informal,Ene - Mar,7788.078623333334
2022,Total nacional,Hombres,Informal,Feb - Abr,7926.617625333333
2022,Total nacional,Hombres,Informal,Mar - May,7855.321283666667
2022,Total nacional,Hombres,Informal,Abr - Jun,7820.319727333334
2022,Total nacional,Hombres,Informal,May - Jul,7834.172394
2022,Total nacional,Hombres,Informal,Jun - Ago,7810.462563000001
2022,Total nacional,Hombres,Informal,Jul - Sep,7823.005679666668
2022,Total nacional,Hombres,Informal,Ago - Oct,7864.442127666666
2022,Total nacional,Hombres,Informal,Sep - Nov,7946.272692666666
2022,Total nacional,Hombres,Informal,Oct - Dic,7941.871067
2022,Total nacional,Hombres,Informal,Nov - Ene,7852.351445666667
2022,Total nacional,Hombres,Informal,Dic - Feb,7839.506527333334
2023,Total nacional,Hombres,Informal,Ene - Mar,7931.978210666667
2023,Total nacional,Hombres,Informal,Feb - Abr,7944.820805666666
2023,Total nacional,Hombres,Informal,Mar - May,7862.872729333333
2023,Total nacional,Hombres,Informal,Abr - Jun,7729.317366666667
2023,Total nacional,Hombres,Informal,May - Jul,7794.094995666666
2023,Total nacional,Hombres,Informal,Jun - Ago,7851.349805666668
2023,Total nacional,Hombres,Informal,Jul - Sep,7868.94884
2023,Total nacional,Hombres,Informal,Ago - Oct,7751.812045
2023,Total nacional,Hombres,Informal,Sep - Nov,7715.401962
2023,Total nacional,Hombres,Informal,Oct - Dic,7671.499427333333
2023,Total nacional,Hombres,Informal,Nov - Ene,7656.70963
2023,Total nacional,Hombres,Informal,Dic - Feb,7694.958321333333
2024,Total nacional,Hombres,Informal,Ene - Mar,7670.847903999999
2024,Total nacional,Hombres,Informal,Feb - Abr,7700.452807999999
2024,Total nacional,Hombres,Informal,Mar - May,7719.172434
2024,Total nacional,Hombres,Informal,Abr - Jun,7746.129290666667
2024,Total nacional,Hombres,Informal,May - Jul,7851.435327333333
2024,Total nacional,Hombres,Informal,Jun - Ago,7844.673446
2024,Total nacional,Hombres,Informal,Jul - Sep,7852.420762666666
2024,Total nacional,Hombres,Informal,Ago - Oct,7800.706213
2024,Total nacional,Hombres,Informal,Sep - Nov,7787.616634666668
2024,Total nacional,Hombres,Informal,Oct - Dic,7863.863214666667
2024,Total nacional,Hombres,Informal,Nov - Ene,7915.904691
2024,Total nacional,Hombres,Informal,Dic - Feb,8028.992558
2025,Total nacional,Hombres,Informal,Ene - Mar,8129.352239
2025,Total nacional,Hombres,Informal,Feb - Abr,8117.601843
2025,Total nacional,Hombres,Informal,Mar - May,8016.007542
2025,Total nacional,Hombres,Informal,Abr - Jun,7923.085502
2025,Total nacional,Hombres,Informal,May - Jul,7962.489766
2025,Total nacional,Hombres,Informal,Jun - Ago,8048.300273
2025,Total nacional,Hombres,Informal,Jul - Sep,7997.687531
2025,Total nacional,Hombres,Informal,Ago - Oct,8110.487067
2025,Total nacional,Hombres,Informal,Sep - Nov,8170.181108
2025,Total nacional,Hombres,Informal,Oct - Dic,8255.785489
2025,Total nacional,Hombres,Informal,Nov - Ene,8046.070157
2025,Total nacional,Hombres,Informal,Dic - Feb,8006.787
2026,Total nacional,Hombres,Informal,Ene - Mar,8039.812969
2026,Total nacional,Hombres,Informal,Feb - Abr,8084.999385
2021,Total nacional,Mujeres,Población ocupada,Ene - Mar,7675.828724666666
2021,Total nacional,Mujeres,Población ocupada,Feb - Abr,7767.573207333334
2021,Total nacional,Mujeres,Población ocupada,Mar - May,7748.304875000001
2021,Total nacional,Mujeres,Población ocupada,Abr - Jun,7798.830966666667
2021,Total nacional,Mujeres,Población ocupada,May - Jul,7899.329413
2021,Total nacional,Mujeres,Población ocupada,Jun - Ago,7954.433202666667
2021,Total nacional,Mujeres,Población ocupada,Jul - Sep,8026.788266
2021,Total nacional,Mujeres,Población ocupada,Ago - Oct,8123.874298666667
2021,Total nacional,Mujeres,Población ocupada,Sep - Nov,8275.253717333333
2021,Total nacional,Mujeres,Población ocupada,Oct - Dic,8438.451482666665
2021,Total nacional,Mujeres,Población ocupada,Nov - Ene,8409.650348333333
2021,Total nacional,Mujeres,Población ocupada,Dic - Feb,8533.059135333333
2022,Total nacional,Mujeres,Población ocupada,Ene - Mar,8579.721475
2022,Total nacional,Mujeres,Población ocupada,Feb - Abr,8853.065007
2022,Total nacional,Mujeres,Población ocupada,Mar - May,8915.539779
2022,Total nacional,Mujeres,Población ocupada,Abr - Jun,8995.737343666668
2022,Total nacional,Mujeres,Población ocupada,May - Jul,8997.040848333334
2022,Total nacional,Mujeres,Población ocupada,Jun - Ago,9031.650606666668
2022,Total nacional,Mujeres,Población ocupada,Jul - Sep,9150.665138999999
2022,Total nacional,Mujeres,Población ocupada,Ago - Oct,9224.275818666667
2022,Total nacional,Mujeres,Población ocupada,Sep - Nov,9268.014925
2022,Total nacional,Mujeres,Población ocupada,Oct - Dic,9243.319504
2022,Total nacional,Mujeres,Población ocupada,Nov - Ene,9053.612345333333
2022,Total nacional,Mujeres,Población ocupada,Dic - Feb,9008.605750333334
2023,Total nacional,Mujeres,Población ocupada,Ene - Mar,9053.858090333333
2023,Total nacional,Mujeres,Población ocupada,Feb - Abr,9279.329290666667
2023,Total nacional,Mujeres,Población ocupada,Mar - May,9372.512252666666
2023,Total nacional,Mujeres,Población ocupada,Abr - Jun,9429.973263333333
2023,Total nacional,Mujeres,Población ocupada,May - Jul,9545.164586333334
2023,Total nacional,Mujeres,Población ocupada,Jun - Ago,9622.975015000002
2023,Total nacional,Mujeres,Población ocupada,Jul - Sep,9659.726740333334
2023,Total nacional,Mujeres,Población ocupada,Ago - Oct,9651.148582666667
2023,Total nacional,Mujeres,Población ocupada,Sep - Nov,9650.806270333334
2023,Total nacional,Mujeres,Población ocupada,Oct - Dic,9585.296683
2023,Total nacional,Mujeres,Población ocupada,Nov - Ene,9328.756255
2023,Total nacional,Mujeres,Población ocupada,Dic - Feb,9199.402187
2024,Total nacional,Mujeres,Población ocupada,Ene - Mar,9180.447541000001
2024,Total nacional,Mujeres,Población ocupada,Feb - Abr,9400.270813000001
2024,Total nacional,Mujeres,Población ocupada,Mar - May,9504.97588
2024,Total nacional,Mujeres,Población ocupada,Abr - Jun,9509.174728
2024,Total nacional,Mujeres,Población ocupada,May - Jul,9535.617124666667
2024,Total nacional,Mujeres,Población ocupada,Jun - Ago,9623.491232
2024,Total nacional,Mujeres,Población ocupada,Jul - Sep,9680.990875333333
2024,Total nacional,Mujeres,Población ocupada,Ago - Oct,9688.234266666666
2024,Total nacional,Mujeres,Población ocupada,Sep - Nov,9717.720098666667
2024,Total nacional,Mujeres,Población ocupada,Oct - Dic,9817.474024
2024,Total nacional,Mujeres,Población ocupada,Nov - Ene,9669.936313
2024,Total nacional,Mujeres,Población ocupada,Dic - Feb,9631.263022
2025,Total nacional,Mujeres,Población ocupada,Ene - Mar,9641.143815
2025,Total nacional,Mujeres,Población ocupada,Feb - Abr,9812.964822
2025,Total nacional,Mujeres,Población ocupada,Mar - May,9777.912713
2025,Total nacional,Mujeres,Población ocupada,Abr - Jun,9774.319475
2025,Total nacional,Mujeres,Población ocupada,May - Jul,9883.180819
2025,Total nacional,Mujeres,Población ocupada,Jun - Ago,9910.022956
2025,Total nacional,Mujeres,Población ocupada,Jul - Sep,9980.253116
2025,Total nacional,Mujeres,Población ocupada,Ago - Oct,9999.629033
2025,Total nacional,Mujeres,Población ocupada,Sep - Nov,10169.585284
2025,Total nacional,Mujeres,Población ocupada,Oct - Dic,10176.070424
2025,Total nacional,Mujeres,Población ocupada,Nov - Ene,9998.379082
2025,Total nacional,Mujeres,Población ocupada,Dic - Feb,9935.572387
2026,Total nacional,Mujeres,Población ocupada,Ene - Mar,9960.981612
2026,Total nacional,Mujeres,Población ocupada,Feb - Abr,10196.663444
2021,Total nacional,Mujeres,Formal,Ene - Mar,3387.797265333333
2021,Total nacional,Mujeres,Formal,Feb - Abr,3391.590216666666
2021,Total nacional,Mujeres,Formal,Mar - May,3458.876098
2021,Total nacional,Mujeres,Formal,Abr - Jun,3513.8931580000003
2021,Total nacional,Mujeres,Formal,May - Jul,3586.9142683333334
2021,Total nacional,Mujeres,Formal,Jun - Ago,3546.142813
2021,Total nacional,Mujeres,Formal,Jul - Sep,3598.9593346666666
2021,Total nacional,Mujeres,Formal,Ago - Oct,3593.477612666667
2021,Total nacional,Mujeres,Formal,Sep - Nov,3683.6544136666666
2021,Total nacional,Mujeres,Formal,Oct - Dic,3702.4741023333336
2021,Total nacional,Mujeres,Formal,Nov - Ene,3771.2638773333333
2021,Total nacional,Mujeres,Formal,Dic - Feb,3834.0966676666667
2022,Total nacional,Mujeres,Formal,Ene - Mar,3886.7868789999998
2022,Total nacional,Mujeres,Formal,Feb - Abr,3979.8303699999997
2022,Total nacional,Mujeres,Formal,Mar - May,4040.0205253333334
2022,Total nacional,Mujeres,Formal,Abr - Jun,4081.098786
2022,Total nacional,Mujeres,Formal,May - Jul,4064.3193536666663
2022,Total nacional,Mujeres,Formal,Jun - Ago,4058.3284980000003
2022,Total nacional,Mujeres,Formal,Jul - Sep,4089.8968686666667
2022,Total nacional,Mujeres,Formal,Ago - Oct,4138.798438000001
2022,Total nacional,Mujeres,Formal,Sep - Nov,4169.995229666666
2022,Total nacional,Mujeres,Formal,Oct - Dic,4220.116724666666
2022,Total nacional,Mujeres,Formal,Nov - Ene,4136.197546333333
2022,Total nacional,Mujeres,Formal,Dic - Feb,4090.422641333333
2023,Total nacional,Mujeres,Formal,Ene - Mar,4088.7139019999995
2023,Total nacional,Mujeres,Formal,Feb - Abr,4241.331783666667
2023,Total nacional,Mujeres,Formal,Mar - May,4378.647775
2023,Total nacional,Mujeres,Formal,Abr - Jun,4458.980857666666
2023,Total nacional,Mujeres,Formal,May - Jul,4514.909980333334
2023,Total nacional,Mujeres,Formal,Jun - Ago,4527.762878666666
2023,Total nacional,Mujeres,Formal,Jul - Sep,4542.341718333333
2023,Total nacional,Mujeres,Formal,Ago - Oct,4526.576415333333
2023,Total nacional,Mujeres,Formal,Sep - Nov,4540.245156
2023,Total nacional,Mujeres,Formal,Oct - Dic,4464.015044666667
2023,Total nacional,Mujeres,Formal,Nov - Ene,4348.032600333333
2023,Total nacional,Mujeres,Formal,Dic - Feb,4249.313858333332
2024,Total nacional,Mujeres,Formal,Ene - Mar,4256.310563999999
2024,Total nacional,Mujeres,Formal,Feb - Abr,4345.059667333333
2024,Total nacional,Mujeres,Formal,Mar - May,4468.378877666667
2024,Total nacional,Mujeres,Formal,Abr - Jun,4459.591278666667
2024,Total nacional,Mujeres,Formal,May - Jul,4507.873487333333
2024,Total nacional,Mujeres,Formal,Jun - Ago,4491.241038666666
2024,Total nacional,Mujeres,Formal,Jul - Sep,4536.246429666667
2024,Total nacional,Mujeres,Formal,Ago - Oct,4513.391390333333
2024,Total nacional,Mujeres,Formal,Sep - Nov,4553.643427666667
2024,Total nacional,Mujeres,Formal,Oct - Dic,4558.115168
2024,Total nacional,Mujeres,Formal,Nov - Ene,4487.692718
2024,Total nacional,Mujeres,Formal,Dic - Feb,4399.334103
2025,Total nacional,Mujeres,Formal,Ene - Mar,4416.509119
2025,Total nacional,Mujeres,Formal,Feb - Abr,4541.893948
2025,Total nacional,Mujeres,Formal,Mar - May,4574.465057
2025,Total nacional,Mujeres,Formal,Abr - Jun,4678.976676
2025,Total nacional,Mujeres,Formal,May - Jul,4770.527395
2025,Total nacional,Mujeres,Formal,Jun - Ago,4800.835523
2025,Total nacional,Mujeres,Formal,Jul - Sep,4830.18282
2025,Total nacional,Mujeres,Formal,Ago - Oct,4784.590539
2025,Total nacional,Mujeres,Formal,Sep - Nov,4889.483323
2025,Total nacional,Mujeres,Formal,Oct - Dic,4846.542244
2025,Total nacional,Mujeres,Formal,Nov - Ene,4755.016814
2025,Total nacional,Mujeres,Formal,Dic - Feb,4753.882651
2026,Total nacional,Mujeres,Formal,Ene - Mar,4782.504382
2026,Total nacional,Mujeres,Formal,Feb - Abr,4936.827726
2021,Total nacional,Mujeres,Informal,Ene - Mar,4288.031459333334
2021,Total nacional,Mujeres,Informal,Feb - Abr,4375.982990666667
2021,Total nacional,Mujeres,Informal,Mar - May,4289.428777
2021,Total nacional,Mujeres,Informal,Abr - Jun,4284.937808666667
2021,Total nacional,Mujeres,Informal,May - Jul,4312.4151446666665
2021,Total nacional,Mujeres,Informal,Jun - Ago,4408.290390000001
2021,Total nacional,Mujeres,Informal,Jul - Sep,4427.828931666667
2021,Total nacional,Mujeres,Informal,Ago - Oct,4530.3966863333335
2021,Total nacional,Mujeres,Informal,Sep - Nov,4591.599303666667
2021,Total nacional,Mujeres,Informal,Oct - Dic,4735.977380333334
2021,Total nacional,Mujeres,Informal,Nov - Ene,4638.386471000001
2021,Total nacional,Mujeres,Informal,Dic - Feb,4698.962467666666
2022,Total nacional,Mujeres,Informal,Ene - Mar,4692.934596
2022,Total nacional,Mujeres,Informal,Feb - Abr,4873.2346370000005
2022,Total nacional,Mujeres,Informal,Mar - May,4875.519253666666
2022,Total nacional,Mujeres,Informal,Abr - Jun,4914.638557333333
2022,Total nacional,Mujeres,Informal,May - Jul,4932.721494
2022,Total nacional,Mujeres,Informal,Jun - Ago,4973.322108
2022,Total nacional,Mujeres,Informal,Jul - Sep,5060.7682700000005
2022,Total nacional,Mujeres,Informal,Ago - Oct,5085.477380666667
2022,Total nacional,Mujeres,Informal,Sep - Nov,5098.019695333333
2022,Total nacional,Mujeres,Informal,Oct - Dic,5023.202779333334
2022,Total nacional,Mujeres,Informal,Nov - Ene,4917.414798999999
2022,Total nacional,Mujeres,Informal,Dic - Feb,4918.183109333334
2023,Total nacional,Mujeres,Informal,Ene - Mar,4965.144188666666
2023,Total nacional,Mujeres,Informal,Feb - Abr,5037.9975073333335
2023,Total nacional,Mujeres,Informal,Mar - May,4993.864478
2023,Total nacional,Mujeres,Informal,Abr - Jun,4970.992406
2023,Total nacional,Mujeres,Informal,May - Jul,5030.254606333333
2023,Total nacional,Mujeres,Informal,Jun - Ago,5095.212136333333
2023,Total nacional,Mujeres,Informal,Jul - Sep,5117.3850219999995
2023,Total nacional,Mujeres,Informal,Ago - Oct,5124.572167333333
2023,Total nacional,Mujeres,Informal,Sep - Nov,5110.5611143333335
2023,Total nacional,Mujeres,Informal,Oct - Dic,5121.281638333333
2023,Total nacional,Mujeres,Informal,Nov - Ene,4980.723655000001
2023,Total nacional,Mujeres,Informal,Dic - Feb,4950.088329
2024,Total nacional,Mujeres,Informal,Ene - Mar,4924.136977333333
2024,Total nacional,Mujeres,Informal,Feb - Abr,5055.211145666666
2024,Total nacional,Mujeres,Informal,Mar - May,5036.597002333333
2024,Total nacional,Mujeres,Informal,Abr - Jun,5049.583449333334
2024,Total nacional,Mujeres,Informal,May - Jul,5027.7436376666665
2024,Total nacional,Mujeres,Informal,Jun - Ago,5132.250193666667
2024,Total nacional,Mujeres,Informal,Jul - Sep,5144.744446
2024,Total nacional,Mujeres,Informal,Ago - Oct,5174.842876333333
2024,Total nacional,Mujeres,Informal,Sep - Nov,5164.076671
2024,Total nacional,Mujeres,Informal,Oct - Dic,5259.358856
2024,Total nacional,Mujeres,Informal,Nov - Ene,5182.243595
2024,Total nacional,Mujeres,Informal,Dic - Feb,5231.928919
2025,Total nacional,Mujeres,Informal,Ene - Mar,5224.634697
2025,Total nacional,Mujeres,Informal,Feb - Abr,5271.070874
2025,Total nacional,Mujeres,Informal,Mar - May,5203.447657
2025,Total nacional,Mujeres,Informal,Abr - Jun,5095.342798
2025,Total nacional,Mujeres,Informal,May - Jul,5112.653424
2025,Total nacional,Mujeres,Informal,Jun - Ago,5109.187433
2025,Total nacional,Mujeres,Informal,Jul - Sep,5150.070297
2025,Total nacional,Mujeres,Informal,Ago - Oct,5215.038494
2025,Total nacional,Mujeres,Informal,Sep - Nov,5280.101961
2025,Total nacional,Mujeres,Informal,Oct - Dic,5329.528179
2025,Total nacional,Mujeres,Informal,Nov - Ene,5243.362269
2025,Total nacional,Mujeres,Informal,Dic - Feb,5181.689736
2026,Total nacional,Mujeres,Informal,Ene - Mar,5178.47723
2026,Total nacional,Mujeres,Informal,Feb - Abr,5259.835718
2021,13 Ciudades y áreas metropolitanas,Total,Población ocupada,Ene - Mar,9226.413326333335
2021,13 Ciudades y áreas metropolitanas,Total,Población ocupada,Feb - Abr,9320.446573000001
2021,13 Ciudades y áreas metropolitanas,Total,Población ocupada,Mar - May,9341.646440999999
2021,13 Ciudades y áreas metropolitanas,Total,Población ocupada,Abr - Jun,9363.296156666665
2021,13 Ciudades y áreas metropolitanas,Total,Población ocupada,May - Jul,9458.353572
2021,13 Ciudades y áreas metropolitanas,Total,Población ocupada,Jun - Ago,9571.040949333334
2021,13 Ciudades y áreas metropolitanas,Total,Población ocupada,Jul - Sep,9635.599743
2021,13 Ciudades y áreas metropolitanas,Total,Población ocupada,Ago - Oct,9682.477314666667
2021,13 Ciudades y áreas metropolitanas,Total,Población ocupada,Sep - Nov,9739.247104333333
2021,13 Ciudades y áreas metropolitanas,Total,Población ocupada,Oct - Dic,9791.785053
2021,13 Ciudades y áreas metropolitanas,Total,Población ocupada,Nov - Ene,9830.614035999999
2021,13 Ciudades y áreas metropolitanas,Total,Población ocupada,Dic - Feb,9932.701805333332
2022,13 Ciudades y áreas metropolitanas,Total,Población ocupada,Ene - Mar,10076.746925333333
2022,13 Ciudades y áreas metropolitanas,Total,Población ocupada,Feb - Abr,10284.429300333333
2022,13 Ciudades y áreas metropolitanas,Total,Población ocupada,Mar - May,10340.785037666667
2022,13 Ciudades y áreas metropolitanas,Total,Población ocupada,Abr - Jun,10353.216290666665
2022,13 Ciudades y áreas metropolitanas,Total,Población ocupada,May - Jul,10334.141717333334
2022,13 Ciudades y áreas metropolitanas,Total,Población ocupada,Jun - Ago,10351.432730333334
2022,13 Ciudades y áreas metropolitanas,Total,Población ocupada,Jul - Sep,10482.682782000002
2022,13 Ciudades y áreas metropolitanas,Total,Población ocupada,Ago - Oct,10583.102656000001
2022,13 Ciudades y áreas metropolitanas,Total,Población ocupada,Sep - Nov,10682.913694333334
2022,13 Ciudades y áreas metropolitanas,Total,Población ocupada,Oct - Dic,10641.614803999999
2022,13 Ciudades y áreas metropolitanas,Total,Población ocupada,Nov - Ene,10458.330681333333
2022,13 Ciudades y áreas metropolitanas,Total,Población ocupada,Dic - Feb,10358.300228333334
2023,13 Ciudades y áreas metropolitanas,Total,Población ocupada,Ene - Mar,10427.190396333333
2023,13 Ciudades y áreas metropolitanas,Total,Población ocupada,Feb - Abr,10598.516089000002
2023,13 Ciudades y áreas metropolitanas,Total,Población ocupada,Mar - May,10647.422422000001
2023,13 Ciudades y áreas metropolitanas,Total,Población ocupada,Abr - Jun,10714.183590666667
2023,13 Ciudades y áreas metropolitanas,Total,Población ocupada,May - Jul,10838.801381666666
2023,13 Ciudades y áreas metropolitanas,Total,Población ocupada,Jun - Ago,10955.436066333334
2023,13 Ciudades y áreas metropolitanas,Total,Población ocupada,Jul - Sep,10940.145749333335
2023,13 Ciudades y áreas metropolitanas,Total,Población ocupada,Ago - Oct,10967.878106000002
2023,13 Ciudades y áreas metropolitanas,Total,Población ocupada,Sep - Nov,11065.704729333333
2023,13 Ciudades y áreas metropolitanas,Total,Población ocupada,Oct - Dic,11032.853552
2023,13 Ciudades y áreas metropolitanas,Total,Población ocupada,Nov - Ene,10862.561842000001
2023,13 Ciudades y áreas metropolitanas,Total,Población ocupada,Dic - Feb,10712.449294666667
2024,13 Ciudades y áreas metropolitanas,Total,Población ocupada,Ene - Mar,10749.074610666668
2024,13 Ciudades y áreas metropolitanas,Total,Población ocupada,Feb - Abr,10880.318776666667
2024,13 Ciudades y áreas metropolitanas,Total,Población ocupada,Mar - May,10978.210743333335
2024,13 Ciudades y áreas metropolitanas,Total,Población ocupada,Abr - Jun,11006.381083333334
2024,13 Ciudades y áreas metropolitanas,Total,Población ocupada,May - Jul,11045.467115000001
2024,13 Ciudades y áreas metropolitanas,Total,Población ocupada,Jun - Ago,11079.693612000001
2024,13 Ciudades y áreas metropolitanas,Total,Población ocupada,Jul - Sep,11092.936601
2024,13 Ciudades y áreas metropolitanas,Total,Población ocupada,Ago - Oct,11121.628596333334
2024,13 Ciudades y áreas metropolitanas,Total,Población ocupada,Sep - Nov,11187.507835333332
2024,13 Ciudades y áreas metropolitanas,Total,Población ocupada,Oct - Dic,11195.437479333332
2024,13 Ciudades y áreas metropolitanas,Total,Población ocupada,Nov - Ene,11082.729261
2024,13 Ciudades y áreas metropolitanas,Total,Población ocupada,Dic - Feb,11027.648431
2025,13 Ciudades y áreas metropolitanas,Total,Población ocupada,Ene - Mar,11102.831287
2025,13 Ciudades y áreas metropolitanas,Total,Población ocupada,Feb - Abr,11222.503855
2025,13 Ciudades y áreas metropolitanas,Total,Población ocupada,Mar - May,11253.949323
2025,13 Ciudades y áreas metropolitanas,Total,Población ocupada,Abr - Jun,11254.18152
2025,13 Ciudades y áreas metropolitanas,Total,Población ocupada,May - Jul,11343.053505
2025,13 Ciudades y áreas metropolitanas,Total,Población ocupada,Jun - Ago,11413.15094
2025,13 Ciudades y áreas metropolitanas,Total,Población ocupada,Jul - Sep,11430.239366
2025,13 Ciudades y áreas metropolitanas,Total,Población ocupada,Ago - Oct,11497.298445
2025,13 Ciudades y áreas metropolitanas,Total,Población ocupada,Sep - Nov,11566.757859
2025,13 Ciudades y áreas metropolitanas,Total,Población ocupada,Oct - Dic,11613.486667
2025,13 Ciudades y áreas metropolitanas,Total,Población ocupada,Nov - Ene,11384.962974
2025,13 Ciudades y áreas metropolitanas,Total,Población ocupada,Dic - Feb,11260.998726
2026,13 Ciudades y áreas metropolitanas,Total,Población ocupada,Ene - Mar,11227.725964
2026,13 Ciudades y áreas metropolitanas,Total,Población ocupada,Feb - Abr,11386.328947
2021,13 Ciudades y áreas metropolitanas,Total,Formal,Ene - Mar,4990.366199666666
2021,13 Ciudades y áreas metropolitanas,Total,Formal,Feb - Abr,4999.7586716666665
2021,13 Ciudades y áreas metropolitanas,Total,Formal,Mar - May,5089.547187333334
2021,13 Ciudades y áreas metropolitanas,Total,Formal,Abr - Jun,5125.978807333334
2021,13 Ciudades y áreas metropolitanas,Total,Formal,May - Jul,5245.425084333334
2021,13 Ciudades y áreas metropolitanas,Total,Formal,Jun - Ago,5265.836126666666
2021,13 Ciudades y áreas metropolitanas,Total,Formal,Jul - Sep,5347.999793333333
2021,13 Ciudades y áreas metropolitanas,Total,Formal,Ago - Oct,5330.884890666666
2021,13 Ciudades y áreas metropolitanas,Total,Formal,Sep - Nov,5423.541088
2021,13 Ciudades y áreas metropolitanas,Total,Formal,Oct - Dic,5462.111764
2021,13 Ciudades y áreas metropolitanas,Total,Formal,Nov - Ene,5580.1614156666665
2021,13 Ciudades y áreas metropolitanas,Total,Formal,Dic - Feb,5648.548136333334
2022,13 Ciudades y áreas metropolitanas,Total,Formal,Ene - Mar,5696.609560333333
2022,13 Ciudades y áreas metropolitanas,Total,Formal,Feb - Abr,5740.594314999999
2022,13 Ciudades y áreas metropolitanas,Total,Formal,Mar - May,5779.928718666667
2022,13 Ciudades y áreas metropolitanas,Total,Formal,Abr - Jun,5800.781322
2022,13 Ciudades y áreas metropolitanas,Total,Formal,May - Jul,5801.583500666667
2022,13 Ciudades y áreas metropolitanas,Total,Formal,Jun - Ago,5855.774466666667
2022,13 Ciudades y áreas metropolitanas,Total,Formal,Jul - Sep,5905.064518333334
2022,13 Ciudades y áreas metropolitanas,Total,Formal,Ago - Oct,5952.018709
2022,13 Ciudades y áreas metropolitanas,Total,Formal,Sep - Nov,6032.460235
2022,13 Ciudades y áreas metropolitanas,Total,Formal,Oct - Dic,6096.159396
2022,13 Ciudades y áreas metropolitanas,Total,Formal,Nov - Ene,6064.332979
2022,13 Ciudades y áreas metropolitanas,Total,Formal,Dic - Feb,5951.079268666667
2023,13 Ciudades y áreas metropolitanas,Total,Formal,Ene - Mar,5966.552101333334
2023,13 Ciudades y áreas metropolitanas,Total,Formal,Feb - Abr,6107.266349666667
2023,13 Ciudades y áreas metropolitanas,Total,Formal,Mar - May,6193.680729
2023,13 Ciudades y áreas metropolitanas,Total,Formal,Abr - Jun,6295.985500333333
2023,13 Ciudades y áreas metropolitanas,Total,Formal,May - Jul,6338.882661333334
2023,13 Ciudades y áreas metropolitanas,Total,Formal,Jun - Ago,6424.596729666667
2023,13 Ciudades y áreas metropolitanas,Total,Formal,Jul - Sep,6412.3373016666665
2023,13 Ciudades y áreas metropolitanas,Total,Formal,Ago - Oct,6431.267966666667
2023,13 Ciudades y áreas metropolitanas,Total,Formal,Sep - Nov,6481.037841
2023,13 Ciudades y áreas metropolitanas,Total,Formal,Oct - Dic,6456.013361
2023,13 Ciudades y áreas metropolitanas,Total,Formal,Nov - Ene,6389.975009666666
2023,13 Ciudades y áreas metropolitanas,Total,Formal,Dic - Feb,6263.269738999999
2024,13 Ciudades y áreas metropolitanas,Total,Formal,Ene - Mar,6301.315023666666
2024,13 Ciudades y áreas metropolitanas,Total,Formal,Feb - Abr,6354.550313666667
2024,13 Ciudades y áreas metropolitanas,Total,Formal,Mar - May,6424.420041
2024,13 Ciudades y áreas metropolitanas,Total,Formal,Abr - Jun,6424.724372333333
2024,13 Ciudades y áreas metropolitanas,Total,Formal,May - Jul,6420.547809000001
2024,13 Ciudades y áreas metropolitanas,Total,Formal,Jun - Ago,6445.787558333333
2024,13 Ciudades y áreas metropolitanas,Total,Formal,Jul - Sep,6434.520501999999
2024,13 Ciudades y áreas metropolitanas,Total,Formal,Ago - Oct,6399.182674333333
2024,13 Ciudades y áreas metropolitanas,Total,Formal,Sep - Nov,6440.5805900000005
2024,13 Ciudades y áreas metropolitanas,Total,Formal,Oct - Dic,6440.307237666667
2024,13 Ciudades y áreas metropolitanas,Total,Formal,Nov - Ene,6416.90062
2024,13 Ciudades y áreas metropolitanas,Total,Formal,Dic - Feb,6330.035846
2025,13 Ciudades y áreas metropolitanas,Total,Formal,Ene - Mar,6313.062359
2025,13 Ciudades y áreas metropolitanas,Total,Formal,Feb - Abr,6449.160654
2025,13 Ciudades y áreas metropolitanas,Total,Formal,Mar - May,6494.988623
2025,13 Ciudades y áreas metropolitanas,Total,Formal,Abr - Jun,6561.385748
2025,13 Ciudades y áreas metropolitanas,Total,Formal,May - Jul,6580.870101
2025,13 Ciudades y áreas metropolitanas,Total,Formal,Jun - Ago,6629.239017
2025,13 Ciudades y áreas metropolitanas,Total,Formal,Jul - Sep,6673.952803
2025,13 Ciudades y áreas metropolitanas,Total,Formal,Ago - Oct,6616.207533
2025,13 Ciudades y áreas metropolitanas,Total,Formal,Sep - Nov,6677.690246
2025,13 Ciudades y áreas metropolitanas,Total,Formal,Oct - Dic,6701.28994
2025,13 Ciudades y áreas metropolitanas,Total,Formal,Nov - Ene,6713.179559
2025,13 Ciudades y áreas metropolitanas,Total,Formal,Dic - Feb,6634.691589
2026,13 Ciudades y áreas metropolitanas,Total,Formal,Ene - Mar,6625.45175
2026,13 Ciudades y áreas metropolitanas,Total,Formal,Feb - Abr,6698.7158
2021,13 Ciudades y áreas metropolitanas,Total,Informal,Ene - Mar,4236.047126666667
2021,13 Ciudades y áreas metropolitanas,Total,Informal,Feb - Abr,4320.687901333334
2021,13 Ciudades y áreas metropolitanas,Total,Informal,Mar - May,4252.099253666666
2021,13 Ciudades y áreas metropolitanas,Total,Informal,Abr - Jun,4237.317349333333
2021,13 Ciudades y áreas metropolitanas,Total,Informal,May - Jul,4212.928487666667
2021,13 Ciudades y áreas metropolitanas,Total,Informal,Jun - Ago,4305.204822666667
2021,13 Ciudades y áreas metropolitanas,Total,Informal,Jul - Sep,4287.599949666666
2021,13 Ciudades y áreas metropolitanas,Total,Informal,Ago - Oct,4351.592424
2021,13 Ciudades y áreas metropolitanas,Total,Informal,Sep - Nov,4315.7060163333335
2021,13 Ciudades y áreas metropolitanas,Total,Informal,Oct - Dic,4329.673288999999
2021,13 Ciudades y áreas metropolitanas,Total,Informal,Nov - Ene,4250.4526203333335
2021,13 Ciudades y áreas metropolitanas,Total,Informal,Dic - Feb,4284.153669333333
2022,13 Ciudades y áreas metropolitanas,Total,Informal,Ene - Mar,4380.1373656666665
2022,13 Ciudades y áreas metropolitanas,Total,Informal,Feb - Abr,4543.834986333334
2022,13 Ciudades y áreas metropolitanas,Total,Informal,Mar - May,4560.856319333333
2022,13 Ciudades y áreas metropolitanas,Total,Informal,Abr - Jun,4552.434968666667
2022,13 Ciudades y áreas metropolitanas,Total,Informal,May - Jul,4532.558216333334
2022,13 Ciudades y áreas metropolitanas,Total,Informal,Jun - Ago,4495.658263666667
2022,13 Ciudades y áreas metropolitanas,Total,Informal,Jul - Sep,4577.618263333334
2022,13 Ciudades y áreas metropolitanas,Total,Informal,Ago - Oct,4631.083946666667
2022,13 Ciudades y áreas metropolitanas,Total,Informal,Sep - Nov,4650.453458666667
2022,13 Ciudades y áreas metropolitanas,Total,Informal,Oct - Dic,4545.455407333334
2022,13 Ciudades y áreas metropolitanas,Total,Informal,Nov - Ene,4393.997701666667
2022,13 Ciudades y áreas metropolitanas,Total,Informal,Dic - Feb,4407.220959333334
2023,13 Ciudades y áreas metropolitanas,Total,Informal,Ene - Mar,4460.638295
2023,13 Ciudades y áreas metropolitanas,Total,Informal,Feb - Abr,4491.249739333333
2023,13 Ciudades y áreas metropolitanas,Total,Informal,Mar - May,4453.741693
2023,13 Ciudades y áreas metropolitanas,Total,Informal,Abr - Jun,4418.198090333334
2023,13 Ciudades y áreas metropolitanas,Total,Informal,May - Jul,4499.918720333334
2023,13 Ciudades y áreas metropolitanas,Total,Informal,Jun - Ago,4530.839336666667
2023,13 Ciudades y áreas metropolitanas,Total,Informal,Jul - Sep,4527.808447333333
2023,13 Ciudades y áreas metropolitanas,Total,Informal,Ago - Oct,4536.610139
2023,13 Ciudades y áreas metropolitanas,Total,Informal,Sep - Nov,4584.666888000001
2023,13 Ciudades y áreas metropolitanas,Total,Informal,Oct - Dic,4576.840190999999
2023,13 Ciudades y áreas metropolitanas,Total,Informal,Nov - Ene,4472.586832333333
2023,13 Ciudades y áreas metropolitanas,Total,Informal,Dic - Feb,4449.179555666667
2024,13 Ciudades y áreas metropolitanas,Total,Informal,Ene - Mar,4447.7595870000005
2024,13 Ciudades y áreas metropolitanas,Total,Informal,Feb - Abr,4525.768463333334
2024,13 Ciudades y áreas metropolitanas,Total,Informal,Mar - May,4553.790702666666
2024,13 Ciudades y áreas metropolitanas,Total,Informal,Abr - Jun,4581.656711333333
2024,13 Ciudades y áreas metropolitanas,Total,Informal,May - Jul,4624.919306333333
2024,13 Ciudades y áreas metropolitanas,Total,Informal,Jun - Ago,4633.906054
2024,13 Ciudades y áreas metropolitanas,Total,Informal,Jul - Sep,4658.416099666666
2024,13 Ciudades y áreas metropolitanas,Total,Informal,Ago - Oct,4722.445922333333
2024,13 Ciudades y áreas metropolitanas,Total,Informal,Sep - Nov,4746.927245666667
2024,13 Ciudades y áreas metropolitanas,Total,Informal,Oct - Dic,4755.130241666667
2024,13 Ciudades y áreas metropolitanas,Total,Informal,Nov - Ene,4665.828641
2024,13 Ciudades y áreas metropolitanas,Total,Informal,Dic - Feb,4697.612586
2025,13 Ciudades y áreas metropolitanas,Total,Informal,Ene - Mar,4789.768929
2025,13 Ciudades y áreas metropolitanas,Total,Informal,Feb - Abr,4773.343201
2025,13 Ciudades y áreas metropolitanas,Total,Informal,Mar - May,4758.9607
2025,13 Ciudades y áreas metropolitanas,Total,Informal,Abr - Jun,4692.795772
2025,13 Ciudades y áreas metropolitanas,Total,Informal,May - Jul,4762.183404
2025,13 Ciudades y áreas metropolitanas,Total,Informal,Jun - Ago,4783.911923
2025,13 Ciudades y áreas metropolitanas,Total,Informal,Jul - Sep,4756.286562
2025,13 Ciudades y áreas metropolitanas,Total,Informal,Ago - Oct,4881.090912
2025,13 Ciudades y áreas metropolitanas,Total,Informal,Sep - Nov,4889.067612
2025,13 Ciudades y áreas metropolitanas,Total,Informal,Oct - Dic,4912.196727
2025,13 Ciudades y áreas metropolitanas,Total,Informal,Nov - Ene,4671.783415
2025,13 Ciudades y áreas metropolitanas,Total,Informal,Dic - Feb,4626.307137
2026,13 Ciudades y áreas metropolitanas,Total,Informal,Ene - Mar,4602.274214
2026,13 Ciudades y áreas metropolitanas,Total,Informal,Feb - Abr,4687.613147
2021,13 Ciudades y áreas metropolitanas,Hombres,Población ocupada,Ene - Mar,5165.29887
2021,13 Ciudades y áreas metropolitanas,Hombres,Población ocupada,Feb - Abr,5225.063846666667
2021,13 Ciudades y áreas metropolitanas,Hombres,Población ocupada,Mar - May,5263.415121999999
2021,13 Ciudades y áreas metropolitanas,Hombres,Población ocupada,Abr - Jun,5237.810066999999
2021,13 Ciudades y áreas metropolitanas,Hombres,Población ocupada,May - Jul,5316.761004666667
2021,13 Ciudades y áreas metropolitanas,Hombres,Población ocupada,Jun - Ago,5370.1196979999995
2021,13 Ciudades y áreas metropolitanas,Hombres,Población ocupada,Jul - Sep,5415.443164666666
2021,13 Ciudades y áreas metropolitanas,Hombres,Población ocupada,Ago - Oct,5438.358939333334
2021,13 Ciudades y áreas metropolitanas,Hombres,Población ocupada,Sep - Nov,5473.646877
2021,13 Ciudades y áreas metropolitanas,Hombres,Población ocupada,Oct - Dic,5491.444966666667
2021,13 Ciudades y áreas metropolitanas,Hombres,Población ocupada,Nov - Ene,5484.300932666668
2021,13 Ciudades y áreas metropolitanas,Hombres,Población ocupada,Dic - Feb,5505.362700000001
2022,13 Ciudades y áreas metropolitanas,Hombres,Población ocupada,Ene - Mar,5547.79669
2022,13 Ciudades y áreas metropolitanas,Hombres,Población ocupada,Feb - Abr,5633.042305333333
2022,13 Ciudades y áreas metropolitanas,Hombres,Población ocupada,Mar - May,5686.664032
2022,13 Ciudades y áreas metropolitanas,Hombres,Población ocupada,Abr - Jun,5689.3732586666665
2022,13 Ciudades y áreas metropolitanas,Hombres,Población ocupada,May - Jul,5679.740036666667
2022,13 Ciudades y áreas metropolitanas,Hombres,Población ocupada,Jun - Ago,5652.651597666667
2022,13 Ciudades y áreas metropolitanas,Hombres,Población ocupada,Jul - Sep,5724.097098666666
2022,13 Ciudades y áreas metropolitanas,Hombres,Población ocupada,Ago - Oct,5766.601899
2022,13 Ciudades y áreas metropolitanas,Hombres,Población ocupada,Sep - Nov,5804.967285333333
2022,13 Ciudades y áreas metropolitanas,Hombres,Población ocupada,Oct - Dic,5782.880801666666
2022,13 Ciudades y áreas metropolitanas,Hombres,Población ocupada,Nov - Ene,5708.497576999999
2022,13 Ciudades y áreas metropolitanas,Hombres,Población ocupada,Dic - Feb,5677.879274999999
2023,13 Ciudades y áreas metropolitanas,Hombres,Población ocupada,Ene - Mar,5721.206911666667
2023,13 Ciudades y áreas metropolitanas,Hombres,Población ocupada,Feb - Abr,5802.359944666667
2023,13 Ciudades y áreas metropolitanas,Hombres,Población ocupada,Mar - May,5803.119064333335
2023,13 Ciudades y áreas metropolitanas,Hombres,Población ocupada,Abr - Jun,5819.2717256666665
2023,13 Ciudades y áreas metropolitanas,Hombres,Población ocupada,May - Jul,5861.504800333333
2023,13 Ciudades y áreas metropolitanas,Hombres,Población ocupada,Jun - Ago,5957.913232333333
2023,13 Ciudades y áreas metropolitanas,Hombres,Población ocupada,Jul - Sep,5941.636098
2023,13 Ciudades y áreas metropolitanas,Hombres,Población ocupada,Ago - Oct,5933.966911333334
2023,13 Ciudades y áreas metropolitanas,Hombres,Población ocupada,Sep - Nov,5959.6330063333335
2023,13 Ciudades y áreas metropolitanas,Hombres,Población ocupada,Oct - Dic,5956.6081853333335
2023,13 Ciudades y áreas metropolitanas,Hombres,Población ocupada,Nov - Ene,5911.378468
2023,13 Ciudades y áreas metropolitanas,Hombres,Población ocupada,Dic - Feb,5844.614237666666
2024,13 Ciudades y áreas metropolitanas,Hombres,Población ocupada,Ene - Mar,5864.563672
2024,13 Ciudades y áreas metropolitanas,Hombres,Población ocupada,Feb - Abr,5899.509048333333
2024,13 Ciudades y áreas metropolitanas,Hombres,Población ocupada,Mar - May,5926.286703333334
2024,13 Ciudades y áreas metropolitanas,Hombres,Población ocupada,Abr - Jun,5931.480571666667
2024,13 Ciudades y áreas metropolitanas,Hombres,Población ocupada,May - Jul,5954.834895
2024,13 Ciudades y áreas metropolitanas,Hombres,Población ocupada,Jun - Ago,5963.976923666666
2024,13 Ciudades y áreas metropolitanas,Hombres,Población ocupada,Jul - Sep,5984.922663
2024,13 Ciudades y áreas metropolitanas,Hombres,Población ocupada,Ago - Oct,6017.908522000001
2024,13 Ciudades y áreas metropolitanas,Hombres,Población ocupada,Sep - Nov,6065.332813666667
2024,13 Ciudades y áreas metropolitanas,Hombres,Población ocupada,Oct - Dic,6068.270563666666
2024,13 Ciudades y áreas metropolitanas,Hombres,Población ocupada,Nov - Ene,6061.199826
2024,13 Ciudades y áreas metropolitanas,Hombres,Población ocupada,Dic - Feb,6035.20064
2025,13 Ciudades y áreas metropolitanas,Hombres,Población ocupada,Ene - Mar,6026.637192
2025,13 Ciudades y áreas metropolitanas,Hombres,Población ocupada,Feb - Abr,6041.344135
2025,13 Ciudades y áreas metropolitanas,Hombres,Población ocupada,Mar - May,6088.493625
2025,13 Ciudades y áreas metropolitanas,Hombres,Población ocupada,Abr - Jun,6109.415086
2025,13 Ciudades y áreas metropolitanas,Hombres,Población ocupada,May - Jul,6138.190712
2025,13 Ciudades y áreas metropolitanas,Hombres,Población ocupada,Jun - Ago,6174.202909
2025,13 Ciudades y áreas metropolitanas,Hombres,Población ocupada,Jul - Sep,6163.86752
2025,13 Ciudades y áreas metropolitanas,Hombres,Población ocupada,Ago - Oct,6185.828132
2025,13 Ciudades y áreas metropolitanas,Hombres,Población ocupada,Sep - Nov,6187.089665
2025,13 Ciudades y áreas metropolitanas,Hombres,Población ocupada,Oct - Dic,6227.761186
2025,13 Ciudades y áreas metropolitanas,Hombres,Población ocupada,Nov - Ene,6150.684355
2025,13 Ciudades y áreas metropolitanas,Hombres,Población ocupada,Dic - Feb,6088.276948
2026,13 Ciudades y áreas metropolitanas,Hombres,Población ocupada,Ene - Mar,6082.801406
2026,13 Ciudades y áreas metropolitanas,Hombres,Población ocupada,Feb - Abr,6139.054208
2021,13 Ciudades y áreas metropolitanas,Hombres,Formal,Ene - Mar,2707.158548666667
2021,13 Ciudades y áreas metropolitanas,Hombres,Formal,Feb - Abr,2746.795418
2021,13 Ciudades y áreas metropolitanas,Hombres,Formal,Mar - May,2799.9860243333333
2021,13 Ciudades y áreas metropolitanas,Hombres,Formal,Abr - Jun,2794.345934333333
2021,13 Ciudades y áreas metropolitanas,Hombres,Formal,May - Jul,2867.8011389999997
2021,13 Ciudades y áreas metropolitanas,Hombres,Formal,Jun - Ago,2891.5449750000002
2021,13 Ciudades y áreas metropolitanas,Hombres,Formal,Jul - Sep,2958.3469146666666
2021,13 Ciudades y áreas metropolitanas,Hombres,Formal,Ago - Oct,2963.154904333333
2021,13 Ciudades y áreas metropolitanas,Hombres,Formal,Sep - Nov,3029.0573783333334
2021,13 Ciudades y áreas metropolitanas,Hombres,Formal,Oct - Dic,3050.6755723333335
2021,13 Ciudades y áreas metropolitanas,Hombres,Formal,Nov - Ene,3075.221779
2021,13 Ciudades y áreas metropolitanas,Hombres,Formal,Dic - Feb,3083.4384783333335
2022,13 Ciudades y áreas metropolitanas,Hombres,Formal,Ene - Mar,3068.4317233333336
2022,13 Ciudades y áreas metropolitanas,Hombres,Formal,Feb - Abr,3087.815836333333
2022,13 Ciudades y áreas metropolitanas,Hombres,Formal,Mar - May,3137.63808
2022,13 Ciudades y áreas metropolitanas,Hombres,Formal,Abr - Jun,3168.229512
2022,13 Ciudades y áreas metropolitanas,Hombres,Formal,May - Jul,3184.0866760000004
2022,13 Ciudades y áreas metropolitanas,Hombres,Formal,Jun - Ago,3202.9195066666666
2022,13 Ciudades y áreas metropolitanas,Hombres,Formal,Jul - Sep,3218.05839
2022,13 Ciudades y áreas metropolitanas,Hombres,Formal,Ago - Oct,3212.877412
2022,13 Ciudades y áreas metropolitanas,Hombres,Formal,Sep - Nov,3234.6590840000003
2022,13 Ciudades y áreas metropolitanas,Hombres,Formal,Oct - Dic,3267.625821666667
2022,13 Ciudades y áreas metropolitanas,Hombres,Formal,Nov - Ene,3273.122428
2022,13 Ciudades y áreas metropolitanas,Hombres,Formal,Dic - Feb,3217.5661099999998
2023,13 Ciudades y áreas metropolitanas,Hombres,Formal,Ene - Mar,3230.429254666667
2023,13 Ciudades y áreas metropolitanas,Hombres,Formal,Feb - Abr,3304.2962296666665
2023,13 Ciudades y áreas metropolitanas,Hombres,Formal,Mar - May,3327.2384343333338
2023,13 Ciudades y áreas metropolitanas,Hombres,Formal,Abr - Jun,3385.870365666667
2023,13 Ciudades y áreas metropolitanas,Hombres,Formal,May - Jul,3390.313283666667
2023,13 Ciudades y áreas metropolitanas,Hombres,Formal,Jun - Ago,3469.227100666667
2023,13 Ciudades y áreas metropolitanas,Hombres,Formal,Jul - Sep,3448.0219130000005
2023,13 Ciudades y áreas metropolitanas,Hombres,Formal,Ago - Oct,3452.325062666667
2023,13 Ciudades y áreas metropolitanas,Hombres,Formal,Sep - Nov,3465.3978543333337
2023,13 Ciudades y áreas metropolitanas,Hombres,Formal,Oct - Dic,3468.8692166666665
2023,13 Ciudades y áreas metropolitanas,Hombres,Formal,Nov - Ene,3455.0439966666668
2023,13 Ciudades y áreas metropolitanas,Hombres,Formal,Dic - Feb,3378.3681183333333
2024,13 Ciudades y áreas metropolitanas,Hombres,Formal,Ene - Mar,3407.912357333333
2024,13 Ciudades y áreas metropolitanas,Hombres,Formal,Feb - Abr,3431.593148
2024,13 Ciudades y áreas metropolitanas,Hombres,Formal,Mar - May,3447.437957333333
2024,13 Ciudades y áreas metropolitanas,Hombres,Formal,Abr - Jun,3453.759461
2024,13 Ciudades y áreas metropolitanas,Hombres,Formal,May - Jul,3441.179964333333
2024,13 Ciudades y áreas metropolitanas,Hombres,Formal,Jun - Ago,3483.269509
2024,13 Ciudades y áreas metropolitanas,Hombres,Formal,Jul - Sep,3474.6577563333335
2024,13 Ciudades y áreas metropolitanas,Hombres,Formal,Ago - Oct,3478.165693333334
2024,13 Ciudades y áreas metropolitanas,Hombres,Formal,Sep - Nov,3490.62947
2024,13 Ciudades y áreas metropolitanas,Hombres,Formal,Oct - Dic,3486.3962936666667
2024,13 Ciudades y áreas metropolitanas,Hombres,Formal,Nov - Ene,3474.941884
2024,13 Ciudades y áreas metropolitanas,Hombres,Formal,Dic - Feb,3430.206793
2025,13 Ciudades y áreas metropolitanas,Hombres,Formal,Ene - Mar,3382.671646
2025,13 Ciudades y áreas metropolitanas,Hombres,Formal,Feb - Abr,3444.268821
2025,13 Ciudades y áreas metropolitanas,Hombres,Formal,Mar - May,3502.274403
2025,13 Ciudades y áreas metropolitanas,Hombres,Formal,Abr - Jun,3525.801919
2025,13 Ciudades y áreas metropolitanas,Hombres,Formal,May - Jul,3504.323998
2025,13 Ciudades y áreas metropolitanas,Hombres,Formal,Jun - Ago,3519.349744
2025,13 Ciudades y áreas metropolitanas,Hombres,Formal,Jul - Sep,3550.682859
2025,13 Ciudades y áreas metropolitanas,Hombres,Formal,Ago - Oct,3513.566402
2025,13 Ciudades y áreas metropolitanas,Hombres,Formal,Sep - Nov,3504.313644
2025,13 Ciudades y áreas metropolitanas,Hombres,Formal,Oct - Dic,3528.926608
2025,13 Ciudades y áreas metropolitanas,Hombres,Formal,Nov - Ene,3569.492622
2025,13 Ciudades y áreas metropolitanas,Hombres,Formal,Dic - Feb,3512.742446
2026,13 Ciudades y áreas metropolitanas,Hombres,Formal,Ene - Mar,3501.943703
2026,13 Ciudades y áreas metropolitanas,Hombres,Formal,Feb - Abr,3528.88071
2021,13 Ciudades y áreas metropolitanas,Hombres,Informal,Ene - Mar,2458.1403213333333
2021,13 Ciudades y áreas metropolitanas,Hombres,Informal,Feb - Abr,2478.2684286666668
2021,13 Ciudades y áreas metropolitanas,Hombres,Informal,Mar - May,2463.4290976666666
2021,13 Ciudades y áreas metropolitanas,Hombres,Informal,Abr - Jun,2443.464132333333
2021,13 Ciudades y áreas metropolitanas,Hombres,Informal,May - Jul,2448.9598653333337
2021,13 Ciudades y áreas metropolitanas,Hombres,Informal,Jun - Ago,2478.5747223333333
2021,13 Ciudades y áreas metropolitanas,Hombres,Informal,Jul - Sep,2457.0962496666666
2021,13 Ciudades y áreas metropolitanas,Hombres,Informal,Ago - Oct,2475.2040346666668
2021,13 Ciudades y áreas metropolitanas,Hombres,Informal,Sep - Nov,2444.5894986666667
2021,13 Ciudades y áreas metropolitanas,Hombres,Informal,Oct - Dic,2440.7693939999995
2021,13 Ciudades y áreas metropolitanas,Hombres,Informal,Nov - Ene,2409.0791533333336
2021,13 Ciudades y áreas metropolitanas,Hombres,Informal,Dic - Feb,2421.924221333333
2022,13 Ciudades y áreas metropolitanas,Hombres,Informal,Ene - Mar,2479.3649666666665
2022,13 Ciudades y áreas metropolitanas,Hombres,Informal,Feb - Abr,2545.2264689999997
2022,13 Ciudades y áreas metropolitanas,Hombres,Informal,Mar - May,2549.025952333333
2022,13 Ciudades y áreas metropolitanas,Hombres,Informal,Abr - Jun,2521.143747
2022,13 Ciudades y áreas metropolitanas,Hombres,Informal,May - Jul,2495.653361
2022,13 Ciudades y áreas metropolitanas,Hombres,Informal,Jun - Ago,2449.732091
2022,13 Ciudades y áreas metropolitanas,Hombres,Informal,Jul - Sep,2506.038708666667
2022,13 Ciudades y áreas metropolitanas,Hombres,Informal,Ago - Oct,2553.724487
2022,13 Ciudades y áreas metropolitanas,Hombres,Informal,Sep - Nov,2570.3082013333333
2022,13 Ciudades y áreas metropolitanas,Hombres,Informal,Oct - Dic,2515.25498
2022,13 Ciudades y áreas metropolitanas,Hombres,Informal,Nov - Ene,2435.375149
2022,13 Ciudades y áreas metropolitanas,Hombres,Informal,Dic - Feb,2460.3131653333335
2023,13 Ciudades y áreas metropolitanas,Hombres,Informal,Ene - Mar,2490.7776573333335
2023,13 Ciudades y áreas metropolitanas,Hombres,Informal,Feb - Abr,2498.063715333333
2023,13 Ciudades y áreas metropolitanas,Hombres,Informal,Mar - May,2475.8806296666667
2023,13 Ciudades y áreas metropolitanas,Hombres,Informal,Abr - Jun,2433.4013596666664
2023,13 Ciudades y áreas metropolitanas,Hombres,Informal,May - Jul,2471.191516333333
2023,13 Ciudades y áreas metropolitanas,Hombres,Informal,Jun - Ago,2488.686131666667
2023,13 Ciudades y áreas metropolitanas,Hombres,Informal,Jul - Sep,2493.614184666667
2023,13 Ciudades y áreas metropolitanas,Hombres,Informal,Ago - Oct,2481.641848333333
2023,13 Ciudades y áreas metropolitanas,Hombres,Informal,Sep - Nov,2494.2351516666668
2023,13 Ciudades y áreas metropolitanas,Hombres,Informal,Oct - Dic,2487.738968666667
2023,13 Ciudades y áreas metropolitanas,Hombres,Informal,Nov - Ene,2456.3344713333336
2023,13 Ciudades y áreas metropolitanas,Hombres,Informal,Dic - Feb,2466.2461193333334
2024,13 Ciudades y áreas metropolitanas,Hombres,Informal,Ene - Mar,2456.6513146666666
2024,13 Ciudades y áreas metropolitanas,Hombres,Informal,Feb - Abr,2467.9159003333334
2024,13 Ciudades y áreas metropolitanas,Hombres,Informal,Mar - May,2478.848746
2024,13 Ciudades y áreas metropolitanas,Hombres,Informal,Abr - Jun,2477.721110666667
2024,13 Ciudades y áreas metropolitanas,Hombres,Informal,May - Jul,2513.654930666667
2024,13 Ciudades y áreas metropolitanas,Hombres,Informal,Jun - Ago,2480.707414666667
2024,13 Ciudades y áreas metropolitanas,Hombres,Informal,Jul - Sep,2510.264906666667
2024,13 Ciudades y áreas metropolitanas,Hombres,Informal,Ago - Oct,2539.742828666667
2024,13 Ciudades y áreas metropolitanas,Hombres,Informal,Sep - Nov,2574.7033436666666
2024,13 Ciudades y áreas metropolitanas,Hombres,Informal,Oct - Dic,2581.8742700000003
2024,13 Ciudades y áreas metropolitanas,Hombres,Informal,Nov - Ene,2586.257942
2024,13 Ciudades y áreas metropolitanas,Hombres,Informal,Dic - Feb,2604.993847
2025,13 Ciudades y áreas metropolitanas,Hombres,Informal,Ene - Mar,2643.965545
2025,13 Ciudades y áreas metropolitanas,Hombres,Informal,Feb - Abr,2597.075314
2025,13 Ciudades y áreas metropolitanas,Hombres,Informal,Mar - May,2586.219221
2025,13 Ciudades y áreas metropolitanas,Hombres,Informal,Abr - Jun,2583.613166
2025,13 Ciudades y áreas metropolitanas,Hombres,Informal,May - Jul,2633.866714
2025,13 Ciudades y áreas metropolitanas,Hombres,Informal,Jun - Ago,2654.853165
2025,13 Ciudades y áreas metropolitanas,Hombres,Informal,Jul - Sep,2613.184661
2025,13 Ciudades y áreas metropolitanas,Hombres,Informal,Ago - Oct,2672.26173
2025,13 Ciudades y áreas metropolitanas,Hombres,Informal,Sep - Nov,2682.77602
2025,13 Ciudades y áreas metropolitanas,Hombres,Informal,Oct - Dic,2698.834578
2025,13 Ciudades y áreas metropolitanas,Hombres,Informal,Nov - Ene,2581.191733
2025,13 Ciudades y áreas metropolitanas,Hombres,Informal,Dic - Feb,2575.534502
2026,13 Ciudades y áreas metropolitanas,Hombres,Informal,Ene - Mar,2580.857702
2026,13 Ciudades y áreas metropolitanas,Hombres,Informal,Feb - Abr,2610.173498
2021,13 Ciudades y áreas metropolitanas,Mujeres,Población ocupada,Ene - Mar,4061.1144563333332
2021,13 Ciudades y áreas metropolitanas,Mujeres,Población ocupada,Feb - Abr,4095.3827263333333
2021,13 Ciudades y áreas metropolitanas,Mujeres,Población ocupada,Mar - May,4078.231319
2021,13 Ciudades y áreas metropolitanas,Mujeres,Población ocupada,Abr - Jun,4125.486089666666
2021,13 Ciudades y áreas metropolitanas,Mujeres,Población ocupada,May - Jul,4141.592567333333
2021,13 Ciudades y áreas metropolitanas,Mujeres,Población ocupada,Jun - Ago,4200.921251666667
2021,13 Ciudades y áreas metropolitanas,Mujeres,Población ocupada,Jul - Sep,4220.156578666666
2021,13 Ciudades y áreas metropolitanas,Mujeres,Población ocupada,Ago - Oct,4244.118375666666
2021,13 Ciudades y áreas metropolitanas,Mujeres,Población ocupada,Sep - Nov,4265.600227333333
2021,13 Ciudades y áreas metropolitanas,Mujeres,Población ocupada,Oct - Dic,4300.340086666667
2021,13 Ciudades y áreas metropolitanas,Mujeres,Población ocupada,Nov - Ene,4346.313103666666
2021,13 Ciudades y áreas metropolitanas,Mujeres,Población ocupada,Dic - Feb,4427.339105666667
2022,13 Ciudades y áreas metropolitanas,Mujeres,Población ocupada,Ene - Mar,4528.950235333334
2022,13 Ciudades y áreas metropolitanas,Mujeres,Población ocupada,Feb - Abr,4651.386995333333
2022,13 Ciudades y áreas metropolitanas,Mujeres,Población ocupada,Mar - May,4654.121005666667
2022,13 Ciudades y áreas metropolitanas,Mujeres,Población ocupada,Abr - Jun,4663.843032
2022,13 Ciudades y áreas metropolitanas,Mujeres,Población ocupada,May - Jul,4654.401680333333
2022,13 Ciudades y áreas metropolitanas,Mujeres,Población ocupada,Jun - Ago,4698.781132666666
2022,13 Ciudades y áreas metropolitanas,Mujeres,Población ocupada,Jul - Sep,4758.585683333334
2022,13 Ciudades y áreas metropolitanas,Mujeres,Población ocupada,Ago - Oct,4816.500757
2022,13 Ciudades y áreas metropolitanas,Mujeres,Población ocupada,Sep - Nov,4877.946409
2022,13 Ciudades y áreas metropolitanas,Mujeres,Población ocupada,Oct - Dic,4858.734002
2022,13 Ciudades y áreas metropolitanas,Mujeres,Población ocupada,Nov - Ene,4749.833104
2022,13 Ciudades y áreas metropolitanas,Mujeres,Población ocupada,Dic - Feb,4680.420952666667
2023,13 Ciudades y áreas metropolitanas,Mujeres,Población ocupada,Ene - Mar,4705.983484333334
2023,13 Ciudades y áreas metropolitanas,Mujeres,Población ocupada,Feb - Abr,4796.156144
2023,13 Ciudades y áreas metropolitanas,Mujeres,Población ocupada,Mar - May,4844.303357666667
2023,13 Ciudades y áreas metropolitanas,Mujeres,Población ocupada,Abr - Jun,4894.911864999999
2023,13 Ciudades y áreas metropolitanas,Mujeres,Población ocupada,May - Jul,4977.296581
2023,13 Ciudades y áreas metropolitanas,Mujeres,Población ocupada,Jun - Ago,4997.522833666666
2023,13 Ciudades y áreas metropolitanas,Mujeres,Población ocupada,Jul - Sep,4998.509650999999
2023,13 Ciudades y áreas metropolitanas,Mujeres,Población ocupada,Ago - Oct,5033.911194666667
2023,13 Ciudades y áreas metropolitanas,Mujeres,Población ocupada,Sep - Nov,5106.0717233333335
2023,13 Ciudades y áreas metropolitanas,Mujeres,Población ocupada,Oct - Dic,5076.2453669999995
2023,13 Ciudades y áreas metropolitanas,Mujeres,Población ocupada,Nov - Ene,4951.183374666666
2023,13 Ciudades y áreas metropolitanas,Mujeres,Población ocupada,Dic - Feb,4867.835057333334
2024,13 Ciudades y áreas metropolitanas,Mujeres,Población ocupada,Ene - Mar,4884.510939
2024,13 Ciudades y áreas metropolitanas,Mujeres,Población ocupada,Feb - Abr,4980.809728333334
2024,13 Ciudades y áreas metropolitanas,Mujeres,Población ocupada,Mar - May,5051.924040000001
2024,13 Ciudades y áreas metropolitanas,Mujeres,Población ocupada,Abr - Jun,5074.900511666667
2024,13 Ciudades y áreas metropolitanas,Mujeres,Población ocupada,May - Jul,5090.632220333333
2024,13 Ciudades y áreas metropolitanas,Mujeres,Población ocupada,Jun - Ago,5115.716688666666
2024,13 Ciudades y áreas metropolitanas,Mujeres,Población ocupada,Jul - Sep,5108.0139383333335
2024,13 Ciudades y áreas metropolitanas,Mujeres,Población ocupada,Ago - Oct,5103.720074
2024,13 Ciudades y áreas metropolitanas,Mujeres,Población ocupada,Sep - Nov,5122.1750213333335
2024,13 Ciudades y áreas metropolitanas,Mujeres,Población ocupada,Oct - Dic,5127.166915333333
2024,13 Ciudades y áreas metropolitanas,Mujeres,Población ocupada,Nov - Ene,5021.529435
2024,13 Ciudades y áreas metropolitanas,Mujeres,Población ocupada,Dic - Feb,4992.447791
2025,13 Ciudades y áreas metropolitanas,Mujeres,Población ocupada,Ene - Mar,5076.194096
2025,13 Ciudades y áreas metropolitanas,Mujeres,Población ocupada,Feb - Abr,5181.15972
2025,13 Ciudades y áreas metropolitanas,Mujeres,Población ocupada,Mar - May,5165.455699
2025,13 Ciudades y áreas metropolitanas,Mujeres,Población ocupada,Abr - Jun,5144.766434
2025,13 Ciudades y áreas metropolitanas,Mujeres,Población ocupada,May - Jul,5204.862792
2025,13 Ciudades y áreas metropolitanas,Mujeres,Población ocupada,Jun - Ago,5238.94803
2025,13 Ciudades y áreas metropolitanas,Mujeres,Población ocupada,Jul - Sep,5266.371845
2025,13 Ciudades y áreas metropolitanas,Mujeres,Población ocupada,Ago - Oct,5311.470313
2025,13 Ciudades y áreas metropolitanas,Mujeres,Población ocupada,Sep - Nov,5379.668194
2025,13 Ciudades y áreas metropolitanas,Mujeres,Población ocupada,Oct - Dic,5385.725481
2025,13 Ciudades y áreas metropolitanas,Mujeres,Población ocupada,Nov - Ene,5234.278619
2025,13 Ciudades y áreas metropolitanas,Mujeres,Población ocupada,Dic - Feb,5172.721778
2026,13 Ciudades y áreas metropolitanas,Mujeres,Población ocupada,Ene - Mar,5144.924558
2026,13 Ciudades y áreas metropolitanas,Mujeres,Población ocupada,Feb - Abr,5247.274739
2021,13 Ciudades y áreas metropolitanas,Mujeres,Formal,Ene - Mar,2283.207650666667
2021,13 Ciudades y áreas metropolitanas,Mujeres,Formal,Feb - Abr,2252.9632533333333
2021,13 Ciudades y áreas metropolitanas,Mujeres,Formal,Mar - May,2289.5611630000003
2021,13 Ciudades y áreas metropolitanas,Mujeres,Formal,Abr - Jun,2331.632873
2021,13 Ciudades y áreas metropolitanas,Mujeres,Formal,May - Jul,2377.6239453333333
2021,13 Ciudades y áreas metropolitanas,Mujeres,Formal,Jun - Ago,2374.2911516666663
2021,13 Ciudades y áreas metropolitanas,Mujeres,Formal,Jul - Sep,2389.6528786666663
2021,13 Ciudades y áreas metropolitanas,Mujeres,Formal,Ago - Oct,2367.7299863333333
2021,13 Ciudades y áreas metropolitanas,Mujeres,Formal,Sep - Nov,2394.4837093333335
2021,13 Ciudades y áreas metropolitanas,Mujeres,Formal,Oct - Dic,2411.4361913333337
2021,13 Ciudades y áreas metropolitanas,Mujeres,Formal,Nov - Ene,2504.939636
2021,13 Ciudades y áreas metropolitanas,Mujeres,Formal,Dic - Feb,2565.109657666667
2022,13 Ciudades y áreas metropolitanas,Mujeres,Formal,Ene - Mar,2628.1778363333333
2022,13 Ciudades y áreas metropolitanas,Mujeres,Formal,Feb - Abr,2652.778478333333
2022,13 Ciudades y áreas metropolitanas,Mujeres,Formal,Mar - May,2642.290638666667
2022,13 Ciudades y áreas metropolitanas,Mujeres,Formal,Abr - Jun,2632.5518103333334
2022,13 Ciudades y áreas metropolitanas,Mujeres,Formal,May - Jul,2617.4968246666667
2022,13 Ciudades y áreas metropolitanas,Mujeres,Formal,Jun - Ago,2652.85496
2022,13 Ciudades y áreas metropolitanas,Mujeres,Formal,Jul - Sep,2687.006128333333
2022,13 Ciudades y áreas metropolitanas,Mujeres,Formal,Ago - Oct,2739.141297333333
2022,13 Ciudades y áreas metropolitanas,Mujeres,Formal,Sep - Nov,2797.801151333333
2022,13 Ciudades y áreas metropolitanas,Mujeres,Formal,Oct - Dic,2828.5335746666665
2022,13 Ciudades y áreas metropolitanas,Mujeres,Formal,Nov - Ene,2791.210551666667
2022,13 Ciudades y áreas metropolitanas,Mujeres,Formal,Dic - Feb,2733.513159
2023,13 Ciudades y áreas metropolitanas,Mujeres,Formal,Ene - Mar,2736.122847
2023,13 Ciudades y áreas metropolitanas,Mujeres,Formal,Feb - Abr,2802.9701203333334
2023,13 Ciudades y áreas metropolitanas,Mujeres,Formal,Mar - May,2866.442294666667
2023,13 Ciudades y áreas metropolitanas,Mujeres,Formal,Abr - Jun,2910.1151346666666
2023,13 Ciudades y áreas metropolitanas,Mujeres,Formal,May - Jul,2948.569377
2023,13 Ciudades y áreas metropolitanas,Mujeres,Formal,Jun - Ago,2955.3696290000003
2023,13 Ciudades y áreas metropolitanas,Mujeres,Formal,Jul - Sep,2964.3153886666664
2023,13 Ciudades y áreas metropolitanas,Mujeres,Formal,Ago - Oct,2978.942904333333
2023,13 Ciudades y áreas metropolitanas,Mujeres,Formal,Sep - Nov,3015.639986666667
2023,13 Ciudades y áreas metropolitanas,Mujeres,Formal,Oct - Dic,2987.1441443333338
2023,13 Ciudades y áreas metropolitanas,Mujeres,Formal,Nov - Ene,2934.931013
2023,13 Ciudades y áreas metropolitanas,Mujeres,Formal,Dic - Feb,2884.901620666667
2024,13 Ciudades y áreas metropolitanas,Mujeres,Formal,Ene - Mar,2893.4026663333334
2024,13 Ciudades y áreas metropolitanas,Mujeres,Formal,Feb - Abr,2922.9571656666667
2024,13 Ciudades y áreas metropolitanas,Mujeres,Formal,Mar - May,2976.9820836666663
2024,13 Ciudades y áreas metropolitanas,Mujeres,Formal,Abr - Jun,2970.964911333334
2024,13 Ciudades y áreas metropolitanas,Mujeres,Formal,May - Jul,2979.3678446666668
2024,13 Ciudades y áreas metropolitanas,Mujeres,Formal,Jun - Ago,2962.5180496666667
2024,13 Ciudades y áreas metropolitanas,Mujeres,Formal,Jul - Sep,2959.862745666667
2024,13 Ciudades y áreas metropolitanas,Mujeres,Formal,Ago - Oct,2921.016981
2024,13 Ciudades y áreas metropolitanas,Mujeres,Formal,Sep - Nov,2949.9511196666667
2024,13 Ciudades y áreas metropolitanas,Mujeres,Formal,Oct - Dic,2953.9109439999997
2024,13 Ciudades y áreas metropolitanas,Mujeres,Formal,Nov - Ene,2941.958737
2024,13 Ciudades y áreas metropolitanas,Mujeres,Formal,Dic - Feb,2899.829053
2025,13 Ciudades y áreas metropolitanas,Mujeres,Formal,Ene - Mar,2930.390713
2025,13 Ciudades y áreas metropolitanas,Mujeres,Formal,Feb - Abr,3004.891833
2025,13 Ciudades y áreas metropolitanas,Mujeres,Formal,Mar - May,2992.71422
2025,13 Ciudades y áreas metropolitanas,Mujeres,Formal,Abr - Jun,3035.583829
2025,13 Ciudades y áreas metropolitanas,Mujeres,Formal,May - Jul,3076.546103
2025,13 Ciudades y áreas metropolitanas,Mujeres,Formal,Jun - Ago,3109.889273
2025,13 Ciudades y áreas metropolitanas,Mujeres,Formal,Jul - Sep,3123.269945
2025,13 Ciudades y áreas metropolitanas,Mujeres,Formal,Ago - Oct,3102.641131
2025,13 Ciudades y áreas metropolitanas,Mujeres,Formal,Sep - Nov,3173.376602
2025,13 Ciudades y áreas metropolitanas,Mujeres,Formal,Oct - Dic,3172.363332
2025,13 Ciudades y áreas metropolitanas,Mujeres,Formal,Nov - Ene,3143.686937
2025,13 Ciudades y áreas metropolitanas,Mujeres,Formal,Dic - Feb,3121.949143
2026,13 Ciudades y áreas metropolitanas,Mujeres,Formal,Ene - Mar,3123.508047
2026,13 Ciudades y áreas metropolitanas,Mujeres,Formal,Feb - Abr,3169.835089
2021,13 Ciudades y áreas metropolitanas,Mujeres,Informal,Ene - Mar,1777.9068053333333
2021,13 Ciudades y áreas metropolitanas,Mujeres,Informal,Feb - Abr,1842.4194723333333
2021,13 Ciudades y áreas metropolitanas,Mujeres,Informal,Mar - May,1788.6701556666667
2021,13 Ciudades y áreas metropolitanas,Mujeres,Informal,Abr - Jun,1793.8532163333332
2021,13 Ciudades y áreas metropolitanas,Mujeres,Informal,May - Jul,1763.9686216666666
2021,13 Ciudades y áreas metropolitanas,Mujeres,Informal,Jun - Ago,1826.6300993333334
2021,13 Ciudades y áreas metropolitanas,Mujeres,Informal,Jul - Sep,1830.5036996666665
2021,13 Ciudades y áreas metropolitanas,Mujeres,Informal,Ago - Oct,1876.3883893333332
2021,13 Ciudades y áreas metropolitanas,Mujeres,Informal,Sep - Nov,1871.116518
2021,13 Ciudades y áreas metropolitanas,Mujeres,Informal,Oct - Dic,1888.9038950000001
2021,13 Ciudades y áreas metropolitanas,Mujeres,Informal,Nov - Ene,1841.3734670000001
2021,13 Ciudades y áreas metropolitanas,Mujeres,Informal,Dic - Feb,1862.2294476666666
2022,13 Ciudades y áreas metropolitanas,Mujeres,Informal,Ene - Mar,1900.7723986666667
2022,13 Ciudades y áreas metropolitanas,Mujeres,Informal,Feb - Abr,1998.608517
2022,13 Ciudades y áreas metropolitanas,Mujeres,Informal,Mar - May,2011.8303673333332
2022,13 Ciudades y áreas metropolitanas,Mujeres,Informal,Abr - Jun,2031.2912219999998
2022,13 Ciudades y áreas metropolitanas,Mujeres,Informal,May - Jul,2036.9048559999999
2022,13 Ciudades y áreas metropolitanas,Mujeres,Informal,Jun - Ago,2045.9261726666666
2022,13 Ciudades y áreas metropolitanas,Mujeres,Informal,Jul - Sep,2071.5795550000003
2022,13 Ciudades y áreas metropolitanas,Mujeres,Informal,Ago - Oct,2077.3594596666667
2022,13 Ciudades y áreas metropolitanas,Mujeres,Informal,Sep - Nov,2080.1452576666666
2022,13 Ciudades y áreas metropolitanas,Mujeres,Informal,Oct - Dic,2030.2004273333332
2022,13 Ciudades y áreas metropolitanas,Mujeres,Informal,Nov - Ene,1958.6225523333333
2022,13 Ciudades y áreas metropolitanas,Mujeres,Informal,Dic - Feb,1946.9077936666665
2023,13 Ciudades y áreas metropolitanas,Mujeres,Informal,Ene - Mar,1969.8606376666667
2023,13 Ciudades y áreas metropolitanas,Mujeres,Informal,Feb - Abr,1993.1860239999999
2023,13 Ciudades y áreas metropolitanas,Mujeres,Informal,Mar - May,1977.861063333333
2023,13 Ciudades y áreas metropolitanas,Mujeres,Informal,Abr - Jun,1984.7967303333335
2023,13 Ciudades y áreas metropolitanas,Mujeres,Informal,May - Jul,2028.727204
2023,13 Ciudades y áreas metropolitanas,Mujeres,Informal,Jun - Ago,2042.1532049999998
2023,13 Ciudades y áreas metropolitanas,Mujeres,Informal,Jul - Sep,2034.1942626666666
2023,13 Ciudades y áreas metropolitanas,Mujeres,Informal,Ago - Oct,2054.9682906666667
2023,13 Ciudades y áreas metropolitanas,Mujeres,Informal,Sep - Nov,2090.431736666667
2023,13 Ciudades y áreas metropolitanas,Mujeres,Informal,Oct - Dic,2089.1012226666667
2023,13 Ciudades y áreas metropolitanas,Mujeres,Informal,Nov - Ene,2016.2523616666665
2023,13 Ciudades y áreas metropolitanas,Mujeres,Informal,Dic - Feb,1982.933436666667
2024,13 Ciudades y áreas metropolitanas,Mujeres,Informal,Ene - Mar,1991.1082726666666
2024,13 Ciudades y áreas metropolitanas,Mujeres,Informal,Feb - Abr,2057.8525626666665
2024,13 Ciudades y áreas metropolitanas,Mujeres,Informal,Mar - May,2074.941956333333
2024,13 Ciudades y áreas metropolitanas,Mujeres,Informal,Abr - Jun,2103.9356003333337
2024,13 Ciudades y áreas metropolitanas,Mujeres,Informal,May - Jul,2111.264375666666
2024,13 Ciudades y áreas metropolitanas,Mujeres,Informal,Jun - Ago,2153.198639
2024,13 Ciudades y áreas metropolitanas,Mujeres,Informal,Jul - Sep,2148.1511926666667
2024,13 Ciudades y áreas metropolitanas,Mujeres,Informal,Ago - Oct,2182.7030933333335
2024,13 Ciudades y áreas metropolitanas,Mujeres,Informal,Sep - Nov,2172.223902
2024,13 Ciudades y áreas metropolitanas,Mujeres,Informal,Oct - Dic,2173.255971666667
2024,13 Ciudades y áreas metropolitanas,Mujeres,Informal,Nov - Ene,2079.570699
2024,13 Ciudades y áreas metropolitanas,Mujeres,Informal,Dic - Feb,2092.618738
2025,13 Ciudades y áreas metropolitanas,Mujeres,Informal,Ene - Mar,2145.803383
2025,13 Ciudades y áreas metropolitanas,Mujeres,Informal,Feb - Abr,2176.267887
2025,13 Ciudades y áreas metropolitanas,Mujeres,Informal,Mar - May,2172.741478
2025,13 Ciudades y áreas metropolitanas,Mujeres,Informal,Abr - Jun,2109.182605
2025,13 Ciudades y áreas metropolitanas,Mujeres,Informal,May - Jul,2128.31669
2025,13 Ciudades y áreas metropolitanas,Mujeres,Informal,Jun - Ago,2129.058758
2025,13 Ciudades y áreas metropolitanas,Mujeres,Informal,Jul - Sep,2143.101901
2025,13 Ciudades y áreas metropolitanas,Mujeres,Informal,Ago - Oct,2208.829182
2025,13 Ciudades y áreas metropolitanas,Mujeres,Informal,Sep - Nov,2206.291592
2025,13 Ciudades y áreas metropolitanas,Mujeres,Informal,Oct - Dic,2213.362149
2025,13 Ciudades y áreas metropolitanas,Mujeres,Informal,Nov - Ene,2090.591682
2025,13 Ciudades y áreas metropolitanas,Mujeres,Informal,Dic - Feb,2050.772635
2026,13 Ciudades y áreas metropolitanas,Mujeres,Informal,Ene - Mar,2021.416511
2026,13 Ciudades y áreas metropolitanas,Mujeres,Informal,Feb - Abr,2077.43965
2021,23 Ciudades y áreas metropolitanas,Total,Población ocupada,Ene - Mar,10207.340572
2021,23 Ciudades y áreas metropolitanas,Total,Población ocupada,Feb - Abr,10314.171929333332
2021,23 Ciudades y áreas metropolitanas,Total,Población ocupada,Mar - May,10331.821430333332
2021,23 Ciudades y áreas metropolitanas,Total,Población ocupada,Abr - Jun,10347.146649
2021,23 Ciudades y áreas metropolitanas,Total,Población ocupada,May - Jul,10449.413783666669
2021,23 Ciudades y áreas metropolitanas,Total,Población ocupada,Jun - Ago,10574.868798000001
2021,23 Ciudades y áreas metropolitanas,Total,Población ocupada,Jul - Sep,10655.821353
2021,23 Ciudades y áreas metropolitanas,Total,Población ocupada,Ago - Oct,10702.589261666666
2021,23 Ciudades y áreas metropolitanas,Total,Población ocupada,Sep - Nov,10779.31586
2021,23 Ciudades y áreas metropolitanas,Total,Población ocupada,Oct - Dic,10848.345590333332
2021,23 Ciudades y áreas metropolitanas,Total,Población ocupada,Nov - Ene,10902.707086
2021,23 Ciudades y áreas metropolitanas,Total,Población ocupada,Dic - Feb,11011.355844999998
2022,23 Ciudades y áreas metropolitanas,Total,Población ocupada,Ene - Mar,11162.760618333332
2022,23 Ciudades y áreas metropolitanas,Total,Población ocupada,Feb - Abr,11378.000644
2022,23 Ciudades y áreas metropolitanas,Total,Población ocupada,Mar - May,11439.402495666667
2022,23 Ciudades y áreas metropolitanas,Total,Población ocupada,Abr - Jun,11459.504878
2022,23 Ciudades y áreas metropolitanas,Total,Población ocupada,May - Jul,11439.922237666668
2022,23 Ciudades y áreas metropolitanas,Total,Población ocupada,Jun - Ago,11449.306667333332
2022,23 Ciudades y áreas metropolitanas,Total,Población ocupada,Jul - Sep,11579.020379333335
2022,23 Ciudades y áreas metropolitanas,Total,Población ocupada,Ago - Oct,11682.576954999999
2022,23 Ciudades y áreas metropolitanas,Total,Población ocupada,Sep - Nov,11795.358530666666
2022,23 Ciudades y áreas metropolitanas,Total,Población ocupada,Oct - Dic,11756.368381666667
2022,23 Ciudades y áreas metropolitanas,Total,Población ocupada,Nov - Ene,11569.591984666666
2022,23 Ciudades y áreas metropolitanas,Total,Población ocupada,Dic - Feb,11461.349134000002
2023,23 Ciudades y áreas metropolitanas,Total,Población ocupada,Ene - Mar,11530.651008666668
2023,23 Ciudades y áreas metropolitanas,Total,Población ocupada,Feb - Abr,11714.832621666668
2023,23 Ciudades y áreas metropolitanas,Total,Población ocupada,Mar - May,11775.823848333335
2023,23 Ciudades y áreas metropolitanas,Total,Población ocupada,Abr - Jun,11846.743603333334
2023,23 Ciudades y áreas metropolitanas,Total,Población ocupada,May - Jul,11983.672198999999
2023,23 Ciudades y áreas metropolitanas,Total,Población ocupada,Jun - Ago,12111.015122666666
2023,23 Ciudades y áreas metropolitanas,Total,Población ocupada,Jul - Sep,12107.891424333333
2023,23 Ciudades y áreas metropolitanas,Total,Población ocupada,Ago - Oct,12135.745354
2023,23 Ciudades y áreas metropolitanas,Total,Población ocupada,Sep - Nov,12231.298793
2023,23 Ciudades y áreas metropolitanas,Total,Población ocupada,Oct - Dic,12190.331298333333
2023,23 Ciudades y áreas metropolitanas,Total,Población ocupada,Nov - Ene,11995.477210666666
2023,23 Ciudades y áreas metropolitanas,Total,Población ocupada,Dic - Feb,11830.173333666666
2024,23 Ciudades y áreas metropolitanas,Total,Población ocupada,Ene - Mar,11857.361929
2024,23 Ciudades y áreas metropolitanas,Total,Población ocupada,Feb - Abr,12002.824188666666
2024,23 Ciudades y áreas metropolitanas,Total,Población ocupada,Mar - May,12109.160166666667
2024,23 Ciudades y áreas metropolitanas,Total,Población ocupada,Abr - Jun,12143.724945
2024,23 Ciudades y áreas metropolitanas,Total,Población ocupada,May - Jul,12187.925706
2024,23 Ciudades y áreas metropolitanas,Total,Población ocupada,Jun - Ago,12235.695790666667
2024,23 Ciudades y áreas metropolitanas,Total,Población ocupada,Jul - Sep,12252.889955666667
2024,23 Ciudades y áreas metropolitanas,Total,Población ocupada,Ago - Oct,12276.383967000002
2024,23 Ciudades y áreas metropolitanas,Total,Población ocupada,Sep - Nov,12338.194133666666
2024,23 Ciudades y áreas metropolitanas,Total,Población ocupada,Oct - Dic,12357.403506333334
2024,23 Ciudades y áreas metropolitanas,Total,Población ocupada,Nov - Ene,12245.800395
2024,23 Ciudades y áreas metropolitanas,Total,Población ocupada,Dic - Feb,12182.654422
2025,23 Ciudades y áreas metropolitanas,Total,Población ocupada,Ene - Mar,12248.376113
2025,23 Ciudades y áreas metropolitanas,Total,Población ocupada,Feb - Abr,12376.421972
2025,23 Ciudades y áreas metropolitanas,Total,Población ocupada,Mar - May,12413.643334
2025,23 Ciudades y áreas metropolitanas,Total,Población ocupada,Abr - Jun,12421.268307
2025,23 Ciudades y áreas metropolitanas,Total,Población ocupada,May - Jul,12519.907935
2025,23 Ciudades y áreas metropolitanas,Total,Población ocupada,Jun - Ago,12604.566365
2025,23 Ciudades y áreas metropolitanas,Total,Población ocupada,Jul - Sep,12630.061425
2025,23 Ciudades y áreas metropolitanas,Total,Población ocupada,Ago - Oct,12699.154455
2025,23 Ciudades y áreas metropolitanas,Total,Población ocupada,Sep - Nov,12774.461218
2025,23 Ciudades y áreas metropolitanas,Total,Población ocupada,Oct - Dic,12813.274178
2025,23 Ciudades y áreas metropolitanas,Total,Población ocupada,Nov - Ene,12564.239348
2025,23 Ciudades y áreas metropolitanas,Total,Población ocupada,Dic - Feb,12429.285203
2026,23 Ciudades y áreas metropolitanas,Total,Población ocupada,Ene - Mar,12402.357556
2026,23 Ciudades y áreas metropolitanas,Total,Población ocupada,Feb - Abr,12582.268196
2021,23 Ciudades y áreas metropolitanas,Total,Formal,Ene - Mar,5381.842067
2021,23 Ciudades y áreas metropolitanas,Total,Formal,Feb - Abr,5397.806292666667
2021,23 Ciudades y áreas metropolitanas,Total,Formal,Mar - May,5488.904758333333
2021,23 Ciudades y áreas metropolitanas,Total,Formal,Abr - Jun,5525.086748000001
2021,23 Ciudades y áreas metropolitanas,Total,Formal,May - Jul,5647.482366333334
2021,23 Ciudades y áreas metropolitanas,Total,Formal,Jun - Ago,5673.077457666666
2021,23 Ciudades y áreas metropolitanas,Total,Formal,Jul - Sep,5757.383131
2021,23 Ciudades y áreas metropolitanas,Total,Formal,Ago - Oct,5739.822267333333
2021,23 Ciudades y áreas metropolitanas,Total,Formal,Sep - Nov,5840.074320333333
2021,23 Ciudades y áreas metropolitanas,Total,Formal,Oct - Dic,5889.934976666666
2021,23 Ciudades y áreas metropolitanas,Total,Formal,Nov - Ene,6019.177407333333
2021,23 Ciudades y áreas metropolitanas,Total,Formal,Dic - Feb,6091.372219
2022,23 Ciudades y áreas metropolitanas,Total,Formal,Ene - Mar,6142.380686333333
2022,23 Ciudades y áreas metropolitanas,Total,Formal,Feb - Abr,6186.512223666666
2022,23 Ciudades y áreas metropolitanas,Total,Formal,Mar - May,6241.278732666666
2022,23 Ciudades y áreas metropolitanas,Total,Formal,Abr - Jun,6272.280518333333
2022,23 Ciudades y áreas metropolitanas,Total,Formal,May - Jul,6277.61818
2022,23 Ciudades y áreas metropolitanas,Total,Formal,Jun - Ago,6320.630707333334
2022,23 Ciudades y áreas metropolitanas,Total,Formal,Jul - Sep,6366.998894333333
2022,23 Ciudades y áreas metropolitanas,Total,Formal,Ago - Oct,6414.210800666668
2022,23 Ciudades y áreas metropolitanas,Total,Formal,Sep - Nov,6489.606156000001
2022,23 Ciudades y áreas metropolitanas,Total,Formal,Oct - Dic,6552.917967
2022,23 Ciudades y áreas metropolitanas,Total,Formal,Nov - Ene,6518.487813333333
2022,23 Ciudades y áreas metropolitanas,Total,Formal,Dic - Feb,6412.625776666667
2023,23 Ciudades y áreas metropolitanas,Total,Formal,Ene - Mar,6431.405578666666
2023,23 Ciudades y áreas metropolitanas,Total,Formal,Feb - Abr,6581.565871333333
2023,23 Ciudades y áreas metropolitanas,Total,Formal,Mar - May,6677.028717
2023,23 Ciudades y áreas metropolitanas,Total,Formal,Abr - Jun,6785.721683333333
2023,23 Ciudades y áreas metropolitanas,Total,Formal,May - Jul,6831.672345999999
2023,23 Ciudades y áreas metropolitanas,Total,Formal,Jun - Ago,6919.259290999999
2023,23 Ciudades y áreas metropolitanas,Total,Formal,Jul - Sep,6911.216587999999
2023,23 Ciudades y áreas metropolitanas,Total,Formal,Ago - Oct,6934.888448000001
2023,23 Ciudades y áreas metropolitanas,Total,Formal,Sep - Nov,6980.187016333333
2023,23 Ciudades y áreas metropolitanas,Total,Formal,Oct - Dic,6952.655476666667
2023,23 Ciudades y áreas metropolitanas,Total,Formal,Nov - Ene,6878.546371666666
2023,23 Ciudades y áreas metropolitanas,Total,Formal,Dic - Feb,6751.289523333333
2024,23 Ciudades y áreas metropolitanas,Total,Formal,Ene - Mar,6790.576181666666
2024,23 Ciudades y áreas metropolitanas,Total,Formal,Feb - Abr,6859.772261000001
2024,23 Ciudades y áreas metropolitanas,Total,Formal,Mar - May,6945.484131666667
2024,23 Ciudades y áreas metropolitanas,Total,Formal,Abr - Jun,6952.023238999999
2024,23 Ciudades y áreas metropolitanas,Total,Formal,May - Jul,6941.499154666667
2024,23 Ciudades y áreas metropolitanas,Total,Formal,Jun - Ago,6964.840242000001
2024,23 Ciudades y áreas metropolitanas,Total,Formal,Jul - Sep,6951.755647999999
2024,23 Ciudades y áreas metropolitanas,Total,Formal,Ago - Oct,6920.862439666666
2024,23 Ciudades y áreas metropolitanas,Total,Formal,Sep - Nov,6954.439939666667
2024,23 Ciudades y áreas metropolitanas,Total,Formal,Oct - Dic,6949.730429
2024,23 Ciudades y áreas metropolitanas,Total,Formal,Nov - Ene,6910.0214
2024,23 Ciudades y áreas metropolitanas,Total,Formal,Dic - Feb,6815.567372
2025,23 Ciudades y áreas metropolitanas,Total,Formal,Ene - Mar,6792.71636
2025,23 Ciudades y áreas metropolitanas,Total,Formal,Feb - Abr,6939.029225
2025,23 Ciudades y áreas metropolitanas,Total,Formal,Mar - May,6994.065289
2025,23 Ciudades y áreas metropolitanas,Total,Formal,Abr - Jun,7075.065806
2025,23 Ciudades y áreas metropolitanas,Total,Formal,May - Jul,7095.739795
2025,23 Ciudades y áreas metropolitanas,Total,Formal,Jun - Ago,7152.342737
2025,23 Ciudades y áreas metropolitanas,Total,Formal,Jul - Sep,7198.619652
2025,23 Ciudades y áreas metropolitanas,Total,Formal,Ago - Oct,7144.69372
2025,23 Ciudades y áreas metropolitanas,Total,Formal,Sep - Nov,7207.580947
2025,23 Ciudades y áreas metropolitanas,Total,Formal,Oct - Dic,7225.806379
2025,23 Ciudades y áreas metropolitanas,Total,Formal,Nov - Ene,7233.551609
2025,23 Ciudades y áreas metropolitanas,Total,Formal,Dic - Feb,7158.345735
2026,23 Ciudades y áreas metropolitanas,Total,Formal,Ene - Mar,7162.025443
2026,23 Ciudades y áreas metropolitanas,Total,Formal,Feb - Abr,7252.805243
2021,23 Ciudades y áreas metropolitanas,Total,Informal,Ene - Mar,4825.498504666667
2021,23 Ciudades y áreas metropolitanas,Total,Informal,Feb - Abr,4916.365636333333
2021,23 Ciudades y áreas metropolitanas,Total,Informal,Mar - May,4842.916671666667
2021,23 Ciudades y áreas metropolitanas,Total,Informal,Abr - Jun,4822.0599010000005
2021,23 Ciudades y áreas metropolitanas,Total,Informal,May - Jul,4801.931417333333
2021,23 Ciudades y áreas metropolitanas,Total,Informal,Jun - Ago,4901.791340333333
2021,23 Ciudades y áreas metropolitanas,Total,Informal,Jul - Sep,4898.438222
2021,23 Ciudades y áreas metropolitanas,Total,Informal,Ago - Oct,4962.7669946666665
2021,23 Ciudades y áreas metropolitanas,Total,Informal,Sep - Nov,4939.24154
2021,23 Ciudades y áreas metropolitanas,Total,Informal,Oct - Dic,4958.410614
2021,23 Ciudades y áreas metropolitanas,Total,Informal,Nov - Ene,4883.529678666667
2021,23 Ciudades y áreas metropolitanas,Total,Informal,Dic - Feb,4919.983625666667
2022,23 Ciudades y áreas metropolitanas,Total,Informal,Ene - Mar,5020.379931333333
2022,23 Ciudades y áreas metropolitanas,Total,Informal,Feb - Abr,5191.488419666667
2022,23 Ciudades y áreas metropolitanas,Total,Informal,Mar - May,5198.123762666666
2022,23 Ciudades y áreas metropolitanas,Total,Informal,Abr - Jun,5187.224359666667
2022,23 Ciudades y áreas metropolitanas,Total,Informal,May - Jul,5162.304057666667
2022,23 Ciudades y áreas metropolitanas,Total,Informal,Jun - Ago,5128.6759600000005
2022,23 Ciudades y áreas metropolitanas,Total,Informal,Jul - Sep,5212.021485
2022,23 Ciudades y áreas metropolitanas,Total,Informal,Ago - Oct,5268.366154333333
2022,23 Ciudades y áreas metropolitanas,Total,Informal,Sep - Nov,5305.752374666667
2022,23 Ciudades y áreas metropolitanas,Total,Informal,Oct - Dic,5203.450414666667
2022,23 Ciudades y áreas metropolitanas,Total,Informal,Nov - Ene,5051.104171333333
2022,23 Ciudades y áreas metropolitanas,Total,Informal,Dic - Feb,5048.723357333333
2023,23 Ciudades y áreas metropolitanas,Total,Informal,Ene - Mar,5099.24543
2023,23 Ciudades y áreas metropolitanas,Total,Informal,Feb - Abr,5133.266750666667
2023,23 Ciudades y áreas metropolitanas,Total,Informal,Mar - May,5098.795131666667
2023,23 Ciudades y áreas metropolitanas,Total,Informal,Abr - Jun,5061.021920333334
2023,23 Ciudades y áreas metropolitanas,Total,Informal,May - Jul,5151.999853
2023,23 Ciudades y áreas metropolitanas,Total,Informal,Jun - Ago,5191.755831666666
2023,23 Ciudades y áreas metropolitanas,Total,Informal,Jul - Sep,5196.674836333334
2023,23 Ciudades y áreas metropolitanas,Total,Informal,Ago - Oct,5200.856905666667
2023,23 Ciudades y áreas metropolitanas,Total,Informal,Sep - Nov,5251.111776333334
2023,23 Ciudades y áreas metropolitanas,Total,Informal,Oct - Dic,5237.675821666667
2023,23 Ciudades y áreas metropolitanas,Total,Informal,Nov - Ene,5116.930839333333
2023,23 Ciudades y áreas metropolitanas,Total,Informal,Dic - Feb,5078.883810666666
2024,23 Ciudades y áreas metropolitanas,Total,Informal,Ene - Mar,5066.785747333334
2024,23 Ciudades y áreas metropolitanas,Total,Informal,Feb - Abr,5143.051927666666
2024,23 Ciudades y áreas metropolitanas,Total,Informal,Mar - May,5163.676035
2024,23 Ciudades y áreas metropolitanas,Total,Informal,Abr - Jun,5191.701706
2024,23 Ciudades y áreas metropolitanas,Total,Informal,May - Jul,5246.426551
2024,23 Ciudades y áreas metropolitanas,Total,Informal,Jun - Ago,5270.855548333333
2024,23 Ciudades y áreas metropolitanas,Total,Informal,Jul - Sep,5301.134307333333
2024,23 Ciudades y áreas metropolitanas,Total,Informal,Ago - Oct,5355.521527666667
2024,23 Ciudades y áreas metropolitanas,Total,Informal,Sep - Nov,5383.7541943333335
2024,23 Ciudades y áreas metropolitanas,Total,Informal,Oct - Dic,5407.673078
2024,23 Ciudades y áreas metropolitanas,Total,Informal,Nov - Ene,5335.778995
2024,23 Ciudades y áreas metropolitanas,Total,Informal,Dic - Feb,5367.08705
2025,23 Ciudades y áreas metropolitanas,Total,Informal,Ene - Mar,5455.659753
2025,23 Ciudades y áreas metropolitanas,Total,Informal,Feb - Abr,5437.392747
2025,23 Ciudades y áreas metropolitanas,Total,Informal,Mar - May,5419.578046
2025,23 Ciudades y áreas metropolitanas,Total,Informal,Abr - Jun,5346.202501
2025,23 Ciudades y áreas metropolitanas,Total,Informal,May - Jul,5424.16814
2025,23 Ciudades y áreas metropolitanas,Total,Informal,Jun - Ago,5452.223628
2025,23 Ciudades y áreas metropolitanas,Total,Informal,Jul - Sep,5431.441773
2025,23 Ciudades y áreas metropolitanas,Total,Informal,Ago - Oct,5554.460735
2025,23 Ciudades y áreas metropolitanas,Total,Informal,Sep - Nov,5566.880271
2025,23 Ciudades y áreas metropolitanas,Total,Informal,Oct - Dic,5587.467798
2025,23 Ciudades y áreas metropolitanas,Total,Informal,Nov - Ene,5330.68774
2025,23 Ciudades y áreas metropolitanas,Total,Informal,Dic - Feb,5270.939468
2026,23 Ciudades y áreas metropolitanas,Total,Informal,Ene - Mar,5240.332113
2026,23 Ciudades y áreas metropolitanas,Total,Informal,Feb - Abr,5329.462953
2021,23 Ciudades y áreas metropolitanas,Hombres,Población ocupada,Ene - Mar,5744.945690666667
2021,23 Ciudades y áreas metropolitanas,Hombres,Población ocupada,Feb - Abr,5811.849338
2021,23 Ciudades y áreas metropolitanas,Hombres,Población ocupada,Mar - May,5850.417673666667
2021,23 Ciudades y áreas metropolitanas,Hombres,Población ocupada,Abr - Jun,5821.350631666665
2021,23 Ciudades y áreas metropolitanas,Hombres,Población ocupada,May - Jul,5907.042217333333
2021,23 Ciudades y áreas metropolitanas,Hombres,Población ocupada,Jun - Ago,5967.283614333333
2021,23 Ciudades y áreas metropolitanas,Hombres,Población ocupada,Jul - Sep,6022.380203333333
2021,23 Ciudades y áreas metropolitanas,Hombres,Población ocupada,Ago - Oct,6041.639951
2021,23 Ciudades y áreas metropolitanas,Hombres,Población ocupada,Sep - Nov,6086.367958333333
2021,23 Ciudades y áreas metropolitanas,Hombres,Población ocupada,Oct - Dic,6110.263529666667
2021,23 Ciudades y áreas metropolitanas,Hombres,Población ocupada,Nov - Ene,6110.285134333334
2021,23 Ciudades y áreas metropolitanas,Hombres,Población ocupada,Dic - Feb,6128.304754333333
2022,23 Ciudades y áreas metropolitanas,Hombres,Población ocupada,Ene - Mar,6174.267177999999
2022,23 Ciudades y áreas metropolitanas,Hombres,Población ocupada,Feb - Abr,6260.175735333333
2022,23 Ciudades y áreas metropolitanas,Hombres,Población ocupada,Mar - May,6317.038668666667
2022,23 Ciudades y áreas metropolitanas,Hombres,Población ocupada,Abr - Jun,6318.1964376666665
2022,23 Ciudades y áreas metropolitanas,Hombres,Población ocupada,May - Jul,6307.547769
2022,23 Ciudades y áreas metropolitanas,Hombres,Población ocupada,Jun - Ago,6275.246201666666
2022,23 Ciudades y áreas metropolitanas,Hombres,Población ocupada,Jul - Sep,6347.449872333334
2022,23 Ciudades y áreas metropolitanas,Hombres,Población ocupada,Ago - Oct,6392.9519709999995
2022,23 Ciudades y áreas metropolitanas,Hombres,Población ocupada,Sep - Nov,6437.6651133333335
2022,23 Ciudades y áreas metropolitanas,Hombres,Población ocupada,Oct - Dic,6414.878318
2022,23 Ciudades y áreas metropolitanas,Hombres,Población ocupada,Nov - Ene,6337.275532
2022,23 Ciudades y áreas metropolitanas,Hombres,Población ocupada,Dic - Feb,6303.622105333333
2023,23 Ciudades y áreas metropolitanas,Hombres,Población ocupada,Ene - Mar,6348.755355333334
2023,23 Ciudades y áreas metropolitanas,Hombres,Población ocupada,Feb - Abr,6434.97179
2023,23 Ciudades y áreas metropolitanas,Hombres,Población ocupada,Mar - May,6440.2846893333335
2023,23 Ciudades y áreas metropolitanas,Hombres,Población ocupada,Abr - Jun,6458.811867
2023,23 Ciudades y áreas metropolitanas,Hombres,Población ocupada,May - Jul,6505.584822
2023,23 Ciudades y áreas metropolitanas,Hombres,Población ocupada,Jun - Ago,6605.442095333335
2023,23 Ciudades y áreas metropolitanas,Hombres,Población ocupada,Jul - Sep,6591.89775
2023,23 Ciudades y áreas metropolitanas,Hombres,Población ocupada,Ago - Oct,6586.240104666666
2023,23 Ciudades y áreas metropolitanas,Hombres,Población ocupada,Sep - Nov,6613.840767666666
2023,23 Ciudades y áreas metropolitanas,Hombres,Población ocupada,Oct - Dic,6609.737786333334
2023,23 Ciudades y áreas metropolitanas,Hombres,Población ocupada,Nov - Ene,6551.018570333334
2023,23 Ciudades y áreas metropolitanas,Hombres,Población ocupada,Dic - Feb,6475.731997666667
2024,23 Ciudades y áreas metropolitanas,Hombres,Población ocupada,Ene - Mar,6489.130551666666
2024,23 Ciudades y áreas metropolitanas,Hombres,Población ocupada,Feb - Abr,6533.170871666666
2024,23 Ciudades y áreas metropolitanas,Hombres,Población ocupada,Mar - May,6564.555112666666
2024,23 Ciudades y áreas metropolitanas,Hombres,Población ocupada,Abr - Jun,6577.170244333333
2024,23 Ciudades y áreas metropolitanas,Hombres,Población ocupada,May - Jul,6601.143294333334
2024,23 Ciudades y áreas metropolitanas,Hombres,Población ocupada,Jun - Ago,6615.169706333333
2024,23 Ciudades y áreas metropolitanas,Hombres,Población ocupada,Jul - Sep,6630.758265333333
2024,23 Ciudades y áreas metropolitanas,Hombres,Población ocupada,Ago - Oct,6662.665103333333
2024,23 Ciudades y áreas metropolitanas,Hombres,Población ocupada,Sep - Nov,6710.945751333333
2024,23 Ciudades y áreas metropolitanas,Hombres,Población ocupada,Oct - Dic,6726.695732333334
2024,23 Ciudades y áreas metropolitanas,Hombres,Población ocupada,Nov - Ene,6723.484427
2024,23 Ciudades y áreas metropolitanas,Hombres,Población ocupada,Dic - Feb,6694.626294
2025,23 Ciudades y áreas metropolitanas,Hombres,Población ocupada,Ene - Mar,6679.948938
2025,23 Ciudades y áreas metropolitanas,Hombres,Población ocupada,Feb - Abr,6695.501266
2025,23 Ciudades y áreas metropolitanas,Hombres,Población ocupada,Mar - May,6745.680045
2025,23 Ciudades y áreas metropolitanas,Hombres,Población ocupada,Abr - Jun,6770.784538
2025,23 Ciudades y áreas metropolitanas,Hombres,Población ocupada,May - Jul,6804.547937
2025,23 Ciudades y áreas metropolitanas,Hombres,Población ocupada,Jun - Ago,6844.692513
2025,23 Ciudades y áreas metropolitanas,Hombres,Población ocupada,Jul - Sep,6837.70671
2025,23 Ciudades y áreas metropolitanas,Hombres,Población ocupada,Ago - Oct,6861.099558
2025,23 Ciudades y áreas metropolitanas,Hombres,Población ocupada,Sep - Nov,6865.700928
2025,23 Ciudades y áreas metropolitanas,Hombres,Población ocupada,Oct - Dic,6901.207832
2025,23 Ciudades y áreas metropolitanas,Hombres,Población ocupada,Nov - Ene,6816.933949
2025,23 Ciudades y áreas metropolitanas,Hombres,Población ocupada,Dic - Feb,6747.519254
2026,23 Ciudades y áreas metropolitanas,Hombres,Población ocupada,Ene - Mar,6742.18308
2026,23 Ciudades y áreas metropolitanas,Hombres,Población ocupada,Feb - Abr,6804.654601
2021,23 Ciudades y áreas metropolitanas,Hombres,Formal,Ene - Mar,2922.5287346666664
2021,23 Ciudades y áreas metropolitanas,Hombres,Formal,Feb - Abr,2964.8560403333336
2021,23 Ciudades y áreas metropolitanas,Hombres,Formal,Mar - May,3020.713418
2021,23 Ciudades y áreas metropolitanas,Hombres,Formal,Abr - Jun,3015.5940473333335
2021,23 Ciudades y áreas metropolitanas,Hombres,Formal,May - Jul,3089.4859366666665
2021,23 Ciudades y áreas metropolitanas,Hombres,Formal,Jun - Ago,3117.5748206666667
2021,23 Ciudades y áreas metropolitanas,Hombres,Formal,Jul - Sep,3186.005238333333
2021,23 Ciudades y áreas metropolitanas,Hombres,Formal,Ago - Oct,3189.567464333333
2021,23 Ciudades y áreas metropolitanas,Hombres,Formal,Sep - Nov,3259.8191709999996
2021,23 Ciudades y áreas metropolitanas,Hombres,Formal,Oct - Dic,3287.9532496666666
2021,23 Ciudades y áreas metropolitanas,Hombres,Formal,Nov - Ene,3320.803269
2021,23 Ciudades y áreas metropolitanas,Hombres,Formal,Dic - Feb,3327.6583243333334
2022,23 Ciudades y áreas metropolitanas,Hombres,Formal,Ene - Mar,3312.3045526666665
2022,23 Ciudades y áreas metropolitanas,Hombres,Formal,Feb - Abr,3329.1618423333334
2022,23 Ciudades y áreas metropolitanas,Hombres,Formal,Mar - May,3386.823331
2022,23 Ciudades y áreas metropolitanas,Hombres,Formal,Abr - Jun,3422.0886649999998
2022,23 Ciudades y áreas metropolitanas,Hombres,Formal,May - Jul,3439.7958896666664
2022,23 Ciudades y áreas metropolitanas,Hombres,Formal,Jun - Ago,3452.478262666667
2022,23 Ciudades y áreas metropolitanas,Hombres,Formal,Jul - Sep,3468.4942443333334
2022,23 Ciudades y áreas metropolitanas,Hombres,Formal,Ago - Oct,3464.804397666667
2022,23 Ciudades y áreas metropolitanas,Hombres,Formal,Sep - Nov,3482.374298
2022,23 Ciudades y áreas metropolitanas,Hombres,Formal,Oct - Dic,3512.4925793333337
2022,23 Ciudades y áreas metropolitanas,Hombres,Formal,Nov - Ene,3516.6914410000004
2022,23 Ciudades y áreas metropolitanas,Hombres,Formal,Dic - Feb,3468.3836453333333
2023,23 Ciudades y áreas metropolitanas,Hombres,Formal,Ene - Mar,3485.0233473333333
2023,23 Ciudades y áreas metropolitanas,Hombres,Formal,Feb - Abr,3562.720945333333
2023,23 Ciudades y áreas metropolitanas,Hombres,Formal,Mar - May,3588.8821976666663
2023,23 Ciudades y áreas metropolitanas,Hombres,Formal,Abr - Jun,3649.5660176666665
2023,23 Ciudades y áreas metropolitanas,Hombres,Formal,May - Jul,3653.1563796666665
2023,23 Ciudades y áreas metropolitanas,Hombres,Formal,Jun - Ago,3731.4454563333334
2023,23 Ciudades y áreas metropolitanas,Hombres,Formal,Jul - Sep,3713.307617666667
2023,23 Ciudades y áreas metropolitanas,Hombres,Formal,Ago - Oct,3725.4070699999997
2023,23 Ciudades y áreas metropolitanas,Hombres,Formal,Sep - Nov,3736.490799333333
2023,23 Ciudades y áreas metropolitanas,Hombres,Formal,Oct - Dic,3740.104181666666
2023,23 Ciudades y áreas metropolitanas,Hombres,Formal,Nov - Ene,3721.4533666666666
2023,23 Ciudades y áreas metropolitanas,Hombres,Formal,Dic - Feb,3646.6567293333333
2024,23 Ciudades y áreas metropolitanas,Hombres,Formal,Ene - Mar,3674.402872
2024,23 Ciudades y áreas metropolitanas,Hombres,Formal,Feb - Abr,3703.2964413333334
2024,23 Ciudades y áreas metropolitanas,Hombres,Formal,Mar - May,3726.7245836666666
2024,23 Ciudades y áreas metropolitanas,Hombres,Formal,Abr - Jun,3738.7622623333336
2024,23 Ciudades y áreas metropolitanas,Hombres,Formal,May - Jul,3722.988597333333
2024,23 Ciudades y áreas metropolitanas,Hombres,Formal,Jun - Ago,3761.90754
2024,23 Ciudades y áreas metropolitanas,Hombres,Formal,Jul - Sep,3750.8811703333336
2024,23 Ciudades y áreas metropolitanas,Hombres,Formal,Ago - Oct,3758.9347903333332
2024,23 Ciudades y áreas metropolitanas,Hombres,Formal,Sep - Nov,3766.4289919999997
2024,23 Ciudades y áreas metropolitanas,Hombres,Formal,Oct - Dic,3757.6639496666667
2024,23 Ciudades y áreas metropolitanas,Hombres,Formal,Nov - Ene,3738.560754
2024,23 Ciudades y áreas metropolitanas,Hombres,Formal,Dic - Feb,3693.494835
2025,23 Ciudades y áreas metropolitanas,Hombres,Formal,Ene - Mar,3645.121034
2025,23 Ciudades y áreas metropolitanas,Hombres,Formal,Feb - Abr,3710.600944
2025,23 Ciudades y áreas metropolitanas,Hombres,Formal,Mar - May,3772.787422
2025,23 Ciudades y áreas metropolitanas,Hombres,Formal,Abr - Jun,3804.219216
2025,23 Ciudades y áreas metropolitanas,Hombres,Formal,May - Jul,3783.547124
2025,23 Ciudades y áreas metropolitanas,Hombres,Formal,Jun - Ago,3800.946586
2025,23 Ciudades y áreas metropolitanas,Hombres,Formal,Jul - Sep,3831.570677
2025,23 Ciudades y áreas metropolitanas,Hombres,Formal,Ago - Oct,3797.527299
2025,23 Ciudades y áreas metropolitanas,Hombres,Formal,Sep - Nov,3790.378705
2025,23 Ciudades y áreas metropolitanas,Hombres,Formal,Oct - Dic,3812.153489
2025,23 Ciudades y áreas metropolitanas,Hombres,Formal,Nov - Ene,3850.332094
2025,23 Ciudades y áreas metropolitanas,Hombres,Formal,Dic - Feb,3795.76106
2026,23 Ciudades y áreas metropolitanas,Hombres,Formal,Ene - Mar,3792.079345
2026,23 Ciudades y áreas metropolitanas,Hombres,Formal,Feb - Abr,3827.178065
2021,23 Ciudades y áreas metropolitanas,Hombres,Informal,Ene - Mar,2822.416956333333
2021,23 Ciudades y áreas metropolitanas,Hombres,Informal,Feb - Abr,2846.9932983333333
2021,23 Ciudades y áreas metropolitanas,Hombres,Informal,Mar - May,2829.704256333333
2021,23 Ciudades y áreas metropolitanas,Hombres,Informal,Abr - Jun,2805.756584666666
2021,23 Ciudades y áreas metropolitanas,Hombres,Informal,May - Jul,2817.556280666666
2021,23 Ciudades y áreas metropolitanas,Hombres,Informal,Jun - Ago,2849.7087936666667
2021,23 Ciudades y áreas metropolitanas,Hombres,Informal,Jul - Sep,2836.3749650000004
2021,23 Ciudades y áreas metropolitanas,Hombres,Informal,Ago - Oct,2852.0724866666665
2021,23 Ciudades y áreas metropolitanas,Hombres,Informal,Sep - Nov,2826.548787333333
2021,23 Ciudades y áreas metropolitanas,Hombres,Informal,Oct - Dic,2822.31028
2021,23 Ciudades y áreas metropolitanas,Hombres,Informal,Nov - Ene,2789.481865333333
2021,23 Ciudades y áreas metropolitanas,Hombres,Informal,Dic - Feb,2800.6464300000002
2022,23 Ciudades y áreas metropolitanas,Hombres,Informal,Ene - Mar,2861.9626253333336
2022,23 Ciudades y áreas metropolitanas,Hombres,Informal,Feb - Abr,2931.013893
2022,23 Ciudades y áreas metropolitanas,Hombres,Informal,Mar - May,2930.2153373333335
2022,23 Ciudades y áreas metropolitanas,Hombres,Informal,Abr - Jun,2896.1077723333333
2022,23 Ciudades y áreas metropolitanas,Hombres,Informal,May - Jul,2867.751879
2022,23 Ciudades y áreas metropolitanas,Hombres,Informal,Jun - Ago,2822.767939
2022,23 Ciudades y áreas metropolitanas,Hombres,Informal,Jul - Sep,2878.955628
2022,23 Ciudades y áreas metropolitanas,Hombres,Informal,Ago - Oct,2928.147573333333
2022,23 Ciudades y áreas metropolitanas,Hombres,Informal,Sep - Nov,2955.2908156666667
2022,23 Ciudades y áreas metropolitanas,Hombres,Informal,Oct - Dic,2902.385739
2022,23 Ciudades y áreas metropolitanas,Hombres,Informal,Nov - Ene,2820.5840913333336
2022,23 Ciudades y áreas metropolitanas,Hombres,Informal,Dic - Feb,2835.23846
2023,23 Ciudades y áreas metropolitanas,Hombres,Informal,Ene - Mar,2863.732007666667
2023,23 Ciudades y áreas metropolitanas,Hombres,Informal,Feb - Abr,2872.2508443333336
2023,23 Ciudades y áreas metropolitanas,Hombres,Informal,Mar - May,2851.4024913333337
2023,23 Ciudades y áreas metropolitanas,Hombres,Informal,Abr - Jun,2809.245849333334
2023,23 Ciudades y áreas metropolitanas,Hombres,Informal,May - Jul,2852.428442333334
2023,23 Ciudades y áreas metropolitanas,Hombres,Informal,Jun - Ago,2873.996638666667
2023,23 Ciudades y áreas metropolitanas,Hombres,Informal,Jul - Sep,2878.590132
2023,23 Ciudades y áreas metropolitanas,Hombres,Informal,Ago - Oct,2860.833034333333
2023,23 Ciudades y áreas metropolitanas,Hombres,Informal,Sep - Nov,2877.3499683333334
2023,23 Ciudades y áreas metropolitanas,Hombres,Informal,Oct - Dic,2869.633604666667
2023,23 Ciudades y áreas metropolitanas,Hombres,Informal,Nov - Ene,2829.5652036666665
2023,23 Ciudades y áreas metropolitanas,Hombres,Informal,Dic - Feb,2829.0752683333335
2024,23 Ciudades y áreas metropolitanas,Hombres,Informal,Ene - Mar,2814.72768
2024,23 Ciudades y áreas metropolitanas,Hombres,Informal,Feb - Abr,2829.8744306666667
2024,23 Ciudades y áreas metropolitanas,Hombres,Informal,Mar - May,2837.8305293333337
2024,23 Ciudades y áreas metropolitanas,Hombres,Informal,Abr - Jun,2838.4079823333336
2024,23 Ciudades y áreas metropolitanas,Hombres,Informal,May - Jul,2878.1546973333334
2024,23 Ciudades y áreas metropolitanas,Hombres,Informal,Jun - Ago,2853.262166666666
2024,23 Ciudades y áreas metropolitanas,Hombres,Informal,Jul - Sep,2879.877095
2024,23 Ciudades y áreas metropolitanas,Hombres,Informal,Ago - Oct,2903.730313
2024,23 Ciudades y áreas metropolitanas,Hombres,Informal,Sep - Nov,2944.516759333333
2024,23 Ciudades y áreas metropolitanas,Hombres,Informal,Oct - Dic,2969.0317823333335
2024,23 Ciudades y áreas metropolitanas,Hombres,Informal,Nov - Ene,2984.923673
2024,23 Ciudades y áreas metropolitanas,Hombres,Informal,Dic - Feb,3001.131458
2025,23 Ciudades y áreas metropolitanas,Hombres,Informal,Ene - Mar,3034.827904
2025,23 Ciudades y áreas metropolitanas,Hombres,Informal,Feb - Abr,2984.900323
2025,23 Ciudades y áreas metropolitanas,Hombres,Informal,Mar - May,2972.892623
2025,23 Ciudades y áreas metropolitanas,Hombres,Informal,Abr - Jun,2966.565322
2025,23 Ciudades y áreas metropolitanas,Hombres,Informal,May - Jul,3021.000813
2025,23 Ciudades y áreas metropolitanas,Hombres,Informal,Jun - Ago,3043.745927
2025,23 Ciudades y áreas metropolitanas,Hombres,Informal,Jul - Sep,3006.136032
2025,23 Ciudades y áreas metropolitanas,Hombres,Informal,Ago - Oct,3063.572258
2025,23 Ciudades y áreas metropolitanas,Hombres,Informal,Sep - Nov,3075.322223
2025,23 Ciudades y áreas metropolitanas,Hombres,Informal,Oct - Dic,3089.054343
2025,23 Ciudades y áreas metropolitanas,Hombres,Informal,Nov - Ene,2966.601855
2025,23 Ciudades y áreas metropolitanas,Hombres,Informal,Dic - Feb,2951.758194
2026,23 Ciudades y áreas metropolitanas,Hombres,Informal,Ene - Mar,2950.103735
2026,23 Ciudades y áreas metropolitanas,Hombres,Informal,Feb - Abr,2977.476536
2021,23 Ciudades y áreas metropolitanas,Mujeres,Población ocupada,Ene - Mar,4462.394881333333
2021,23 Ciudades y áreas metropolitanas,Mujeres,Población ocupada,Feb - Abr,4502.322591333334
2021,23 Ciudades y áreas metropolitanas,Mujeres,Población ocupada,Mar - May,4481.403756666667
2021,23 Ciudades y áreas metropolitanas,Mujeres,Población ocupada,Abr - Jun,4525.796017333333
2021,23 Ciudades y áreas metropolitanas,Mujeres,Población ocupada,May - Jul,4542.371566333333
2021,23 Ciudades y áreas metropolitanas,Mujeres,Población ocupada,Jun - Ago,4607.585183333334
2021,23 Ciudades y áreas metropolitanas,Mujeres,Población ocupada,Jul - Sep,4633.441149333334
2021,23 Ciudades y áreas metropolitanas,Mujeres,Población ocupada,Ago - Oct,4660.9493103333325
2021,23 Ciudades y áreas metropolitanas,Mujeres,Población ocupada,Sep - Nov,4692.947901666666
2021,23 Ciudades y áreas metropolitanas,Mujeres,Población ocupada,Oct - Dic,4738.082060666667
2021,23 Ciudades y áreas metropolitanas,Mujeres,Población ocupada,Nov - Ene,4792.421951666667
2021,23 Ciudades y áreas metropolitanas,Mujeres,Población ocupada,Dic - Feb,4883.051090333334
2022,23 Ciudades y áreas metropolitanas,Mujeres,Población ocupada,Ene - Mar,4988.493440000001
2022,23 Ciudades y áreas metropolitanas,Mujeres,Población ocupada,Feb - Abr,5117.824908333333
2022,23 Ciudades y áreas metropolitanas,Mujeres,Población ocupada,Mar - May,5122.363827
2022,23 Ciudades y áreas metropolitanas,Mujeres,Población ocupada,Abr - Jun,5141.308440333333
2022,23 Ciudades y áreas metropolitanas,Mujeres,Población ocupada,May - Jul,5132.374468333334
2022,23 Ciudades y áreas metropolitanas,Mujeres,Población ocupada,Jun - Ago,5174.060465333334
2022,23 Ciudades y áreas metropolitanas,Mujeres,Población ocupada,Jul - Sep,5231.570506666667
2022,23 Ciudades y áreas metropolitanas,Mujeres,Población ocupada,Ago - Oct,5289.624984333333
2022,23 Ciudades y áreas metropolitanas,Mujeres,Población ocupada,Sep - Nov,5357.693417666666
2022,23 Ciudades y áreas metropolitanas,Mujeres,Población ocupada,Oct - Dic,5341.490064
2022,23 Ciudades y áreas metropolitanas,Mujeres,Población ocupada,Nov - Ene,5232.316452666667
2022,23 Ciudades y áreas metropolitanas,Mujeres,Población ocupada,Dic - Feb,5157.727028666667
2023,23 Ciudades y áreas metropolitanas,Mujeres,Población ocupada,Ene - Mar,5181.8956536666665
2023,23 Ciudades y áreas metropolitanas,Mujeres,Población ocupada,Feb - Abr,5279.860831999999
2023,23 Ciudades y áreas metropolitanas,Mujeres,Población ocupada,Mar - May,5335.539159333333
2023,23 Ciudades y áreas metropolitanas,Mujeres,Población ocupada,Abr - Jun,5387.931736666666
2023,23 Ciudades y áreas metropolitanas,Mujeres,Población ocupada,May - Jul,5478.087377333333
2023,23 Ciudades y áreas metropolitanas,Mujeres,Población ocupada,Jun - Ago,5505.573027666666
2023,23 Ciudades y áreas metropolitanas,Mujeres,Población ocupada,Jul - Sep,5515.993674333334
2023,23 Ciudades y áreas metropolitanas,Mujeres,Población ocupada,Ago - Oct,5549.505249333334
2023,23 Ciudades y áreas metropolitanas,Mujeres,Población ocupada,Sep - Nov,5617.458025333333
2023,23 Ciudades y áreas metropolitanas,Mujeres,Población ocupada,Oct - Dic,5580.593512333333
2023,23 Ciudades y áreas metropolitanas,Mujeres,Población ocupada,Nov - Ene,5444.458640666668
2023,23 Ciudades y áreas metropolitanas,Mujeres,Población ocupada,Dic - Feb,5354.441336333333
2024,23 Ciudades y áreas metropolitanas,Mujeres,Población ocupada,Ene - Mar,5368.2313773333335
2024,23 Ciudades y áreas metropolitanas,Mujeres,Población ocupada,Feb - Abr,5469.653316999999
2024,23 Ciudades y áreas metropolitanas,Mujeres,Población ocupada,Mar - May,5544.605054333333
2024,23 Ciudades y áreas metropolitanas,Mujeres,Población ocupada,Abr - Jun,5566.554701
2024,23 Ciudades y áreas metropolitanas,Mujeres,Población ocupada,May - Jul,5586.782411666667
2024,23 Ciudades y áreas metropolitanas,Mujeres,Población ocupada,Jun - Ago,5620.526084
2024,23 Ciudades y áreas metropolitanas,Mujeres,Población ocupada,Jul - Sep,5622.131689999999
2024,23 Ciudades y áreas metropolitanas,Mujeres,Población ocupada,Ago - Oct,5613.7188639999995
2024,23 Ciudades y áreas metropolitanas,Mujeres,Población ocupada,Sep - Nov,5627.248382666668
2024,23 Ciudades y áreas metropolitanas,Mujeres,Población ocupada,Oct - Dic,5630.707774666666
2024,23 Ciudades y áreas metropolitanas,Mujeres,Población ocupada,Nov - Ene,5522.315968
2024,23 Ciudades y áreas metropolitanas,Mujeres,Población ocupada,Dic - Feb,5488.028128
2025,23 Ciudades y áreas metropolitanas,Mujeres,Población ocupada,Ene - Mar,5568.427175
2025,23 Ciudades y áreas metropolitanas,Mujeres,Población ocupada,Feb - Abr,5680.920705
2025,23 Ciudades y áreas metropolitanas,Mujeres,Población ocupada,Mar - May,5667.963289
2025,23 Ciudades y áreas metropolitanas,Mujeres,Población ocupada,Abr - Jun,5650.483769
2025,23 Ciudades y áreas metropolitanas,Mujeres,Población ocupada,May - Jul,5715.359999
2025,23 Ciudades y áreas metropolitanas,Mujeres,Población ocupada,Jun - Ago,5759.873852
2025,23 Ciudades y áreas metropolitanas,Mujeres,Población ocupada,Jul - Sep,5792.354715
2025,23 Ciudades y áreas metropolitanas,Mujeres,Población ocupada,Ago - Oct,5838.054897
2025,23 Ciudades y áreas metropolitanas,Mujeres,Población ocupada,Sep - Nov,5908.76029
2025,23 Ciudades y áreas metropolitanas,Mujeres,Población ocupada,Oct - Dic,5912.066345
2025,23 Ciudades y áreas metropolitanas,Mujeres,Población ocupada,Nov - Ene,5747.305399
2025,23 Ciudades y áreas metropolitanas,Mujeres,Población ocupada,Dic - Feb,5681.765949
2026,23 Ciudades y áreas metropolitanas,Mujeres,Población ocupada,Ene - Mar,5660.174476
2026,23 Ciudades y áreas metropolitanas,Mujeres,Población ocupada,Feb - Abr,5777.613595
2021,23 Ciudades y áreas metropolitanas,Mujeres,Formal,Ene - Mar,2459.3133326666666
2021,23 Ciudades y áreas metropolitanas,Mujeres,Formal,Feb - Abr,2432.950253
2021,23 Ciudades y áreas metropolitanas,Mujeres,Formal,Mar - May,2468.1913409999997
2021,23 Ciudades y áreas metropolitanas,Mujeres,Formal,Abr - Jun,2509.492701
2021,23 Ciudades y áreas metropolitanas,Mujeres,Formal,May - Jul,2557.9964293333337
2021,23 Ciudades y áreas metropolitanas,Mujeres,Formal,Jun - Ago,2555.502636333333
2021,23 Ciudades y áreas metropolitanas,Mujeres,Formal,Jul - Sep,2571.377892
2021,23 Ciudades y áreas metropolitanas,Mujeres,Formal,Ago - Oct,2550.254802666667
2021,23 Ciudades y áreas metropolitanas,Mujeres,Formal,Sep - Nov,2580.2551493333335
2021,23 Ciudades y áreas metropolitanas,Mujeres,Formal,Oct - Dic,2601.981727
2021,23 Ciudades y áreas metropolitanas,Mujeres,Formal,Nov - Ene,2698.374138333333
2021,23 Ciudades y áreas metropolitanas,Mujeres,Formal,Dic - Feb,2763.713894666667
2022,23 Ciudades y áreas metropolitanas,Mujeres,Formal,Ene - Mar,2830.076133666667
2022,23 Ciudades y áreas metropolitanas,Mujeres,Formal,Feb - Abr,2857.350381333333
2022,23 Ciudades y áreas metropolitanas,Mujeres,Formal,Mar - May,2854.4554016666666
2022,23 Ciudades y áreas metropolitanas,Mujeres,Formal,Abr - Jun,2850.1918533333333
2022,23 Ciudades y áreas metropolitanas,Mujeres,Formal,May - Jul,2837.8222903333335
2022,23 Ciudades y áreas metropolitanas,Mujeres,Formal,Jun - Ago,2868.1524449999997
2022,23 Ciudades y áreas metropolitanas,Mujeres,Formal,Jul - Sep,2898.5046503333338
2022,23 Ciudades y áreas metropolitanas,Mujeres,Formal,Ago - Oct,2949.4064036666664
2022,23 Ciudades y áreas metropolitanas,Mujeres,Formal,Sep - Nov,3007.231858333333
2022,23 Ciudades y áreas metropolitanas,Mujeres,Formal,Oct - Dic,3040.4253879999997
2022,23 Ciudades y áreas metropolitanas,Mujeres,Formal,Nov - Ene,3001.796372333333
2022,23 Ciudades y áreas metropolitanas,Mujeres,Formal,Dic - Feb,2944.2421316666664
2023,23 Ciudades y áreas metropolitanas,Mujeres,Formal,Ene - Mar,2946.3822316666665
2023,23 Ciudades y áreas metropolitanas,Mujeres,Formal,Feb - Abr,3018.844926333333
2023,23 Ciudades y áreas metropolitanas,Mujeres,Formal,Mar - May,3088.1465193333333
2023,23 Ciudades y áreas metropolitanas,Mujeres,Formal,Abr - Jun,3136.1556656666667
2023,23 Ciudades y áreas metropolitanas,Mujeres,Formal,May - Jul,3178.515966333334
2023,23 Ciudades y áreas metropolitanas,Mujeres,Formal,Jun - Ago,3187.8138343333335
2023,23 Ciudades y áreas metropolitanas,Mujeres,Formal,Jul - Sep,3197.9089700000004
2023,23 Ciudades y áreas metropolitanas,Mujeres,Formal,Ago - Oct,3209.481377666667
2023,23 Ciudades y áreas metropolitanas,Mujeres,Formal,Sep - Nov,3243.696217
2023,23 Ciudades y áreas metropolitanas,Mujeres,Formal,Oct - Dic,3212.5512949999998
2023,23 Ciudades y áreas metropolitanas,Mujeres,Formal,Nov - Ene,3157.0930046666667
2023,23 Ciudades y áreas metropolitanas,Mujeres,Formal,Dic - Feb,3104.6327933333337
2024,23 Ciudades y áreas metropolitanas,Mujeres,Formal,Ene - Mar,3116.173309
2024,23 Ciudades y áreas metropolitanas,Mujeres,Formal,Feb - Abr,3156.475819333333
2024,23 Ciudades y áreas metropolitanas,Mujeres,Formal,Mar - May,3218.7595483333334
2024,23 Ciudades y áreas metropolitanas,Mujeres,Formal,Abr - Jun,3213.260977
2024,23 Ciudades y áreas metropolitanas,Mujeres,Formal,May - Jul,3218.5105576666665
2024,23 Ciudades y áreas metropolitanas,Mujeres,Formal,Jun - Ago,3202.932702
2024,23 Ciudades y áreas metropolitanas,Mujeres,Formal,Jul - Sep,3200.8744776666667
2024,23 Ciudades y áreas metropolitanas,Mujeres,Formal,Ago - Oct,3161.927649333333
2024,23 Ciudades y áreas metropolitanas,Mujeres,Formal,Sep - Nov,3188.010947666667
2024,23 Ciudades y áreas metropolitanas,Mujeres,Formal,Oct - Dic,3192.0664790000005
2024,23 Ciudades y áreas metropolitanas,Mujeres,Formal,Nov - Ene,3171.460646
2024,23 Ciudades y áreas metropolitanas,Mujeres,Formal,Dic - Feb,3122.072537
2025,23 Ciudades y áreas metropolitanas,Mujeres,Formal,Ene - Mar,3147.595326
2025,23 Ciudades y áreas metropolitanas,Mujeres,Formal,Feb - Abr,3228.428281
2025,23 Ciudades y áreas metropolitanas,Mujeres,Formal,Mar - May,3221.277867
2025,23 Ciudades y áreas metropolitanas,Mujeres,Formal,Abr - Jun,3270.84659
2025,23 Ciudades y áreas metropolitanas,Mujeres,Formal,May - Jul,3312.192671
2025,23 Ciudades y áreas metropolitanas,Mujeres,Formal,Jun - Ago,3351.396151
2025,23 Ciudades y áreas metropolitanas,Mujeres,Formal,Jul - Sep,3367.048974
2025,23 Ciudades y áreas metropolitanas,Mujeres,Formal,Ago - Oct,3347.166421
2025,23 Ciudades y áreas metropolitanas,Mujeres,Formal,Sep - Nov,3417.202242
2025,23 Ciudades y áreas metropolitanas,Mujeres,Formal,Oct - Dic,3413.65289
2025,23 Ciudades y áreas metropolitanas,Mujeres,Formal,Nov - Ene,3383.219515
2025,23 Ciudades y áreas metropolitanas,Mujeres,Formal,Dic - Feb,3362.584675
2026,23 Ciudades y áreas metropolitanas,Mujeres,Formal,Ene - Mar,3369.946098
2026,23 Ciudades y áreas metropolitanas,Mujeres,Formal,Feb - Abr,3425.627178
2021,23 Ciudades y áreas metropolitanas,Mujeres,Informal,Ene - Mar,2003.0815486666663
2021,23 Ciudades y áreas metropolitanas,Mujeres,Informal,Feb - Abr,2069.372338333333
2021,23 Ciudades y áreas metropolitanas,Mujeres,Informal,Mar - May,2013.2124156666666
2021,23 Ciudades y áreas metropolitanas,Mujeres,Informal,Abr - Jun,2016.3033163333332
2021,23 Ciudades y áreas metropolitanas,Mujeres,Informal,May - Jul,1984.3751366666668
2021,23 Ciudades y áreas metropolitanas,Mujeres,Informal,Jun - Ago,2052.0825466666665
2021,23 Ciudades y áreas metropolitanas,Mujeres,Informal,Jul - Sep,2062.0632573333332
2021,23 Ciudades y áreas metropolitanas,Mujeres,Informal,Ago - Oct,2110.6945083333335
2021,23 Ciudades y áreas metropolitanas,Mujeres,Informal,Sep - Nov,2112.692753
2021,23 Ciudades y áreas metropolitanas,Mujeres,Informal,Oct - Dic,2136.100334
2021,23 Ciudades y áreas metropolitanas,Mujeres,Informal,Nov - Ene,2094.047813333333
2021,23 Ciudades y áreas metropolitanas,Mujeres,Informal,Dic - Feb,2119.3371956666665
2022,23 Ciudades y áreas metropolitanas,Mujeres,Informal,Ene - Mar,2158.4173063333333
2022,23 Ciudades y áreas metropolitanas,Mujeres,Informal,Feb - Abr,2260.474527
2022,23 Ciudades y áreas metropolitanas,Mujeres,Informal,Mar - May,2267.9084256666665
2022,23 Ciudades y áreas metropolitanas,Mujeres,Informal,Abr - Jun,2291.1165873333334
2022,23 Ciudades y áreas metropolitanas,Mujeres,Informal,May - Jul,2294.5521783333334
2022,23 Ciudades y áreas metropolitanas,Mujeres,Informal,Jun - Ago,2305.9080203333338
2022,23 Ciudades y áreas metropolitanas,Mujeres,Informal,Jul - Sep,2333.065856333333
2022,23 Ciudades y áreas metropolitanas,Mujeres,Informal,Ago - Oct,2340.218580666666
2022,23 Ciudades y áreas metropolitanas,Mujeres,Informal,Sep - Nov,2350.4615593333333
2022,23 Ciudades y áreas metropolitanas,Mujeres,Informal,Oct - Dic,2301.064676
2022,23 Ciudades y áreas metropolitanas,Mujeres,Informal,Nov - Ene,2230.520080333333
2022,23 Ciudades y áreas metropolitanas,Mujeres,Informal,Dic - Feb,2213.484897
2023,23 Ciudades y áreas metropolitanas,Mujeres,Informal,Ene - Mar,2235.513422
2023,23 Ciudades y áreas metropolitanas,Mujeres,Informal,Feb - Abr,2261.015906
2023,23 Ciudades y áreas metropolitanas,Mujeres,Informal,Mar - May,2247.3926403333335
2023,23 Ciudades y áreas metropolitanas,Mujeres,Informal,Abr - Jun,2251.7760710000002
2023,23 Ciudades y áreas metropolitanas,Mujeres,Informal,May - Jul,2299.571410666667
2023,23 Ciudades y áreas metropolitanas,Mujeres,Informal,Jun - Ago,2317.759193
2023,23 Ciudades y áreas metropolitanas,Mujeres,Informal,Jul - Sep,2318.0847046666663
2023,23 Ciudades y áreas metropolitanas,Mujeres,Informal,Ago - Oct,2340.0238716666663
2023,23 Ciudades y áreas metropolitanas,Mujeres,Informal,Sep - Nov,2373.761808333333
2023,23 Ciudades y áreas metropolitanas,Mujeres,Informal,Oct - Dic,2368.042217
2023,23 Ciudades y áreas metropolitanas,Mujeres,Informal,Nov - Ene,2287.3656356666665
2023,23 Ciudades y áreas metropolitanas,Mujeres,Informal,Dic - Feb,2249.8085423333337
2024,23 Ciudades y áreas metropolitanas,Mujeres,Informal,Ene - Mar,2252.058067666667
2024,23 Ciudades y áreas metropolitanas,Mujeres,Informal,Feb - Abr,2313.1774973333336
2024,23 Ciudades y áreas metropolitanas,Mujeres,Informal,Mar - May,2325.845506
2024,23 Ciudades y áreas metropolitanas,Mujeres,Informal,Abr - Jun,2353.2937239999997
2024,23 Ciudades y áreas metropolitanas,Mujeres,Informal,May - Jul,2368.271854
2024,23 Ciudades y áreas metropolitanas,Mujeres,Informal,Jun - Ago,2417.593382333333
2024,23 Ciudades y áreas metropolitanas,Mujeres,Informal,Jul - Sep,2421.257212666667
2024,23 Ciudades y áreas metropolitanas,Mujeres,Informal,Ago - Oct,2451.7912146666663
2024,23 Ciudades y áreas metropolitanas,Mujeres,Informal,Sep - Nov,2439.237434666667
2024,23 Ciudades y áreas metropolitanas,Mujeres,Informal,Oct - Dic,2438.641295
2024,23 Ciudades y áreas metropolitanas,Mujeres,Informal,Nov - Ene,2350.855322
2024,23 Ciudades y áreas metropolitanas,Mujeres,Informal,Dic - Feb,2365.955591
2025,23 Ciudades y áreas metropolitanas,Mujeres,Informal,Ene - Mar,2420.831849
2025,23 Ciudades y áreas metropolitanas,Mujeres,Informal,Feb - Abr,2452.492424
2025,23 Ciudades y áreas metropolitanas,Mujeres,Informal,Mar - May,2446.685422
2025,23 Ciudades y áreas metropolitanas,Mujeres,Informal,Abr - Jun,2379.637179
2025,23 Ciudades y áreas metropolitanas,Mujeres,Informal,May - Jul,2403.167327
2025,23 Ciudades y áreas metropolitanas,Mujeres,Informal,Jun - Ago,2408.477702
2025,23 Ciudades y áreas metropolitanas,Mujeres,Informal,Jul - Sep,2425.305741
2025,23 Ciudades y áreas metropolitanas,Mujeres,Informal,Ago - Oct,2490.888476
2025,23 Ciudades y áreas metropolitanas,Mujeres,Informal,Sep - Nov,2491.558048
2025,23 Ciudades y áreas metropolitanas,Mujeres,Informal,Oct - Dic,2498.413455
2025,23 Ciudades y áreas metropolitanas,Mujeres,Informal,Nov - Ene,2364.085884
2025,23 Ciudades y áreas metropolitanas,Mujeres,Informal,Dic - Feb,2319.181275
2026,23 Ciudades y áreas metropolitanas,Mujeres,Informal,Ene - Mar,2290.228378
2026,23 Ciudades y áreas metropolitanas,Mujeres,Informal,Feb - Abr,2351.986417
2021,Centros poblados y rural disperso,Total,Población ocupada,Ene - Mar,4334.333960666667
2021,Centros poblados y rural disperso,Total,Población ocupada,Feb - Abr,4419.631038333333
2021,Centros poblados y rural disperso,Total,Población ocupada,Mar - May,4374.181075666667
2021,Centros poblados y rural disperso,Total,Población ocupada,Abr - Jun,4349.9304563333335
2021,Centros poblados y rural disperso,Total,Población ocupada,May - Jul,4377.409327
2021,Centros poblados y rural disperso,Total,Población ocupada,Jun - Ago,4403.927882333333
2021,Centros poblados y rural disperso,Total,Población ocupada,Jul - Sep,4460.599726
2021,Centros poblados y rural disperso,Total,Población ocupada,Ago - Oct,4516.450761
2021,Centros poblados y rural disperso,Total,Población ocupada,Sep - Nov,4543.291681
2021,Centros poblados y rural disperso,Total,Población ocupada,Oct - Dic,4605.3272719999995
2021,Centros poblados y rural disperso,Total,Población ocupada,Nov - Ene,4541.957172666666
2021,Centros poblados y rural disperso,Total,Población ocupada,Dic - Feb,4586.925017999999
2022,Centros poblados y rural disperso,Total,Población ocupada,Ene - Mar,4541.06678
2022,Centros poblados y rural disperso,Total,Población ocupada,Feb - Abr,4627.541503666666
2022,Centros poblados y rural disperso,Total,Población ocupada,Mar - May,4655.585278
2022,Centros poblados y rural disperso,Total,Población ocupada,Abr - Jun,4693.706918333333
2022,Centros poblados y rural disperso,Total,Población ocupada,May - Jul,4682.4573789999995
2022,Centros poblados y rural disperso,Total,Población ocupada,Jun - Ago,4632.479070666667
2022,Centros poblados y rural disperso,Total,Población ocupada,Jul - Sep,4643.900896333334
2022,Centros poblados y rural disperso,Total,Población ocupada,Ago - Oct,4678.918246
2022,Centros poblados y rural disperso,Total,Población ocupada,Sep - Nov,4678.766108333333
2022,Centros poblados y rural disperso,Total,Población ocupada,Oct - Dic,4670.183792
2022,Centros poblados y rural disperso,Total,Población ocupada,Nov - Ene,4617.561987666667
2022,Centros poblados y rural disperso,Total,Población ocupada,Dic - Feb,4679.288307
2023,Centros poblados y rural disperso,Total,Población ocupada,Ene - Mar,4720.134927
2023,Centros poblados y rural disperso,Total,Población ocupada,Feb - Abr,4808.160343333333
2023,Centros poblados y rural disperso,Total,Población ocupada,Mar - May,4820.508518333333
2023,Centros poblados y rural disperso,Total,Población ocupada,Abr - Jun,4815.545809666667
2023,Centros poblados y rural disperso,Total,Población ocupada,May - Jul,4802.373108333334
2023,Centros poblados y rural disperso,Total,Población ocupada,Jun - Ago,4796.490789666666
2023,Centros poblados y rural disperso,Total,Población ocupada,Jul - Sep,4797.7184799999995
2023,Centros poblados y rural disperso,Total,Población ocupada,Ago - Oct,4774.063277333334
2023,Centros poblados y rural disperso,Total,Población ocupada,Sep - Nov,4726.118690666666
2023,Centros poblados y rural disperso,Total,Población ocupada,Oct - Dic,4732.0722953333325
2023,Centros poblados y rural disperso,Total,Población ocupada,Nov - Ene,4665.194640333332
2023,Centros poblados y rural disperso,Total,Población ocupada,Dic - Feb,4655.903102666666
2024,Centros poblados y rural disperso,Total,Población ocupada,Ene - Mar,4634.514532666667
2024,Centros poblados y rural disperso,Total,Población ocupada,Feb - Abr,4693.379190333334
2024,Centros poblados y rural disperso,Total,Población ocupada,Mar - May,4735.017047666667
2024,Centros poblados y rural disperso,Total,Población ocupada,Abr - Jun,4721.738837666667
2024,Centros poblados y rural disperso,Total,Población ocupada,May - Jul,4764.614372333333
2024,Centros poblados y rural disperso,Total,Población ocupada,Jun - Ago,4805.225725
2024,Centros poblados y rural disperso,Total,Población ocupada,Jul - Sep,4863.497830333334
2024,Centros poblados y rural disperso,Total,Población ocupada,Ago - Oct,4820.029587333333
2024,Centros poblados y rural disperso,Total,Población ocupada,Sep - Nov,4768.954732
2024,Centros poblados y rural disperso,Total,Población ocupada,Oct - Dic,4794.244525666667
2024,Centros poblados y rural disperso,Total,Población ocupada,Nov - Ene,4824.978076
2024,Centros poblados y rural disperso,Total,Población ocupada,Dic - Feb,4882.64597
2025,Centros poblados y rural disperso,Total,Población ocupada,Ene - Mar,4852.217741
2025,Centros poblados y rural disperso,Total,Población ocupada,Feb - Abr,4871.746557
2025,Centros poblados y rural disperso,Total,Población ocupada,Mar - May,4854.072345
2025,Centros poblados y rural disperso,Total,Población ocupada,Abr - Jun,4848.164229
2025,Centros poblados y rural disperso,Total,Población ocupada,May - Jul,4847.424307
2025,Centros poblados y rural disperso,Total,Población ocupada,Jun - Ago,4793.176392
2025,Centros poblados y rural disperso,Total,Población ocupada,Jul - Sep,4808.712801
2025,Centros poblados y rural disperso,Total,Población ocupada,Ago - Oct,4805.865707
2025,Centros poblados y rural disperso,Total,Población ocupada,Sep - Nov,4917.241516
2025,Centros poblados y rural disperso,Total,Población ocupada,Oct - Dic,4900.934714
2025,Centros poblados y rural disperso,Total,Población ocupada,Nov - Ene,4892.071307
2025,Centros poblados y rural disperso,Total,Población ocupada,Dic - Feb,4871.25984
2026,Centros poblados y rural disperso,Total,Población ocupada,Ene - Mar,4922.192877
2026,Centros poblados y rural disperso,Total,Población ocupada,Feb - Abr,4950.252151
2021,Centros poblados y rural disperso,Total,Formal,Ene - Mar,595.0088723333333
2021,Centros poblados y rural disperso,Total,Formal,Feb - Abr,636.2795226666667
2021,Centros poblados y rural disperso,Total,Formal,Mar - May,634.9075863333334
2021,Centros poblados y rural disperso,Total,Formal,Abr - Jun,614.3198256666666
2021,Centros poblados y rural disperso,Total,Formal,May - Jul,582.1226033333332
2021,Centros poblados y rural disperso,Total,Formal,Jun - Ago,577.6002556666666
2021,Centros poblados y rural disperso,Total,Formal,Jul - Sep,619.1110199999999
2021,Centros poblados y rural disperso,Total,Formal,Ago - Oct,671.492521
2021,Centros poblados y rural disperso,Total,Formal,Sep - Nov,717.1993490000001
2021,Centros poblados y rural disperso,Total,Formal,Oct - Dic,716.6758403333333
2021,Centros poblados y rural disperso,Total,Formal,Nov - Ene,723.3921566666668
2021,Centros poblados y rural disperso,Total,Formal,Dic - Feb,687.9816033333333
2022,Centros poblados y rural disperso,Total,Formal,Ene - Mar,690.1357513333334
2022,Centros poblados y rural disperso,Total,Formal,Feb - Abr,651.5900476666667
2022,Centros poblados y rural disperso,Total,Formal,Mar - May,702.4203616666667
2022,Centros poblados y rural disperso,Total,Formal,Abr - Jun,713.900841
2022,Centros poblados y rural disperso,Total,Formal,May - Jul,748.4612863333333
2022,Centros poblados y rural disperso,Total,Formal,Jun - Ago,722.5233976666667
2022,Centros poblados y rural disperso,Total,Formal,Jul - Sep,735.8215906666668
2022,Centros poblados y rural disperso,Total,Formal,Ago - Oct,743.419891
2022,Centros poblados y rural disperso,Total,Formal,Sep - Nov,724.8469813333332
2022,Centros poblados y rural disperso,Total,Formal,Oct - Dic,715.344655
2022,Centros poblados y rural disperso,Total,Formal,Nov - Ene,689.1539373333334
2022,Centros poblados y rural disperso,Total,Formal,Dic - Feb,709.9787826666667
2023,Centros poblados y rural disperso,Total,Formal,Ene - Mar,714.7495823333334
2023,Centros poblados y rural disperso,Total,Formal,Feb - Abr,751.9419596666667
2023,Centros poblados y rural disperso,Total,Formal,Mar - May,769.1520973333332
2023,Centros poblados y rural disperso,Total,Formal,Abr - Jun,792.0842833333332
2023,Centros poblados y rural disperso,Total,Formal,May - Jul,779.231081
2023,Centros poblados y rural disperso,Total,Formal,Jun - Ago,800.7800933333333
2023,Centros poblados y rural disperso,Total,Formal,Jul - Sep,768.766659
2023,Centros poblados y rural disperso,Total,Formal,Ago - Oct,786.4483423333332
2023,Centros poblados y rural disperso,Total,Formal,Sep - Nov,769.4379829999999
2023,Centros poblados y rural disperso,Total,Formal,Oct - Dic,778.7833833333334
2023,Centros poblados y rural disperso,Total,Formal,Nov - Ene,758.46
2023,Centros poblados y rural disperso,Total,Formal,Dic - Feb,736.505456
2024,Centros poblados y rural disperso,Total,Formal,Ene - Mar,735.0744020000001
2024,Centros poblados y rural disperso,Total,Formal,Feb - Abr,725.177335
2024,Centros poblados y rural disperso,Total,Formal,Mar - May,744.5726423333334
2024,Centros poblados y rural disperso,Total,Formal,Abr - Jun,746.0263656666666
2024,Centros poblados y rural disperso,Total,Formal,May - Jul,762.8674560000001
2024,Centros poblados y rural disperso,Total,Formal,Jun - Ago,762.7663076666666
2024,Centros poblados y rural disperso,Total,Formal,Jul - Sep,758.6079993333333
2024,Centros poblados y rural disperso,Total,Formal,Ago - Oct,789.9238416666667
2024,Centros poblados y rural disperso,Total,Formal,Sep - Nov,799.7499926666666
2024,Centros poblados y rural disperso,Total,Formal,Oct - Dic,823.3739856666667
2024,Centros poblados y rural disperso,Total,Formal,Nov - Ene,812.735483
2024,Centros poblados y rural disperso,Total,Formal,Dic - Feb,785.887583
2025,Centros poblados y rural disperso,Total,Formal,Ene - Mar,769.513513
2025,Centros poblados y rural disperso,Total,Formal,Feb - Abr,746.992846
2025,Centros poblados y rural disperso,Total,Formal,Mar - May,788.30216
2025,Centros poblados y rural disperso,Total,Formal,Abr - Jun,803.299353
2025,Centros poblados y rural disperso,Total,Formal,May - Jul,818.273283
2025,Centros poblados y rural disperso,Total,Formal,Jun - Ago,812.990312
2025,Centros poblados y rural disperso,Total,Formal,Jul - Sep,798.411677
2025,Centros poblados y rural disperso,Total,Formal,Ago - Oct,805.724488
2025,Centros poblados y rural disperso,Total,Formal,Sep - Nov,813.862841
2025,Centros poblados y rural disperso,Total,Formal,Oct - Dic,829.434284
2025,Centros poblados y rural disperso,Total,Formal,Nov - Ene,816.41546
2025,Centros poblados y rural disperso,Total,Formal,Dic - Feb,818.227504
2026,Centros poblados y rural disperso,Total,Formal,Ene - Mar,824.591676
2026,Centros poblados y rural disperso,Total,Formal,Feb - Abr,843.01489
2021,Centros poblados y rural disperso,Total,Informal,Ene - Mar,3739.3250883333335
2021,Centros poblados y rural disperso,Total,Informal,Feb - Abr,3783.3515156666667
2021,Centros poblados y rural disperso,Total,Informal,Mar - May,3739.273489333333
2021,Centros poblados y rural disperso,Total,Informal,Abr - Jun,3735.6106306666666
2021,Centros poblados y rural disperso,Total,Informal,May - Jul,3795.2867236666666
2021,Centros poblados y rural disperso,Total,Informal,Jun - Ago,3826.327627
2021,Centros poblados y rural disperso,Total,Informal,Jul - Sep,3841.488706333333
2021,Centros poblados y rural disperso,Total,Informal,Ago - Oct,3844.9582403333334
2021,Centros poblados y rural disperso,Total,Informal,Sep - Nov,3826.092332
2021,Centros poblados y rural disperso,Total,Informal,Oct - Dic,3888.6514316666667
2021,Centros poblados y rural disperso,Total,Informal,Nov - Ene,3818.565015666667
2021,Centros poblados y rural disperso,Total,Informal,Dic - Feb,3898.9434143333333
2022,Centros poblados y rural disperso,Total,Informal,Ene - Mar,3850.9310286666664
2022,Centros poblados y rural disperso,Total,Informal,Feb - Abr,3975.9514563333328
2022,Centros poblados y rural disperso,Total,Informal,Mar - May,3953.1649166666666
2022,Centros poblados y rural disperso,Total,Informal,Abr - Jun,3979.806077333333
2022,Centros poblados y rural disperso,Total,Informal,May - Jul,3933.996093
2022,Centros poblados y rural disperso,Total,Informal,Jun - Ago,3909.955673333334
2022,Centros poblados y rural disperso,Total,Informal,Jul - Sep,3908.0793059999996
2022,Centros poblados y rural disperso,Total,Informal,Ago - Oct,3935.4983549999997
2022,Centros poblados y rural disperso,Total,Informal,Sep - Nov,3953.9191269999997
2022,Centros poblados y rural disperso,Total,Informal,Oct - Dic,3954.8391370000004
2022,Centros poblados y rural disperso,Total,Informal,Nov - Ene,3928.4080506666664
2022,Centros poblados y rural disperso,Total,Informal,Dic - Feb,3969.3095246666667
2023,Centros poblados y rural disperso,Total,Informal,Ene - Mar,4005.3853453333336
2023,Centros poblados y rural disperso,Total,Informal,Feb - Abr,4056.218384
2023,Centros poblados y rural disperso,Total,Informal,Mar - May,4051.3564213333334
2023,Centros poblados y rural disperso,Total,Informal,Abr - Jun,4023.461526333334
2023,Centros poblados y rural disperso,Total,Informal,May - Jul,4023.1420273333333
2023,Centros poblados y rural disperso,Total,Informal,Jun - Ago,3995.710696333333
2023,Centros poblados y rural disperso,Total,Informal,Jul - Sep,4028.951821
2023,Centros poblados y rural disperso,Total,Informal,Ago - Oct,3987.614935
2023,Centros poblados y rural disperso,Total,Informal,Sep - Nov,3956.6807076666664
2023,Centros poblados y rural disperso,Total,Informal,Oct - Dic,3953.288912
2023,Centros poblados y rural disperso,Total,Informal,Nov - Ene,3906.73464
2023,Centros poblados y rural disperso,Total,Informal,Dic - Feb,3919.3976463333333
2024,Centros poblados y rural disperso,Total,Informal,Ene - Mar,3899.440130333333
2024,Centros poblados y rural disperso,Total,Informal,Feb - Abr,3968.2018553333332
2024,Centros poblados y rural disperso,Total,Informal,Mar - May,3990.444405333333
2024,Centros poblados y rural disperso,Total,Informal,Abr - Jun,3975.7124719999997
2024,Centros poblados y rural disperso,Total,Informal,May - Jul,4001.7469163333335
2024,Centros poblados y rural disperso,Total,Informal,Jun - Ago,4042.459417333333
2024,Centros poblados y rural disperso,Total,Informal,Jul - Sep,4104.889831333333
2024,Centros poblados y rural disperso,Total,Informal,Ago - Oct,4030.1057459999997
2024,Centros poblados y rural disperso,Total,Informal,Sep - Nov,3969.204739333333
2024,Centros poblados y rural disperso,Total,Informal,Oct - Dic,3970.870539333333
2024,Centros poblados y rural disperso,Total,Informal,Nov - Ene,4012.242592
2024,Centros poblados y rural disperso,Total,Informal,Dic - Feb,4096.758387
2025,Centros poblados y rural disperso,Total,Informal,Ene - Mar,4082.704229
2025,Centros poblados y rural disperso,Total,Informal,Feb - Abr,4124.753711
2025,Centros poblados y rural disperso,Total,Informal,Mar - May,4065.770184
2025,Centros poblados y rural disperso,Total,Informal,Abr - Jun,4044.864875
2025,Centros poblados y rural disperso,Total,Informal,May - Jul,4029.151024
2025,Centros poblados y rural disperso,Total,Informal,Jun - Ago,3980.18608
2025,Centros poblados y rural disperso,Total,Informal,Jul - Sep,4010.301124
2025,Centros poblados y rural disperso,Total,Informal,Ago - Oct,4000.14122
2025,Centros poblados y rural disperso,Total,Informal,Sep - Nov,4103.378675
2025,Centros poblados y rural disperso,Total,Informal,Oct - Dic,4071.500431
2025,Centros poblados y rural disperso,Total,Informal,Nov - Ene,4075.655846
2025,Centros poblados y rural disperso,Total,Informal,Dic - Feb,4053.032336
2026,Centros poblados y rural disperso,Total,Informal,Ene - Mar,4097.601201
2026,Centros poblados y rural disperso,Total,Informal,Feb - Abr,4107.237261
2021,Centros poblados y rural disperso,Hombres,Población ocupada,Ene - Mar,3177.910845666667
2021,Centros poblados y rural disperso,Hombres,Población ocupada,Feb - Abr,3218.5778443333334
2021,Centros poblados y rural disperso,Hombres,Población ocupada,Mar - May,3180.710067
2021,Centros poblados y rural disperso,Hombres,Población ocupada,Abr - Jun,3161.169601
2021,Centros poblados y rural disperso,Hombres,Población ocupada,May - Jul,3173.6632213333337
2021,Centros poblados y rural disperso,Hombres,Población ocupada,Jun - Ago,3185.2006003333336
2021,Centros poblados y rural disperso,Hombres,Población ocupada,Jul - Sep,3215.3713136666665
2021,Centros poblados y rural disperso,Hombres,Población ocupada,Ago - Oct,3255.6398713333333
2021,Centros poblados y rural disperso,Hombres,Población ocupada,Sep - Nov,3272.375793333333
2021,Centros poblados y rural disperso,Hombres,Población ocupada,Oct - Dic,3311.6209643333336
2021,Centros poblados y rural disperso,Hombres,Población ocupada,Nov - Ene,3264.949876
2021,Centros poblados y rural disperso,Hombres,Población ocupada,Dic - Feb,3277.0211613333336
2022,Centros poblados y rural disperso,Hombres,Población ocupada,Ene - Mar,3243.799794
2022,Centros poblados y rural disperso,Hombres,Población ocupada,Feb - Abr,3261.6116963333334
2022,Centros poblados y rural disperso,Hombres,Población ocupada,Mar - May,3273.785986666667
2022,Centros poblados y rural disperso,Hombres,Población ocupada,Abr - Jun,3289.9470123333335
2022,Centros poblados y rural disperso,Hombres,Población ocupada,May - Jul,3302.738745
2022,Centros poblados y rural disperso,Hombres,Población ocupada,Jun - Ago,3272.7649340000003
2022,Centros poblados y rural disperso,Hombres,Población ocupada,Jul - Sep,3272.517136666667
2022,Centros poblados y rural disperso,Hombres,Población ocupada,Ago - Oct,3310.0352693333334
2022,Centros poblados y rural disperso,Hombres,Población ocupada,Sep - Nov,3316.748294333334
2022,Centros poblados y rural disperso,Hombres,Población ocupada,Oct - Dic,3314.424535666667
2022,Centros poblados y rural disperso,Hombres,Población ocupada,Nov - Ene,3269.2128856666664
2022,Centros poblados y rural disperso,Hombres,Población ocupada,Dic - Feb,3299.211028
2023,Centros poblados y rural disperso,Hombres,Población ocupada,Ene - Mar,3311.5887239999997
2023,Centros poblados y rural disperso,Hombres,Población ocupada,Feb - Abr,3362.9681889999997
2023,Centros poblados y rural disperso,Hombres,Población ocupada,Mar - May,3350.7461536666665
2023,Centros poblados y rural disperso,Hombres,Población ocupada,Abr - Jun,3357.096268
2023,Centros poblados y rural disperso,Hombres,Población ocupada,May - Jul,3332.870295666667
2023,Centros poblados y rural disperso,Hombres,Población ocupada,Jun - Ago,3331.000879333333
2023,Centros poblados y rural disperso,Hombres,Población ocupada,Jul - Sep,3324.1198256666667
2023,Centros poblados y rural disperso,Hombres,Población ocupada,Ago - Oct,3327.953368
2023,Centros poblados y rural disperso,Hombres,Población ocupada,Sep - Nov,3319.977086333334
2023,Centros poblados y rural disperso,Hombres,Población ocupada,Oct - Dic,3324.0959266666664
2023,Centros poblados y rural disperso,Hombres,Población ocupada,Nov - Ene,3286.634547
2023,Centros poblados y rural disperso,Hombres,Población ocupada,Dic - Feb,3270.925205
2024,Centros poblados y rural disperso,Hombres,Población ocupada,Ene - Mar,3239.397184
2024,Centros poblados y rural disperso,Hombres,Población ocupada,Feb - Abr,3256.480503666667
2024,Centros poblados y rural disperso,Hombres,Población ocupada,Mar - May,3290.659263666667
2024,Centros poblados y rural disperso,Hombres,Población ocupada,Abr - Jun,3312.7855383333335
2024,Centros poblados y rural disperso,Hombres,Población ocupada,May - Jul,3336.296600666667
2024,Centros poblados y rural disperso,Hombres,Población ocupada,Jun - Ago,3356.446955
2024,Centros poblados y rural disperso,Hombres,Población ocupada,Jul - Sep,3375.8330819999996
2024,Centros poblados y rural disperso,Hombres,Población ocupada,Ago - Oct,3359.5836383333335
2024,Centros poblados y rural disperso,Hombres,Población ocupada,Sep - Nov,3302.071703
2024,Centros poblados y rural disperso,Hombres,Población ocupada,Oct - Dic,3303.2306606666666
2024,Centros poblados y rural disperso,Hombres,Población ocupada,Nov - Ene,3342.604776
2024,Centros poblados y rural disperso,Hombres,Población ocupada,Dic - Feb,3386.758458
2025,Centros poblados y rural disperso,Hombres,Población ocupada,Ene - Mar,3392.525001
2025,Centros poblados y rural disperso,Hombres,Población ocupada,Feb - Abr,3393.798514
2025,Centros poblados y rural disperso,Hombres,Población ocupada,Mar - May,3403.34982
2025,Centros poblados y rural disperso,Hombres,Población ocupada,Abr - Jun,3408.141217
2025,Centros poblados y rural disperso,Hombres,Población ocupada,May - Jul,3383.65058
2025,Centros poblados y rural disperso,Hombres,Población ocupada,Jun - Ago,3355.341522
2025,Centros poblados y rural disperso,Hombres,Población ocupada,Jul - Sep,3355.253623
2025,Centros poblados y rural disperso,Hombres,Población ocupada,Ago - Oct,3394.168146
2025,Centros poblados y rural disperso,Hombres,Población ocupada,Sep - Nov,3461.900429
2025,Centros poblados y rural disperso,Hombres,Población ocupada,Oct - Dic,3448.779386
2025,Centros poblados y rural disperso,Hombres,Población ocupada,Nov - Ene,3397.151987
2025,Centros poblados y rural disperso,Hombres,Población ocupada,Dic - Feb,3365.312495
2026,Centros poblados y rural disperso,Hombres,Población ocupada,Ene - Mar,3393.814954
2026,Centros poblados y rural disperso,Hombres,Población ocupada,Feb - Abr,3405.560169
2021,Centros poblados y rural disperso,Hombres,Formal,Ene - Mar,417.862958
2021,Centros poblados y rural disperso,Hombres,Formal,Feb - Abr,450.0665236666667
2021,Centros poblados y rural disperso,Hombres,Formal,Mar - May,449.014571
2021,Centros poblados y rural disperso,Hombres,Formal,Abr - Jun,434.42263066666663
2021,Centros poblados y rural disperso,Hombres,Formal,May - Jul,403.9300713333334
2021,Centros poblados y rural disperso,Hombres,Formal,Jun - Ago,405.83030866666667
2021,Centros poblados y rural disperso,Hombres,Formal,Jul - Sep,434.9174663333333
2021,Centros poblados y rural disperso,Hombres,Formal,Ago - Oct,471.8538553333333
2021,Centros poblados y rural disperso,Hombres,Formal,Sep - Nov,506.35370199999994
2021,Centros poblados y rural disperso,Hombres,Formal,Oct - Dic,522.950907
2021,Centros poblados y rural disperso,Hombres,Formal,Nov - Ene,531.4006760000001
2021,Centros poblados y rural disperso,Hombres,Formal,Dic - Feb,488.61639799999995
2022,Centros poblados y rural disperso,Hombres,Formal,Ene - Mar,474.9272976666667
2022,Centros poblados y rural disperso,Hombres,Formal,Feb - Abr,432.1132136666667
2022,Centros poblados y rural disperso,Hombres,Formal,Mar - May,481.0157633333333
2022,Centros poblados y rural disperso,Hombres,Formal,Abr - Jun,487.7287166666667
2022,Centros poblados y rural disperso,Hombres,Formal,May - Jul,515.6549893333332
2022,Centros poblados y rural disperso,Hombres,Formal,Jun - Ago,500.6710576666667
2022,Centros poblados y rural disperso,Hombres,Formal,Jul - Sep,512.554597
2022,Centros poblados y rural disperso,Hombres,Formal,Ago - Oct,535.0443943333333
2022,Centros poblados y rural disperso,Hombres,Formal,Sep - Nov,517.0999293333333
2022,Centros poblados y rural disperso,Hombres,Formal,Oct - Dic,507.39983299999994
2022,Centros poblados y rural disperso,Hombres,Formal,Nov - Ene,481.4390633333333
2022,Centros poblados y rural disperso,Hombres,Formal,Dic - Feb,494.3650763333333
2023,Centros poblados y rural disperso,Hombres,Formal,Ene - Mar,490.3303593333333
2023,Centros poblados y rural disperso,Hombres,Formal,Feb - Abr,526.9864093333334
2023,Centros poblados y rural disperso,Hombres,Formal,Mar - May,528.5374946666667
2023,Centros poblados y rural disperso,Hombres,Formal,Abr - Jun,561.1557213333334
2023,Centros poblados y rural disperso,Hombres,Formal,May - Jul,535.3169153333333
2023,Centros poblados y rural disperso,Hombres,Formal,Jun - Ago,547.965014
2023,Centros poblados y rural disperso,Hombres,Formal,Jul - Sep,522.868951
2023,Centros poblados y rural disperso,Hombres,Formal,Ago - Oct,557.1557043333333
2023,Centros poblados y rural disperso,Hombres,Formal,Sep - Nov,563.6434976666666
2023,Centros poblados y rural disperso,Hombres,Formal,Oct - Dic,577.173271
2023,Centros poblados y rural disperso,Hombres,Formal,Nov - Ene,547.8509916666667
2023,Centros poblados y rural disperso,Hombres,Formal,Dic - Feb,528.4900530000001
2024,Centros poblados y rural disperso,Hombres,Formal,Ene - Mar,511.75732999999997
2024,Centros poblados y rural disperso,Hombres,Formal,Feb - Abr,506.43541766666675
2024,Centros poblados y rural disperso,Hombres,Formal,Mar - May,507.7340243333333
2024,Centros poblados y rural disperso,Hombres,Formal,Abr - Jun,518.8729193333334
2024,Centros poblados y rural disperso,Hombres,Formal,May - Jul,515.5007356666666
2024,Centros poblados y rural disperso,Hombres,Formal,Jun - Ago,523.4556349999999
2024,Centros poblados y rural disperso,Hombres,Formal,Jul - Sep,519.9799823333334
2024,Centros poblados y rural disperso,Hombres,Formal,Ago - Oct,557.7636403333333
2024,Centros poblados y rural disperso,Hombres,Formal,Sep - Nov,554.0819463333333
2024,Centros poblados y rural disperso,Hombres,Formal,Oct - Dic,561.8422999999999
2024,Centros poblados y rural disperso,Hombres,Formal,Nov - Ene,561.392546
2024,Centros poblados y rural disperso,Hombres,Formal,Dic - Feb,550.175332
2025,Centros poblados y rural disperso,Hombres,Formal,Ene - Mar,543.576509
2025,Centros poblados y rural disperso,Hombres,Formal,Feb - Abr,522.62627
2025,Centros poblados y rural disperso,Hombres,Formal,Mar - May,558.629448
2025,Centros poblados y rural disperso,Hombres,Formal,Abr - Jun,569.406636
2025,Centros poblados y rural disperso,Hombres,Formal,May - Jul,556.236083
2025,Centros poblados y rural disperso,Hombres,Formal,Jun - Ago,539.608722
2025,Centros poblados y rural disperso,Hombres,Formal,Jul - Sep,528.126395
2025,Centros poblados y rural disperso,Hombres,Formal,Ago - Oct,549.985534
2025,Centros poblados y rural disperso,Hombres,Formal,Sep - Nov,563.558008
2025,Centros poblados y rural disperso,Hombres,Formal,Oct - Dic,564.656223
2025,Centros poblados y rural disperso,Hombres,Formal,Nov - Ene,563.657624
2025,Centros poblados y rural disperso,Hombres,Formal,Dic - Feb,555.682129
2026,Centros poblados y rural disperso,Hombres,Formal,Ene - Mar,557.392161
2026,Centros poblados y rural disperso,Hombres,Formal,Feb - Abr,561.854749
2021,Centros poblados y rural disperso,Hombres,Informal,Ene - Mar,2760.047887666666
2021,Centros poblados y rural disperso,Hombres,Informal,Feb - Abr,2768.5113203333335
2021,Centros poblados y rural disperso,Hombres,Informal,Mar - May,2731.6954960000003
2021,Centros poblados y rural disperso,Hombres,Informal,Abr - Jun,2726.746970333333
2021,Centros poblados y rural disperso,Hombres,Informal,May - Jul,2769.73315
2021,Centros poblados y rural disperso,Hombres,Informal,Jun - Ago,2779.3702916666666
2021,Centros poblados y rural disperso,Hombres,Informal,Jul - Sep,2780.4538473333337
2021,Centros poblados y rural disperso,Hombres,Informal,Ago - Oct,2783.786016
2021,Centros poblados y rural disperso,Hombres,Informal,Sep - Nov,2766.022091666667
2021,Centros poblados y rural disperso,Hombres,Informal,Oct - Dic,2788.6700576666663
2021,Centros poblados y rural disperso,Hombres,Informal,Nov - Ene,2733.5492003333334
2021,Centros poblados y rural disperso,Hombres,Informal,Dic - Feb,2788.4047633333334
2022,Centros poblados y rural disperso,Hombres,Informal,Ene - Mar,2768.8724963333334
2022,Centros poblados y rural disperso,Hombres,Informal,Feb - Abr,2829.4984826666673
2022,Centros poblados y rural disperso,Hombres,Informal,Mar - May,2792.7702233333334
2022,Centros poblados y rural disperso,Hombres,Informal,Abr - Jun,2802.2182960000005
2022,Centros poblados y rural disperso,Hombres,Informal,May - Jul,2787.083756
2022,Centros poblados y rural disperso,Hombres,Informal,Jun - Ago,2772.093876333333
2022,Centros poblados y rural disperso,Hombres,Informal,Jul - Sep,2759.9625396666665
2022,Centros poblados y rural disperso,Hombres,Informal,Ago - Oct,2774.9908753333334
2022,Centros poblados y rural disperso,Hombres,Informal,Sep - Nov,2799.648366
2022,Centros poblados y rural disperso,Hombres,Informal,Oct - Dic,2807.024703333334
2022,Centros poblados y rural disperso,Hombres,Informal,Nov - Ene,2787.7738226666665
2022,Centros poblados y rural disperso,Hombres,Informal,Dic - Feb,2804.845951333333
2023,Centros poblados y rural disperso,Hombres,Informal,Ene - Mar,2821.2583646666662
2023,Centros poblados y rural disperso,Hombres,Informal,Feb - Abr,2835.98178
2023,Centros poblados y rural disperso,Hombres,Informal,Mar - May,2822.208659666667
2023,Centros poblados y rural disperso,Hombres,Informal,Abr - Jun,2795.940547
2023,Centros poblados y rural disperso,Hombres,Informal,May - Jul,2797.5533803333333
2023,Centros poblados y rural disperso,Hombres,Informal,Jun - Ago,2783.035865
2023,Centros poblados y rural disperso,Hombres,Informal,Jul - Sep,2801.2508743333333
2023,Centros poblados y rural disperso,Hombres,Informal,Ago - Oct,2770.7976633333333
2023,Centros poblados y rural disperso,Hombres,Informal,Sep - Nov,2756.333588666667
2023,Centros poblados y rural disperso,Hombres,Informal,Oct - Dic,2746.9226553333333
2023,Centros poblados y rural disperso,Hombres,Informal,Nov - Ene,2738.783555
2023,Centros poblados y rural disperso,Hombres,Informal,Dic - Feb,2742.4351516666666
2024,Centros poblados y rural disperso,Hombres,Informal,Ene - Mar,2727.639854
2024,Centros poblados y rural disperso,Hombres,Informal,Feb - Abr,2750.045086
2024,Centros poblados y rural disperso,Hombres,Informal,Mar - May,2782.9252393333336
2024,Centros poblados y rural disperso,Hombres,Informal,Abr - Jun,2793.912619
2024,Centros poblados y rural disperso,Hombres,Informal,May - Jul,2820.795865
2024,Centros poblados y rural disperso,Hombres,Informal,Jun - Ago,2832.9913199999996
2024,Centros poblados y rural disperso,Hombres,Informal,Jul - Sep,2855.853099666667
2024,Centros poblados y rural disperso,Hombres,Informal,Ago - Oct,2801.8199980000004
2024,Centros poblados y rural disperso,Hombres,Informal,Sep - Nov,2747.9897566666673
2024,Centros poblados y rural disperso,Hombres,Informal,Oct - Dic,2741.3883606666664
2024,Centros poblados y rural disperso,Hombres,Informal,Nov - Ene,2781.21223
2024,Centros poblados y rural disperso,Hombres,Informal,Dic - Feb,2836.583126
2025,Centros poblados y rural disperso,Hombres,Informal,Ene - Mar,2848.948492
2025,Centros poblados y rural disperso,Hombres,Informal,Feb - Abr,2871.172244
2025,Centros poblados y rural disperso,Hombres,Informal,Mar - May,2844.720371
2025,Centros poblados y rural disperso,Hombres,Informal,Abr - Jun,2838.734581
2025,Centros poblados y rural disperso,Hombres,Informal,May - Jul,2827.414498
2025,Centros poblados y rural disperso,Hombres,Informal,Jun - Ago,2815.732801
2025,Centros poblados y rural disperso,Hombres,Informal,Jul - Sep,2827.127228
2025,Centros poblados y rural disperso,Hombres,Informal,Ago - Oct,2844.182612
2025,Centros poblados y rural disperso,Hombres,Informal,Sep - Nov,2898.342421
2025,Centros poblados y rural disperso,Hombres,Informal,Oct - Dic,2884.123163
2025,Centros poblados y rural disperso,Hombres,Informal,Nov - Ene,2833.494363
2025,Centros poblados y rural disperso,Hombres,Informal,Dic - Feb,2809.630366
2026,Centros poblados y rural disperso,Hombres,Informal,Ene - Mar,2836.422793
2026,Centros poblados y rural disperso,Hombres,Informal,Feb - Abr,2843.70542
2021,Centros poblados y rural disperso,Mujeres,Población ocupada,Ene - Mar,1156.4231153333333
2021,Centros poblados y rural disperso,Mujeres,Población ocupada,Feb - Abr,1201.0531943333335
2021,Centros poblados y rural disperso,Mujeres,Población ocupada,Mar - May,1193.4710086666666
2021,Centros poblados y rural disperso,Mujeres,Población ocupada,Abr - Jun,1188.7608556666667
2021,Centros poblados y rural disperso,Mujeres,Población ocupada,May - Jul,1203.7461059999998
2021,Centros poblados y rural disperso,Mujeres,Población ocupada,Jun - Ago,1218.7272823333335
2021,Centros poblados y rural disperso,Mujeres,Población ocupada,Jul - Sep,1245.2284123333336
2021,Centros poblados y rural disperso,Mujeres,Población ocupada,Ago - Oct,1260.8108896666665
2021,Centros poblados y rural disperso,Mujeres,Población ocupada,Sep - Nov,1270.9158876666668
2021,Centros poblados y rural disperso,Mujeres,Población ocupada,Oct - Dic,1293.7063076666666
2021,Centros poblados y rural disperso,Mujeres,Población ocupada,Nov - Ene,1277.0072966666667
2021,Centros poblados y rural disperso,Mujeres,Población ocupada,Dic - Feb,1309.9038566666668
2022,Centros poblados y rural disperso,Mujeres,Población ocupada,Ene - Mar,1297.266986
2022,Centros poblados y rural disperso,Mujeres,Población ocupada,Feb - Abr,1365.9298073333332
2022,Centros poblados y rural disperso,Mujeres,Población ocupada,Mar - May,1381.7992913333335
2022,Centros poblados y rural disperso,Mujeres,Población ocupada,Abr - Jun,1403.759906
2022,Centros poblados y rural disperso,Mujeres,Población ocupada,May - Jul,1379.7186339999998
2022,Centros poblados y rural disperso,Mujeres,Población ocupada,Jun - Ago,1359.7141366666665
2022,Centros poblados y rural disperso,Mujeres,Población ocupada,Jul - Sep,1371.3837596666665
2022,Centros poblados y rural disperso,Mujeres,Población ocupada,Ago - Oct,1368.8829763333333
2022,Centros poblados y rural disperso,Mujeres,Población ocupada,Sep - Nov,1362.0178136666666
2022,Centros poblados y rural disperso,Mujeres,Población ocupada,Oct - Dic,1355.7592563333333
2022,Centros poblados y rural disperso,Mujeres,Población ocupada,Nov - Ene,1348.3491023333333
2022,Centros poblados y rural disperso,Mujeres,Población ocupada,Dic - Feb,1380.0772796666668
2023,Centros poblados y rural disperso,Mujeres,Población ocupada,Ene - Mar,1408.5462033333333
2023,Centros poblados y rural disperso,Mujeres,Población ocupada,Feb - Abr,1445.1921546666665
2023,Centros poblados y rural disperso,Mujeres,Población ocupada,Mar - May,1469.7623646666664
2023,Centros poblados y rural disperso,Mujeres,Población ocupada,Abr - Jun,1458.4495416666666
2023,Centros poblados y rural disperso,Mujeres,Población ocupada,May - Jul,1469.5028126666668
2023,Centros poblados y rural disperso,Mujeres,Población ocupada,Jun - Ago,1465.4899103333335
2023,Centros poblados y rural disperso,Mujeres,Población ocupada,Jul - Sep,1473.5986540000001
2023,Centros poblados y rural disperso,Mujeres,Población ocupada,Ago - Oct,1446.109909
2023,Centros poblados y rural disperso,Mujeres,Población ocupada,Sep - Nov,1406.1416040000001
2023,Centros poblados y rural disperso,Mujeres,Población ocupada,Oct - Dic,1407.976369
2023,Centros poblados y rural disperso,Mujeres,Población ocupada,Nov - Ene,1378.5600933333335
2023,Centros poblados y rural disperso,Mujeres,Población ocupada,Dic - Feb,1384.9778979999999
2024,Centros poblados y rural disperso,Mujeres,Población ocupada,Ene - Mar,1395.1173486666667
2024,Centros poblados y rural disperso,Mujeres,Población ocupada,Feb - Abr,1436.8986873333333
2024,Centros poblados y rural disperso,Mujeres,Población ocupada,Mar - May,1444.3577843333333
2024,Centros poblados y rural disperso,Mujeres,Población ocupada,Abr - Jun,1408.9532996666667
2024,Centros poblados y rural disperso,Mujeres,Población ocupada,May - Jul,1428.3177716666667
2024,Centros poblados y rural disperso,Mujeres,Población ocupada,Jun - Ago,1448.77877
2024,Centros poblados y rural disperso,Mujeres,Población ocupada,Jul - Sep,1487.6647486666668
2024,Centros poblados y rural disperso,Mujeres,Población ocupada,Ago - Oct,1460.4459490000002
2024,Centros poblados y rural disperso,Mujeres,Población ocupada,Sep - Nov,1466.8830289999999
2024,Centros poblados y rural disperso,Mujeres,Población ocupada,Oct - Dic,1491.0138646666667
2024,Centros poblados y rural disperso,Mujeres,Población ocupada,Nov - Ene,1482.373299
2024,Centros poblados y rural disperso,Mujeres,Población ocupada,Dic - Feb,1495.887512
2025,Centros poblados y rural disperso,Mujeres,Población ocupada,Ene - Mar,1459.692741
2025,Centros poblados y rural disperso,Mujeres,Población ocupada,Feb - Abr,1477.948043
2025,Centros poblados y rural disperso,Mujeres,Población ocupada,Mar - May,1450.722525
2025,Centros poblados y rural disperso,Mujeres,Población ocupada,Abr - Jun,1440.023012
2025,Centros poblados y rural disperso,Mujeres,Población ocupada,May - Jul,1463.773726
2025,Centros poblados y rural disperso,Mujeres,Población ocupada,Jun - Ago,1437.834869
2025,Centros poblados y rural disperso,Mujeres,Población ocupada,Jul - Sep,1453.459179
2025,Centros poblados y rural disperso,Mujeres,Población ocupada,Ago - Oct,1411.697561
2025,Centros poblados y rural disperso,Mujeres,Población ocupada,Sep - Nov,1455.341087
2025,Centros poblados y rural disperso,Mujeres,Población ocupada,Oct - Dic,1452.155328
2025,Centros poblados y rural disperso,Mujeres,Población ocupada,Nov - Ene,1494.919319
2025,Centros poblados y rural disperso,Mujeres,Población ocupada,Dic - Feb,1505.947345
2026,Centros poblados y rural disperso,Mujeres,Población ocupada,Ene - Mar,1528.377923
2026,Centros poblados y rural disperso,Mujeres,Población ocupada,Feb - Abr,1544.691982
2021,Centros poblados y rural disperso,Mujeres,Formal,Ene - Mar,177.1459143333333
2021,Centros poblados y rural disperso,Mujeres,Formal,Feb - Abr,186.212999
2021,Centros poblados y rural disperso,Mujeres,Formal,Mar - May,185.89301533333335
2021,Centros poblados y rural disperso,Mujeres,Formal,Abr - Jun,179.897195
2021,Centros poblados y rural disperso,Mujeres,Formal,May - Jul,178.192532
2021,Centros poblados y rural disperso,Mujeres,Formal,Jun - Ago,171.769947
2021,Centros poblados y rural disperso,Mujeres,Formal,Jul - Sep,184.19355366666665
2021,Centros poblados y rural disperso,Mujeres,Formal,Ago - Oct,199.63866599999997
2021,Centros poblados y rural disperso,Mujeres,Formal,Sep - Nov,210.84564733333332
2021,Centros poblados y rural disperso,Mujeres,Formal,Oct - Dic,193.72493366666666
2021,Centros poblados y rural disperso,Mujeres,Formal,Nov - Ene,191.991481
2021,Centros poblados y rural disperso,Mujeres,Formal,Dic - Feb,199.36520566666664
2022,Centros poblados y rural disperso,Mujeres,Formal,Ene - Mar,215.208454
2022,Centros poblados y rural disperso,Mujeres,Formal,Feb - Abr,219.47683399999997
2022,Centros poblados y rural disperso,Mujeres,Formal,Mar - May,221.40459833333333
2022,Centros poblados y rural disperso,Mujeres,Formal,Abr - Jun,226.1721243333333
2022,Centros poblados y rural disperso,Mujeres,Formal,May - Jul,232.80629666666664
2022,Centros poblados y rural disperso,Mujeres,Formal,Jun - Ago,221.85233966666667
2022,Centros poblados y rural disperso,Mujeres,Formal,Jul - Sep,223.2669936666667
2022,Centros poblados y rural disperso,Mujeres,Formal,Ago - Oct,208.37549733333336
2022,Centros poblados y rural disperso,Mujeres,Formal,Sep - Nov,207.74705300000002
2022,Centros poblados y rural disperso,Mujeres,Formal,Oct - Dic,207.944823
2022,Centros poblados y rural disperso,Mujeres,Formal,Nov - Ene,207.71487466666667
2022,Centros poblados y rural disperso,Mujeres,Formal,Dic - Feb,215.61370666666667
2023,Centros poblados y rural disperso,Mujeres,Formal,Ene - Mar,224.41922300000002
2023,Centros poblados y rural disperso,Mujeres,Formal,Feb - Abr,224.95555033333335
2023,Centros poblados y rural disperso,Mujeres,Formal,Mar - May,240.61460266666666
2023,Centros poblados y rural disperso,Mujeres,Formal,Abr - Jun,230.92856200000003
2023,Centros poblados y rural disperso,Mujeres,Formal,May - Jul,243.91416566666666
2023,Centros poblados y rural disperso,Mujeres,Formal,Jun - Ago,252.81507933333333
2023,Centros poblados y rural disperso,Mujeres,Formal,Jul - Sep,245.897708
2023,Centros poblados y rural disperso,Mujeres,Formal,Ago - Oct,229.29263833333331
2023,Centros poblados y rural disperso,Mujeres,Formal,Sep - Nov,205.79448566666667
2023,Centros poblados y rural disperso,Mujeres,Formal,Oct - Dic,201.61011266666665
2023,Centros poblados y rural disperso,Mujeres,Formal,Nov - Ene,210.60900833333335
2023,Centros poblados y rural disperso,Mujeres,Formal,Dic - Feb,208.01540333333332
2024,Centros poblados y rural disperso,Mujeres,Formal,Ene - Mar,223.31707233333336
2024,Centros poblados y rural disperso,Mujeres,Formal,Feb - Abr,218.74191766666664
2024,Centros poblados y rural disperso,Mujeres,Formal,Mar - May,236.838618
2024,Centros poblados y rural disperso,Mujeres,Formal,Abr - Jun,227.15344633333333
2024,Centros poblados y rural disperso,Mujeres,Formal,May - Jul,247.36672066666665
2024,Centros poblados y rural disperso,Mujeres,Formal,Jun - Ago,239.31067300000004
2024,Centros poblados y rural disperso,Mujeres,Formal,Jul - Sep,238.62801733333333
2024,Centros poblados y rural disperso,Mujeres,Formal,Ago - Oct,232.16020133333333
2024,Centros poblados y rural disperso,Mujeres,Formal,Sep - Nov,245.6680463333333
2024,Centros poblados y rural disperso,Mujeres,Formal,Oct - Dic,261.53168566666665
2024,Centros poblados y rural disperso,Mujeres,Formal,Nov - Ene,251.342937
2024,Centros poblados y rural disperso,Mujeres,Formal,Dic - Feb,235.712251
2025,Centros poblados y rural disperso,Mujeres,Formal,Ene - Mar,225.937003
2025,Centros poblados y rural disperso,Mujeres,Formal,Feb - Abr,224.366576
2025,Centros poblados y rural disperso,Mujeres,Formal,Mar - May,229.672712
2025,Centros poblados y rural disperso,Mujeres,Formal,Abr - Jun,233.892717
2025,Centros poblados y rural disperso,Mujeres,Formal,May - Jul,262.0372
2025,Centros poblados y rural disperso,Mujeres,Formal,Jun - Ago,273.38159
2025,Centros poblados y rural disperso,Mujeres,Formal,Jul - Sep,270.285282
2025,Centros poblados y rural disperso,Mujeres,Formal,Ago - Oct,255.738954
2025,Centros poblados y rural disperso,Mujeres,Formal,Sep - Nov,250.304833
2025,Centros poblados y rural disperso,Mujeres,Formal,Oct - Dic,264.778061
2025,Centros poblados y rural disperso,Mujeres,Formal,Nov - Ene,252.757836
2025,Centros poblados y rural disperso,Mujeres,Formal,Dic - Feb,262.545375
2026,Centros poblados y rural disperso,Mujeres,Formal,Ene - Mar,267.199515
2026,Centros poblados y rural disperso,Mujeres,Formal,Feb - Abr,281.160141
2021,Centros poblados y rural disperso,Mujeres,Informal,Ene - Mar,979.2772006666668
2021,Centros poblados y rural disperso,Mujeres,Informal,Feb - Abr,1014.8401950000001
2021,Centros poblados y rural disperso,Mujeres,Informal,Mar - May,1007.5779933333333
2021,Centros poblados y rural disperso,Mujeres,Informal,Abr - Jun,1008.8636603333333
2021,Centros poblados y rural disperso,Mujeres,Informal,May - Jul,1025.5535736666668
2021,Centros poblados y rural disperso,Mujeres,Informal,Jun - Ago,1046.957335
2021,Centros poblados y rural disperso,Mujeres,Informal,Jul - Sep,1061.0348586666667
2021,Centros poblados y rural disperso,Mujeres,Informal,Ago - Oct,1061.172224
2021,Centros poblados y rural disperso,Mujeres,Informal,Sep - Nov,1060.0702403333332
2021,Centros poblados y rural disperso,Mujeres,Informal,Oct - Dic,1099.981374
2021,Centros poblados y rural disperso,Mujeres,Informal,Nov - Ene,1085.0158153333332
2021,Centros poblados y rural disperso,Mujeres,Informal,Dic - Feb,1110.538651
2022,Centros poblados y rural disperso,Mujeres,Informal,Ene - Mar,1082.058532
2022,Centros poblados y rural disperso,Mujeres,Informal,Feb - Abr,1146.4529733333334
2022,Centros poblados y rural disperso,Mujeres,Informal,Mar - May,1160.3946926666665
2022,Centros poblados y rural disperso,Mujeres,Informal,Abr - Jun,1177.587781
2022,Centros poblados y rural disperso,Mujeres,Informal,May - Jul,1146.9123366666668
2022,Centros poblados y rural disperso,Mujeres,Informal,Jun - Ago,1137.8617966666666
2022,Centros poblados y rural disperso,Mujeres,Informal,Jul - Sep,1148.116766
2022,Centros poblados y rural disperso,Mujeres,Informal,Ago - Oct,1160.5074793333333
2022,Centros poblados y rural disperso,Mujeres,Informal,Sep - Nov,1154.270761
2022,Centros poblados y rural disperso,Mujeres,Informal,Oct - Dic,1147.8144336666667
2022,Centros poblados y rural disperso,Mujeres,Informal,Nov - Ene,1140.6342276666667
2022,Centros poblados y rural disperso,Mujeres,Informal,Dic - Feb,1164.463573
2023,Centros poblados y rural disperso,Mujeres,Informal,Ene - Mar,1184.1269803333334
2023,Centros poblados y rural disperso,Mujeres,Informal,Feb - Abr,1220.2366043333334
2023,Centros poblados y rural disperso,Mujeres,Informal,Mar - May,1229.147762
2023,Centros poblados y rural disperso,Mujeres,Informal,Abr - Jun,1227.5209796666666
2023,Centros poblados y rural disperso,Mujeres,Informal,May - Jul,1225.588647
2023,Centros poblados y rural disperso,Mujeres,Informal,Jun - Ago,1212.6748313333335
2023,Centros poblados y rural disperso,Mujeres,Informal,Jul - Sep,1227.7009463333331
2023,Centros poblados y rural disperso,Mujeres,Informal,Ago - Oct,1216.817271
2023,Centros poblados y rural disperso,Mujeres,Informal,Sep - Nov,1200.3471183333334
2023,Centros poblados y rural disperso,Mujeres,Informal,Oct - Dic,1206.3662563333335
2023,Centros poblados y rural disperso,Mujeres,Informal,Nov - Ene,1167.951085
2023,Centros poblados y rural disperso,Mujeres,Informal,Dic - Feb,1176.9624946666665
2024,Centros poblados y rural disperso,Mujeres,Informal,Ene - Mar,1171.8002763333334
2024,Centros poblados y rural disperso,Mujeres,Informal,Feb - Abr,1218.1567693333334
2024,Centros poblados y rural disperso,Mujeres,Informal,Mar - May,1207.519166
2024,Centros poblados y rural disperso,Mujeres,Informal,Abr - Jun,1181.799853
2024,Centros poblados y rural disperso,Mujeres,Informal,May - Jul,1180.9510513333332
2024,Centros poblados y rural disperso,Mujeres,Informal,Jun - Ago,1209.4680973333334
2024,Centros poblados y rural disperso,Mujeres,Informal,Jul - Sep,1249.0367316666668
2024,Centros poblados y rural disperso,Mujeres,Informal,Ago - Oct,1228.285748
2024,Centros poblados y rural disperso,Mujeres,Informal,Sep - Nov,1221.2149826666666
2024,Centros poblados y rural disperso,Mujeres,Informal,Oct - Dic,1229.482179
2024,Centros poblados y rural disperso,Mujeres,Informal,Nov - Ene,1231.030362
2024,Centros poblados y rural disperso,Mujeres,Informal,Dic - Feb,1260.175261
2025,Centros poblados y rural disperso,Mujeres,Informal,Ene - Mar,1233.755737
2025,Centros poblados y rural disperso,Mujeres,Informal,Feb - Abr,1253.581467
2025,Centros poblados y rural disperso,Mujeres,Informal,Mar - May,1221.049813
2025,Centros poblados y rural disperso,Mujeres,Informal,Abr - Jun,1206.130295
2025,Centros poblados y rural disperso,Mujeres,Informal,May - Jul,1201.736526
2025,Centros poblados y rural disperso,Mujeres,Informal,Jun - Ago,1164.453279
2025,Centros poblados y rural disperso,Mujeres,Informal,Jul - Sep,1183.173896
2025,Centros poblados y rural disperso,Mujeres,Informal,Ago - Oct,1155.958607
2025,Centros poblados y rural disperso,Mujeres,Informal,Sep - Nov,1205.036254
2025,Centros poblados y rural disperso,Mujeres,Informal,Oct - Dic,1187.377268
2025,Centros poblados y rural disperso,Mujeres,Informal,Nov - Ene,1242.161483
2025,Centros poblados y rural disperso,Mujeres,Informal,Dic - Feb,1243.40197
2026,Centros poblados y rural disperso,Mujeres,Informal,Ene - Mar,1261.178408
2026,Centros poblados y rural disperso,Mujeres,Informal,Feb - Abr,1263.53184
