"FECHA HECHO","COD_DEPTO","DEPARTAMENTO","COD_MUNI","MUNICIPIO","TIPO DELITO","CANTIDAD"
"25/05/2026","81","ARAUCA","81794","TAME","ARTICULO 168. SECUESTRO SIMPLE","1"
"16/05/2026","76","VALLE DEL CAUCA","76520","PALMIRA","ARTICULO 169. SECUESTRO EXTORSIVO","1"
"14/05/2026","50","META","50001","VILLAVICENCIO","ARTICULO 169. SECUESTRO EXTORSIVO","1"
"10/05/2026","20","CESAR","20517","PAILITAS","ARTICULO 169. SECUESTRO EXTORSIVO","1"
"08/05/2026","81","ARAUCA","81300","FORTUL","ARTICULO 168. SECUESTRO SIMPLE","1"
"06/05/2026","05","ANTIOQUIA","05001","MEDELLIN","ARTICULO 169. SECUESTRO EXTORSIVO","1"
"06/05/2026","05","ANTIOQUIA","05001","MEDELLIN","ARTICULO 169. SECUESTRO EXTORSIVO","1"
"02/05/2026","81","ARAUCA","81065","ARAUQUITA","ARTICULO 168. SECUESTRO SIMPLE","1"
"29/04/2026","54","NORTE DE SANTANDER","54874","VILLA DEL ROSARIO","ARTICULO 169. SECUESTRO EXTORSIVO","1"
"28/04/2026","20","CESAR","20614","RIO DE ORO","ARTICULO 169. SECUESTRO EXTORSIVO","1"
"25/04/2026","25","CUNDINAMARCA","25785","TABIO","ARTICULO 169. SECUESTRO EXTORSIVO","2"
"24/04/2026","52","NARIÑO","52110","BUESACO","ARTICULO 169. SECUESTRO EXTORSIVO","1"
"23/04/2026","54","NORTE DE SANTANDER","54810","TIBU","ARTICULO 169. SECUESTRO EXTORSIVO","1"
"22/04/2026","54","NORTE DE SANTANDER","54498","OCAÑA","ARTICULO 168. SECUESTRO SIMPLE","2"
"21/04/2026","85","CASANARE","85430","TRINIDAD","ARTICULO 168. SECUESTRO SIMPLE","1"
"21/04/2026","11","BOGOTA D.C.","11001","BOGOTA D.C.","ARTICULO 169. SECUESTRO EXTORSIVO","1"
"19/04/2026","52","NARIÑO","52356","IPIALES","ARTICULO 168. SECUESTRO SIMPLE","1"
"19/04/2026","76","VALLE DEL CAUCA","76001","CALI","ARTICULO 169. SECUESTRO EXTORSIVO","1"
"16/04/2026","52","NARIÑO","52001","PASTO","ARTICULO 169. SECUESTRO EXTORSIVO","1"
"15/04/2026","54","NORTE DE SANTANDER","54810","TIBU","ARTICULO 168. SECUESTRO SIMPLE","1"
"14/04/2026","52","NARIÑO","52399","LA UNION","ARTICULO 169. SECUESTRO EXTORSIVO","1"
"12/04/2026","76","VALLE DEL CAUCA","76109","BUENAVENTURA","ARTICULO 168. SECUESTRO SIMPLE","1"
"12/04/2026","76","VALLE DEL CAUCA","76001","CALI","ARTICULO 168. SECUESTRO SIMPLE","1"
"08/04/2026","19","CAUCA","19622","ROSAS","ARTICULO 168. SECUESTRO SIMPLE","1"
"08/04/2026","73","TOLIMA","73555","PLANADAS","ARTICULO 169. SECUESTRO EXTORSIVO","1"
"08/04/2026","19","CAUCA","19001","POPAYAN","ARTICULO 169. SECUESTRO EXTORSIVO","1"
"08/04/2026","44","LA GUAJIRA","44847","URIBIA","ARTICULO 169. SECUESTRO EXTORSIVO","1"
"06/04/2026","52","NARIÑO","52227","CUMBAL","ARTICULO 169. SECUESTRO EXTORSIVO","1"
"06/04/2026","05","ANTIOQUIA","05660","SAN LUIS","ARTICULO 169. SECUESTRO EXTORSIVO","1"
"06/04/2026","05","ANTIOQUIA","05660","SAN LUIS","ARTICULO 169. SECUESTRO EXTORSIVO","1"
"04/04/2026","76","VALLE DEL CAUCA","76001","CALI","ARTICULO 169. SECUESTRO EXTORSIVO","1"
"04/04/2026","20","CESAR","20614","RIO DE ORO","ARTICULO 169. SECUESTRO EXTORSIVO","1"
"02/04/2026","11","BOGOTA D.C.","11001","BOGOTA D.C.","ARTICULO 169. SECUESTRO EXTORSIVO","1"
"30/03/2026","05","ANTIOQUIA","05088","BELLO","ARTICULO 169. SECUESTRO EXTORSIVO","1"
"30/03/2026","05","ANTIOQUIA","05088","BELLO","ARTICULO 169. SECUESTRO EXTORSIVO","1"
"30/03/2026","05","ANTIOQUIA","05088","BELLO","ARTICULO 169. SECUESTRO EXTORSIVO","1"
"26/03/2026","76","VALLE DEL CAUCA","76318","GUACARI","ARTICULO 169. SECUESTRO EXTORSIVO","1"
"25/03/2026","19","CAUCA","19548","PIENDAMO - TUNIA","ARTICULO 168. SECUESTRO SIMPLE","1"
"22/03/2026","47","MAGDALENA","47001","SANTA MARTA","ARTICULO 169. SECUESTRO EXTORSIVO","4"
"22/03/2026","47","MAGDALENA","47001","SANTA MARTA","ARTICULO 169. SECUESTRO EXTORSIVO","3"
"22/03/2026","47","MAGDALENA","47001","SANTA MARTA","ARTICULO 169. SECUESTRO EXTORSIVO","3"
"22/03/2026","47","MAGDALENA","47001","SANTA MARTA","ARTICULO 169. SECUESTRO EXTORSIVO","3"
"22/03/2026","47","MAGDALENA","47001","SANTA MARTA","ARTICULO 169. SECUESTRO EXTORSIVO","2"
"22/03/2026","47","MAGDALENA","47001","SANTA MARTA","ARTICULO 169. SECUESTRO EXTORSIVO","2"
"22/03/2026","47","MAGDALENA","47001","SANTA MARTA","ARTICULO 169. SECUESTRO EXTORSIVO","2"
"22/03/2026","47","MAGDALENA","47001","SANTA MARTA","ARTICULO 169. SECUESTRO EXTORSIVO","1"
"22/03/2026","47","MAGDALENA","47001","SANTA MARTA","ARTICULO 169. SECUESTRO EXTORSIVO","1"
"22/03/2026","47","MAGDALENA","47001","SANTA MARTA","ARTICULO 169. SECUESTRO EXTORSIVO","1"
"22/03/2026","47","MAGDALENA","47001","SANTA MARTA","ARTICULO 169. SECUESTRO EXTORSIVO","1"
"22/03/2026","47","MAGDALENA","47001","SANTA MARTA","ARTICULO 169. SECUESTRO EXTORSIVO","1"
"22/03/2026","47","MAGDALENA","47001","SANTA MARTA","ARTICULO 169. SECUESTRO EXTORSIVO","1"
"21/03/2026","05","ANTIOQUIA","05001","MEDELLIN","ARTICULO 169. SECUESTRO EXTORSIVO","1"
"20/03/2026","19","CAUCA","19807","TIMBIO","ARTICULO 168. SECUESTRO SIMPLE","1"
"20/03/2026","19","CAUCA","19807","TIMBIO","ARTICULO 168. SECUESTRO SIMPLE","1"
"13/03/2026","54","NORTE DE SANTANDER","54810","TIBU","ARTICULO 168. SECUESTRO SIMPLE","1"
"13/03/2026","54","NORTE DE SANTANDER","54810","TIBU","ARTICULO 168. SECUESTRO SIMPLE","1"
"11/03/2026","76","VALLE DEL CAUCA","76606","RESTREPO","ARTICULO 169. SECUESTRO EXTORSIVO","1"
"10/03/2026","19","CAUCA","19532","PATIA","ARTICULO 168. SECUESTRO SIMPLE","1"
"06/03/2026","76","VALLE DEL CAUCA","76109","BUENAVENTURA","ARTICULO 169. SECUESTRO EXTORSIVO","1"
"03/03/2026","81","ARAUCA","81794","TAME","ARTICULO 168. SECUESTRO SIMPLE","1"
"02/03/2026","05","ANTIOQUIA","05001","MEDELLIN","ARTICULO 168. SECUESTRO SIMPLE","1"
"27/02/2026","05","ANTIOQUIA","05001","MEDELLIN","ARTICULO 169. SECUESTRO EXTORSIVO","1"
"24/02/2026","76","VALLE DEL CAUCA","76364","JAMUNDI","ARTICULO 169. SECUESTRO EXTORSIVO","1"
"23/02/2026","19","CAUCA","19573","PUERTO TEJADA","ARTICULO 168. SECUESTRO SIMPLE","1"
"23/02/2026","19","CAUCA","19573","PUERTO TEJADA","ARTICULO 168. SECUESTRO SIMPLE","1"
"23/02/2026","19","CAUCA","19573","PUERTO TEJADA","ARTICULO 168. SECUESTRO SIMPLE","1"
"23/02/2026","19","CAUCA","19573","PUERTO TEJADA","ARTICULO 168. SECUESTRO SIMPLE","1"
"23/02/2026","19","CAUCA","19573","PUERTO TEJADA","ARTICULO 168. SECUESTRO SIMPLE","1"
"22/02/2026","11","BOGOTA D.C.","11001","BOGOTA D.C.","ARTICULO 169. SECUESTRO EXTORSIVO","1"
"21/02/2026","05","ANTIOQUIA","05001","MEDELLIN","ARTICULO 168. SECUESTRO SIMPLE","1"
"19/02/2026","50","META","50568","PUERTO GAITAN","ARTICULO 168. SECUESTRO SIMPLE","1"
"19/02/2026","50","META","50568","PUERTO GAITAN","ARTICULO 168. SECUESTRO SIMPLE","1"
"19/02/2026","50","META","50568","PUERTO GAITAN","ARTICULO 168. SECUESTRO SIMPLE","1"
"19/02/2026","50","META","50568","PUERTO GAITAN","ARTICULO 168. SECUESTRO SIMPLE","1"
"19/02/2026","20","CESAR","20400","LA JAGUA DE IBIRICO","ARTICULO 169. SECUESTRO EXTORSIVO","1"
"18/02/2026","19","CAUCA","19075","BALBOA","ARTICULO 168. SECUESTRO SIMPLE","1"
"18/02/2026","19","CAUCA","19075","BALBOA","ARTICULO 168. SECUESTRO SIMPLE","1"
"17/02/2026","52","NARIÑO","52435","MALLAMA","ARTICULO 169. SECUESTRO EXTORSIVO","1"
"15/02/2026","54","NORTE DE SANTANDER","54250","EL TARRA","ARTICULO 168. SECUESTRO SIMPLE","1"
"15/02/2026","11","BOGOTA D.C.","11001","BOGOTA D.C.","ARTICULO 169. SECUESTRO EXTORSIVO","1"
"15/02/2026","54","NORTE DE SANTANDER","54498","OCAÑA","ARTICULO 169. SECUESTRO EXTORSIVO","1"
"14/02/2026","13","BOLIVAR","13001","CARTAGENA DE INDIAS","ARTICULO 168. SECUESTRO SIMPLE","1"
"14/02/2026","11","BOGOTA D.C.","11001","BOGOTA D.C.","ARTICULO 169. SECUESTRO EXTORSIVO","1"
"14/02/2026","11","BOGOTA D.C.","11001","BOGOTA D.C.","ARTICULO 169. SECUESTRO EXTORSIVO","1"
"12/02/2026","54","NORTE DE SANTANDER","54250","EL TARRA","ARTICULO 168. SECUESTRO SIMPLE","1"
"11/02/2026","25","CUNDINAMARCA","25099","BOJACA","ARTICULO 169. SECUESTRO EXTORSIVO","1"
"11/02/2026","08","ATLANTICO","08832","TUBARA","ARTICULO 169. SECUESTRO EXTORSIVO","1"
"11/02/2026","08","ATLANTICO","08832","TUBARA","ARTICULO 169. SECUESTRO EXTORSIVO","1"
"11/02/2026","08","ATLANTICO","08832","TUBARA","ARTICULO 169. SECUESTRO EXTORSIVO","1"
"10/02/2026","19","CAUCA","19355","INZA","ARTICULO 168. SECUESTRO SIMPLE","1"
"10/02/2026","19","CAUCA","19355","INZA","ARTICULO 168. SECUESTRO SIMPLE","1"
"10/02/2026","19","CAUCA","19355","INZA","ARTICULO 168. SECUESTRO SIMPLE","1"
"09/02/2026","19","CAUCA","19001","POPAYAN","ARTICULO 168. SECUESTRO SIMPLE","1"
"09/02/2026","19","CAUCA","19001","POPAYAN","ARTICULO 168. SECUESTRO SIMPLE","1"
"09/02/2026","54","NORTE DE SANTANDER","54670","SAN CALIXTO","ARTICULO 168. SECUESTRO SIMPLE","1"
"09/02/2026","19","CAUCA","19001","POPAYAN","ARTICULO 169. SECUESTRO EXTORSIVO","1"
"09/02/2026","05","ANTIOQUIA","05890","YOLOMBO","ARTICULO 169. SECUESTRO EXTORSIVO","1"
"09/02/2026","19","CAUCA","19001","POPAYAN","ARTICULO 168. SECUESTRO SIMPLE","1"
"08/02/2026","76","VALLE DEL CAUCA","76403","LA VICTORIA","ARTICULO 169. SECUESTRO EXTORSIVO","1"
"08/02/2026","76","VALLE DEL CAUCA","76403","LA VICTORIA","ARTICULO 169. SECUESTRO EXTORSIVO","1"
"08/02/2026","76","VALLE DEL CAUCA","76403","LA VICTORIA","ARTICULO 169. SECUESTRO EXTORSIVO","1"
"07/02/2026","11","BOGOTA D.C.","11001","BOGOTA D.C.","ARTICULO 169. SECUESTRO EXTORSIVO","1"
"07/02/2026","11","BOGOTA D.C.","11001","BOGOTA D.C.","ARTICULO 169. SECUESTRO EXTORSIVO","1"
"07/02/2026","11","BOGOTA D.C.","11001","BOGOTA D.C.","ARTICULO 169. SECUESTRO EXTORSIVO","1"
"06/02/2026","05","ANTIOQUIA","05001","MEDELLIN","ARTICULO 168. SECUESTRO SIMPLE","1"
"06/02/2026","54","NORTE DE SANTANDER","54001","CUCUTA","ARTICULO 169. SECUESTRO EXTORSIVO","1"
"05/02/2026","41","HUILA","41872","VILLAVIEJA","ARTICULO 168. SECUESTRO SIMPLE","1"
"04/02/2026","76","VALLE DEL CAUCA","76001","CALI","ARTICULO 169. SECUESTRO EXTORSIVO","1"
"03/02/2026","52","NARIÑO","52240","CHACHAGÜI","ARTICULO 169. SECUESTRO EXTORSIVO","1"
"31/01/2026","54","NORTE DE SANTANDER","54498","OCAÑA","ARTICULO 169. SECUESTRO EXTORSIVO","1"
"30/01/2026","05","ANTIOQUIA","05266","ENVIGADO","ARTICULO 169. SECUESTRO EXTORSIVO","1"
"29/01/2026","54","NORTE DE SANTANDER","54001","CUCUTA","ARTICULO 169. SECUESTRO EXTORSIVO","1"
"28/01/2026","73","TOLIMA","73001","IBAGUE","ARTICULO 169. SECUESTRO EXTORSIVO","1"
"28/01/2026","73","TOLIMA","73001","IBAGUE","ARTICULO 169. SECUESTRO EXTORSIVO","1"
"28/01/2026","73","TOLIMA","73001","IBAGUE","ARTICULO 169. SECUESTRO EXTORSIVO","1"
"24/01/2026","76","VALLE DEL CAUCA","76275","FLORIDA","ARTICULO 168. SECUESTRO SIMPLE","1"
"24/01/2026","44","LA GUAJIRA","44430","MAICAO","ARTICULO 168. SECUESTRO SIMPLE","1"
"23/01/2026","54","NORTE DE SANTANDER","54670","SAN CALIXTO","ARTICULO 168. SECUESTRO SIMPLE","1"
"23/01/2026","54","NORTE DE SANTANDER","54670","SAN CALIXTO","ARTICULO 168. SECUESTRO SIMPLE","1"
"23/01/2026","19","CAUCA","19780","SUAREZ","ARTICULO 168. SECUESTRO SIMPLE","1"
"23/01/2026","05","ANTIOQUIA","05088","BELLO","ARTICULO 169. SECUESTRO EXTORSIVO","1"
"23/01/2026","41","HUILA","41357","IQUIRA","ARTICULO 169. SECUESTRO EXTORSIVO","1"
"23/01/2026","41","HUILA","41357","IQUIRA","ARTICULO 169. SECUESTRO EXTORSIVO","1"
"22/01/2026","05","ANTIOQUIA","05001","MEDELLIN","ARTICULO 169. SECUESTRO EXTORSIVO","1"
"21/01/2026","05","ANTIOQUIA","05579","PUERTO BERRIO","ARTICULO 168. SECUESTRO SIMPLE","1"
"21/01/2026","85","CASANARE","85250","PAZ DE ARIPORO","ARTICULO 169. SECUESTRO EXTORSIVO","1"
"18/01/2026","52","NARIÑO","52835","SAN ANDRES DE TUMACO","ARTICULO 169. SECUESTRO EXTORSIVO","1"
"17/01/2026","11","BOGOTA D.C.","11001","BOGOTA D.C.","ARTICULO 169. SECUESTRO EXTORSIVO","1"
"17/01/2026","54","NORTE DE SANTANDER","54405","LOS PATIOS","ARTICULO 168. SECUESTRO SIMPLE","1"
"17/01/2026","11","BOGOTA D.C.","11001","BOGOTA D.C.","ARTICULO 169. SECUESTRO EXTORSIVO","1"
"17/01/2026","11","BOGOTA D.C.","11001","BOGOTA D.C.","ARTICULO 169. SECUESTRO EXTORSIVO","1"
"16/01/2026","54","NORTE DE SANTANDER","54810","TIBU","ARTICULO 168. SECUESTRO SIMPLE","1"
"15/01/2026","76","VALLE DEL CAUCA","76364","JAMUNDI","ARTICULO 169. SECUESTRO EXTORSIVO","2"
"15/01/2026","54","NORTE DE SANTANDER","54820","TOLEDO","ARTICULO 168. SECUESTRO SIMPLE","1"
"15/01/2026","76","VALLE DEL CAUCA","76364","JAMUNDI","ARTICULO 169. SECUESTRO EXTORSIVO","1"
"12/01/2026","81","ARAUCA","81794","TAME","ARTICULO 168. SECUESTRO SIMPLE","1"
"12/01/2026","81","ARAUCA","81794","TAME","ARTICULO 168. SECUESTRO SIMPLE","1"
"11/01/2026","08","ATLANTICO","08372","JUAN DE ACOSTA","ARTICULO 169. SECUESTRO EXTORSIVO","1"
"11/01/2026","08","ATLANTICO","08372","JUAN DE ACOSTA","ARTICULO 169. SECUESTRO EXTORSIVO","1"
"11/01/2026","08","ATLANTICO","08372","JUAN DE ACOSTA","ARTICULO 169. SECUESTRO EXTORSIVO","1"
"09/01/2026","81","ARAUCA","81794","TAME","ARTICULO 168. SECUESTRO SIMPLE","1"
"09/01/2026","81","ARAUCA","81794","TAME","ARTICULO 168. SECUESTRO SIMPLE","1"
"07/01/2026","18","CAQUETA","18410","LA MONTAÑITA","ARTICULO 169. SECUESTRO EXTORSIVO","1"
"06/01/2026","54","NORTE DE SANTANDER","54261","EL ZULIA","ARTICULO 169. SECUESTRO EXTORSIVO","1"
"06/01/2026","54","NORTE DE SANTANDER","54261","EL ZULIA","ARTICULO 169. SECUESTRO EXTORSIVO","1"
"06/01/2026","54","NORTE DE SANTANDER","54261","EL ZULIA","ARTICULO 169. SECUESTRO EXTORSIVO","1"
"06/01/2026","54","NORTE DE SANTANDER","54261","EL ZULIA","ARTICULO 169. SECUESTRO EXTORSIVO","1"
"06/01/2026","54","NORTE DE SANTANDER","54261","EL ZULIA","ARTICULO 169. SECUESTRO EXTORSIVO","1"
"27/12/2025","76","VALLE DEL CAUCA","76364","JAMUNDI","ARTICULO 169. SECUESTRO EXTORSIVO","1"
"22/12/2025","05","ANTIOQUIA","05040","ANORI","ARTICULO 168. SECUESTRO SIMPLE","1"
"22/12/2025","05","ANTIOQUIA","05040","ANORI","ARTICULO 168. SECUESTRO SIMPLE","1"
"22/12/2025","54","NORTE DE SANTANDER","54498","OCAÑA","ARTICULO 168. SECUESTRO SIMPLE","1"
"22/12/2025","11","BOGOTA D.C.","11001","BOGOTA D.C.","ARTICULO 169. SECUESTRO EXTORSIVO","1"
"21/12/2025","27","CHOCO","27245","EL CARMEN DE ATRATO","ARTICULO 168. SECUESTRO SIMPLE","4"
"21/12/2025","27","CHOCO","27245","EL CARMEN DE ATRATO","ARTICULO 168. SECUESTRO SIMPLE","3"
"21/12/2025","27","CHOCO","27245","EL CARMEN DE ATRATO","ARTICULO 168. SECUESTRO SIMPLE","2"
"21/12/2025","27","CHOCO","27245","EL CARMEN DE ATRATO","ARTICULO 168. SECUESTRO SIMPLE","2"
"21/12/2025","27","CHOCO","27245","EL CARMEN DE ATRATO","ARTICULO 168. SECUESTRO SIMPLE","2"
"21/12/2025","27","CHOCO","27245","EL CARMEN DE ATRATO","ARTICULO 168. SECUESTRO SIMPLE","1"
"21/12/2025","27","CHOCO","27245","EL CARMEN DE ATRATO","ARTICULO 168. SECUESTRO SIMPLE","1"
"21/12/2025","27","CHOCO","27245","EL CARMEN DE ATRATO","ARTICULO 168. SECUESTRO SIMPLE","1"
"21/12/2025","27","CHOCO","27245","EL CARMEN DE ATRATO","ARTICULO 168. SECUESTRO SIMPLE","1"
"21/12/2025","27","CHOCO","27245","EL CARMEN DE ATRATO","ARTICULO 168. SECUESTRO SIMPLE","1"
"20/12/2025","54","NORTE DE SANTANDER","54810","TIBU","ARTICULO 168. SECUESTRO SIMPLE","1"
"20/12/2025","54","NORTE DE SANTANDER","54810","TIBU","ARTICULO 168. SECUESTRO SIMPLE","1"
"20/12/2025","54","NORTE DE SANTANDER","54810","TIBU","ARTICULO 168. SECUESTRO SIMPLE","1"
"19/12/2025","19","CAUCA","19212","CORINTO","ARTICULO 168. SECUESTRO SIMPLE","1"
"18/12/2025","19","CAUCA","19212","CORINTO","ARTICULO 169. SECUESTRO EXTORSIVO","1"
"18/12/2025","19","CAUCA","19212","CORINTO","ARTICULO 169. SECUESTRO EXTORSIVO","1"
"16/12/2025","66","RISARALDA","66170","DOSQUEBRADAS","ARTICULO 168. SECUESTRO SIMPLE","2"
"16/12/2025","66","RISARALDA","66170","DOSQUEBRADAS","ARTICULO 168. SECUESTRO SIMPLE","1"
"16/12/2025","66","RISARALDA","66170","DOSQUEBRADAS","ARTICULO 168. SECUESTRO SIMPLE","1"
"16/12/2025","66","RISARALDA","66170","DOSQUEBRADAS","ARTICULO 168. SECUESTRO SIMPLE","1"
"16/12/2025","41","HUILA","41524","PALERMO","ARTICULO 169. SECUESTRO EXTORSIVO","1"
"16/12/2025","41","HUILA","41524","PALERMO","ARTICULO 169. SECUESTRO EXTORSIVO","1"
"14/12/2025","76","VALLE DEL CAUCA","76834","TULUA","ARTICULO 169. SECUESTRO EXTORSIVO","1"
"12/12/2025","54","NORTE DE SANTANDER","54810","TIBU","ARTICULO 168. SECUESTRO SIMPLE","1"
"10/12/2025","19","CAUCA","19050","ARGELIA","ARTICULO 169. SECUESTRO EXTORSIVO","1"
"09/12/2025","54","NORTE DE SANTANDER","54498","OCAÑA","ARTICULO 168. SECUESTRO SIMPLE","1"
"09/12/2025","27","CHOCO","27205","CONDOTO","ARTICULO 169. SECUESTRO EXTORSIVO","1"
"08/12/2025","19","CAUCA","19821","TORIBIO","ARTICULO 168. SECUESTRO SIMPLE","1"
"07/12/2025","81","ARAUCA","81794","TAME","ARTICULO 168. SECUESTRO SIMPLE","1"
"07/12/2025","81","ARAUCA","81794","TAME","ARTICULO 168. SECUESTRO SIMPLE","1"
"07/12/2025","19","CAUCA","19212","CORINTO","ARTICULO 169. SECUESTRO EXTORSIVO","1"
"07/12/2025","41","HUILA","41551","PITALITO","ARTICULO 169. SECUESTRO EXTORSIVO","1"
"05/12/2025","76","VALLE DEL CAUCA","76001","CALI","ARTICULO 169. SECUESTRO EXTORSIVO","1"
"05/12/2025","44","LA GUAJIRA","44560","MANAURE","ARTICULO 169. SECUESTRO EXTORSIVO","1"
"04/12/2025","52","NARIÑO","52250","EL CHARCO","ARTICULO 168. SECUESTRO SIMPLE","1"
"04/12/2025","19","CAUCA","19743","SILVIA","ARTICULO 169. SECUESTRO EXTORSIVO","1"
"04/12/2025","19","CAUCA","19743","SILVIA","ARTICULO 169. SECUESTRO EXTORSIVO","1"
"04/12/2025","19","CAUCA","19743","SILVIA","ARTICULO 169. SECUESTRO EXTORSIVO","1"
"28/11/2025","52","NARIÑO","52687","SAN LORENZO","ARTICULO 168. SECUESTRO SIMPLE","1"
"28/11/2025","19","CAUCA","19698","SANTANDER DE QUILICHAO","ARTICULO 169. SECUESTRO EXTORSIVO","1"
"28/11/2025","19","CAUCA","19698","SANTANDER DE QUILICHAO","ARTICULO 169. SECUESTRO EXTORSIVO","1"
"27/11/2025","05","ANTIOQUIA","05001","MEDELLIN","ARTICULO 169. SECUESTRO EXTORSIVO","1"
"27/11/2025","05","ANTIOQUIA","05001","MEDELLIN","ARTICULO 169. SECUESTRO EXTORSIVO","1"
"27/11/2025","05","ANTIOQUIA","05001","MEDELLIN","ARTICULO 169. SECUESTRO EXTORSIVO","1"
"26/11/2025","13","BOLIVAR","13430","MAGANGUE","ARTICULO 168. SECUESTRO SIMPLE","1"
"26/11/2025","18","CAQUETA","18479","MORELIA","ARTICULO 168. SECUESTRO SIMPLE","1"
"26/11/2025","18","CAQUETA","18479","MORELIA","ARTICULO 168. SECUESTRO SIMPLE","1"
"26/11/2025","18","CAQUETA","18479","MORELIA","ARTICULO 168. SECUESTRO SIMPLE","1"
"26/11/2025","27","CHOCO","27050","ATRATO","ARTICULO 169. SECUESTRO EXTORSIVO","1"
"26/11/2025","27","CHOCO","27050","ATRATO","ARTICULO 169. SECUESTRO EXTORSIVO","1"
"26/11/2025","19","CAUCA","19698","SANTANDER DE QUILICHAO","ARTICULO 169. SECUESTRO EXTORSIVO","1"
"25/11/2025","44","LA GUAJIRA","44847","URIBIA","ARTICULO 169. SECUESTRO EXTORSIVO","1"
"24/11/2025","76","VALLE DEL CAUCA","76364","JAMUNDI","ARTICULO 168. SECUESTRO SIMPLE","1"
"24/11/2025","76","VALLE DEL CAUCA","76001","CALI","ARTICULO 169. SECUESTRO EXTORSIVO","1"
"24/11/2025","76","VALLE DEL CAUCA","76001","CALI","ARTICULO 169. SECUESTRO EXTORSIVO","1"
"24/11/2025","05","ANTIOQUIA","05001","MEDELLIN","ARTICULO 169. SECUESTRO EXTORSIVO","1"
"23/11/2025","76","VALLE DEL CAUCA","76001","CALI","ARTICULO 169. SECUESTRO EXTORSIVO","1"
"21/11/2025","44","LA GUAJIRA","44847","URIBIA","ARTICULO 169. SECUESTRO EXTORSIVO","1"
"20/11/2025","25","CUNDINAMARCA","25754","SOACHA","ARTICULO 169. SECUESTRO EXTORSIVO","1"
"19/11/2025","19","CAUCA","19698","SANTANDER DE QUILICHAO","ARTICULO 168. SECUESTRO SIMPLE","1"
"19/11/2025","05","ANTIOQUIA","05001","MEDELLIN","ARTICULO 169. SECUESTRO EXTORSIVO","1"
"18/11/2025","19","CAUCA","19130","CAJIBIO","ARTICULO 169. SECUESTRO EXTORSIVO","1"
"18/11/2025","19","CAUCA","19130","CAJIBIO","ARTICULO 169. SECUESTRO EXTORSIVO","1"
"18/11/2025","19","CAUCA","19130","CAJIBIO","ARTICULO 169. SECUESTRO EXTORSIVO","1"
"18/11/2025","19","CAUCA","19130","CAJIBIO","ARTICULO 169. SECUESTRO EXTORSIVO","1"
"18/11/2025","19","CAUCA","19130","CAJIBIO","ARTICULO 169. SECUESTRO EXTORSIVO","1"
"18/11/2025","19","CAUCA","19130","CAJIBIO","ARTICULO 169. SECUESTRO EXTORSIVO","1"
"18/11/2025","19","CAUCA","19130","CAJIBIO","ARTICULO 169. SECUESTRO EXTORSIVO","1"
"16/11/2025","54","NORTE DE SANTANDER","54810","TIBU","ARTICULO 168. SECUESTRO SIMPLE","1"
"16/11/2025","05","ANTIOQUIA","05579","PUERTO BERRIO","ARTICULO 169. SECUESTRO EXTORSIVO","1"
"15/11/2025","19","CAUCA","19698","SANTANDER DE QUILICHAO","ARTICULO 168. SECUESTRO SIMPLE","1"
"15/11/2025","76","VALLE DEL CAUCA","76001","CALI","ARTICULO 169. SECUESTRO EXTORSIVO","1"
"14/11/2025","19","CAUCA","19075","BALBOA","ARTICULO 169. SECUESTRO EXTORSIVO","1"
"11/11/2025","19","CAUCA","19532","PATIA","ARTICULO 168. SECUESTRO SIMPLE","1"
"09/11/2025","81","ARAUCA","81794","TAME","ARTICULO 168. SECUESTRO SIMPLE","2"
"09/11/2025","81","ARAUCA","81794","TAME","ARTICULO 168. SECUESTRO SIMPLE","1"
"09/11/2025","81","ARAUCA","81794","TAME","ARTICULO 168. SECUESTRO SIMPLE","1"
"09/11/2025","81","ARAUCA","81794","TAME","ARTICULO 168. SECUESTRO SIMPLE","1"
"09/11/2025","11","BOGOTA D.C.","11001","BOGOTA D.C.","ARTICULO 169. SECUESTRO EXTORSIVO","1"
"08/11/2025","19","CAUCA","19001","POPAYAN","ARTICULO 169. SECUESTRO EXTORSIVO","1"
"08/11/2025","19","CAUCA","19001","POPAYAN","ARTICULO 169. SECUESTRO EXTORSIVO","1"
"08/11/2025","41","HUILA","41548","PITAL","ARTICULO 169. SECUESTRO EXTORSIVO","1"
"07/11/2025","86","PUTUMAYO","86568","PUERTO ASIS","ARTICULO 169. SECUESTRO EXTORSIVO","1"
"07/11/2025","47","MAGDALENA","47001","SANTA MARTA","ARTICULO 169. SECUESTRO EXTORSIVO","1"
"07/11/2025","47","MAGDALENA","47001","SANTA MARTA","ARTICULO 169. SECUESTRO EXTORSIVO","1"
"06/11/2025","05","ANTIOQUIA","05001","MEDELLIN","ARTICULO 169. SECUESTRO EXTORSIVO","2"
"06/11/2025","05","ANTIOQUIA","05001","MEDELLIN","ARTICULO 169. SECUESTRO EXTORSIVO","1"
"05/11/2025","73","TOLIMA","73001","IBAGUE","ARTICULO 168. SECUESTRO SIMPLE","1"
"03/11/2025","18","CAQUETA","18753","SAN VICENTE DEL CAGUAN","ARTICULO 168. SECUESTRO SIMPLE","1"
"03/11/2025","18","CAQUETA","18753","SAN VICENTE DEL CAGUAN","ARTICULO 168. SECUESTRO SIMPLE","1"
"01/11/2025","19","CAUCA","19455","MIRANDA","ARTICULO 169. SECUESTRO EXTORSIVO","1"
"01/11/2025","54","NORTE DE SANTANDER","54810","TIBU","ARTICULO 169. SECUESTRO EXTORSIVO","1"
"31/10/2025","19","CAUCA","19355","INZA","ARTICULO 169. SECUESTRO EXTORSIVO","1"
"31/10/2025","44","LA GUAJIRA","44430","MAICAO","ARTICULO 169. SECUESTRO EXTORSIVO","1"
"30/10/2025","76","VALLE DEL CAUCA","76001","CALI","ARTICULO 169. SECUESTRO EXTORSIVO","1"
"28/10/2025","19","CAUCA","19698","SANTANDER DE QUILICHAO","ARTICULO 168. SECUESTRO SIMPLE","1"
"28/10/2025","19","CAUCA","19698","SANTANDER DE QUILICHAO","ARTICULO 168. SECUESTRO SIMPLE","1"
"28/10/2025","25","CUNDINAMARCA","25875","VILLETA","ARTICULO 169. SECUESTRO EXTORSIVO","1"
"28/10/2025","25","CUNDINAMARCA","25875","VILLETA","ARTICULO 169. SECUESTRO EXTORSIVO","1"
"20/10/2025","54","NORTE DE SANTANDER","54250","EL TARRA","ARTICULO 168. SECUESTRO SIMPLE","1"
"18/10/2025","54","NORTE DE SANTANDER","54800","TEORAMA","ARTICULO 168. SECUESTRO SIMPLE","1"
"17/10/2025","41","HUILA","41396","LA PLATA","ARTICULO 169. SECUESTRO EXTORSIVO","2"
"17/10/2025","41","HUILA","41396","LA PLATA","ARTICULO 169. SECUESTRO EXTORSIVO","1"
"17/10/2025","41","HUILA","41396","LA PLATA","ARTICULO 169. SECUESTRO EXTORSIVO","1"
"17/10/2025","41","HUILA","41396","LA PLATA","ARTICULO 169. SECUESTRO EXTORSIVO","1"
"17/10/2025","41","HUILA","41396","LA PLATA","ARTICULO 169. SECUESTRO EXTORSIVO","1"
"17/10/2025","41","HUILA","41396","LA PLATA","ARTICULO 169. SECUESTRO EXTORSIVO","1"
"17/10/2025","41","HUILA","41396","LA PLATA","ARTICULO 169. SECUESTRO EXTORSIVO","1"
"17/10/2025","41","HUILA","41396","LA PLATA","ARTICULO 169. SECUESTRO EXTORSIVO","1"
"17/10/2025","54","NORTE DE SANTANDER","54498","OCAÑA","ARTICULO 169. SECUESTRO EXTORSIVO","1"
"16/10/2025","44","LA GUAJIRA","44001","RIOHACHA","ARTICULO 168. SECUESTRO SIMPLE","1"
"15/10/2025","76","VALLE DEL CAUCA","76001","CALI","ARTICULO 169. SECUESTRO EXTORSIVO","1"
"13/10/2025","20","CESAR","20614","RIO DE ORO","ARTICULO 169. SECUESTRO EXTORSIVO","1"
"13/10/2025","20","CESAR","20614","RIO DE ORO","ARTICULO 169. SECUESTRO EXTORSIVO","1"
"13/10/2025","19","CAUCA","19001","POPAYAN","ARTICULO 169. SECUESTRO EXTORSIVO","1"
"12/10/2025","54","NORTE DE SANTANDER","54003","ABREGO","ARTICULO 169. SECUESTRO EXTORSIVO","1"
"12/10/2025","11","BOGOTA D.C.","11001","BOGOTA D.C.","ARTICULO 169. SECUESTRO EXTORSIVO","1"
"11/10/2025","54","NORTE DE SANTANDER","54670","SAN CALIXTO","ARTICULO 168. SECUESTRO SIMPLE","1"
"11/10/2025","54","NORTE DE SANTANDER","54810","TIBU","ARTICULO 168. SECUESTRO SIMPLE","1"
"11/10/2025","11","BOGOTA D.C.","11001","BOGOTA D.C.","ARTICULO 169. SECUESTRO EXTORSIVO","1"
"10/10/2025","76","VALLE DEL CAUCA","76520","PALMIRA","ARTICULO 168. SECUESTRO SIMPLE","1"
"10/10/2025","05","ANTIOQUIA","05001","MEDELLIN","ARTICULO 169. SECUESTRO EXTORSIVO","1"
"09/10/2025","19","CAUCA","19212","CORINTO","ARTICULO 169. SECUESTRO EXTORSIVO","1"
"09/10/2025","19","CAUCA","19212","CORINTO","ARTICULO 169. SECUESTRO EXTORSIVO","1"
"08/10/2025","76","VALLE DEL CAUCA","76364","JAMUNDI","ARTICULO 168. SECUESTRO SIMPLE","1"
"08/10/2025","54","NORTE DE SANTANDER","54720","SARDINATA","ARTICULO 169. SECUESTRO EXTORSIVO","1"
"06/10/2025","19","CAUCA","19780","SUAREZ","ARTICULO 168. SECUESTRO SIMPLE","1"
"05/10/2025","05","ANTIOQUIA","05001","MEDELLIN","ARTICULO 169. SECUESTRO EXTORSIVO","1"
"01/10/2025","54","NORTE DE SANTANDER","54206","CONVENCION","ARTICULO 168. SECUESTRO SIMPLE","1"
"01/10/2025","05","ANTIOQUIA","05001","MEDELLIN","ARTICULO 169. SECUESTRO EXTORSIVO","1"
"28/09/2025","54","NORTE DE SANTANDER","54810","TIBU","ARTICULO 168. SECUESTRO SIMPLE","1"
"28/09/2025","50","META","50313","GRANADA","ARTICULO 169. SECUESTRO EXTORSIVO","1"
"27/09/2025","63","QUINDIO","63001","ARMENIA","ARTICULO 168. SECUESTRO SIMPLE","1"
"27/09/2025","50","META","50001","VILLAVICENCIO","ARTICULO 169. SECUESTRO EXTORSIVO","1"
"26/09/2025","05","ANTIOQUIA","05347","HELICONIA","ARTICULO 169. SECUESTRO EXTORSIVO","1"
"26/09/2025","05","ANTIOQUIA","05347","HELICONIA","ARTICULO 169. SECUESTRO EXTORSIVO","1"
"25/09/2025","44","LA GUAJIRA","44847","URIBIA","ARTICULO 169. SECUESTRO EXTORSIVO","1"
"25/09/2025","44","LA GUAJIRA","44847","URIBIA","ARTICULO 169. SECUESTRO EXTORSIVO","1"
"24/09/2025","81","ARAUCA","81065","ARAUQUITA","ARTICULO 168. SECUESTRO SIMPLE","1"
"24/09/2025","86","PUTUMAYO","86573","PUERTO LEGUIZAMO","ARTICULO 169. SECUESTRO EXTORSIVO","1"
"23/09/2025","85","CASANARE","85263","PORE","ARTICULO 169. SECUESTRO EXTORSIVO","1"
"22/09/2025","76","VALLE DEL CAUCA","76109","BUENAVENTURA","ARTICULO 169. SECUESTRO EXTORSIVO","1"
"22/09/2025","76","VALLE DEL CAUCA","76109","BUENAVENTURA","ARTICULO 169. SECUESTRO EXTORSIVO","1"
"20/09/2025","19","CAUCA","19355","INZA","ARTICULO 168. SECUESTRO SIMPLE","1"
"20/09/2025","19","CAUCA","19001","POPAYAN","ARTICULO 169. SECUESTRO EXTORSIVO","1"
"20/09/2025","19","CAUCA","19001","POPAYAN","ARTICULO 169. SECUESTRO EXTORSIVO","1"
"19/09/2025","19","CAUCA","19473","MORALES","ARTICULO 168. SECUESTRO SIMPLE","1"
"19/09/2025","25","CUNDINAMARCA","25592","QUEBRADANEGRA","ARTICULO 169. SECUESTRO EXTORSIVO","1"
"19/09/2025","25","CUNDINAMARCA","25592","QUEBRADANEGRA","ARTICULO 169. SECUESTRO EXTORSIVO","1"
"18/09/2025","27","CHOCO","27075","BAHIA SOLANO","ARTICULO 168. SECUESTRO SIMPLE","1"
"17/09/2025","05","ANTIOQUIA","05736","SEGOVIA","ARTICULO 169. SECUESTRO EXTORSIVO","1"
"17/09/2025","05","ANTIOQUIA","05736","SEGOVIA","ARTICULO 169. SECUESTRO EXTORSIVO","1"
"17/09/2025","25","CUNDINAMARCA","25754","SOACHA","ARTICULO 169. SECUESTRO EXTORSIVO","1"
"16/09/2025","19","CAUCA","19142","CALOTO","ARTICULO 169. SECUESTRO EXTORSIVO","1"
"15/09/2025","19","CAUCA","19142","CALOTO","ARTICULO 168. SECUESTRO SIMPLE","1"
"15/09/2025","05","ANTIOQUIA","05001","MEDELLIN","ARTICULO 169. SECUESTRO EXTORSIVO","1"
"13/09/2025","50","META","50313","GRANADA","ARTICULO 169. SECUESTRO EXTORSIVO","1"
"12/09/2025","41","HUILA","41006","ACEVEDO","ARTICULO 169. SECUESTRO EXTORSIVO","1"
"12/09/2025","41","HUILA","41006","ACEVEDO","ARTICULO 169. SECUESTRO EXTORSIVO","1"
"12/09/2025","18","CAQUETA","18860","VALPARAISO","ARTICULO 169. SECUESTRO EXTORSIVO","1"
"09/09/2025","54","NORTE DE SANTANDER","54670","SAN CALIXTO","ARTICULO 168. SECUESTRO SIMPLE","1"
"09/09/2025","54","NORTE DE SANTANDER","54518","PAMPLONA","ARTICULO 169. SECUESTRO EXTORSIVO","1"
"07/09/2025","19","CAUCA","19256","EL TAMBO","ARTICULO 169. SECUESTRO EXTORSIVO","1"
"07/09/2025","19","CAUCA","19256","EL TAMBO","ARTICULO 169. SECUESTRO EXTORSIVO","28"
"07/09/2025","19","CAUCA","19256","EL TAMBO","ARTICULO 169. SECUESTRO EXTORSIVO","14"
"07/09/2025","19","CAUCA","19256","EL TAMBO","ARTICULO 169. SECUESTRO EXTORSIVO","12"
"07/09/2025","19","CAUCA","19256","EL TAMBO","ARTICULO 169. SECUESTRO EXTORSIVO","3"
"07/09/2025","19","CAUCA","19256","EL TAMBO","ARTICULO 169. SECUESTRO EXTORSIVO","2"
"07/09/2025","19","CAUCA","19256","EL TAMBO","ARTICULO 169. SECUESTRO EXTORSIVO","2"
"07/09/2025","19","CAUCA","19256","EL TAMBO","ARTICULO 169. SECUESTRO EXTORSIVO","1"
"07/09/2025","19","CAUCA","19256","EL TAMBO","ARTICULO 169. SECUESTRO EXTORSIVO","1"
"07/09/2025","19","CAUCA","19256","EL TAMBO","ARTICULO 169. SECUESTRO EXTORSIVO","1"
"07/09/2025","19","CAUCA","19256","EL TAMBO","ARTICULO 169. SECUESTRO EXTORSIVO","1"
"07/09/2025","19","CAUCA","19256","EL TAMBO","ARTICULO 169. SECUESTRO EXTORSIVO","1"
"07/09/2025","19","CAUCA","19256","EL TAMBO","ARTICULO 169. SECUESTRO EXTORSIVO","1"
"07/09/2025","19","CAUCA","19256","EL TAMBO","ARTICULO 169. SECUESTRO EXTORSIVO","1"
"07/09/2025","19","CAUCA","19256","EL TAMBO","ARTICULO 169. SECUESTRO EXTORSIVO","1"
"07/09/2025","19","CAUCA","19256","EL TAMBO","ARTICULO 169. SECUESTRO EXTORSIVO","1"
"07/09/2025","19","CAUCA","19256","EL TAMBO","ARTICULO 169. SECUESTRO EXTORSIVO","1"
"07/09/2025","19","CAUCA","19256","EL TAMBO","ARTICULO 169. SECUESTRO EXTORSIVO","1"
"07/09/2025","19","CAUCA","19256","EL TAMBO","ARTICULO 169. SECUESTRO EXTORSIVO","1"
"07/09/2025","19","CAUCA","19256","EL TAMBO","ARTICULO 169. SECUESTRO EXTORSIVO","1"
"07/09/2025","19","CAUCA","19001","POPAYAN","ARTICULO 169. SECUESTRO EXTORSIVO","1"
"07/09/2025","19","CAUCA","19001","POPAYAN","ARTICULO 169. SECUESTRO EXTORSIVO","1"
"04/09/2025","54","NORTE DE SANTANDER","54250","EL TARRA","ARTICULO 168. SECUESTRO SIMPLE","1"
"04/09/2025","68","SANTANDER","68001","BUCARAMANGA","ARTICULO 169. SECUESTRO EXTORSIVO","1"
"03/09/2025","19","CAUCA","19212","CORINTO","ARTICULO 169. SECUESTRO EXTORSIVO","1"
"02/09/2025","05","ANTIOQUIA","05001","MEDELLIN","ARTICULO 168. SECUESTRO SIMPLE","1"
"02/09/2025","19","CAUCA","19455","MIRANDA","ARTICULO 169. SECUESTRO EXTORSIVO","1"
"02/09/2025","54","NORTE DE SANTANDER","54720","SARDINATA","ARTICULO 169. SECUESTRO EXTORSIVO","1"
"01/09/2025","54","NORTE DE SANTANDER","54810","TIBU","ARTICULO 168. SECUESTRO SIMPLE","1"
"01/09/2025","19","CAUCA","19807","TIMBIO","ARTICULO 169. SECUESTRO EXTORSIVO","1"
"01/09/2025","19","CAUCA","19807","TIMBIO","ARTICULO 169. SECUESTRO EXTORSIVO","1"
"01/09/2025","19","CAUCA","19807","TIMBIO","ARTICULO 169. SECUESTRO EXTORSIVO","1"
"01/09/2025","19","CAUCA","19807","TIMBIO","ARTICULO 169. SECUESTRO EXTORSIVO","1"
"31/08/2025","05","ANTIOQUIA","05001","MEDELLIN","ARTICULO 169. SECUESTRO EXTORSIVO","1"
"31/08/2025","05","ANTIOQUIA","05001","MEDELLIN","ARTICULO 169. SECUESTRO EXTORSIVO","1"
"28/08/2025","52","NARIÑO","52233","CUMBITARA","ARTICULO 168. SECUESTRO SIMPLE","2"
"28/08/2025","52","NARIÑO","52356","IPIALES","ARTICULO 168. SECUESTRO SIMPLE","1"
"28/08/2025","27","CHOCO","27205","CONDOTO","ARTICULO 169. SECUESTRO EXTORSIVO","1"
"27/08/2025","19","CAUCA","19075","BALBOA","ARTICULO 169. SECUESTRO EXTORSIVO","1"
"27/08/2025","19","CAUCA","19807","TIMBIO","ARTICULO 169. SECUESTRO EXTORSIVO","1"
"24/08/2025","95","GUAVIARE","95025","EL RETORNO","ARTICULO 168. SECUESTRO SIMPLE","14"
"24/08/2025","95","GUAVIARE","95025","EL RETORNO","ARTICULO 168. SECUESTRO SIMPLE","5"
"24/08/2025","95","GUAVIARE","95025","EL RETORNO","ARTICULO 168. SECUESTRO SIMPLE","4"
"24/08/2025","95","GUAVIARE","95025","EL RETORNO","ARTICULO 168. SECUESTRO SIMPLE","3"
"24/08/2025","95","GUAVIARE","95025","EL RETORNO","ARTICULO 168. SECUESTRO SIMPLE","1"
"24/08/2025","95","GUAVIARE","95025","EL RETORNO","ARTICULO 168. SECUESTRO SIMPLE","1"
"24/08/2025","95","GUAVIARE","95025","EL RETORNO","ARTICULO 168. SECUESTRO SIMPLE","1"
"24/08/2025","95","GUAVIARE","95025","EL RETORNO","ARTICULO 168. SECUESTRO SIMPLE","1"
"24/08/2025","95","GUAVIARE","95025","EL RETORNO","ARTICULO 168. SECUESTRO SIMPLE","1"
"24/08/2025","95","GUAVIARE","95025","EL RETORNO","ARTICULO 168. SECUESTRO SIMPLE","1"
"24/08/2025","95","GUAVIARE","95025","EL RETORNO","ARTICULO 168. SECUESTRO SIMPLE","1"
"24/08/2025","52","NARIÑO","52001","PASTO","ARTICULO 169. SECUESTRO EXTORSIVO","1"
"23/08/2025","52","NARIÑO","52356","IPIALES","ARTICULO 169. SECUESTRO EXTORSIVO","1"
"23/08/2025","44","LA GUAJIRA","44847","URIBIA","ARTICULO 169. SECUESTRO EXTORSIVO","1"
"22/08/2025","86","PUTUMAYO","86320","ORITO","ARTICULO 169. SECUESTRO EXTORSIVO","1"
"20/08/2025","20","CESAR","20614","RIO DE ORO","ARTICULO 169. SECUESTRO EXTORSIVO","1"
"20/08/2025","05","ANTIOQUIA","05088","BELLO","ARTICULO 168. SECUESTRO SIMPLE","1"
"19/08/2025","11","BOGOTA D.C.","11001","BOGOTA D.C.","ARTICULO 169. SECUESTRO EXTORSIVO","2"
"19/08/2025","11","BOGOTA D.C.","11001","BOGOTA D.C.","ARTICULO 169. SECUESTRO EXTORSIVO","2"
"19/08/2025","52","NARIÑO","52079","BARBACOAS","ARTICULO 168. SECUESTRO SIMPLE","1"
"19/08/2025","11","BOGOTA D.C.","11001","BOGOTA D.C.","ARTICULO 169. SECUESTRO EXTORSIVO","1"
"19/08/2025","11","BOGOTA D.C.","11001","BOGOTA D.C.","ARTICULO 169. SECUESTRO EXTORSIVO","1"
"18/08/2025","81","ARAUCA","81794","TAME","ARTICULO 168. SECUESTRO SIMPLE","1"
"18/08/2025","81","ARAUCA","81794","TAME","ARTICULO 168. SECUESTRO SIMPLE","1"
"18/08/2025","05","ANTIOQUIA","05001","MEDELLIN","ARTICULO 169. SECUESTRO EXTORSIVO","1"
"17/08/2025","05","ANTIOQUIA","05001","MEDELLIN","ARTICULO 169. SECUESTRO EXTORSIVO","1"
"15/08/2025","13","BOLIVAR","13001","CARTAGENA DE INDIAS","ARTICULO 169. SECUESTRO EXTORSIVO","1"
"15/08/2025","13","BOLIVAR","13001","CARTAGENA DE INDIAS","ARTICULO 169. SECUESTRO EXTORSIVO","1"
"15/08/2025","85","CASANARE","85139","MANI","ARTICULO 169. SECUESTRO EXTORSIVO","1"
"15/08/2025","85","CASANARE","85139","MANI","ARTICULO 169. SECUESTRO EXTORSIVO","1"
"14/08/2025","11","BOGOTA D.C.","11001","BOGOTA D.C.","ARTICULO 168. SECUESTRO SIMPLE","1"
"14/08/2025","76","VALLE DEL CAUCA","76736","SEVILLA","ARTICULO 169. SECUESTRO EXTORSIVO","1"
"14/08/2025","76","VALLE DEL CAUCA","76736","SEVILLA","ARTICULO 169. SECUESTRO EXTORSIVO","1"
"14/08/2025","76","VALLE DEL CAUCA","76736","SEVILLA","ARTICULO 169. SECUESTRO EXTORSIVO","1"
"13/08/2025","44","LA GUAJIRA","44847","URIBIA","ARTICULO 168. SECUESTRO SIMPLE","1"
"13/08/2025","13","BOLIVAR","13688","SANTA ROSA DEL SUR","ARTICULO 168. SECUESTRO SIMPLE","1"
"13/08/2025","76","VALLE DEL CAUCA","76275","FLORIDA","ARTICULO 169. SECUESTRO EXTORSIVO","1"
"13/08/2025","50","META","50001","VILLAVICENCIO","ARTICULO 169. SECUESTRO EXTORSIVO","1"
"12/08/2025","25","CUNDINAMARCA","25754","SOACHA","ARTICULO 168. SECUESTRO SIMPLE","1"
"11/08/2025","52","NARIÑO","52540","POLICARPA","ARTICULO 168. SECUESTRO SIMPLE","1"
"10/08/2025","11","BOGOTA D.C.","11001","BOGOTA D.C.","ARTICULO 169. SECUESTRO EXTORSIVO","1"
"08/08/2025","81","ARAUCA","81794","TAME","ARTICULO 168. SECUESTRO SIMPLE","1"
"08/08/2025","81","ARAUCA","81794","TAME","ARTICULO 168. SECUESTRO SIMPLE","1"
"08/08/2025","81","ARAUCA","81794","TAME","ARTICULO 168. SECUESTRO SIMPLE","1"
"08/08/2025","81","ARAUCA","81794","TAME","ARTICULO 168. SECUESTRO SIMPLE","1"
"08/08/2025","25","CUNDINAMARCA","25743","SILVANIA","ARTICULO 169. SECUESTRO EXTORSIVO","1"
"07/08/2025","19","CAUCA","19137","CALDONO","ARTICULO 169. SECUESTRO EXTORSIVO","1"
"06/08/2025","19","CAUCA","19807","TIMBIO","ARTICULO 169. SECUESTRO EXTORSIVO","1"
"04/08/2025","52","NARIÑO","52079","BARBACOAS","ARTICULO 169. SECUESTRO EXTORSIVO","1"
"04/08/2025","19","CAUCA","19110","BUENOS AIRES","ARTICULO 169. SECUESTRO EXTORSIVO","1"
"04/08/2025","52","NARIÑO","52356","IPIALES","ARTICULO 169. SECUESTRO EXTORSIVO","1"
"02/08/2025","05","ANTIOQUIA","05660","SAN LUIS","ARTICULO 169. SECUESTRO EXTORSIVO","1"
"02/08/2025","05","ANTIOQUIA","05660","SAN LUIS","ARTICULO 169. SECUESTRO EXTORSIVO","1"
"02/08/2025","05","ANTIOQUIA","05660","SAN LUIS","ARTICULO 169. SECUESTRO EXTORSIVO","1"
"31/07/2025","11","BOGOTA D.C.","11001","BOGOTA D.C.","ARTICULO 169. SECUESTRO EXTORSIVO","1"
"30/07/2025","76","VALLE DEL CAUCA","76377","LA CUMBRE","ARTICULO 169. SECUESTRO EXTORSIVO","1"
"29/07/2025","05","ANTIOQUIA","05042","SANTA FE DE ANTIOQUIA","ARTICULO 169. SECUESTRO EXTORSIVO","1"
"29/07/2025","05","ANTIOQUIA","05042","SANTA FE DE ANTIOQUIA","ARTICULO 169. SECUESTRO EXTORSIVO","1"
"27/07/2025","52","NARIÑO","52473","MOSQUERA","ARTICULO 168. SECUESTRO SIMPLE","1"
"25/07/2025","52","NARIÑO","52693","SAN PABLO","ARTICULO 168. SECUESTRO SIMPLE","1"
"25/07/2025","05","ANTIOQUIA","05411","LIBORINA","ARTICULO 169. SECUESTRO EXTORSIVO","1"
"24/07/2025","13","BOLIVAR","13688","SANTA ROSA DEL SUR","ARTICULO 168. SECUESTRO SIMPLE","1"
"23/07/2025","19","CAUCA","19130","CAJIBIO","ARTICULO 168. SECUESTRO SIMPLE","1"
"23/07/2025","05","ANTIOQUIA","05001","MEDELLIN","ARTICULO 169. SECUESTRO EXTORSIVO","1"
"23/07/2025","44","LA GUAJIRA","44001","RIOHACHA","ARTICULO 169. SECUESTRO EXTORSIVO","1"
"22/07/2025","52","NARIÑO","52835","SAN ANDRES DE TUMACO","ARTICULO 168. SECUESTRO SIMPLE","1"
"22/07/2025","54","NORTE DE SANTANDER","54001","CUCUTA","ARTICULO 169. SECUESTRO EXTORSIVO","1"
"20/07/2025","81","ARAUCA","81794","TAME","ARTICULO 169. SECUESTRO EXTORSIVO","1"
"20/07/2025","81","ARAUCA","81794","TAME","ARTICULO 169. SECUESTRO EXTORSIVO","1"
"20/07/2025","41","HUILA","41791","TARQUI","ARTICULO 169. SECUESTRO EXTORSIVO","1"
"19/07/2025","76","VALLE DEL CAUCA","76130","CANDELARIA","ARTICULO 168. SECUESTRO SIMPLE","1"
"19/07/2025","76","VALLE DEL CAUCA","76130","CANDELARIA","ARTICULO 168. SECUESTRO SIMPLE","1"
"19/07/2025","05","ANTIOQUIA","05697","EL SANTUARIO","ARTICULO 169. SECUESTRO EXTORSIVO","1"
"19/07/2025","05","ANTIOQUIA","05697","EL SANTUARIO","ARTICULO 169. SECUESTRO EXTORSIVO","1"
"17/07/2025","19","CAUCA","19418","LOPEZ DE MICAY","ARTICULO 169. SECUESTRO EXTORSIVO","2"
"17/07/2025","19","CAUCA","19418","LOPEZ DE MICAY","ARTICULO 169. SECUESTRO EXTORSIVO","2"
"17/07/2025","19","CAUCA","19418","LOPEZ DE MICAY","ARTICULO 169. SECUESTRO EXTORSIVO","1"
"17/07/2025","19","CAUCA","19418","LOPEZ DE MICAY","ARTICULO 169. SECUESTRO EXTORSIVO","1"
"17/07/2025","19","CAUCA","19418","LOPEZ DE MICAY","ARTICULO 169. SECUESTRO EXTORSIVO","1"
"17/07/2025","19","CAUCA","19418","LOPEZ DE MICAY","ARTICULO 169. SECUESTRO EXTORSIVO","1"
"17/07/2025","19","CAUCA","19418","LOPEZ DE MICAY","ARTICULO 169. SECUESTRO EXTORSIVO","1"
"17/07/2025","05","ANTIOQUIA","05001","MEDELLIN","ARTICULO 169. SECUESTRO EXTORSIVO","1"
"15/07/2025","05","ANTIOQUIA","05674","SAN VICENTE FERRER","ARTICULO 169. SECUESTRO EXTORSIVO","1"
"15/07/2025","05","ANTIOQUIA","05674","SAN VICENTE FERRER","ARTICULO 169. SECUESTRO EXTORSIVO","1"
"14/07/2025","05","ANTIOQUIA","05001","MEDELLIN","ARTICULO 169. SECUESTRO EXTORSIVO","1"
"14/07/2025","76","VALLE DEL CAUCA","76834","TULUA","ARTICULO 169. SECUESTRO EXTORSIVO","1"
"13/07/2025","52","NARIÑO","52835","SAN ANDRES DE TUMACO","ARTICULO 168. SECUESTRO SIMPLE","1"
"13/07/2025","05","ANTIOQUIA","05001","MEDELLIN","ARTICULO 169. SECUESTRO EXTORSIVO","1"
"10/07/2025","19","CAUCA","19142","CALOTO","ARTICULO 169. SECUESTRO EXTORSIVO","1"
"09/07/2025","08","ATLANTICO","08433","MALAMBO","ARTICULO 169. SECUESTRO EXTORSIVO","1"
"08/07/2025","54","NORTE DE SANTANDER","54810","TIBU","ARTICULO 168. SECUESTRO SIMPLE","1"
"07/07/2025","54","NORTE DE SANTANDER","54109","BUCARASICA","ARTICULO 169. SECUESTRO EXTORSIVO","1"
"06/07/2025","85","CASANARE","85010","AGUAZUL","ARTICULO 168. SECUESTRO SIMPLE","1"
"06/07/2025","19","CAUCA","19142","CALOTO","ARTICULO 169. SECUESTRO EXTORSIVO","1"
"01/07/2025","11","BOGOTA D.C.","11001","BOGOTA D.C.","ARTICULO 169. SECUESTRO EXTORSIVO","1"
"30/06/2025","20","CESAR","20011","AGUACHICA","ARTICULO 169. SECUESTRO EXTORSIVO","1"
"29/06/2025","52","NARIÑO","52835","SAN ANDRES DE TUMACO","ARTICULO 169. SECUESTRO EXTORSIVO","1"
"27/06/2025","50","META","50001","VILLAVICENCIO","ARTICULO 168. SECUESTRO SIMPLE","3"
"27/06/2025","50","META","50001","VILLAVICENCIO","ARTICULO 168. SECUESTRO SIMPLE","2"
"27/06/2025","50","META","50001","VILLAVICENCIO","ARTICULO 168. SECUESTRO SIMPLE","1"
"27/06/2025","50","META","50001","VILLAVICENCIO","ARTICULO 168. SECUESTRO SIMPLE","1"
"27/06/2025","50","META","50001","VILLAVICENCIO","ARTICULO 168. SECUESTRO SIMPLE","1"
"27/06/2025","50","META","50001","VILLAVICENCIO","ARTICULO 168. SECUESTRO SIMPLE","1"
"27/06/2025","50","META","50001","VILLAVICENCIO","ARTICULO 168. SECUESTRO SIMPLE","1"
"27/06/2025","50","META","50001","VILLAVICENCIO","ARTICULO 168. SECUESTRO SIMPLE","1"
"27/06/2025","50","META","50001","VILLAVICENCIO","ARTICULO 168. SECUESTRO SIMPLE","1"
"27/06/2025","50","META","50001","VILLAVICENCIO","ARTICULO 168. SECUESTRO SIMPLE","1"
"27/06/2025","50","META","50001","VILLAVICENCIO","ARTICULO 168. SECUESTRO SIMPLE","1"
"27/06/2025","50","META","50001","VILLAVICENCIO","ARTICULO 168. SECUESTRO SIMPLE","1"
"27/06/2025","50","META","50001","VILLAVICENCIO","ARTICULO 168. SECUESTRO SIMPLE","1"
"27/06/2025","50","META","50001","VILLAVICENCIO","ARTICULO 168. SECUESTRO SIMPLE","1"
"24/06/2025","85","CASANARE","85001","YOPAL","ARTICULO 169. SECUESTRO EXTORSIVO","1"
"24/06/2025","85","CASANARE","85001","YOPAL","ARTICULO 169. SECUESTRO EXTORSIVO","1"
"22/06/2025","54","NORTE DE SANTANDER","54405","LOS PATIOS","ARTICULO 168. SECUESTRO SIMPLE","1"
"21/06/2025","19","CAUCA","19050","ARGELIA","ARTICULO 169. SECUESTRO EXTORSIVO","21"
"21/06/2025","19","CAUCA","19050","ARGELIA","ARTICULO 169. SECUESTRO EXTORSIVO","8"
"21/06/2025","19","CAUCA","19050","ARGELIA","ARTICULO 169. SECUESTRO EXTORSIVO","5"
"21/06/2025","19","CAUCA","19050","ARGELIA","ARTICULO 169. SECUESTRO EXTORSIVO","4"
"21/06/2025","19","CAUCA","19050","ARGELIA","ARTICULO 169. SECUESTRO EXTORSIVO","3"
"21/06/2025","19","CAUCA","19050","ARGELIA","ARTICULO 169. SECUESTRO EXTORSIVO","2"
"21/06/2025","19","CAUCA","19050","ARGELIA","ARTICULO 169. SECUESTRO EXTORSIVO","2"
"21/06/2025","19","CAUCA","19050","ARGELIA","ARTICULO 169. SECUESTRO EXTORSIVO","2"
"21/06/2025","19","CAUCA","19050","ARGELIA","ARTICULO 169. SECUESTRO EXTORSIVO","2"
"21/06/2025","19","CAUCA","19050","ARGELIA","ARTICULO 169. SECUESTRO EXTORSIVO","2"
"21/06/2025","19","CAUCA","19050","ARGELIA","ARTICULO 169. SECUESTRO EXTORSIVO","1"
"21/06/2025","19","CAUCA","19050","ARGELIA","ARTICULO 169. SECUESTRO EXTORSIVO","1"
"21/06/2025","19","CAUCA","19050","ARGELIA","ARTICULO 169. SECUESTRO EXTORSIVO","1"
"21/06/2025","19","CAUCA","19050","ARGELIA","ARTICULO 169. SECUESTRO EXTORSIVO","1"
"21/06/2025","19","CAUCA","19050","ARGELIA","ARTICULO 169. SECUESTRO EXTORSIVO","1"
"21/06/2025","19","CAUCA","19050","ARGELIA","ARTICULO 169. SECUESTRO EXTORSIVO","1"
"21/06/2025","05","ANTIOQUIA","05001","MEDELLIN","ARTICULO 169. SECUESTRO EXTORSIVO","1"
"19/06/2025","54","NORTE DE SANTANDER","54810","TIBU","ARTICULO 168. SECUESTRO SIMPLE","1"
"19/06/2025","05","ANTIOQUIA","05101","CIUDAD BOLIVAR","ARTICULO 169. SECUESTRO EXTORSIVO","1"
"17/06/2025","25","CUNDINAMARCA","25878","VIOTA","ARTICULO 169. SECUESTRO EXTORSIVO","1"
"12/06/2025","19","CAUCA","19450","MERCADERES","ARTICULO 169. SECUESTRO EXTORSIVO","1"
"12/06/2025","19","CAUCA","19450","MERCADERES","ARTICULO 169. SECUESTRO EXTORSIVO","1"
"12/06/2025","19","CAUCA","19450","MERCADERES","ARTICULO 169. SECUESTRO EXTORSIVO","1"
"12/06/2025","19","CAUCA","19450","MERCADERES","ARTICULO 169. SECUESTRO EXTORSIVO","1"
"12/06/2025","19","CAUCA","19450","MERCADERES","ARTICULO 169. SECUESTRO EXTORSIVO","1"
"12/06/2025","19","CAUCA","19450","MERCADERES","ARTICULO 169. SECUESTRO EXTORSIVO","1"
"12/06/2025","19","CAUCA","19450","MERCADERES","ARTICULO 169. SECUESTRO EXTORSIVO","1"
"12/06/2025","19","CAUCA","19450","MERCADERES","ARTICULO 169. SECUESTRO EXTORSIVO","1"
"12/06/2025","19","CAUCA","19450","MERCADERES","ARTICULO 169. SECUESTRO EXTORSIVO","1"
"11/06/2025","76","VALLE DEL CAUCA","76001","CALI","ARTICULO 169. SECUESTRO EXTORSIVO","1"
"11/06/2025","76","VALLE DEL CAUCA","76001","CALI","ARTICULO 169. SECUESTRO EXTORSIVO","1"
"11/06/2025","76","VALLE DEL CAUCA","76001","CALI","ARTICULO 169. SECUESTRO EXTORSIVO","1"
"09/06/2025","52","NARIÑO","52079","BARBACOAS","ARTICULO 169. SECUESTRO EXTORSIVO","1"
"07/06/2025","05","ANTIOQUIA","05631","SABANETA","ARTICULO 168. SECUESTRO SIMPLE","1"
"07/06/2025","81","ARAUCA","81001","ARAUCA","ARTICULO 169. SECUESTRO EXTORSIVO","1"
"07/06/2025","81","ARAUCA","81001","ARAUCA","ARTICULO 169. SECUESTRO EXTORSIVO","1"
"04/06/2025","19","CAUCA","19355","INZA","ARTICULO 169. SECUESTRO EXTORSIVO","1"
"03/06/2025","54","NORTE DE SANTANDER","54810","TIBU","ARTICULO 169. SECUESTRO EXTORSIVO","1"
"03/06/2025","54","NORTE DE SANTANDER","54810","TIBU","ARTICULO 169. SECUESTRO EXTORSIVO","1"
"03/06/2025","54","NORTE DE SANTANDER","54810","TIBU","ARTICULO 169. SECUESTRO EXTORSIVO","1"
"03/06/2025","54","NORTE DE SANTANDER","54810","TIBU","ARTICULO 169. SECUESTRO EXTORSIVO","1"
"03/06/2025","13","BOLIVAR","13473","MORALES","ARTICULO 168. SECUESTRO SIMPLE","1"
"03/06/2025","76","VALLE DEL CAUCA","76001","CALI","ARTICULO 169. SECUESTRO EXTORSIVO","1"
"03/06/2025","13","BOLIVAR","13473","MORALES","ARTICULO 168. SECUESTRO SIMPLE","1"
"01/06/2025","76","VALLE DEL CAUCA","76109","BUENAVENTURA","ARTICULO 168. SECUESTRO SIMPLE","1"
"31/05/2025","52","NARIÑO","52490","OLAYA HERRERA","ARTICULO 169. SECUESTRO EXTORSIVO","1"
"28/05/2025","11","BOGOTA D.C.","11001","BOGOTA D.C.","ARTICULO 169. SECUESTRO EXTORSIVO","1"
"28/05/2025","05","ANTIOQUIA","05001","MEDELLIN","ARTICULO 169. SECUESTRO EXTORSIVO","1"
"28/05/2025","25","CUNDINAMARCA","25899","ZIPAQUIRA","ARTICULO 169. SECUESTRO EXTORSIVO","1"
"28/05/2025","25","CUNDINAMARCA","25899","ZIPAQUIRA","ARTICULO 169. SECUESTRO EXTORSIVO","1"
"26/05/2025","50","META","50330","MESETAS","ARTICULO 169. SECUESTRO EXTORSIVO","1"
"26/05/2025","50","META","50330","MESETAS","ARTICULO 169. SECUESTRO EXTORSIVO","1"
"25/05/2025","05","ANTIOQUIA","05686","SANTA ROSA DE OSOS","ARTICULO 168. SECUESTRO SIMPLE","1"
"23/05/2025","25","CUNDINAMARCA","25743","SILVANIA","ARTICULO 168. SECUESTRO SIMPLE","1"
"23/05/2025","19","CAUCA","19807","TIMBIO","ARTICULO 168. SECUESTRO SIMPLE","1"
"23/05/2025","19","CAUCA","19807","TIMBIO","ARTICULO 168. SECUESTRO SIMPLE","1"
"23/05/2025","11","BOGOTA D.C.","11001","BOGOTA D.C.","ARTICULO 169. SECUESTRO EXTORSIVO","1"
"22/05/2025","13","BOLIVAR","13688","SANTA ROSA DEL SUR","ARTICULO 168. SECUESTRO SIMPLE","1"
"22/05/2025","13","BOLIVAR","13688","SANTA ROSA DEL SUR","ARTICULO 169. SECUESTRO EXTORSIVO","1"
"21/05/2025","19","CAUCA","19698","SANTANDER DE QUILICHAO","ARTICULO 169. SECUESTRO EXTORSIVO","1"
"20/05/2025","08","ATLANTICO","08001","BARRANQUILLA","ARTICULO 169. SECUESTRO EXTORSIVO","1"
"20/05/2025","08","ATLANTICO","08001","BARRANQUILLA","ARTICULO 169. SECUESTRO EXTORSIVO","1"
"16/05/2025","81","ARAUCA","81065","ARAUQUITA","ARTICULO 169. SECUESTRO EXTORSIVO","1"
"15/05/2025","20","CESAR","20011","AGUACHICA","ARTICULO 169. SECUESTRO EXTORSIVO","1"
"14/05/2025","11","BOGOTA D.C.","11001","BOGOTA D.C.","ARTICULO 169. SECUESTRO EXTORSIVO","1"
"13/05/2025","11","BOGOTA D.C.","11001","BOGOTA D.C.","ARTICULO 169. SECUESTRO EXTORSIVO","1"
"11/05/2025","19","CAUCA","19212","CORINTO","ARTICULO 169. SECUESTRO EXTORSIVO","1"
"09/05/2025","25","CUNDINAMARCA","25754","SOACHA","ARTICULO 169. SECUESTRO EXTORSIVO","1"
"09/05/2025","25","CUNDINAMARCA","25754","SOACHA","ARTICULO 169. SECUESTRO EXTORSIVO","1"
"09/05/2025","25","CUNDINAMARCA","25754","SOACHA","ARTICULO 169. SECUESTRO EXTORSIVO","1"
"08/05/2025","81","ARAUCA","81300","FORTUL","ARTICULO 168. SECUESTRO SIMPLE","1"
"08/05/2025","81","ARAUCA","81300","FORTUL","ARTICULO 168. SECUESTRO SIMPLE","1"
"08/05/2025","76","VALLE DEL CAUCA","76001","CALI","ARTICULO 169. SECUESTRO EXTORSIVO","1"
"06/05/2025","50","META","50325","MAPIRIPAN","ARTICULO 169. SECUESTRO EXTORSIVO","1"
"06/05/2025","50","META","50325","MAPIRIPAN","ARTICULO 169. SECUESTRO EXTORSIVO","1"
"05/05/2025","73","TOLIMA","73443","SAN SEBASTIAN DE MARIQUITA","ARTICULO 169. SECUESTRO EXTORSIVO","1"
"03/05/2025","11","BOGOTA D.C.","11001","BOGOTA D.C.","ARTICULO 169. SECUESTRO EXTORSIVO","1"
"03/05/2025","76","VALLE DEL CAUCA","76364","JAMUNDI","ARTICULO 169. SECUESTRO EXTORSIVO","1"
"03/05/2025","76","VALLE DEL CAUCA","76364","JAMUNDI","ARTICULO 169. SECUESTRO EXTORSIVO","1"
"02/05/2025","05","ANTIOQUIA","05129","CALDAS","ARTICULO 169. SECUESTRO EXTORSIVO","1"
"01/05/2025","52","NARIÑO","52835","SAN ANDRES DE TUMACO","ARTICULO 169. SECUESTRO EXTORSIVO","2"
"01/05/2025","11","BOGOTA D.C.","11001","BOGOTA D.C.","ARTICULO 168. SECUESTRO SIMPLE","1"
"01/05/2025","81","ARAUCA","81591","PUERTO RONDON","ARTICULO 168. SECUESTRO SIMPLE","1"
"29/04/2025","41","HUILA","41001","NEIVA","ARTICULO 169. SECUESTRO EXTORSIVO","1"
"28/04/2025","50","META","50318","GUAMAL","ARTICULO 169. SECUESTRO EXTORSIVO","1"
"26/04/2025","27","CHOCO","27050","ATRATO","ARTICULO 168. SECUESTRO SIMPLE","1"
"26/04/2025","11","BOGOTA D.C.","11001","BOGOTA D.C.","ARTICULO 169. SECUESTRO EXTORSIVO","1"
"25/04/2025","19","CAUCA","19001","POPAYAN","ARTICULO 169. SECUESTRO EXTORSIVO","1"
"25/04/2025","19","CAUCA","19001","POPAYAN","ARTICULO 169. SECUESTRO EXTORSIVO","1"
"25/04/2025","19","CAUCA","19001","POPAYAN","ARTICULO 169. SECUESTRO EXTORSIVO","1"
"24/04/2025","81","ARAUCA","81794","TAME","ARTICULO 168. SECUESTRO SIMPLE","1"
"24/04/2025","81","ARAUCA","81794","TAME","ARTICULO 168. SECUESTRO SIMPLE","1"
"24/04/2025","81","ARAUCA","81794","TAME","ARTICULO 168. SECUESTRO SIMPLE","1"
"21/04/2025","05","ANTIOQUIA","05001","MEDELLIN","ARTICULO 169. SECUESTRO EXTORSIVO","1"
"16/04/2025","05","ANTIOQUIA","05440","MARINILLA","ARTICULO 169. SECUESTRO EXTORSIVO","1"
"16/04/2025","05","ANTIOQUIA","05440","MARINILLA","ARTICULO 169. SECUESTRO EXTORSIVO","1"
"16/04/2025","05","ANTIOQUIA","05440","MARINILLA","ARTICULO 169. SECUESTRO EXTORSIVO","1"
"16/04/2025","05","ANTIOQUIA","05440","MARINILLA","ARTICULO 169. SECUESTRO EXTORSIVO","1"
"16/04/2025","05","ANTIOQUIA","05440","MARINILLA","ARTICULO 169. SECUESTRO EXTORSIVO","1"
"16/04/2025","05","ANTIOQUIA","05440","MARINILLA","ARTICULO 169. SECUESTRO EXTORSIVO","1"
"16/04/2025","05","ANTIOQUIA","05440","MARINILLA","ARTICULO 169. SECUESTRO EXTORSIVO","1"
"16/04/2025","19","CAUCA","19001","POPAYAN","ARTICULO 169. SECUESTRO EXTORSIVO","1"
"16/04/2025","19","CAUCA","19001","POPAYAN","ARTICULO 169. SECUESTRO EXTORSIVO","1"
"14/04/2025","25","CUNDINAMARCA","25817","TOCANCIPA","ARTICULO 169. SECUESTRO EXTORSIVO","1"
"13/04/2025","19","CAUCA","19693","SAN SEBASTIAN","ARTICULO 168. SECUESTRO SIMPLE","1"
"12/04/2025","05","ANTIOQUIA","05209","CONCORDIA","ARTICULO 169. SECUESTRO EXTORSIVO","1"
"10/04/2025","81","ARAUCA","81736","SARAVENA","ARTICULO 168. SECUESTRO SIMPLE","1"
"09/04/2025","54","NORTE DE SANTANDER","54001","CUCUTA","ARTICULO 168. SECUESTRO SIMPLE","1"
"09/04/2025","54","NORTE DE SANTANDER","54001","CUCUTA","ARTICULO 168. SECUESTRO SIMPLE","1"
"08/04/2025","20","CESAR","20175","CHIMICHAGUA","ARTICULO 169. SECUESTRO EXTORSIVO","1"
"08/04/2025","05","ANTIOQUIA","05212","COPACABANA","ARTICULO 169. SECUESTRO EXTORSIVO","1"
"07/04/2025","19","CAUCA","19142","CALOTO","ARTICULO 169. SECUESTRO EXTORSIVO","1"
"05/04/2025","47","MAGDALENA","47001","SANTA MARTA","ARTICULO 169. SECUESTRO EXTORSIVO","1"
"05/04/2025","47","MAGDALENA","47001","SANTA MARTA","ARTICULO 169. SECUESTRO EXTORSIVO","1"
"05/04/2025","47","MAGDALENA","47001","SANTA MARTA","ARTICULO 169. SECUESTRO EXTORSIVO","1"
"05/04/2025","47","MAGDALENA","47001","SANTA MARTA","ARTICULO 169. SECUESTRO EXTORSIVO","1"
"05/04/2025","47","MAGDALENA","47001","SANTA MARTA","ARTICULO 169. SECUESTRO EXTORSIVO","1"
"05/04/2025","47","MAGDALENA","47001","SANTA MARTA","ARTICULO 169. SECUESTRO EXTORSIVO","1"
"04/04/2025","19","CAUCA","19110","BUENOS AIRES","ARTICULO 169. SECUESTRO EXTORSIVO","1"
"04/04/2025","76","VALLE DEL CAUCA","76001","CALI","ARTICULO 169. SECUESTRO EXTORSIVO","1"
"01/04/2025","76","VALLE DEL CAUCA","76001","CALI","ARTICULO 169. SECUESTRO EXTORSIVO","1"
"01/04/2025","76","VALLE DEL CAUCA","76001","CALI","ARTICULO 169. SECUESTRO EXTORSIVO","1"
"30/03/2025","50","META","50001","VILLAVICENCIO","ARTICULO 169. SECUESTRO EXTORSIVO","1"
"28/03/2025","81","ARAUCA","81300","FORTUL","ARTICULO 168. SECUESTRO SIMPLE","2"
"28/03/2025","81","ARAUCA","81300","FORTUL","ARTICULO 168. SECUESTRO SIMPLE","1"
"28/03/2025","81","ARAUCA","81300","FORTUL","ARTICULO 168. SECUESTRO SIMPLE","1"
"28/03/2025","81","ARAUCA","81300","FORTUL","ARTICULO 168. SECUESTRO SIMPLE","1"
"28/03/2025","76","VALLE DEL CAUCA","76275","FLORIDA","ARTICULO 169. SECUESTRO EXTORSIVO","1"
"28/03/2025","25","CUNDINAMARCA","25754","SOACHA","ARTICULO 169. SECUESTRO EXTORSIVO","1"
"27/03/2025","81","ARAUCA","81794","TAME","ARTICULO 168. SECUESTRO SIMPLE","1"
"27/03/2025","81","ARAUCA","81794","TAME","ARTICULO 168. SECUESTRO SIMPLE","1"
"27/03/2025","81","ARAUCA","81794","TAME","ARTICULO 168. SECUESTRO SIMPLE","1"
"27/03/2025","81","ARAUCA","81794","TAME","ARTICULO 168. SECUESTRO SIMPLE","1"
"27/03/2025","81","ARAUCA","81794","TAME","ARTICULO 168. SECUESTRO SIMPLE","1"
"26/03/2025","54","NORTE DE SANTANDER","54720","SARDINATA","ARTICULO 169. SECUESTRO EXTORSIVO","1"
"24/03/2025","11","BOGOTA D.C.","11001","BOGOTA D.C.","ARTICULO 169. SECUESTRO EXTORSIVO","1"
"22/03/2025","18","CAQUETA","18256","EL PAUJIL","ARTICULO 169. SECUESTRO EXTORSIVO","1"
"21/03/2025","05","ANTIOQUIA","05042","SANTA FE DE ANTIOQUIA","ARTICULO 169. SECUESTRO EXTORSIVO","1"
"21/03/2025","85","CASANARE","85001","YOPAL","ARTICULO 169. SECUESTRO EXTORSIVO","1"
"19/03/2025","52","NARIÑO","52001","PASTO","ARTICULO 168. SECUESTRO SIMPLE","1"
"19/03/2025","54","NORTE DE SANTANDER","54810","TIBU","ARTICULO 168. SECUESTRO SIMPLE","1"
"18/03/2025","47","MAGDALENA","47288","FUNDACION","ARTICULO 169. SECUESTRO EXTORSIVO","1"
"18/03/2025","47","MAGDALENA","47288","FUNDACION","ARTICULO 169. SECUESTRO EXTORSIVO","1"
"17/03/2025","52","NARIÑO","52585","PUPIALES","ARTICULO 169. SECUESTRO EXTORSIVO","1"
"16/03/2025","05","ANTIOQUIA","05001","MEDELLIN","ARTICULO 169. SECUESTRO EXTORSIVO","1"
"15/03/2025","11","BOGOTA D.C.","11001","BOGOTA D.C.","ARTICULO 169. SECUESTRO EXTORSIVO","1"
"15/03/2025","11","BOGOTA D.C.","11001","BOGOTA D.C.","ARTICULO 169. SECUESTRO EXTORSIVO","1"
"14/03/2025","11","BOGOTA D.C.","11001","BOGOTA D.C.","ARTICULO 169. SECUESTRO EXTORSIVO","1"
"14/03/2025","54","NORTE DE SANTANDER","54720","SARDINATA","ARTICULO 169. SECUESTRO EXTORSIVO","1"
"13/03/2025","11","BOGOTA D.C.","11001","BOGOTA D.C.","ARTICULO 169. SECUESTRO EXTORSIVO","1"
"13/03/2025","52","NARIÑO","52001","PASTO","ARTICULO 169. SECUESTRO EXTORSIVO","1"
"07/03/2025","54","NORTE DE SANTANDER","54245","EL CARMEN","ARTICULO 169. SECUESTRO EXTORSIVO","1"
"07/03/2025","20","CESAR","20550","PELAYA","ARTICULO 169. SECUESTRO EXTORSIVO","1"
"07/03/2025","54","NORTE DE SANTANDER","54670","SAN CALIXTO","ARTICULO 168. SECUESTRO SIMPLE","1"
"07/03/2025","52","NARIÑO","52079","BARBACOAS","ARTICULO 169. SECUESTRO EXTORSIVO","1"
"06/03/2025","19","CAUCA","19050","ARGELIA","ARTICULO 169. SECUESTRO EXTORSIVO","1"
"06/03/2025","19","CAUCA","19050","ARGELIA","ARTICULO 169. SECUESTRO EXTORSIVO","1"
"06/03/2025","19","CAUCA","19050","ARGELIA","ARTICULO 169. SECUESTRO EXTORSIVO","1"
"06/03/2025","19","CAUCA","19050","ARGELIA","ARTICULO 169. SECUESTRO EXTORSIVO","1"
"06/03/2025","19","CAUCA","19050","ARGELIA","ARTICULO 169. SECUESTRO EXTORSIVO","4"
"06/03/2025","19","CAUCA","19050","ARGELIA","ARTICULO 169. SECUESTRO EXTORSIVO","2"
"06/03/2025","19","CAUCA","19050","ARGELIA","ARTICULO 169. SECUESTRO EXTORSIVO","2"
"06/03/2025","19","CAUCA","19050","ARGELIA","ARTICULO 169. SECUESTRO EXTORSIVO","2"
"06/03/2025","19","CAUCA","19050","ARGELIA","ARTICULO 169. SECUESTRO EXTORSIVO","2"
"06/03/2025","19","CAUCA","19050","ARGELIA","ARTICULO 169. SECUESTRO EXTORSIVO","2"
"06/03/2025","19","CAUCA","19050","ARGELIA","ARTICULO 169. SECUESTRO EXTORSIVO","1"
"06/03/2025","19","CAUCA","19050","ARGELIA","ARTICULO 169. SECUESTRO EXTORSIVO","1"
"06/03/2025","19","CAUCA","19050","ARGELIA","ARTICULO 169. SECUESTRO EXTORSIVO","1"
"06/03/2025","19","CAUCA","19050","ARGELIA","ARTICULO 169. SECUESTRO EXTORSIVO","1"
"06/03/2025","19","CAUCA","19050","ARGELIA","ARTICULO 169. SECUESTRO EXTORSIVO","1"
"06/03/2025","19","CAUCA","19050","ARGELIA","ARTICULO 169. SECUESTRO EXTORSIVO","1"
"06/03/2025","19","CAUCA","19050","ARGELIA","ARTICULO 169. SECUESTRO EXTORSIVO","1"
"06/03/2025","19","CAUCA","19050","ARGELIA","ARTICULO 169. SECUESTRO EXTORSIVO","1"
"06/03/2025","19","CAUCA","19050","ARGELIA","ARTICULO 169. SECUESTRO EXTORSIVO","1"
"06/03/2025","19","CAUCA","19050","ARGELIA","ARTICULO 169. SECUESTRO EXTORSIVO","1"
"06/03/2025","19","CAUCA","19050","ARGELIA","ARTICULO 169. SECUESTRO EXTORSIVO","1"
"06/03/2025","81","ARAUCA","81065","ARAUQUITA","ARTICULO 168. SECUESTRO SIMPLE","1"
"05/03/2025","11","BOGOTA D.C.","11001","BOGOTA D.C.","ARTICULO 169. SECUESTRO EXTORSIVO","1"
"03/03/2025","05","ANTIOQUIA","05579","PUERTO BERRIO","ARTICULO 169. SECUESTRO EXTORSIVO","1"
"02/03/2025","81","ARAUCA","81065","ARAUQUITA","ARTICULO 168. SECUESTRO SIMPLE","1"
"02/03/2025","81","ARAUCA","81065","ARAUQUITA","ARTICULO 168. SECUESTRO SIMPLE","1"
"01/03/2025","54","NORTE DE SANTANDER","54003","ABREGO","ARTICULO 168. SECUESTRO SIMPLE","1"
"28/02/2025","11","BOGOTA D.C.","11001","BOGOTA D.C.","ARTICULO 169. SECUESTRO EXTORSIVO","1"
"28/02/2025","11","BOGOTA D.C.","11001","BOGOTA D.C.","ARTICULO 169. SECUESTRO EXTORSIVO","1"
"26/02/2025","76","VALLE DEL CAUCA","76001","CALI","ARTICULO 168. SECUESTRO SIMPLE","1"
"25/02/2025","11","BOGOTA D.C.","11001","BOGOTA D.C.","ARTICULO 169. SECUESTRO EXTORSIVO","1"
"25/02/2025","17","CALDAS","17873","VILLAMARIA","ARTICULO 169. SECUESTRO EXTORSIVO","1"
"21/02/2025","20","CESAR","20175","CHIMICHAGUA","ARTICULO 169. SECUESTRO EXTORSIVO","1"
"19/02/2025","81","ARAUCA","81736","SARAVENA","ARTICULO 168. SECUESTRO SIMPLE","1"
"19/02/2025","81","ARAUCA","81736","SARAVENA","ARTICULO 168. SECUESTRO SIMPLE","1"
"19/02/2025","81","ARAUCA","81736","SARAVENA","ARTICULO 168. SECUESTRO SIMPLE","1"
"19/02/2025","81","ARAUCA","81736","SARAVENA","ARTICULO 168. SECUESTRO SIMPLE","1"
"19/02/2025","95","GUAVIARE","95025","EL RETORNO","ARTICULO 169. SECUESTRO EXTORSIVO","1"
"19/02/2025","95","GUAVIARE","95025","EL RETORNO","ARTICULO 169. SECUESTRO EXTORSIVO","1"
"19/02/2025","19","CAUCA","19698","SANTANDER DE QUILICHAO","ARTICULO 169. SECUESTRO EXTORSIVO","1"
"18/02/2025","05","ANTIOQUIA","05001","MEDELLIN","ARTICULO 169. SECUESTRO EXTORSIVO","1"
"17/02/2025","41","HUILA","41020","ALGECIRAS","ARTICULO 169. SECUESTRO EXTORSIVO","1"
"17/02/2025","41","HUILA","41020","ALGECIRAS","ARTICULO 169. SECUESTRO EXTORSIVO","1"
"15/02/2025","11","BOGOTA D.C.","11001","BOGOTA D.C.","ARTICULO 169. SECUESTRO EXTORSIVO","1"
"13/02/2025","76","VALLE DEL CAUCA","76109","BUENAVENTURA","ARTICULO 169. SECUESTRO EXTORSIVO","1"
"13/02/2025","76","VALLE DEL CAUCA","76109","BUENAVENTURA","ARTICULO 169. SECUESTRO EXTORSIVO","1"
"12/02/2025","76","VALLE DEL CAUCA","76001","CALI","ARTICULO 169. SECUESTRO EXTORSIVO","1"
"12/02/2025","73","TOLIMA","73268","ESPINAL","ARTICULO 169. SECUESTRO EXTORSIVO","1"
"10/02/2025","76","VALLE DEL CAUCA","76001","CALI","ARTICULO 169. SECUESTRO EXTORSIVO","1"
"08/02/2025","11","BOGOTA D.C.","11001","BOGOTA D.C.","ARTICULO 169. SECUESTRO EXTORSIVO","1"
"04/02/2025","54","NORTE DE SANTANDER","54001","CUCUTA","ARTICULO 168. SECUESTRO SIMPLE","1"
"02/02/2025","11","BOGOTA D.C.","11001","BOGOTA D.C.","ARTICULO 169. SECUESTRO EXTORSIVO","1"
"01/02/2025","11","BOGOTA D.C.","11001","BOGOTA D.C.","ARTICULO 169. SECUESTRO EXTORSIVO","1"
"01/02/2025","63","QUINDIO","63130","CALARCA","ARTICULO 169. SECUESTRO EXTORSIVO","1"
"01/02/2025","63","QUINDIO","63130","CALARCA","ARTICULO 169. SECUESTRO EXTORSIVO","1"
"31/01/2025","11","BOGOTA D.C.","11001","BOGOTA D.C.","ARTICULO 169. SECUESTRO EXTORSIVO","1"
"31/01/2025","76","VALLE DEL CAUCA","76109","BUENAVENTURA","ARTICULO 169. SECUESTRO EXTORSIVO","1"
"30/01/2025","05","ANTIOQUIA","05001","MEDELLIN","ARTICULO 169. SECUESTRO EXTORSIVO","1"
"29/01/2025","52","NARIÑO","52079","BARBACOAS","ARTICULO 168. SECUESTRO SIMPLE","1"
"29/01/2025","11","BOGOTA D.C.","11001","BOGOTA D.C.","ARTICULO 169. SECUESTRO EXTORSIVO","1"
"29/01/2025","11","BOGOTA D.C.","11001","BOGOTA D.C.","ARTICULO 169. SECUESTRO EXTORSIVO","1"
"28/01/2025","11","BOGOTA D.C.","11001","BOGOTA D.C.","ARTICULO 169. SECUESTRO EXTORSIVO","1"
"24/01/2025","25","CUNDINAMARCA","25754","SOACHA","ARTICULO 169. SECUESTRO EXTORSIVO","1"
"24/01/2025","50","META","50001","VILLAVICENCIO","ARTICULO 169. SECUESTRO EXTORSIVO","1"
"24/01/2025","50","META","50001","VILLAVICENCIO","ARTICULO 169. SECUESTRO EXTORSIVO","1"
"21/01/2025","11","BOGOTA D.C.","11001","BOGOTA D.C.","ARTICULO 168. SECUESTRO SIMPLE","1"
"19/01/2025","44","LA GUAJIRA","44430","MAICAO","ARTICULO 169. SECUESTRO EXTORSIVO","1"
"19/01/2025","81","ARAUCA","81065","ARAUQUITA","ARTICULO 168. SECUESTRO SIMPLE","1"
"17/01/2025","11","BOGOTA D.C.","11001","BOGOTA D.C.","ARTICULO 169. SECUESTRO EXTORSIVO","1"
"17/01/2025","52","NARIÑO","52835","SAN ANDRES DE TUMACO","ARTICULO 169. SECUESTRO EXTORSIVO","1"
"14/01/2025","05","ANTIOQUIA","05001","MEDELLIN","ARTICULO 168. SECUESTRO SIMPLE","1"
"14/01/2025","05","ANTIOQUIA","05031","AMALFI","ARTICULO 169. SECUESTRO EXTORSIVO","1"
"14/01/2025","19","CAUCA","19001","POPAYAN","ARTICULO 169. SECUESTRO EXTORSIVO","1"
"13/01/2025","47","MAGDALENA","47001","SANTA MARTA","ARTICULO 168. SECUESTRO SIMPLE","1"
"06/01/2025","76","VALLE DEL CAUCA","76001","CALI","ARTICULO 169. SECUESTRO EXTORSIVO","1"
"04/01/2025","27","CHOCO","27745","SIPI","ARTICULO 168. SECUESTRO SIMPLE","1"
"02/01/2025","50","META","50001","VILLAVICENCIO","ARTICULO 169. SECUESTRO EXTORSIVO","1"
"28/12/2024","52","NARIÑO","52001","PASTO","ARTICULO 169. SECUESTRO EXTORSIVO","1"
"28/12/2024","52","NARIÑO","52835","SAN ANDRES DE TUMACO","ARTICULO 169. SECUESTRO EXTORSIVO","1"
"28/12/2024","52","NARIÑO","52540","POLICARPA","ARTICULO 169. SECUESTRO EXTORSIVO","1"
"27/12/2024","52","NARIÑO","52612","RICAURTE","ARTICULO 169. SECUESTRO EXTORSIVO","1"
"27/12/2024","54","NORTE DE SANTANDER","54673","SAN CAYETANO","ARTICULO 169. SECUESTRO EXTORSIVO","1"
"27/12/2024","27","CHOCO","27745","SIPI","ARTICULO 168. SECUESTRO SIMPLE","1"
"27/12/2024","27","CHOCO","27745","SIPI","ARTICULO 168. SECUESTRO SIMPLE","1"
"22/12/2024","54","NORTE DE SANTANDER","54498","OCAÑA","ARTICULO 169. SECUESTRO EXTORSIVO","1"
"20/12/2024","76","VALLE DEL CAUCA","76248","EL CERRITO","ARTICULO 169. SECUESTRO EXTORSIVO","1"
"19/12/2024","19","CAUCA","19001","POPAYAN","ARTICULO 169. SECUESTRO EXTORSIVO","1"
"19/12/2024","19","CAUCA","19001","POPAYAN","ARTICULO 169. SECUESTRO EXTORSIVO","1"
"19/12/2024","05","ANTIOQUIA","05088","BELLO","ARTICULO 169. SECUESTRO EXTORSIVO","1"
"14/12/2024","54","NORTE DE SANTANDER","54001","CUCUTA","ARTICULO 169. SECUESTRO EXTORSIVO","1"
"14/12/2024","54","NORTE DE SANTANDER","54001","CUCUTA","ARTICULO 169. SECUESTRO EXTORSIVO","1"
"14/12/2024","52","NARIÑO","52356","IPIALES","ARTICULO 169. SECUESTRO EXTORSIVO","1"
"14/12/2024","54","NORTE DE SANTANDER","54001","CUCUTA","ARTICULO 169. SECUESTRO EXTORSIVO","1"
"13/12/2024","52","NARIÑO","52838","TUQUERRES","ARTICULO 168. SECUESTRO SIMPLE","1"
"13/12/2024","54","NORTE DE SANTANDER","54001","CUCUTA","ARTICULO 169. SECUESTRO EXTORSIVO","1"
"11/12/2024","54","NORTE DE SANTANDER","54800","TEORAMA","ARTICULO 168. SECUESTRO SIMPLE","1"
"11/12/2024","68","SANTANDER","68575","PUERTO WILCHES","ARTICULO 169. SECUESTRO EXTORSIVO","1"
"11/12/2024","68","SANTANDER","68575","PUERTO WILCHES","ARTICULO 169. SECUESTRO EXTORSIVO","1"
"11/12/2024","68","SANTANDER","68575","PUERTO WILCHES","ARTICULO 169. SECUESTRO EXTORSIVO","1"
"11/12/2024","68","SANTANDER","68575","PUERTO WILCHES","ARTICULO 169. SECUESTRO EXTORSIVO","1"
"11/12/2024","19","CAUCA","19001","POPAYAN","ARTICULO 169. SECUESTRO EXTORSIVO","1"
"10/12/2024","41","HUILA","41359","ISNOS","ARTICULO 169. SECUESTRO EXTORSIVO","1"
"07/12/2024","50","META","50001","VILLAVICENCIO","ARTICULO 169. SECUESTRO EXTORSIVO","1"
"05/12/2024","20","CESAR","20228","CURUMANI","ARTICULO 169. SECUESTRO EXTORSIVO","1"
"05/12/2024","52","NARIÑO","52838","TUQUERRES","ARTICULO 169. SECUESTRO EXTORSIVO","1"
"04/12/2024","05","ANTIOQUIA","05001","MEDELLIN","ARTICULO 169. SECUESTRO EXTORSIVO","1"
"01/12/2024","54","NORTE DE SANTANDER","54001","CUCUTA","ARTICULO 168. SECUESTRO SIMPLE","1"
"30/11/2024","23","CORDOBA","23001","MONTERIA","ARTICULO 168. SECUESTRO SIMPLE","1"
"30/11/2024","23","CORDOBA","23001","MONTERIA","ARTICULO 168. SECUESTRO SIMPLE","1"
"30/11/2024","11","BOGOTA D.C.","11001","BOGOTA D.C.","ARTICULO 169. SECUESTRO EXTORSIVO","1"
"30/11/2024","05","ANTIOQUIA","05615","RIONEGRO","ARTICULO 169. SECUESTRO EXTORSIVO","1"
"26/11/2024","73","TOLIMA","73001","IBAGUE","ARTICULO 168. SECUESTRO SIMPLE","1"
"26/11/2024","76","VALLE DEL CAUCA","76147","CARTAGO","ARTICULO 168. SECUESTRO SIMPLE","1"
"26/11/2024","15","BOYACA","15522","PANQUEBA","ARTICULO 169. SECUESTRO EXTORSIVO","1"
"23/11/2024","50","META","50573","PUERTO LOPEZ","ARTICULO 169. SECUESTRO EXTORSIVO","1"
"22/11/2024","19","CAUCA","19548","PIENDAMO - TUNIA","ARTICULO 169. SECUESTRO EXTORSIVO","1"
"22/11/2024","19","CAUCA","19548","PIENDAMO - TUNIA","ARTICULO 169. SECUESTRO EXTORSIVO","1"
"22/11/2024","54","NORTE DE SANTANDER","54720","SARDINATA","ARTICULO 168. SECUESTRO SIMPLE","1"
"22/11/2024","54","NORTE DE SANTANDER","54720","SARDINATA","ARTICULO 168. SECUESTRO SIMPLE","1"
"22/11/2024","54","NORTE DE SANTANDER","54720","SARDINATA","ARTICULO 168. SECUESTRO SIMPLE","1"
"22/11/2024","54","NORTE DE SANTANDER","54720","SARDINATA","ARTICULO 168. SECUESTRO SIMPLE","1"
"21/11/2024","52","NARIÑO","52356","IPIALES","ARTICULO 169. SECUESTRO EXTORSIVO","1"
"21/11/2024","76","VALLE DEL CAUCA","76318","GUACARI","ARTICULO 169. SECUESTRO EXTORSIVO","1"
"21/11/2024","52","NARIÑO","52356","IPIALES","ARTICULO 169. SECUESTRO EXTORSIVO","1"
"21/11/2024","50","META","50287","FUENTE DE ORO","ARTICULO 169. SECUESTRO EXTORSIVO","1"
"21/11/2024","50","META","50287","FUENTE DE ORO","ARTICULO 169. SECUESTRO EXTORSIVO","1"
"21/11/2024","76","VALLE DEL CAUCA","76318","GUACARI","ARTICULO 169. SECUESTRO EXTORSIVO","1"
"20/11/2024","19","CAUCA","19455","MIRANDA","ARTICULO 169. SECUESTRO EXTORSIVO","1"
"18/11/2024","27","CHOCO","27001","QUIBDO","ARTICULO 169. SECUESTRO EXTORSIVO","1"
"16/11/2024","76","VALLE DEL CAUCA","76001","CALI","ARTICULO 169. SECUESTRO EXTORSIVO","1"
"16/11/2024","76","VALLE DEL CAUCA","76001","CALI","ARTICULO 169. SECUESTRO EXTORSIVO","1"
"16/11/2024","76","VALLE DEL CAUCA","76001","CALI","ARTICULO 169. SECUESTRO EXTORSIVO","1"
"16/11/2024","05","ANTIOQUIA","05088","BELLO","ARTICULO 169. SECUESTRO EXTORSIVO","1"
"15/11/2024","81","ARAUCA","81794","TAME","ARTICULO 169. SECUESTRO EXTORSIVO","1"
"15/11/2024","81","ARAUCA","81794","TAME","ARTICULO 169. SECUESTRO EXTORSIVO","1"
"14/11/2024","19","CAUCA","19573","PUERTO TEJADA","ARTICULO 169. SECUESTRO EXTORSIVO","1"
"13/11/2024","19","CAUCA","19001","POPAYAN","ARTICULO 169. SECUESTRO EXTORSIVO","1"
"12/11/2024","19","CAUCA","19532","PATIA","ARTICULO 169. SECUESTRO EXTORSIVO","1"
"10/11/2024","81","ARAUCA","81300","FORTUL","ARTICULO 168. SECUESTRO SIMPLE","1"
"09/11/2024","44","LA GUAJIRA","44001","RIOHACHA","ARTICULO 168. SECUESTRO SIMPLE","1"
"07/11/2024","11","BOGOTA D.C.","11001","BOGOTA D.C.","ARTICULO 169. SECUESTRO EXTORSIVO","1"
"07/11/2024","20","CESAR","20614","RIO DE ORO","ARTICULO 169. SECUESTRO EXTORSIVO","1"
"06/11/2024","05","ANTIOQUIA","05001","MEDELLIN","ARTICULO 169. SECUESTRO EXTORSIVO","1"
"03/11/2024","20","CESAR","20228","CURUMANI","ARTICULO 169. SECUESTRO EXTORSIVO","1"
"02/11/2024","05","ANTIOQUIA","05001","MEDELLIN","ARTICULO 169. SECUESTRO EXTORSIVO","1"
"02/11/2024","05","ANTIOQUIA","05088","BELLO","ARTICULO 169. SECUESTRO EXTORSIVO","1"
"02/11/2024","19","CAUCA","19050","ARGELIA","ARTICULO 169. SECUESTRO EXTORSIVO","1"
"01/11/2024","25","CUNDINAMARCA","25754","SOACHA","ARTICULO 169. SECUESTRO EXTORSIVO","1"
"31/10/2024","05","ANTIOQUIA","05490","NECOCLI","ARTICULO 168. SECUESTRO SIMPLE","1"
"31/10/2024","05","ANTIOQUIA","05490","NECOCLI","ARTICULO 168. SECUESTRO SIMPLE","1"
"30/10/2024","05","ANTIOQUIA","05001","MEDELLIN","ARTICULO 169. SECUESTRO EXTORSIVO","1"
"29/10/2024","19","CAUCA","19473","MORALES","ARTICULO 168. SECUESTRO SIMPLE","1"
"26/10/2024","20","CESAR","20614","RIO DE ORO","ARTICULO 169. SECUESTRO EXTORSIVO","1"
"26/10/2024","08","ATLANTICO","08001","BARRANQUILLA","ARTICULO 169. SECUESTRO EXTORSIVO","1"
"25/10/2024","54","NORTE DE SANTANDER","54206","CONVENCION","ARTICULO 168. SECUESTRO SIMPLE","1"
"25/10/2024","54","NORTE DE SANTANDER","54206","CONVENCION","ARTICULO 168. SECUESTRO SIMPLE","1"
"25/10/2024","54","NORTE DE SANTANDER","54206","CONVENCION","ARTICULO 168. SECUESTRO SIMPLE","1"
"25/10/2024","54","NORTE DE SANTANDER","54206","CONVENCION","ARTICULO 168. SECUESTRO SIMPLE","1"
"24/10/2024","76","VALLE DEL CAUCA","76001","CALI","ARTICULO 169. SECUESTRO EXTORSIVO","1"
"24/10/2024","76","VALLE DEL CAUCA","76001","CALI","ARTICULO 169. SECUESTRO EXTORSIVO","1"
"22/10/2024","05","ANTIOQUIA","05001","MEDELLIN","ARTICULO 169. SECUESTRO EXTORSIVO","1"
"22/10/2024","05","ANTIOQUIA","05001","MEDELLIN","ARTICULO 169. SECUESTRO EXTORSIVO","1"
"21/10/2024","05","ANTIOQUIA","05736","SEGOVIA","ARTICULO 169. SECUESTRO EXTORSIVO","1"
"21/10/2024","05","ANTIOQUIA","05736","SEGOVIA","ARTICULO 169. SECUESTRO EXTORSIVO","1"
"20/10/2024","05","ANTIOQUIA","05495","NECHI","ARTICULO 169. SECUESTRO EXTORSIVO","1"
"18/10/2024","20","CESAR","20011","AGUACHICA","ARTICULO 169. SECUESTRO EXTORSIVO","1"
"18/10/2024","20","CESAR","20011","AGUACHICA","ARTICULO 169. SECUESTRO EXTORSIVO","1"
"17/10/2024","76","VALLE DEL CAUCA","76606","RESTREPO","ARTICULO 169. SECUESTRO EXTORSIVO","1"
"17/10/2024","05","ANTIOQUIA","05400","LA UNION","ARTICULO 169. SECUESTRO EXTORSIVO","1"
"17/10/2024","05","ANTIOQUIA","05001","MEDELLIN","ARTICULO 169. SECUESTRO EXTORSIVO","1"
"16/10/2024","25","CUNDINAMARCA","25175","CHIA","ARTICULO 169. SECUESTRO EXTORSIVO","1"
"14/10/2024","27","CHOCO","27745","SIPI","ARTICULO 168. SECUESTRO SIMPLE","1"
"10/10/2024","11","BOGOTA D.C.","11001","BOGOTA D.C.","ARTICULO 169. SECUESTRO EXTORSIVO","1"
"09/10/2024","81","ARAUCA","81300","FORTUL","ARTICULO 168. SECUESTRO SIMPLE","1"
"09/10/2024","20","CESAR","20011","AGUACHICA","ARTICULO 169. SECUESTRO EXTORSIVO","1"
"08/10/2024","11","BOGOTA D.C.","11001","BOGOTA D.C.","ARTICULO 168. SECUESTRO SIMPLE","1"
"07/10/2024","44","LA GUAJIRA","44430","MAICAO","ARTICULO 169. SECUESTRO EXTORSIVO","1"
"05/10/2024","81","ARAUCA","81794","TAME","ARTICULO 168. SECUESTRO SIMPLE","1"
"05/10/2024","81","ARAUCA","81794","TAME","ARTICULO 168. SECUESTRO SIMPLE","1"
"04/10/2024","13","BOLIVAR","13688","SANTA ROSA DEL SUR","ARTICULO 168. SECUESTRO SIMPLE","1"
"03/10/2024","54","NORTE DE SANTANDER","54003","ABREGO","ARTICULO 169. SECUESTRO EXTORSIVO","1"
"03/10/2024","44","LA GUAJIRA","44430","MAICAO","ARTICULO 169. SECUESTRO EXTORSIVO","1"
"02/10/2024","52","NARIÑO","52001","PASTO","ARTICULO 168. SECUESTRO SIMPLE","1"
"01/10/2024","19","CAUCA","19130","CAJIBIO","ARTICULO 169. SECUESTRO EXTORSIVO","1"
"01/10/2024","19","CAUCA","19548","PIENDAMO - TUNIA","ARTICULO 169. SECUESTRO EXTORSIVO","1"
"01/10/2024","19","CAUCA","19548","PIENDAMO - TUNIA","ARTICULO 169. SECUESTRO EXTORSIVO","1"
"01/10/2024","19","CAUCA","19548","PIENDAMO - TUNIA","ARTICULO 169. SECUESTRO EXTORSIVO","1"
"30/09/2024","54","NORTE DE SANTANDER","54003","ABREGO","ARTICULO 169. SECUESTRO EXTORSIVO","1"
"29/09/2024","54","NORTE DE SANTANDER","54810","TIBU","ARTICULO 168. SECUESTRO SIMPLE","1"
"28/09/2024","19","CAUCA","19392","LA SIERRA","ARTICULO 169. SECUESTRO EXTORSIVO","1"
"28/09/2024","54","NORTE DE SANTANDER","54498","OCAÑA","ARTICULO 169. SECUESTRO EXTORSIVO","1"
"23/09/2024","76","VALLE DEL CAUCA","76001","CALI","ARTICULO 169. SECUESTRO EXTORSIVO","1"
"20/09/2024","41","HUILA","41298","GARZON","ARTICULO 169. SECUESTRO EXTORSIVO","1"
"15/09/2024","19","CAUCA","19050","ARGELIA","ARTICULO 168. SECUESTRO SIMPLE","1"
"14/09/2024","44","LA GUAJIRA","44430","MAICAO","ARTICULO 169. SECUESTRO EXTORSIVO","1"
"13/09/2024","27","CHOCO","27001","QUIBDO","ARTICULO 169. SECUESTRO EXTORSIVO","1"
"11/09/2024","44","LA GUAJIRA","44001","RIOHACHA","ARTICULO 168. SECUESTRO SIMPLE","1"
"11/09/2024","54","NORTE DE SANTANDER","54001","CUCUTA","ARTICULO 168. SECUESTRO SIMPLE","1"
"11/09/2024","54","NORTE DE SANTANDER","54001","CUCUTA","ARTICULO 168. SECUESTRO SIMPLE","1"
"11/09/2024","52","NARIÑO","52320","GUAITARILLA","ARTICULO 169. SECUESTRO EXTORSIVO","1"
"10/09/2024","52","NARIÑO","52838","TUQUERRES","ARTICULO 168. SECUESTRO SIMPLE","1"
"10/09/2024","19","CAUCA","19001","POPAYAN","ARTICULO 169. SECUESTRO EXTORSIVO","1"
"10/09/2024","19","CAUCA","19001","POPAYAN","ARTICULO 169. SECUESTRO EXTORSIVO","1"
"10/09/2024","81","ARAUCA","81591","PUERTO RONDON","ARTICULO 168. SECUESTRO SIMPLE","1"
"02/09/2024","13","BOLIVAR","13688","SANTA ROSA DEL SUR","ARTICULO 168. SECUESTRO SIMPLE","1"
"31/08/2024","76","VALLE DEL CAUCA","76736","SEVILLA","ARTICULO 169. SECUESTRO EXTORSIVO","1"
"28/08/2024","76","VALLE DEL CAUCA","76001","CALI","ARTICULO 169. SECUESTRO EXTORSIVO","1"
"27/08/2024","68","SANTANDER","68167","CHARALA","ARTICULO 169. SECUESTRO EXTORSIVO","1"
"27/08/2024","13","BOLIVAR","13688","SANTA ROSA DEL SUR","ARTICULO 168. SECUESTRO SIMPLE","1"
"24/08/2024","54","NORTE DE SANTANDER","54874","VILLA DEL ROSARIO","ARTICULO 169. SECUESTRO EXTORSIVO","1"
"24/08/2024","54","NORTE DE SANTANDER","54874","VILLA DEL ROSARIO","ARTICULO 169. SECUESTRO EXTORSIVO","1"
"22/08/2024","41","HUILA","41396","LA PLATA","ARTICULO 169. SECUESTRO EXTORSIVO","1"
"22/08/2024","41","HUILA","41396","LA PLATA","ARTICULO 169. SECUESTRO EXTORSIVO","1"
"22/08/2024","41","HUILA","41396","LA PLATA","ARTICULO 169. SECUESTRO EXTORSIVO","1"
"21/08/2024","86","PUTUMAYO","86757","SAN MIGUEL","ARTICULO 169. SECUESTRO EXTORSIVO","1"
"20/08/2024","54","NORTE DE SANTANDER","54398","LA PLAYA","ARTICULO 168. SECUESTRO SIMPLE","1"
"19/08/2024","44","LA GUAJIRA","44560","MANAURE","ARTICULO 169. SECUESTRO EXTORSIVO","1"
"19/08/2024","44","LA GUAJIRA","44560","MANAURE","ARTICULO 169. SECUESTRO EXTORSIVO","1"
"18/08/2024","19","CAUCA","19532","PATIA","ARTICULO 168. SECUESTRO SIMPLE","1"
"18/08/2024","11","BOGOTA D.C.","11001","BOGOTA D.C.","ARTICULO 169. SECUESTRO EXTORSIVO","1"
"15/08/2024","19","CAUCA","19573","PUERTO TEJADA","ARTICULO 169. SECUESTRO EXTORSIVO","1"
"12/08/2024","44","LA GUAJIRA","44430","MAICAO","ARTICULO 169. SECUESTRO EXTORSIVO","1"
"11/08/2024","95","GUAVIARE","95200","MIRAFLORES","ARTICULO 168. SECUESTRO SIMPLE","1"
"09/08/2024","76","VALLE DEL CAUCA","76364","JAMUNDI","ARTICULO 169. SECUESTRO EXTORSIVO","1"
"09/08/2024","52","NARIÑO","52835","SAN ANDRES DE TUMACO","ARTICULO 169. SECUESTRO EXTORSIVO","1"
"09/08/2024","20","CESAR","20310","GONZALEZ","ARTICULO 168. SECUESTRO SIMPLE","1"
"08/08/2024","05","ANTIOQUIA","05591","PUERTO TRIUNFO","ARTICULO 169. SECUESTRO EXTORSIVO","1"
"08/08/2024","05","ANTIOQUIA","05591","PUERTO TRIUNFO","ARTICULO 169. SECUESTRO EXTORSIVO","1"
"08/08/2024","76","VALLE DEL CAUCA","76275","FLORIDA","ARTICULO 169. SECUESTRO EXTORSIVO","1"
"06/08/2024","81","ARAUCA","81794","TAME","ARTICULO 168. SECUESTRO SIMPLE","1"
"31/07/2024","54","NORTE DE SANTANDER","54405","LOS PATIOS","ARTICULO 169. SECUESTRO EXTORSIVO","1"
"30/07/2024","81","ARAUCA","81736","SARAVENA","ARTICULO 168. SECUESTRO SIMPLE","1"
"29/07/2024","52","NARIÑO","52356","IPIALES","ARTICULO 169. SECUESTRO EXTORSIVO","1"
"29/07/2024","52","NARIÑO","52356","IPIALES","ARTICULO 169. SECUESTRO EXTORSIVO","1"
"29/07/2024","52","NARIÑO","52356","IPIALES","ARTICULO 169. SECUESTRO EXTORSIVO","1"
"28/07/2024","54","NORTE DE SANTANDER","54261","EL ZULIA","ARTICULO 168. SECUESTRO SIMPLE","1"
"26/07/2024","76","VALLE DEL CAUCA","76364","JAMUNDI","ARTICULO 169. SECUESTRO EXTORSIVO","1"
"24/07/2024","05","ANTIOQUIA","05001","MEDELLIN","ARTICULO 169. SECUESTRO EXTORSIVO","1"
"24/07/2024","52","NARIÑO","52585","PUPIALES","ARTICULO 168. SECUESTRO SIMPLE","1"
"23/07/2024","08","ATLANTICO","08758","SOLEDAD","ARTICULO 169. SECUESTRO EXTORSIVO","1"
"22/07/2024","52","NARIÑO","52835","SAN ANDRES DE TUMACO","ARTICULO 169. SECUESTRO EXTORSIVO","1"
"20/07/2024","19","CAUCA","19532","PATIA","ARTICULO 169. SECUESTRO EXTORSIVO","1"
"20/07/2024","19","CAUCA","19532","PATIA","ARTICULO 169. SECUESTRO EXTORSIVO","1"
"18/07/2024","52","NARIÑO","52227","CUMBAL","ARTICULO 169. SECUESTRO EXTORSIVO","1"
"18/07/2024","54","NORTE DE SANTANDER","54800","TEORAMA","ARTICULO 168. SECUESTRO SIMPLE","1"
"18/07/2024","54","NORTE DE SANTANDER","54800","TEORAMA","ARTICULO 168. SECUESTRO SIMPLE","1"
"17/07/2024","52","NARIÑO","52227","CUMBAL","ARTICULO 168. SECUESTRO SIMPLE","1"
"17/07/2024","18","CAQUETA","18753","SAN VICENTE DEL CAGUAN","ARTICULO 169. SECUESTRO EXTORSIVO","1"
"14/07/2024","05","ANTIOQUIA","05361","ITUANGO","ARTICULO 169. SECUESTRO EXTORSIVO","1"
"12/07/2024","54","NORTE DE SANTANDER","54670","SAN CALIXTO","ARTICULO 169. SECUESTRO EXTORSIVO","1"
"10/07/2024","76","VALLE DEL CAUCA","76364","JAMUNDI","ARTICULO 169. SECUESTRO EXTORSIVO","1"
"09/07/2024","19","CAUCA","19698","SANTANDER DE QUILICHAO","ARTICULO 169. SECUESTRO EXTORSIVO","1"
"08/07/2024","18","CAQUETA","18753","SAN VICENTE DEL CAGUAN","ARTICULO 169. SECUESTRO EXTORSIVO","1"
"08/07/2024","18","CAQUETA","18753","SAN VICENTE DEL CAGUAN","ARTICULO 169. SECUESTRO EXTORSIVO","1"
"07/07/2024","76","VALLE DEL CAUCA","76113","BUGALAGRANDE","ARTICULO 169. SECUESTRO EXTORSIVO","1"
"07/07/2024","76","VALLE DEL CAUCA","76113","BUGALAGRANDE","ARTICULO 169. SECUESTRO EXTORSIVO","1"
"06/07/2024","47","MAGDALENA","47288","FUNDACION","ARTICULO 169. SECUESTRO EXTORSIVO","1"
"06/07/2024","47","MAGDALENA","47288","FUNDACION","ARTICULO 169. SECUESTRO EXTORSIVO","1"
"06/07/2024","47","MAGDALENA","47288","FUNDACION","ARTICULO 169. SECUESTRO EXTORSIVO","1"
"06/07/2024","76","VALLE DEL CAUCA","76364","JAMUNDI","ARTICULO 169. SECUESTRO EXTORSIVO","1"
"03/07/2024","54","NORTE DE SANTANDER","54003","ABREGO","ARTICULO 168. SECUESTRO SIMPLE","1"
"27/06/2024","52","NARIÑO","52788","TANGUA","ARTICULO 169. SECUESTRO EXTORSIVO","1"
"24/06/2024","05","ANTIOQUIA","05736","SEGOVIA","ARTICULO 168. SECUESTRO SIMPLE","1"
"24/06/2024","05","ANTIOQUIA","05736","SEGOVIA","ARTICULO 168. SECUESTRO SIMPLE","1"
"23/06/2024","18","CAQUETA","18756","SOLANO","ARTICULO 168. SECUESTRO SIMPLE","1"
"20/06/2024","50","META","50577","PUERTO LLERAS","ARTICULO 169. SECUESTRO EXTORSIVO","1"
"20/06/2024","50","META","50577","PUERTO LLERAS","ARTICULO 169. SECUESTRO EXTORSIVO","1"
"16/06/2024","54","NORTE DE SANTANDER","54003","ABREGO","ARTICULO 168. SECUESTRO SIMPLE","1"
"15/06/2024","50","META","50006","ACACIAS","ARTICULO 169. SECUESTRO EXTORSIVO","1"
"15/06/2024","54","NORTE DE SANTANDER","54800","TEORAMA","ARTICULO 168. SECUESTRO SIMPLE","1"
"15/06/2024","54","NORTE DE SANTANDER","54800","TEORAMA","ARTICULO 168. SECUESTRO SIMPLE","1"
"14/06/2024","11","BOGOTA D.C.","11001","BOGOTA D.C.","ARTICULO 169. SECUESTRO EXTORSIVO","1"
"09/06/2024","85","CASANARE","85139","MANI","ARTICULO 169. SECUESTRO EXTORSIVO","1"
"09/06/2024","13","BOLIVAR","13042","ARENAL","ARTICULO 168. SECUESTRO SIMPLE","1"
"08/06/2024","19","CAUCA","19001","POPAYAN","ARTICULO 169. SECUESTRO EXTORSIVO","1"
"08/06/2024","19","CAUCA","19001","POPAYAN","ARTICULO 169. SECUESTRO EXTORSIVO","1"
"08/06/2024","76","VALLE DEL CAUCA","76001","CALI","ARTICULO 168. SECUESTRO SIMPLE","1"
"07/06/2024","76","VALLE DEL CAUCA","76001","CALI","ARTICULO 169. SECUESTRO EXTORSIVO","1"
"04/06/2024","54","NORTE DE SANTANDER","54001","CUCUTA","ARTICULO 169. SECUESTRO EXTORSIVO","1"
"31/05/2024","11","BOGOTA D.C.","11001","BOGOTA D.C.","ARTICULO 169. SECUESTRO EXTORSIVO","1"
"29/05/2024","86","PUTUMAYO","86001","MOCOA","ARTICULO 168. SECUESTRO SIMPLE","1"
"29/05/2024","86","PUTUMAYO","86001","MOCOA","ARTICULO 168. SECUESTRO SIMPLE","1"
"29/05/2024","11","BOGOTA D.C.","11001","BOGOTA D.C.","ARTICULO 169. SECUESTRO EXTORSIVO","1"
"29/05/2024","54","NORTE DE SANTANDER","54498","OCAÑA","ARTICULO 168. SECUESTRO SIMPLE","1"
"26/05/2024","05","ANTIOQUIA","05679","SANTA BARBARA","ARTICULO 169. SECUESTRO EXTORSIVO","1"
"25/05/2024","05","ANTIOQUIA","05129","CALDAS","ARTICULO 169. SECUESTRO EXTORSIVO","1"
"18/05/2024","54","NORTE DE SANTANDER","54498","OCAÑA","ARTICULO 168. SECUESTRO SIMPLE","1"
"18/05/2024","05","ANTIOQUIA","05001","MEDELLIN","ARTICULO 169. SECUESTRO EXTORSIVO","1"
"18/05/2024","05","ANTIOQUIA","05001","MEDELLIN","ARTICULO 169. SECUESTRO EXTORSIVO","1"
"16/05/2024","54","NORTE DE SANTANDER","54874","VILLA DEL ROSARIO","ARTICULO 168. SECUESTRO SIMPLE","1"
"16/05/2024","18","CAQUETA","18753","SAN VICENTE DEL CAGUAN","ARTICULO 169. SECUESTRO EXTORSIVO","1"
"13/05/2024","20","CESAR","20614","RIO DE ORO","ARTICULO 169. SECUESTRO EXTORSIVO","1"
"11/05/2024","54","NORTE DE SANTANDER","54874","VILLA DEL ROSARIO","ARTICULO 169. SECUESTRO EXTORSIVO","1"
"11/05/2024","54","NORTE DE SANTANDER","54874","VILLA DEL ROSARIO","ARTICULO 169. SECUESTRO EXTORSIVO","1"
"06/05/2024","85","CASANARE","85250","PAZ DE ARIPORO","ARTICULO 169. SECUESTRO EXTORSIVO","1"
"06/05/2024","81","ARAUCA","81220","CRAVO NORTE","ARTICULO 168. SECUESTRO SIMPLE","1"
"04/05/2024","25","CUNDINAMARCA","25290","FUSAGASUGA","ARTICULO 169. SECUESTRO EXTORSIVO","1"
"03/05/2024","05","ANTIOQUIA","05895","ZARAGOZA","ARTICULO 169. SECUESTRO EXTORSIVO","1"
"01/05/2024","19","CAUCA","19573","PUERTO TEJADA","ARTICULO 169. SECUESTRO EXTORSIVO","1"
"30/04/2024","19","CAUCA","19212","CORINTO","ARTICULO 168. SECUESTRO SIMPLE","1"
"30/04/2024","19","CAUCA","19212","CORINTO","ARTICULO 168. SECUESTRO SIMPLE","1"
"29/04/2024","54","NORTE DE SANTANDER","54670","SAN CALIXTO","ARTICULO 168. SECUESTRO SIMPLE","1"
"29/04/2024","54","NORTE DE SANTANDER","54670","SAN CALIXTO","ARTICULO 168. SECUESTRO SIMPLE","1"
"26/04/2024","19","CAUCA","19821","TORIBIO","ARTICULO 168. SECUESTRO SIMPLE","1"
"25/04/2024","05","ANTIOQUIA","05001","MEDELLIN","ARTICULO 169. SECUESTRO EXTORSIVO","1"
"23/04/2024","25","CUNDINAMARCA","25793","TAUSA","ARTICULO 169. SECUESTRO EXTORSIVO","1"
"21/04/2024","52","NARIÑO","52317","GUACHUCAL","ARTICULO 169. SECUESTRO EXTORSIVO","1"
"19/04/2024","19","CAUCA","19001","POPAYAN","ARTICULO 169. SECUESTRO EXTORSIVO","1"
"19/04/2024","19","CAUCA","19698","SANTANDER DE QUILICHAO","ARTICULO 169. SECUESTRO EXTORSIVO","1"
"19/04/2024","19","CAUCA","19698","SANTANDER DE QUILICHAO","ARTICULO 169. SECUESTRO EXTORSIVO","1"
"19/04/2024","19","CAUCA","19698","SANTANDER DE QUILICHAO","ARTICULO 169. SECUESTRO EXTORSIVO","1"
"18/04/2024","18","CAQUETA","18001","FLORENCIA","ARTICULO 169. SECUESTRO EXTORSIVO","1"
"12/04/2024","76","VALLE DEL CAUCA","76130","CANDELARIA","ARTICULO 169. SECUESTRO EXTORSIVO","1"
"12/04/2024","05","ANTIOQUIA","05674","SAN VICENTE FERRER","ARTICULO 169. SECUESTRO EXTORSIVO","1"
"12/04/2024","81","ARAUCA","81065","ARAUQUITA","ARTICULO 168. SECUESTRO SIMPLE","1"
"11/04/2024","05","ANTIOQUIA","05088","BELLO","ARTICULO 169. SECUESTRO EXTORSIVO","1"
"11/04/2024","81","ARAUCA","81591","PUERTO RONDON","ARTICULO 168. SECUESTRO SIMPLE","1"
"06/04/2024","81","ARAUCA","81794","TAME","ARTICULO 168. SECUESTRO SIMPLE","1"
"06/04/2024","81","ARAUCA","81736","SARAVENA","ARTICULO 168. SECUESTRO SIMPLE","1"
"02/04/2024","50","META","50313","GRANADA","ARTICULO 169. SECUESTRO EXTORSIVO","1"
"01/04/2024","81","ARAUCA","81065","ARAUQUITA","ARTICULO 168. SECUESTRO SIMPLE","1"
"31/03/2024","19","CAUCA","19355","INZA","ARTICULO 169. SECUESTRO EXTORSIVO","1"
"31/03/2024","19","CAUCA","19355","INZA","ARTICULO 169. SECUESTRO EXTORSIVO","1"
"31/03/2024","86","PUTUMAYO","86001","MOCOA","ARTICULO 169. SECUESTRO EXTORSIVO","1"
"31/03/2024","13","BOLIVAR","13688","SANTA ROSA DEL SUR","ARTICULO 168. SECUESTRO SIMPLE","1"
"31/03/2024","19","CAUCA","19355","INZA","ARTICULO 169. SECUESTRO EXTORSIVO","1"
"27/03/2024","76","VALLE DEL CAUCA","76001","CALI","ARTICULO 169. SECUESTRO EXTORSIVO","1"
"24/03/2024","52","NARIÑO","52233","CUMBITARA","ARTICULO 168. SECUESTRO SIMPLE","1"
"21/03/2024","27","CHOCO","27077","BAJO BAUDO","ARTICULO 168. SECUESTRO SIMPLE","1"
"21/03/2024","52","NARIÑO","52079","BARBACOAS","ARTICULO 169. SECUESTRO EXTORSIVO","1"
"21/03/2024","52","NARIÑO","52079","BARBACOAS","ARTICULO 169. SECUESTRO EXTORSIVO","1"
"21/03/2024","52","NARIÑO","52079","BARBACOAS","ARTICULO 169. SECUESTRO EXTORSIVO","1"
"18/03/2024","85","CASANARE","85125","HATO COROZAL","ARTICULO 169. SECUESTRO EXTORSIVO","1"
"16/03/2024","76","VALLE DEL CAUCA","76001","CALI","ARTICULO 169. SECUESTRO EXTORSIVO","1"
"15/03/2024","25","CUNDINAMARCA","25386","LA MESA","ARTICULO 168. SECUESTRO SIMPLE","1"
"14/03/2024","05","ANTIOQUIA","05088","BELLO","ARTICULO 169. SECUESTRO EXTORSIVO","1"
"13/03/2024","54","NORTE DE SANTANDER","54874","VILLA DEL ROSARIO","ARTICULO 169. SECUESTRO EXTORSIVO","1"
"13/03/2024","15","BOYACA","15176","CHIQUINQUIRA","ARTICULO 168. SECUESTRO SIMPLE","1"
"11/03/2024","05","ANTIOQUIA","05790","TARAZA","ARTICULO 168. SECUESTRO SIMPLE","1"
"11/03/2024","05","ANTIOQUIA","05790","TARAZA","ARTICULO 168. SECUESTRO SIMPLE","1"
"10/03/2024","11","BOGOTA D.C.","11001","BOGOTA D.C.","ARTICULO 168. SECUESTRO SIMPLE","1"
"07/03/2024","19","CAUCA","19473","MORALES","ARTICULO 169. SECUESTRO EXTORSIVO","1"
"02/03/2024","52","NARIÑO","52001","PASTO","ARTICULO 169. SECUESTRO EXTORSIVO","1"
"29/02/2024","73","TOLIMA","73449","MELGAR","ARTICULO 169. SECUESTRO EXTORSIVO","1"
"27/02/2024","08","ATLANTICO","08296","GALAPA","ARTICULO 168. SECUESTRO SIMPLE","1"
"26/02/2024","54","NORTE DE SANTANDER","54810","TIBU","ARTICULO 168. SECUESTRO SIMPLE","1"
"26/02/2024","54","NORTE DE SANTANDER","54810","TIBU","ARTICULO 168. SECUESTRO SIMPLE","1"
"26/02/2024","54","NORTE DE SANTANDER","54810","TIBU","ARTICULO 168. SECUESTRO SIMPLE","1"
"25/02/2024","05","ANTIOQUIA","05361","ITUANGO","ARTICULO 168. SECUESTRO SIMPLE","1"
"24/02/2024","52","NARIÑO","52835","SAN ANDRES DE TUMACO","ARTICULO 169. SECUESTRO EXTORSIVO","1"
"24/02/2024","11","BOGOTA D.C.","11001","BOGOTA D.C.","ARTICULO 168. SECUESTRO SIMPLE","1"
"23/02/2024","81","ARAUCA","81001","ARAUCA","ARTICULO 169. SECUESTRO EXTORSIVO","1"
"22/02/2024","81","ARAUCA","81065","ARAUQUITA","ARTICULO 168. SECUESTRO SIMPLE","1"
"20/02/2024","54","NORTE DE SANTANDER","54810","TIBU","ARTICULO 168. SECUESTRO SIMPLE","1"
"20/02/2024","54","NORTE DE SANTANDER","54810","TIBU","ARTICULO 168. SECUESTRO SIMPLE","1"
"18/02/2024","76","VALLE DEL CAUCA","76246","EL CAIRO","ARTICULO 169. SECUESTRO EXTORSIVO","1"
"15/02/2024","41","HUILA","41006","ACEVEDO","ARTICULO 169. SECUESTRO EXTORSIVO","1"
"14/02/2024","18","CAQUETA","18592","PUERTO RICO","ARTICULO 169. SECUESTRO EXTORSIVO","1"
"12/02/2024","20","CESAR","20310","GONZALEZ","ARTICULO 168. SECUESTRO SIMPLE","1"
"11/02/2024","05","ANTIOQUIA","05129","CALDAS","ARTICULO 169. SECUESTRO EXTORSIVO","1"
"09/02/2024","52","NARIÑO","52838","TUQUERRES","ARTICULO 168. SECUESTRO SIMPLE","1"
"05/02/2024","41","HUILA","41396","LA PLATA","ARTICULO 169. SECUESTRO EXTORSIVO","1"
"05/02/2024","85","CASANARE","85410","TAURAMENA","ARTICULO 169. SECUESTRO EXTORSIVO","1"
"01/02/2024","52","NARIÑO","52079","BARBACOAS","ARTICULO 169. SECUESTRO EXTORSIVO","1"
"01/02/2024","05","ANTIOQUIA","05604","REMEDIOS","ARTICULO 169. SECUESTRO EXTORSIVO","1"
"31/01/2024","41","HUILA","41668","SAN AGUSTIN","ARTICULO 168. SECUESTRO SIMPLE","1"
"29/01/2024","27","CHOCO","27787","TADO","ARTICULO 169. SECUESTRO EXTORSIVO","1"
"28/01/2024","76","VALLE DEL CAUCA","76364","JAMUNDI","ARTICULO 169. SECUESTRO EXTORSIVO","1"
"26/01/2024","66","RISARALDA","66318","GUATICA","ARTICULO 169. SECUESTRO EXTORSIVO","1"
"26/01/2024","27","CHOCO","27001","QUIBDO","ARTICULO 169. SECUESTRO EXTORSIVO","1"
"25/01/2024","41","HUILA","41551","PITALITO","ARTICULO 169. SECUESTRO EXTORSIVO","1"
"20/01/2024","54","NORTE DE SANTANDER","54398","LA PLAYA","ARTICULO 168. SECUESTRO SIMPLE","1"
"19/01/2024","11","BOGOTA D.C.","11001","BOGOTA D.C.","ARTICULO 168. SECUESTRO SIMPLE","1"
"19/01/2024","11","BOGOTA D.C.","11001","BOGOTA D.C.","ARTICULO 168. SECUESTRO SIMPLE","1"
"18/01/2024","05","ANTIOQUIA","05266","ENVIGADO","ARTICULO 169. SECUESTRO EXTORSIVO","1"
"17/01/2024","19","CAUCA","19585","PURACE","ARTICULO 168. SECUESTRO SIMPLE","1"
"16/01/2024","13","BOLIVAR","13473","MORALES","ARTICULO 168. SECUESTRO SIMPLE","1"
"15/01/2024","11","BOGOTA D.C.","11001","BOGOTA D.C.","ARTICULO 169. SECUESTRO EXTORSIVO","1"
"15/01/2024","54","NORTE DE SANTANDER","54344","HACARI","ARTICULO 169. SECUESTRO EXTORSIVO","1"
"15/01/2024","63","QUINDIO","63130","CALARCA","ARTICULO 168. SECUESTRO SIMPLE","1"
"15/01/2024","25","CUNDINAMARCA","25307","GIRARDOT","ARTICULO 169. SECUESTRO EXTORSIVO","1"
"14/01/2024","20","CESAR","20614","RIO DE ORO","ARTICULO 169. SECUESTRO EXTORSIVO","1"
"12/01/2024","68","SANTANDER","68001","BUCARAMANGA","ARTICULO 168. SECUESTRO SIMPLE","1"
"12/01/2024","68","SANTANDER","68001","BUCARAMANGA","ARTICULO 168. SECUESTRO SIMPLE","1"
"12/01/2024","54","NORTE DE SANTANDER","54498","OCAÑA","ARTICULO 168. SECUESTRO SIMPLE","1"
"10/01/2024","05","ANTIOQUIA","05001","MEDELLIN","ARTICULO 169. SECUESTRO EXTORSIVO","1"
"09/01/2024","81","ARAUCA","81736","SARAVENA","ARTICULO 168. SECUESTRO SIMPLE","1"
"06/01/2024","41","HUILA","41551","PITALITO","ARTICULO 169. SECUESTRO EXTORSIVO","1"
"06/01/2024","27","CHOCO","27050","ATRATO","ARTICULO 169. SECUESTRO EXTORSIVO","1"
"06/01/2024","27","CHOCO","27050","ATRATO","ARTICULO 169. SECUESTRO EXTORSIVO","1"
"29/12/2023","81","ARAUCA","81736","SARAVENA","ARTICULO 168. SECUESTRO SIMPLE","1"
"27/12/2023","19","CAUCA","19743","SILVIA","ARTICULO 168. SECUESTRO SIMPLE","1"
"27/12/2023","19","CAUCA","19743","SILVIA","ARTICULO 168. SECUESTRO SIMPLE","1"
"26/12/2023","19","CAUCA","19100","BOLIVAR","ARTICULO 168. SECUESTRO SIMPLE","1"
"26/12/2023","19","CAUCA","19100","BOLIVAR","ARTICULO 168. SECUESTRO SIMPLE","1"
"24/12/2023","19","CAUCA","19212","CORINTO","ARTICULO 168. SECUESTRO SIMPLE","1"
"22/12/2023","50","META","50568","PUERTO GAITAN","ARTICULO 169. SECUESTRO EXTORSIVO","1"
"21/12/2023","76","VALLE DEL CAUCA","76001","CALI","ARTICULO 169. SECUESTRO EXTORSIVO","1"
"20/12/2023","41","HUILA","41132","CAMPOALEGRE","ARTICULO 169. SECUESTRO EXTORSIVO","1"
"20/12/2023","76","VALLE DEL CAUCA","76001","CALI","ARTICULO 169. SECUESTRO EXTORSIVO","1"
"20/12/2023","54","NORTE DE SANTANDER","54874","VILLA DEL ROSARIO","ARTICULO 168. SECUESTRO SIMPLE","1"
"20/12/2023","54","NORTE DE SANTANDER","54398","LA PLAYA","ARTICULO 168. SECUESTRO SIMPLE","1"
"18/12/2023","52","NARIÑO","52678","SAMANIEGO","ARTICULO 169. SECUESTRO EXTORSIVO","1"
"15/12/2023","05","ANTIOQUIA","05361","ITUANGO","ARTICULO 169. SECUESTRO EXTORSIVO","1"
"10/12/2023","05","ANTIOQUIA","05001","MEDELLIN","ARTICULO 169. SECUESTRO EXTORSIVO","1"
"10/12/2023","85","CASANARE","85440","VILLANUEVA","ARTICULO 169. SECUESTRO EXTORSIVO","1"
"10/12/2023","85","CASANARE","85440","VILLANUEVA","ARTICULO 169. SECUESTRO EXTORSIVO","1"
"07/12/2023","44","LA GUAJIRA","44847","URIBIA","ARTICULO 169. SECUESTRO EXTORSIVO","1"
"06/12/2023","41","HUILA","41396","LA PLATA","ARTICULO 169. SECUESTRO EXTORSIVO","1"
"05/12/2023","19","CAUCA","19130","CAJIBIO","ARTICULO 169. SECUESTRO EXTORSIVO","1"
"05/12/2023","19","CAUCA","19130","CAJIBIO","ARTICULO 169. SECUESTRO EXTORSIVO","1"
"04/12/2023","76","VALLE DEL CAUCA","76001","CALI","ARTICULO 169. SECUESTRO EXTORSIVO","1"
"03/12/2023","15","BOYACA","15377","LABRANZAGRANDE","ARTICULO 169. SECUESTRO EXTORSIVO","1"
"03/12/2023","15","BOYACA","15377","LABRANZAGRANDE","ARTICULO 169. SECUESTRO EXTORSIVO","1"
"29/11/2023","54","NORTE DE SANTANDER","54498","OCAÑA","ARTICULO 169. SECUESTRO EXTORSIVO","1"
"29/11/2023","76","VALLE DEL CAUCA","76364","JAMUNDI","ARTICULO 169. SECUESTRO EXTORSIVO","1"
"29/11/2023","76","VALLE DEL CAUCA","76364","JAMUNDI","ARTICULO 169. SECUESTRO EXTORSIVO","1"
"28/11/2023","25","CUNDINAMARCA","25878","VIOTA","ARTICULO 169. SECUESTRO EXTORSIVO","1"
"28/11/2023","25","CUNDINAMARCA","25878","VIOTA","ARTICULO 169. SECUESTRO EXTORSIVO","1"
"24/11/2023","05","ANTIOQUIA","05088","BELLO","ARTICULO 169. SECUESTRO EXTORSIVO","1"
"23/11/2023","25","CUNDINAMARCA","25151","CAQUEZA","ARTICULO 169. SECUESTRO EXTORSIVO","1"
"23/11/2023","25","CUNDINAMARCA","25151","CAQUEZA","ARTICULO 169. SECUESTRO EXTORSIVO","1"
"23/11/2023","25","CUNDINAMARCA","25151","CAQUEZA","ARTICULO 169. SECUESTRO EXTORSIVO","1"
"23/11/2023","50","META","50001","VILLAVICENCIO","ARTICULO 169. SECUESTRO EXTORSIVO","1"
"23/11/2023","76","VALLE DEL CAUCA","76001","CALI","ARTICULO 169. SECUESTRO EXTORSIVO","1"
"23/11/2023","76","VALLE DEL CAUCA","76001","CALI","ARTICULO 169. SECUESTRO EXTORSIVO","1"
"18/11/2023","54","NORTE DE SANTANDER","54001","CUCUTA","ARTICULO 168. SECUESTRO SIMPLE","1"
"15/11/2023","50","META","50689","SAN MARTIN","ARTICULO 169. SECUESTRO EXTORSIVO","1"
"14/11/2023","85","CASANARE","85125","HATO COROZAL","ARTICULO 169. SECUESTRO EXTORSIVO","1"
"14/11/2023","54","NORTE DE SANTANDER","54670","SAN CALIXTO","ARTICULO 168. SECUESTRO SIMPLE","1"
"12/11/2023","81","ARAUCA","81065","ARAUQUITA","ARTICULO 168. SECUESTRO SIMPLE","1"
"10/11/2023","54","NORTE DE SANTANDER","54720","SARDINATA","ARTICULO 169. SECUESTRO EXTORSIVO","1"
"10/11/2023","54","NORTE DE SANTANDER","54498","OCAÑA","ARTICULO 169. SECUESTRO EXTORSIVO","1"
"09/11/2023","76","VALLE DEL CAUCA","76318","GUACARI","ARTICULO 169. SECUESTRO EXTORSIVO","1"
"09/11/2023","76","VALLE DEL CAUCA","76318","GUACARI","ARTICULO 169. SECUESTRO EXTORSIVO","1"
"09/11/2023","81","ARAUCA","81736","SARAVENA","ARTICULO 168. SECUESTRO SIMPLE","1"
"09/11/2023","81","ARAUCA","81736","SARAVENA","ARTICULO 168. SECUESTRO SIMPLE","1"
"09/11/2023","81","ARAUCA","81736","SARAVENA","ARTICULO 168. SECUESTRO SIMPLE","1"
"03/11/2023","52","NARIÑO","52678","SAMANIEGO","ARTICULO 169. SECUESTRO EXTORSIVO","1"
"03/11/2023","52","NARIÑO","52678","SAMANIEGO","ARTICULO 169. SECUESTRO EXTORSIVO","1"
"28/10/2023","44","LA GUAJIRA","44078","BARRANCAS","ARTICULO 168. SECUESTRO SIMPLE","1"
"25/10/2023","52","NARIÑO","52418","LOS ANDES","ARTICULO 168. SECUESTRO SIMPLE","1"
"25/10/2023","52","NARIÑO","52418","LOS ANDES","ARTICULO 168. SECUESTRO SIMPLE","1"
"25/10/2023","20","CESAR","20614","RIO DE ORO","ARTICULO 168. SECUESTRO SIMPLE","1"
"23/10/2023","81","ARAUCA","81065","ARAUQUITA","ARTICULO 168. SECUESTRO SIMPLE","1"
"23/10/2023","81","ARAUCA","81065","ARAUQUITA","ARTICULO 168. SECUESTRO SIMPLE","1"
"20/10/2023","05","ANTIOQUIA","05021","ALEJANDRIA","ARTICULO 168. SECUESTRO SIMPLE","1"
"20/10/2023","41","HUILA","41551","PITALITO","ARTICULO 169. SECUESTRO EXTORSIVO","1"
"19/10/2023","86","PUTUMAYO","86568","PUERTO ASIS","ARTICULO 169. SECUESTRO EXTORSIVO","1"
"18/10/2023","85","CASANARE","85162","MONTERREY","ARTICULO 169. SECUESTRO EXTORSIVO","1"
"18/10/2023","05","ANTIOQUIA","05001","MEDELLIN","ARTICULO 168. SECUESTRO SIMPLE","1"
"18/10/2023","47","MAGDALENA","47245","EL BANCO","ARTICULO 168. SECUESTRO SIMPLE","1"
"17/10/2023","19","CAUCA","19001","POPAYAN","ARTICULO 169. SECUESTRO EXTORSIVO","1"
"15/10/2023","86","PUTUMAYO","86320","ORITO","ARTICULO 168. SECUESTRO SIMPLE","1"
"15/10/2023","52","NARIÑO","52079","BARBACOAS","ARTICULO 169. SECUESTRO EXTORSIVO","1"
"14/10/2023","17","CALDAS","17616","RISARALDA","ARTICULO 169. SECUESTRO EXTORSIVO","1"
"14/10/2023","17","CALDAS","17616","RISARALDA","ARTICULO 169. SECUESTRO EXTORSIVO","1"
"14/10/2023","54","NORTE DE SANTANDER","54001","CUCUTA","ARTICULO 169. SECUESTRO EXTORSIVO","1"
"14/10/2023","54","NORTE DE SANTANDER","54001","CUCUTA","ARTICULO 169. SECUESTRO EXTORSIVO","1"
"14/10/2023","27","CHOCO","27001","QUIBDO","ARTICULO 169. SECUESTRO EXTORSIVO","1"
"13/10/2023","52","NARIÑO","52001","PASTO","ARTICULO 169. SECUESTRO EXTORSIVO","1"
"13/10/2023","52","NARIÑO","52079","BARBACOAS","ARTICULO 169. SECUESTRO EXTORSIVO","1"
"13/10/2023","13","BOLIVAR","13688","SANTA ROSA DEL SUR","ARTICULO 168. SECUESTRO SIMPLE","1"
"13/10/2023","13","BOLIVAR","13688","SANTA ROSA DEL SUR","ARTICULO 168. SECUESTRO SIMPLE","1"
"12/10/2023","41","HUILA","41396","LA PLATA","ARTICULO 169. SECUESTRO EXTORSIVO","1"
"12/10/2023","41","HUILA","41548","PITAL","ARTICULO 168. SECUESTRO SIMPLE","1"
"12/10/2023","11","BOGOTA D.C.","11001","BOGOTA D.C.","ARTICULO 168. SECUESTRO SIMPLE","1"
"11/10/2023","50","META","50313","GRANADA","ARTICULO 169. SECUESTRO EXTORSIVO","1"
"11/10/2023","50","META","50313","GRANADA","ARTICULO 169. SECUESTRO EXTORSIVO","1"
"11/10/2023","50","META","50313","GRANADA","ARTICULO 169. SECUESTRO EXTORSIVO","1"
"10/10/2023","25","CUNDINAMARCA","25899","ZIPAQUIRA","ARTICULO 169. SECUESTRO EXTORSIVO","1"
"10/10/2023","25","CUNDINAMARCA","25899","ZIPAQUIRA","ARTICULO 169. SECUESTRO EXTORSIVO","1"
"10/10/2023","25","CUNDINAMARCA","25402","LA VEGA","ARTICULO 169. SECUESTRO EXTORSIVO","1"
"09/10/2023","25","CUNDINAMARCA","25473","MOSQUERA","ARTICULO 168. SECUESTRO SIMPLE","1"
"09/10/2023","52","NARIÑO","52838","TUQUERRES","ARTICULO 168. SECUESTRO SIMPLE","1"
"09/10/2023","52","NARIÑO","52838","TUQUERRES","ARTICULO 168. SECUESTRO SIMPLE","1"
"09/10/2023","52","NARIÑO","52838","TUQUERRES","ARTICULO 168. SECUESTRO SIMPLE","1"
"05/10/2023","50","META","50683","SAN JUAN DE ARAMA","ARTICULO 169. SECUESTRO EXTORSIVO","1"
"05/10/2023","50","META","50683","SAN JUAN DE ARAMA","ARTICULO 169. SECUESTRO EXTORSIVO","1"
"05/10/2023","05","ANTIOQUIA","05154","CAUCASIA","ARTICULO 168. SECUESTRO SIMPLE","1"
"05/10/2023","05","ANTIOQUIA","05001","MEDELLIN","ARTICULO 168. SECUESTRO SIMPLE","1"
"02/10/2023","54","NORTE DE SANTANDER","54498","OCAÑA","ARTICULO 168. SECUESTRO SIMPLE","1"
"02/10/2023","52","NARIÑO","52835","SAN ANDRES DE TUMACO","ARTICULO 168. SECUESTRO SIMPLE","1"
"23/09/2023","52","NARIÑO","52835","SAN ANDRES DE TUMACO","ARTICULO 169. SECUESTRO EXTORSIVO","1"
"22/09/2023","54","NORTE DE SANTANDER","54498","OCAÑA","ARTICULO 169. SECUESTRO EXTORSIVO","1"
"20/09/2023","05","ANTIOQUIA","05001","MEDELLIN","ARTICULO 169. SECUESTRO EXTORSIVO","1"
"19/09/2023","76","VALLE DEL CAUCA","76109","BUENAVENTURA","ARTICULO 169. SECUESTRO EXTORSIVO","1"
"16/09/2023","05","ANTIOQUIA","05380","LA ESTRELLA","ARTICULO 169. SECUESTRO EXTORSIVO","1"
"15/09/2023","52","NARIÑO","52079","BARBACOAS","ARTICULO 169. SECUESTRO EXTORSIVO","1"
"15/09/2023","15","BOYACA","15238","DUITAMA","ARTICULO 168. SECUESTRO SIMPLE","1"
"15/09/2023","19","CAUCA","19100","BOLIVAR","ARTICULO 168. SECUESTRO SIMPLE","1"
"15/09/2023","76","VALLE DEL CAUCA","76001","CALI","ARTICULO 169. SECUESTRO EXTORSIVO","1"
"13/09/2023","76","VALLE DEL CAUCA","76109","BUENAVENTURA","ARTICULO 169. SECUESTRO EXTORSIVO","1"
"09/09/2023","41","HUILA","41551","PITALITO","ARTICULO 169. SECUESTRO EXTORSIVO","1"
"07/09/2023","05","ANTIOQUIA","05129","CALDAS","ARTICULO 169. SECUESTRO EXTORSIVO","1"
"06/09/2023","11","BOGOTA D.C.","11001","BOGOTA D.C.","ARTICULO 169. SECUESTRO EXTORSIVO","1"
"05/09/2023","76","VALLE DEL CAUCA","76109","BUENAVENTURA","ARTICULO 169. SECUESTRO EXTORSIVO","1"
"05/09/2023","15","BOYACA","15759","SOGAMOSO","ARTICULO 168. SECUESTRO SIMPLE","1"
"04/09/2023","20","CESAR","20228","CURUMANI","ARTICULO 169. SECUESTRO EXTORSIVO","1"
"02/09/2023","54","NORTE DE SANTANDER","54810","TIBU","ARTICULO 169. SECUESTRO EXTORSIVO","1"
"02/09/2023","76","VALLE DEL CAUCA","76001","CALI","ARTICULO 168. SECUESTRO SIMPLE","1"
"01/09/2023","76","VALLE DEL CAUCA","76001","CALI","ARTICULO 168. SECUESTRO SIMPLE","1"
"30/08/2023","11","BOGOTA D.C.","11001","BOGOTA D.C.","ARTICULO 169. SECUESTRO EXTORSIVO","1"
"26/08/2023","76","VALLE DEL CAUCA","76001","CALI","ARTICULO 168. SECUESTRO SIMPLE","1"
"25/08/2023","05","ANTIOQUIA","05001","MEDELLIN","ARTICULO 169. SECUESTRO EXTORSIVO","1"
"24/08/2023","52","NARIÑO","52079","BARBACOAS","ARTICULO 169. SECUESTRO EXTORSIVO","1"
"24/08/2023","52","NARIÑO","52079","BARBACOAS","ARTICULO 169. SECUESTRO EXTORSIVO","1"
"21/08/2023","05","ANTIOQUIA","05425","MACEO","ARTICULO 169. SECUESTRO EXTORSIVO","1"
"20/08/2023","81","ARAUCA","81300","FORTUL","ARTICULO 168. SECUESTRO SIMPLE","1"
"19/08/2023","52","NARIÑO","52835","SAN ANDRES DE TUMACO","ARTICULO 169. SECUESTRO EXTORSIVO","1"
"19/08/2023","85","CASANARE","85250","PAZ DE ARIPORO","ARTICULO 169. SECUESTRO EXTORSIVO","1"
"18/08/2023","52","NARIÑO","52233","CUMBITARA","ARTICULO 168. SECUESTRO SIMPLE","1"
"18/08/2023","52","NARIÑO","52233","CUMBITARA","ARTICULO 168. SECUESTRO SIMPLE","1"
"16/08/2023","76","VALLE DEL CAUCA","76001","CALI","ARTICULO 168. SECUESTRO SIMPLE","1"
"16/08/2023","05","ANTIOQUIA","05001","MEDELLIN","ARTICULO 169. SECUESTRO EXTORSIVO","1"
"14/08/2023","11","BOGOTA D.C.","11001","BOGOTA D.C.","ARTICULO 168. SECUESTRO SIMPLE","1"
"14/08/2023","86","PUTUMAYO","86573","PUERTO LEGUIZAMO","ARTICULO 168. SECUESTRO SIMPLE","1"
"14/08/2023","81","ARAUCA","81736","SARAVENA","ARTICULO 168. SECUESTRO SIMPLE","1"
"14/08/2023","73","TOLIMA","73449","MELGAR","ARTICULO 169. SECUESTRO EXTORSIVO","1"
"14/08/2023","73","TOLIMA","73449","MELGAR","ARTICULO 169. SECUESTRO EXTORSIVO","1"
"12/08/2023","47","MAGDALENA","47189","CIENAGA","ARTICULO 169. SECUESTRO EXTORSIVO","1"
"12/08/2023","27","CHOCO","27250","EL LITORAL DEL SAN JUAN","ARTICULO 168. SECUESTRO SIMPLE","1"
"12/08/2023","19","CAUCA","19142","CALOTO","ARTICULO 168. SECUESTRO SIMPLE","1"
"11/08/2023","76","VALLE DEL CAUCA","76001","CALI","ARTICULO 169. SECUESTRO EXTORSIVO","1"
"11/08/2023","05","ANTIOQUIA","05400","LA UNION","ARTICULO 169. SECUESTRO EXTORSIVO","1"
"10/08/2023","81","ARAUCA","81065","ARAUQUITA","ARTICULO 168. SECUESTRO SIMPLE","1"
"10/08/2023","52","NARIÑO","52079","BARBACOAS","ARTICULO 169. SECUESTRO EXTORSIVO","1"
"09/08/2023","54","NORTE DE SANTANDER","54810","TIBU","ARTICULO 168. SECUESTRO SIMPLE","1"
"03/08/2023","54","NORTE DE SANTANDER","54810","TIBU","ARTICULO 168. SECUESTRO SIMPLE","1"
"02/08/2023","54","NORTE DE SANTANDER","54680","SANTIAGO","ARTICULO 169. SECUESTRO EXTORSIVO","1"
"31/07/2023","52","NARIÑO","52835","SAN ANDRES DE TUMACO","ARTICULO 169. SECUESTRO EXTORSIVO","1"
"29/07/2023","19","CAUCA","19290","FLORENCIA","ARTICULO 168. SECUESTRO SIMPLE","1"
"28/07/2023","05","ANTIOQUIA","05321","GUATAPE","ARTICULO 169. SECUESTRO EXTORSIVO","1"
"25/07/2023","86","PUTUMAYO","86568","PUERTO ASIS","ARTICULO 169. SECUESTRO EXTORSIVO","1"
"22/07/2023","54","NORTE DE SANTANDER","54001","CUCUTA","ARTICULO 169. SECUESTRO EXTORSIVO","1"
"22/07/2023","54","NORTE DE SANTANDER","54001","CUCUTA","ARTICULO 169. SECUESTRO EXTORSIVO","1"
"21/07/2023","54","NORTE DE SANTANDER","54498","OCAÑA","ARTICULO 169. SECUESTRO EXTORSIVO","1"
"21/07/2023","54","NORTE DE SANTANDER","54498","OCAÑA","ARTICULO 169. SECUESTRO EXTORSIVO","1"
"21/07/2023","81","ARAUCA","81065","ARAUQUITA","ARTICULO 168. SECUESTRO SIMPLE","1"
"20/07/2023","50","META","50568","PUERTO GAITAN","ARTICULO 169. SECUESTRO EXTORSIVO","1"
"18/07/2023","05","ANTIOQUIA","05001","MEDELLIN","ARTICULO 168. SECUESTRO SIMPLE","1"
"14/07/2023","19","CAUCA","19622","ROSAS","ARTICULO 169. SECUESTRO EXTORSIVO","1"
"14/07/2023","54","NORTE DE SANTANDER","54003","ABREGO","ARTICULO 168. SECUESTRO SIMPLE","1"
"14/07/2023","76","VALLE DEL CAUCA","76109","BUENAVENTURA","ARTICULO 168. SECUESTRO SIMPLE","1"
"13/07/2023","05","ANTIOQUIA","05001","MEDELLIN","ARTICULO 169. SECUESTRO EXTORSIVO","1"
"12/07/2023","25","CUNDINAMARCA","25307","GIRARDOT","ARTICULO 169. SECUESTRO EXTORSIVO","1"
"11/07/2023","85","CASANARE","85440","VILLANUEVA","ARTICULO 168. SECUESTRO SIMPLE","1"
"11/07/2023","54","NORTE DE SANTANDER","54001","CUCUTA","ARTICULO 169. SECUESTRO EXTORSIVO","1"
"09/07/2023","05","ANTIOQUIA","05001","MEDELLIN","ARTICULO 169. SECUESTRO EXTORSIVO","1"
"09/07/2023","66","RISARALDA","66001","PEREIRA","ARTICULO 169. SECUESTRO EXTORSIVO","1"
"05/07/2023","54","NORTE DE SANTANDER","54003","ABREGO","ARTICULO 169. SECUESTRO EXTORSIVO","1"
"05/07/2023","05","ANTIOQUIA","05154","CAUCASIA","ARTICULO 168. SECUESTRO SIMPLE","1"
"04/07/2023","05","ANTIOQUIA","05380","LA ESTRELLA","ARTICULO 169. SECUESTRO EXTORSIVO","1"
"04/07/2023","52","NARIÑO","52835","SAN ANDRES DE TUMACO","ARTICULO 168. SECUESTRO SIMPLE","1"
"04/07/2023","52","NARIÑO","52835","SAN ANDRES DE TUMACO","ARTICULO 168. SECUESTRO SIMPLE","1"
"04/07/2023","81","ARAUCA","81300","FORTUL","ARTICULO 168. SECUESTRO SIMPLE","1"
"04/07/2023","81","ARAUCA","81300","FORTUL","ARTICULO 168. SECUESTRO SIMPLE","1"
"04/07/2023","81","ARAUCA","81300","FORTUL","ARTICULO 168. SECUESTRO SIMPLE","1"
"21/06/2023","25","CUNDINAMARCA","25175","CHIA","ARTICULO 169. SECUESTRO EXTORSIVO","1"
"16/06/2023","76","VALLE DEL CAUCA","76001","CALI","ARTICULO 168. SECUESTRO SIMPLE","1"
"16/06/2023","20","CESAR","20550","PELAYA","ARTICULO 169. SECUESTRO EXTORSIVO","1"
"15/06/2023","15","BOYACA","15183","CHITA","ARTICULO 169. SECUESTRO EXTORSIVO","1"
"15/06/2023","20","CESAR","20550","PELAYA","ARTICULO 169. SECUESTRO EXTORSIVO","1"
"13/06/2023","81","ARAUCA","81736","SARAVENA","ARTICULO 168. SECUESTRO SIMPLE","1"
"13/06/2023","81","ARAUCA","81736","SARAVENA","ARTICULO 168. SECUESTRO SIMPLE","1"
"10/06/2023","54","NORTE DE SANTANDER","54498","OCAÑA","ARTICULO 169. SECUESTRO EXTORSIVO","1"
"10/06/2023","76","VALLE DEL CAUCA","76606","RESTREPO","ARTICULO 169. SECUESTRO EXTORSIVO","1"
"09/06/2023","05","ANTIOQUIA","05690","SANTO DOMINGO","ARTICULO 169. SECUESTRO EXTORSIVO","1"
"09/06/2023","13","BOLIVAR","13688","SANTA ROSA DEL SUR","ARTICULO 168. SECUESTRO SIMPLE","1"
"09/06/2023","13","BOLIVAR","13688","SANTA ROSA DEL SUR","ARTICULO 168. SECUESTRO SIMPLE","1"
"09/06/2023","13","BOLIVAR","13688","SANTA ROSA DEL SUR","ARTICULO 168. SECUESTRO SIMPLE","1"
"09/06/2023","13","BOLIVAR","13688","SANTA ROSA DEL SUR","ARTICULO 168. SECUESTRO SIMPLE","1"
"09/06/2023","13","BOLIVAR","13688","SANTA ROSA DEL SUR","ARTICULO 168. SECUESTRO SIMPLE","1"
"08/06/2023","76","VALLE DEL CAUCA","76520","PALMIRA","ARTICULO 169. SECUESTRO EXTORSIVO","1"
"07/06/2023","76","VALLE DEL CAUCA","76364","JAMUNDI","ARTICULO 169. SECUESTRO EXTORSIVO","1"
"05/06/2023","05","ANTIOQUIA","05887","YARUMAL","ARTICULO 169. SECUESTRO EXTORSIVO","1"
"05/06/2023","05","ANTIOQUIA","05890","YOLOMBO","ARTICULO 168. SECUESTRO SIMPLE","1"
"02/06/2023","76","VALLE DEL CAUCA","76364","JAMUNDI","ARTICULO 169. SECUESTRO EXTORSIVO","1"
"02/06/2023","76","VALLE DEL CAUCA","76364","JAMUNDI","ARTICULO 169. SECUESTRO EXTORSIVO","1"
"01/06/2023","54","NORTE DE SANTANDER","54810","TIBU","ARTICULO 168. SECUESTRO SIMPLE","1"
"01/06/2023","54","NORTE DE SANTANDER","54810","TIBU","ARTICULO 168. SECUESTRO SIMPLE","1"
"01/06/2023","76","VALLE DEL CAUCA","76400","LA UNION","ARTICULO 169. SECUESTRO EXTORSIVO","1"
"29/05/2023","47","MAGDALENA","47001","SANTA MARTA","ARTICULO 169. SECUESTRO EXTORSIVO","1"
"29/05/2023","85","CASANARE","85250","PAZ DE ARIPORO","ARTICULO 168. SECUESTRO SIMPLE","1"
"29/05/2023","76","VALLE DEL CAUCA","76130","CANDELARIA","ARTICULO 169. SECUESTRO EXTORSIVO","1"
"27/05/2023","11","BOGOTA D.C.","11001","BOGOTA D.C.","ARTICULO 169. SECUESTRO EXTORSIVO","1"
"27/05/2023","19","CAUCA","19450","MERCADERES","ARTICULO 168. SECUESTRO SIMPLE","1"
"26/05/2023","76","VALLE DEL CAUCA","76001","CALI","ARTICULO 169. SECUESTRO EXTORSIVO","1"
"26/05/2023","20","CESAR","20614","RIO DE ORO","ARTICULO 169. SECUESTRO EXTORSIVO","1"
"18/05/2023","19","CAUCA","19001","POPAYAN","ARTICULO 169. SECUESTRO EXTORSIVO","1"
"18/05/2023","05","ANTIOQUIA","05591","PUERTO TRIUNFO","ARTICULO 169. SECUESTRO EXTORSIVO","1"
"17/05/2023","50","META","50313","GRANADA","ARTICULO 169. SECUESTRO EXTORSIVO","1"
"17/05/2023","50","META","50313","GRANADA","ARTICULO 169. SECUESTRO EXTORSIVO","1"
"17/05/2023","54","NORTE DE SANTANDER","54206","CONVENCION","ARTICULO 169. SECUESTRO EXTORSIVO","1"
"17/05/2023","54","NORTE DE SANTANDER","54206","CONVENCION","ARTICULO 169. SECUESTRO EXTORSIVO","1"
"13/05/2023","81","ARAUCA","81736","SARAVENA","ARTICULO 168. SECUESTRO SIMPLE","1"
"13/05/2023","81","ARAUCA","81736","SARAVENA","ARTICULO 168. SECUESTRO SIMPLE","1"
"13/05/2023","20","CESAR","20383","LA GLORIA","ARTICULO 169. SECUESTRO EXTORSIVO","1"
"11/05/2023","25","CUNDINAMARCA","25740","SIBATE","ARTICULO 169. SECUESTRO EXTORSIVO","1"
"10/05/2023","13","BOLIVAR","13001","CARTAGENA DE INDIAS","ARTICULO 169. SECUESTRO EXTORSIVO","1"
"10/05/2023","13","BOLIVAR","13001","CARTAGENA DE INDIAS","ARTICULO 169. SECUESTRO EXTORSIVO","1"
"10/05/2023","76","VALLE DEL CAUCA","76001","CALI","ARTICULO 169. SECUESTRO EXTORSIVO","1"
"09/05/2023","05","ANTIOQUIA","05615","RIONEGRO","ARTICULO 168. SECUESTRO SIMPLE","1"
"09/05/2023","05","ANTIOQUIA","05615","RIONEGRO","ARTICULO 168. SECUESTRO SIMPLE","1"
"07/05/2023","81","ARAUCA","81065","ARAUQUITA","ARTICULO 168. SECUESTRO SIMPLE","1"
"05/05/2023","05","ANTIOQUIA","05212","COPACABANA","ARTICULO 169. SECUESTRO EXTORSIVO","1"
"05/05/2023","05","ANTIOQUIA","05212","COPACABANA","ARTICULO 169. SECUESTRO EXTORSIVO","1"
"05/05/2023","05","ANTIOQUIA","05212","COPACABANA","ARTICULO 169. SECUESTRO EXTORSIVO","1"
"05/05/2023","05","ANTIOQUIA","05212","COPACABANA","ARTICULO 169. SECUESTRO EXTORSIVO","1"
"05/05/2023","05","ANTIOQUIA","05212","COPACABANA","ARTICULO 169. SECUESTRO EXTORSIVO","1"
"05/05/2023","05","ANTIOQUIA","05212","COPACABANA","ARTICULO 169. SECUESTRO EXTORSIVO","1"
"04/05/2023","11","BOGOTA D.C.","11001","BOGOTA D.C.","ARTICULO 168. SECUESTRO SIMPLE","1"
"03/05/2023","19","CAUCA","19532","PATIA","ARTICULO 169. SECUESTRO EXTORSIVO","1"
"03/05/2023","19","CAUCA","19532","PATIA","ARTICULO 169. SECUESTRO EXTORSIVO","1"
"01/05/2023","50","META","50001","VILLAVICENCIO","ARTICULO 169. SECUESTRO EXTORSIVO","1"
"29/04/2023","54","NORTE DE SANTANDER","54810","TIBU","ARTICULO 168. SECUESTRO SIMPLE","1"
"29/04/2023","54","NORTE DE SANTANDER","54810","TIBU","ARTICULO 168. SECUESTRO SIMPLE","1"
"28/04/2023","54","NORTE DE SANTANDER","54680","SANTIAGO","ARTICULO 169. SECUESTRO EXTORSIVO","1"
"26/04/2023","54","NORTE DE SANTANDER","54498","OCAÑA","ARTICULO 168. SECUESTRO SIMPLE","1"
"25/04/2023","76","VALLE DEL CAUCA","76001","CALI","ARTICULO 169. SECUESTRO EXTORSIVO","1"
"24/04/2023","20","CESAR","20228","CURUMANI","ARTICULO 169. SECUESTRO EXTORSIVO","1"
"20/04/2023","66","RISARALDA","66001","PEREIRA","ARTICULO 168. SECUESTRO SIMPLE","1"
"19/04/2023","54","NORTE DE SANTANDER","54800","TEORAMA","ARTICULO 168. SECUESTRO SIMPLE","1"
"14/04/2023","11","BOGOTA D.C.","11001","BOGOTA D.C.","ARTICULO 169. SECUESTRO EXTORSIVO","1"
"12/04/2023","11","BOGOTA D.C.","11001","BOGOTA D.C.","ARTICULO 169. SECUESTRO EXTORSIVO","1"
"12/04/2023","15","BOYACA","15755","SOCOTA","ARTICULO 169. SECUESTRO EXTORSIVO","1"
"11/04/2023","54","NORTE DE SANTANDER","54001","CUCUTA","ARTICULO 169. SECUESTRO EXTORSIVO","1"
"10/04/2023","05","ANTIOQUIA","05001","MEDELLIN","ARTICULO 169. SECUESTRO EXTORSIVO","1"
"10/04/2023","54","NORTE DE SANTANDER","54250","EL TARRA","ARTICULO 168. SECUESTRO SIMPLE","1"
"10/04/2023","54","NORTE DE SANTANDER","54250","EL TARRA","ARTICULO 168. SECUESTRO SIMPLE","1"
"09/04/2023","52","NARIÑO","52835","SAN ANDRES DE TUMACO","ARTICULO 169. SECUESTRO EXTORSIVO","1"
"08/04/2023","27","CHOCO","27160","CERTEGUI","ARTICULO 169. SECUESTRO EXTORSIVO","1"
"04/04/2023","76","VALLE DEL CAUCA","76001","CALI","ARTICULO 169. SECUESTRO EXTORSIVO","1"
"01/04/2023","76","VALLE DEL CAUCA","76520","PALMIRA","ARTICULO 169. SECUESTRO EXTORSIVO","1"
"31/03/2023","25","CUNDINAMARCA","25754","SOACHA","ARTICULO 169. SECUESTRO EXTORSIVO","1"
"31/03/2023","11","BOGOTA D.C.","11001","BOGOTA D.C.","ARTICULO 169. SECUESTRO EXTORSIVO","1"
"31/03/2023","19","CAUCA","19001","POPAYAN","ARTICULO 169. SECUESTRO EXTORSIVO","1"
"31/03/2023","76","VALLE DEL CAUCA","76834","TULUA","ARTICULO 169. SECUESTRO EXTORSIVO","1"
"31/03/2023","11","BOGOTA D.C.","11001","BOGOTA D.C.","ARTICULO 169. SECUESTRO EXTORSIVO","1"
"31/03/2023","25","CUNDINAMARCA","25754","SOACHA","ARTICULO 169. SECUESTRO EXTORSIVO","1"
"29/03/2023","27","CHOCO","27001","QUIBDO","ARTICULO 169. SECUESTRO EXTORSIVO","1"
"28/03/2023","54","NORTE DE SANTANDER","54800","TEORAMA","ARTICULO 169. SECUESTRO EXTORSIVO","1"
"27/03/2023","52","NARIÑO","52540","POLICARPA","ARTICULO 168. SECUESTRO SIMPLE","1"
"24/03/2023","19","CAUCA","19075","BALBOA","ARTICULO 168. SECUESTRO SIMPLE","1"
"23/03/2023","76","VALLE DEL CAUCA","76109","BUENAVENTURA","ARTICULO 169. SECUESTRO EXTORSIVO","1"
"23/03/2023","19","CAUCA","19392","LA SIERRA","ARTICULO 168. SECUESTRO SIMPLE","1"
"23/03/2023","52","NARIÑO","52835","SAN ANDRES DE TUMACO","ARTICULO 169. SECUESTRO EXTORSIVO","1"
"21/03/2023","05","ANTIOQUIA","05079","BARBOSA","ARTICULO 169. SECUESTRO EXTORSIVO","1"
"21/03/2023","54","NORTE DE SANTANDER","54810","TIBU","ARTICULO 168. SECUESTRO SIMPLE","1"
"21/03/2023","54","NORTE DE SANTANDER","54206","CONVENCION","ARTICULO 169. SECUESTRO EXTORSIVO","1"
"21/03/2023","54","NORTE DE SANTANDER","54206","CONVENCION","ARTICULO 169. SECUESTRO EXTORSIVO","1"
"21/03/2023","19","CAUCA","19130","CAJIBIO","ARTICULO 169. SECUESTRO EXTORSIVO","1"
"21/03/2023","19","CAUCA","19130","CAJIBIO","ARTICULO 169. SECUESTRO EXTORSIVO","1"
"21/03/2023","19","CAUCA","19130","CAJIBIO","ARTICULO 169. SECUESTRO EXTORSIVO","1"
"20/03/2023","52","NARIÑO","52001","PASTO","ARTICULO 168. SECUESTRO SIMPLE","1"
"20/03/2023","85","CASANARE","85139","MANI","ARTICULO 168. SECUESTRO SIMPLE","1"
"18/03/2023","86","PUTUMAYO","86573","PUERTO LEGUIZAMO","ARTICULO 168. SECUESTRO SIMPLE","1"
"16/03/2023","05","ANTIOQUIA","05001","MEDELLIN","ARTICULO 169. SECUESTRO EXTORSIVO","1"
"16/03/2023","68","SANTANDER","68861","VELEZ","ARTICULO 168. SECUESTRO SIMPLE","1"
"15/03/2023","54","NORTE DE SANTANDER","54001","CUCUTA","ARTICULO 169. SECUESTRO EXTORSIVO","1"
"15/03/2023","54","NORTE DE SANTANDER","54001","CUCUTA","ARTICULO 169. SECUESTRO EXTORSIVO","1"
"14/03/2023","05","ANTIOQUIA","05001","MEDELLIN","ARTICULO 169. SECUESTRO EXTORSIVO","1"
"13/03/2023","08","ATLANTICO","08573","PUERTO COLOMBIA","ARTICULO 169. SECUESTRO EXTORSIVO","1"
"07/03/2023","44","LA GUAJIRA","44430","MAICAO","ARTICULO 169. SECUESTRO EXTORSIVO","1"
"07/03/2023","44","LA GUAJIRA","44430","MAICAO","ARTICULO 169. SECUESTRO EXTORSIVO","1"
"05/03/2023","20","CESAR","20787","TAMALAMEQUE","ARTICULO 169. SECUESTRO EXTORSIVO","1"
"04/03/2023","50","META","50568","PUERTO GAITAN","ARTICULO 169. SECUESTRO EXTORSIVO","1"
"01/03/2023","54","NORTE DE SANTANDER","54001","CUCUTA","ARTICULO 168. SECUESTRO SIMPLE","1"
"01/03/2023","54","NORTE DE SANTANDER","54810","TIBU","ARTICULO 169. SECUESTRO EXTORSIVO","1"
"26/02/2023","11","BOGOTA D.C.","11001","BOGOTA D.C.","ARTICULO 168. SECUESTRO SIMPLE","1"
"24/02/2023","76","VALLE DEL CAUCA","76109","BUENAVENTURA","ARTICULO 169. SECUESTRO EXTORSIVO","1"
"20/02/2023","05","ANTIOQUIA","05380","LA ESTRELLA","ARTICULO 169. SECUESTRO EXTORSIVO","1"
"19/02/2023","81","ARAUCA","81001","ARAUCA","ARTICULO 169. SECUESTRO EXTORSIVO","1"
"17/02/2023","05","ANTIOQUIA","05042","SANTA FE DE ANTIOQUIA","ARTICULO 169. SECUESTRO EXTORSIVO","1"
"14/02/2023","81","ARAUCA","81065","ARAUQUITA","ARTICULO 168. SECUESTRO SIMPLE","1"
"13/02/2023","52","NARIÑO","52001","PASTO","ARTICULO 169. SECUESTRO EXTORSIVO","1"
"12/02/2023","52","NARIÑO","52356","IPIALES","ARTICULO 169. SECUESTRO EXTORSIVO","1"
"11/02/2023","81","ARAUCA","81001","ARAUCA","ARTICULO 168. SECUESTRO SIMPLE","1"
"11/02/2023","76","VALLE DEL CAUCA","76001","CALI","ARTICULO 168. SECUESTRO SIMPLE","1"
"11/02/2023","76","VALLE DEL CAUCA","76001","CALI","ARTICULO 168. SECUESTRO SIMPLE","1"
"10/02/2023","11","BOGOTA D.C.","11001","BOGOTA D.C.","ARTICULO 168. SECUESTRO SIMPLE","1"
"05/02/2023","05","ANTIOQUIA","05212","COPACABANA","ARTICULO 169. SECUESTRO EXTORSIVO","1"
"05/02/2023","25","CUNDINAMARCA","25269","FACATATIVA","ARTICULO 169. SECUESTRO EXTORSIVO","1"
"05/02/2023","25","CUNDINAMARCA","25269","FACATATIVA","ARTICULO 169. SECUESTRO EXTORSIVO","1"
"03/02/2023","05","ANTIOQUIA","05380","LA ESTRELLA","ARTICULO 169. SECUESTRO EXTORSIVO","1"
"03/02/2023","05","ANTIOQUIA","05380","LA ESTRELLA","ARTICULO 169. SECUESTRO EXTORSIVO","1"
"03/02/2023","05","ANTIOQUIA","05790","TARAZA","ARTICULO 168. SECUESTRO SIMPLE","1"
"03/02/2023","05","ANTIOQUIA","05790","TARAZA","ARTICULO 168. SECUESTRO SIMPLE","1"
"03/02/2023","05","ANTIOQUIA","05790","TARAZA","ARTICULO 168. SECUESTRO SIMPLE","1"
"03/02/2023","05","ANTIOQUIA","05790","TARAZA","ARTICULO 168. SECUESTRO SIMPLE","1"
"02/02/2023","76","VALLE DEL CAUCA","76001","CALI","ARTICULO 169. SECUESTRO EXTORSIVO","1"
"31/01/2023","05","ANTIOQUIA","05001","MEDELLIN","ARTICULO 168. SECUESTRO SIMPLE","1"
"30/01/2023","54","NORTE DE SANTANDER","54001","CUCUTA","ARTICULO 169. SECUESTRO EXTORSIVO","1"
"30/01/2023","54","NORTE DE SANTANDER","54001","CUCUTA","ARTICULO 169. SECUESTRO EXTORSIVO","1"
"27/01/2023","85","CASANARE","85325","SAN LUIS DE PALENQUE","ARTICULO 169. SECUESTRO EXTORSIVO","1"
"26/01/2023","50","META","50680","SAN CARLOS DE GUAROA","ARTICULO 169. SECUESTRO EXTORSIVO","1"
"26/01/2023","50","META","50680","SAN CARLOS DE GUAROA","ARTICULO 169. SECUESTRO EXTORSIVO","1"
"26/01/2023","19","CAUCA","19698","SANTANDER DE QUILICHAO","ARTICULO 169. SECUESTRO EXTORSIVO","1"
"26/01/2023","19","CAUCA","19698","SANTANDER DE QUILICHAO","ARTICULO 169. SECUESTRO EXTORSIVO","1"
"24/01/2023","50","META","50577","PUERTO LLERAS","ARTICULO 169. SECUESTRO EXTORSIVO","1"
"24/01/2023","76","VALLE DEL CAUCA","76130","CANDELARIA","ARTICULO 169. SECUESTRO EXTORSIVO","1"
"23/01/2023","19","CAUCA","19001","POPAYAN","ARTICULO 169. SECUESTRO EXTORSIVO","1"
"23/01/2023","19","CAUCA","19001","POPAYAN","ARTICULO 169. SECUESTRO EXTORSIVO","1"
"23/01/2023","05","ANTIOQUIA","05361","ITUANGO","ARTICULO 168. SECUESTRO SIMPLE","1"
"23/01/2023","05","ANTIOQUIA","05361","ITUANGO","ARTICULO 168. SECUESTRO SIMPLE","1"
"21/01/2023","25","CUNDINAMARCA","25035","ANAPOIMA","ARTICULO 169. SECUESTRO EXTORSIVO","1"
"20/01/2023","05","ANTIOQUIA","05190","CISNEROS","ARTICULO 169. SECUESTRO EXTORSIVO","1"
"18/01/2023","76","VALLE DEL CAUCA","76001","CALI","ARTICULO 169. SECUESTRO EXTORSIVO","1"
"18/01/2023","76","VALLE DEL CAUCA","76001","CALI","ARTICULO 169. SECUESTRO EXTORSIVO","1"
"17/01/2023","50","META","50568","PUERTO GAITAN","ARTICULO 168. SECUESTRO SIMPLE","1"
"16/01/2023","19","CAUCA","19532","PATIA","ARTICULO 169. SECUESTRO EXTORSIVO","1"
"15/01/2023","05","ANTIOQUIA","05001","MEDELLIN","ARTICULO 169. SECUESTRO EXTORSIVO","1"
"15/01/2023","05","ANTIOQUIA","05001","MEDELLIN","ARTICULO 169. SECUESTRO EXTORSIVO","1"
"13/01/2023","08","ATLANTICO","08001","BARRANQUILLA","ARTICULO 169. SECUESTRO EXTORSIVO","1"
"10/01/2023","54","NORTE DE SANTANDER","54001","CUCUTA","ARTICULO 169. SECUESTRO EXTORSIVO","1"
"10/01/2023","54","NORTE DE SANTANDER","54001","CUCUTA","ARTICULO 169. SECUESTRO EXTORSIVO","1"
"10/01/2023","68","SANTANDER","68406","LEBRIJA","ARTICULO 168. SECUESTRO SIMPLE","1"
"09/01/2023","11","BOGOTA D.C.","11001","BOGOTA D.C.","ARTICULO 169. SECUESTRO EXTORSIVO","1"
"08/01/2023","27","CHOCO","27430","MEDIO BAUDO","ARTICULO 169. SECUESTRO EXTORSIVO","1"
"08/01/2023","27","CHOCO","27430","MEDIO BAUDO","ARTICULO 169. SECUESTRO EXTORSIVO","1"
"07/01/2023","52","NARIÑO","52835","SAN ANDRES DE TUMACO","ARTICULO 169. SECUESTRO EXTORSIVO","1"
"07/01/2023","54","NORTE DE SANTANDER","54498","OCAÑA","ARTICULO 169. SECUESTRO EXTORSIVO","1"
"07/01/2023","05","ANTIOQUIA","05001","MEDELLIN","ARTICULO 169. SECUESTRO EXTORSIVO","1"
"07/01/2023","05","ANTIOQUIA","05001","MEDELLIN","ARTICULO 169. SECUESTRO EXTORSIVO","1"
"07/01/2023","25","CUNDINAMARCA","25473","MOSQUERA","ARTICULO 169. SECUESTRO EXTORSIVO","1"
"07/01/2023","05","ANTIOQUIA","05001","MEDELLIN","ARTICULO 168. SECUESTRO SIMPLE","1"
"04/01/2023","50","META","50568","PUERTO GAITAN","ARTICULO 169. SECUESTRO EXTORSIVO","1"
"03/01/2023","76","VALLE DEL CAUCA","76109","BUENAVENTURA","ARTICULO 169. SECUESTRO EXTORSIVO","1"
"29/12/2022","20","CESAR","20787","TAMALAMEQUE","ARTICULO 169. SECUESTRO EXTORSIVO","1"
"28/12/2022","54","NORTE DE SANTANDER","54810","TIBU","ARTICULO 168. SECUESTRO SIMPLE","1"
"28/12/2022","54","NORTE DE SANTANDER","54810","TIBU","ARTICULO 168. SECUESTRO SIMPLE","1"
"28/12/2022","54","NORTE DE SANTANDER","54810","TIBU","ARTICULO 168. SECUESTRO SIMPLE","1"
"28/12/2022","76","VALLE DEL CAUCA","76001","CALI","ARTICULO 168. SECUESTRO SIMPLE","1"
"21/12/2022","05","ANTIOQUIA","05088","BELLO","ARTICULO 169. SECUESTRO EXTORSIVO","1"
"20/12/2022","54","NORTE DE SANTANDER","54874","VILLA DEL ROSARIO","ARTICULO 169. SECUESTRO EXTORSIVO","1"
"20/12/2022","54","NORTE DE SANTANDER","54874","VILLA DEL ROSARIO","ARTICULO 169. SECUESTRO EXTORSIVO","1"
"20/12/2022","54","NORTE DE SANTANDER","54874","VILLA DEL ROSARIO","ARTICULO 169. SECUESTRO EXTORSIVO","1"
"20/12/2022","54","NORTE DE SANTANDER","54874","VILLA DEL ROSARIO","ARTICULO 169. SECUESTRO EXTORSIVO","1"
"20/12/2022","11","BOGOTA D.C.","11001","BOGOTA D.C.","ARTICULO 169. SECUESTRO EXTORSIVO","1"
"20/12/2022","50","META","50313","GRANADA","ARTICULO 169. SECUESTRO EXTORSIVO","1"
"20/12/2022","11","BOGOTA D.C.","11001","BOGOTA D.C.","ARTICULO 169. SECUESTRO EXTORSIVO","1"
"20/12/2022","11","BOGOTA D.C.","11001","BOGOTA D.C.","ARTICULO 169. SECUESTRO EXTORSIVO","1"
"18/12/2022","76","VALLE DEL CAUCA","76001","CALI","ARTICULO 169. SECUESTRO EXTORSIVO","1"
"12/12/2022","73","TOLIMA","73001","IBAGUE","ARTICULO 169. SECUESTRO EXTORSIVO","1"
"12/12/2022","68","SANTANDER","68547","PIEDECUESTA","ARTICULO 168. SECUESTRO SIMPLE","1"
"10/12/2022","25","CUNDINAMARCA","25335","GUAYABETAL","ARTICULO 168. SECUESTRO SIMPLE","1"
"10/12/2022","25","CUNDINAMARCA","25335","GUAYABETAL","ARTICULO 168. SECUESTRO SIMPLE","1"
"07/12/2022","11","BOGOTA D.C.","11001","BOGOTA D.C.","ARTICULO 169. SECUESTRO EXTORSIVO","1"
"07/12/2022","76","VALLE DEL CAUCA","76001","CALI","ARTICULO 169. SECUESTRO EXTORSIVO","1"
"05/12/2022","05","ANTIOQUIA","05059","ARMENIA","ARTICULO 169. SECUESTRO EXTORSIVO","1"
"05/12/2022","05","ANTIOQUIA","05059","ARMENIA","ARTICULO 169. SECUESTRO EXTORSIVO","1"
"03/12/2022","25","CUNDINAMARCA","25599","APULO","ARTICULO 169. SECUESTRO EXTORSIVO","1"
"03/12/2022","25","CUNDINAMARCA","25599","APULO","ARTICULO 169. SECUESTRO EXTORSIVO","1"
"02/12/2022","11","BOGOTA D.C.","11001","BOGOTA D.C.","ARTICULO 169. SECUESTRO EXTORSIVO","1"
"02/12/2022","76","VALLE DEL CAUCA","76001","CALI","ARTICULO 169. SECUESTRO EXTORSIVO","1"
"02/12/2022","54","NORTE DE SANTANDER","54001","CUCUTA","ARTICULO 168. SECUESTRO SIMPLE","1"
"01/12/2022","81","ARAUCA","81736","SARAVENA","ARTICULO 168. SECUESTRO SIMPLE","1"
"30/11/2022","05","ANTIOQUIA","05120","CACERES","ARTICULO 168. SECUESTRO SIMPLE","1"
"30/11/2022","50","META","50313","GRANADA","ARTICULO 169. SECUESTRO EXTORSIVO","1"
"29/11/2022","20","CESAR","20383","LA GLORIA","ARTICULO 169. SECUESTRO EXTORSIVO","1"
"28/11/2022","08","ATLANTICO","08001","BARRANQUILLA","ARTICULO 169. SECUESTRO EXTORSIVO","1"
"27/11/2022","27","CHOCO","27600","RIO QUITO","ARTICULO 169. SECUESTRO EXTORSIVO","1"
"25/11/2022","54","NORTE DE SANTANDER","54001","CUCUTA","ARTICULO 168. SECUESTRO SIMPLE","1"
"24/11/2022","81","ARAUCA","81736","SARAVENA","ARTICULO 168. SECUESTRO SIMPLE","1"
"24/11/2022","81","ARAUCA","81736","SARAVENA","ARTICULO 168. SECUESTRO SIMPLE","1"
"23/11/2022","19","CAUCA","19212","CORINTO","ARTICULO 168. SECUESTRO SIMPLE","1"
"21/11/2022","52","NARIÑO","52835","SAN ANDRES DE TUMACO","ARTICULO 169. SECUESTRO EXTORSIVO","1"
"21/11/2022","54","NORTE DE SANTANDER","54001","CUCUTA","ARTICULO 169. SECUESTRO EXTORSIVO","1"
"20/11/2022","85","CASANARE","85139","MANI","ARTICULO 169. SECUESTRO EXTORSIVO","1"
"19/11/2022","19","CAUCA","19780","SUAREZ","ARTICULO 168. SECUESTRO SIMPLE","1"
"16/11/2022","76","VALLE DEL CAUCA","76520","PALMIRA","ARTICULO 169. SECUESTRO EXTORSIVO","1"
"13/11/2022","11","BOGOTA D.C.","11001","BOGOTA D.C.","ARTICULO 169. SECUESTRO EXTORSIVO","1"
"13/11/2022","52","NARIÑO","52490","OLAYA HERRERA","ARTICULO 169. SECUESTRO EXTORSIVO","1"
"10/11/2022","05","ANTIOQUIA","05154","CAUCASIA","ARTICULO 168. SECUESTRO SIMPLE","1"
"09/11/2022","52","NARIÑO","52356","IPIALES","ARTICULO 169. SECUESTRO EXTORSIVO","1"
"09/11/2022","52","NARIÑO","52356","IPIALES","ARTICULO 169. SECUESTRO EXTORSIVO","1"
"05/11/2022","76","VALLE DEL CAUCA","76001","CALI","ARTICULO 169. SECUESTRO EXTORSIVO","1"
"05/11/2022","52","NARIÑO","52079","BARBACOAS","ARTICULO 169. SECUESTRO EXTORSIVO","1"
"05/11/2022","19","CAUCA","19100","BOLIVAR","ARTICULO 168. SECUESTRO SIMPLE","1"
"05/11/2022","19","CAUCA","19100","BOLIVAR","ARTICULO 168. SECUESTRO SIMPLE","1"
"05/11/2022","19","CAUCA","19100","BOLIVAR","ARTICULO 168. SECUESTRO SIMPLE","1"
"05/11/2022","19","CAUCA","19100","BOLIVAR","ARTICULO 168. SECUESTRO SIMPLE","1"
"05/11/2022","52","NARIÑO","52079","BARBACOAS","ARTICULO 169. SECUESTRO EXTORSIVO","1"
"04/11/2022","76","VALLE DEL CAUCA","76520","PALMIRA","ARTICULO 169. SECUESTRO EXTORSIVO","1"
"01/11/2022","52","NARIÑO","52356","IPIALES","ARTICULO 168. SECUESTRO SIMPLE","1"
"31/10/2022","76","VALLE DEL CAUCA","76147","CARTAGO","ARTICULO 168. SECUESTRO SIMPLE","1"
"31/10/2022","54","NORTE DE SANTANDER","54800","TEORAMA","ARTICULO 168. SECUESTRO SIMPLE","1"
"30/10/2022","76","VALLE DEL CAUCA","76001","CALI","ARTICULO 168. SECUESTRO SIMPLE","1"
"29/10/2022","11","BOGOTA D.C.","11001","BOGOTA D.C.","ARTICULO 169. SECUESTRO EXTORSIVO","1"
"29/10/2022","52","NARIÑO","52001","PASTO","ARTICULO 169. SECUESTRO EXTORSIVO","1"
"28/10/2022","50","META","50350","LA MACARENA","ARTICULO 169. SECUESTRO EXTORSIVO","1"
"28/10/2022","20","CESAR","20001","VALLEDUPAR","ARTICULO 169. SECUESTRO EXTORSIVO","1"
"25/10/2022","54","NORTE DE SANTANDER","54498","OCAÑA","ARTICULO 168. SECUESTRO SIMPLE","1"
"23/10/2022","81","ARAUCA","81794","TAME","ARTICULO 168. SECUESTRO SIMPLE","1"
"22/10/2022","05","ANTIOQUIA","05001","MEDELLIN","ARTICULO 169. SECUESTRO EXTORSIVO","1"
"21/10/2022","19","CAUCA","19001","POPAYAN","ARTICULO 169. SECUESTRO EXTORSIVO","1"
"21/10/2022","76","VALLE DEL CAUCA","76001","CALI","ARTICULO 168. SECUESTRO SIMPLE","1"
"19/10/2022","85","CASANARE","85250","PAZ DE ARIPORO","ARTICULO 168. SECUESTRO SIMPLE","1"
"19/10/2022","85","CASANARE","85250","PAZ DE ARIPORO","ARTICULO 168. SECUESTRO SIMPLE","1"
"19/10/2022","05","ANTIOQUIA","05628","SABANALARGA","ARTICULO 169. SECUESTRO EXTORSIVO","1"
"17/10/2022","76","VALLE DEL CAUCA","76001","CALI","ARTICULO 168. SECUESTRO SIMPLE","1"
"16/10/2022","05","ANTIOQUIA","05088","BELLO","ARTICULO 169. SECUESTRO EXTORSIVO","1"
"16/10/2022","50","META","50223","CUBARRAL","ARTICULO 168. SECUESTRO SIMPLE","1"
"14/10/2022","17","CALDAS","17380","LA DORADA","ARTICULO 169. SECUESTRO EXTORSIVO","1"
"12/10/2022","11","BOGOTA D.C.","11001","BOGOTA D.C.","ARTICULO 168. SECUESTRO SIMPLE","1"
"11/10/2022","41","HUILA","41799","TELLO","ARTICULO 169. SECUESTRO EXTORSIVO","1"
"11/10/2022","41","HUILA","41799","TELLO","ARTICULO 169. SECUESTRO EXTORSIVO","1"
"10/10/2022","27","CHOCO","27050","ATRATO","ARTICULO 169. SECUESTRO EXTORSIVO","1"
"01/10/2022","23","CORDOBA","23001","MONTERIA","ARTICULO 169. SECUESTRO EXTORSIVO","1"
"26/09/2022","54","NORTE DE SANTANDER","54810","TIBU","ARTICULO 168. SECUESTRO SIMPLE","1"
"25/09/2022","05","ANTIOQUIA","05001","MEDELLIN","ARTICULO 168. SECUESTRO SIMPLE","1"
"19/09/2022","05","ANTIOQUIA","05088","BELLO","ARTICULO 169. SECUESTRO EXTORSIVO","1"
"19/09/2022","81","ARAUCA","81794","TAME","ARTICULO 168. SECUESTRO SIMPLE","1"
"19/09/2022","19","CAUCA","19130","CAJIBIO","ARTICULO 168. SECUESTRO SIMPLE","1"
"19/09/2022","19","CAUCA","19130","CAJIBIO","ARTICULO 168. SECUESTRO SIMPLE","1"
"17/09/2022","18","CAQUETA","18785","SOLITA","ARTICULO 168. SECUESTRO SIMPLE","1"
"17/09/2022","18","CAQUETA","18785","SOLITA","ARTICULO 168. SECUESTRO SIMPLE","1"
"17/09/2022","18","CAQUETA","18785","SOLITA","ARTICULO 168. SECUESTRO SIMPLE","1"
"17/09/2022","19","CAUCA","19573","PUERTO TEJADA","ARTICULO 169. SECUESTRO EXTORSIVO","1"
"17/09/2022","19","CAUCA","19573","PUERTO TEJADA","ARTICULO 169. SECUESTRO EXTORSIVO","1"
"16/09/2022","11","BOGOTA D.C.","11001","BOGOTA D.C.","ARTICULO 169. SECUESTRO EXTORSIVO","1"
"11/09/2022","05","ANTIOQUIA","05209","CONCORDIA","ARTICULO 169. SECUESTRO EXTORSIVO","1"
"10/09/2022","08","ATLANTICO","08001","BARRANQUILLA","ARTICULO 168. SECUESTRO SIMPLE","1"
"05/09/2022","05","ANTIOQUIA","05079","BARBOSA","ARTICULO 169. SECUESTRO EXTORSIVO","1"
"04/09/2022","19","CAUCA","19698","SANTANDER DE QUILICHAO","ARTICULO 169. SECUESTRO EXTORSIVO","1"
"03/09/2022","05","ANTIOQUIA","05686","SANTA ROSA DE OSOS","ARTICULO 169. SECUESTRO EXTORSIVO","1"
"31/08/2022","76","VALLE DEL CAUCA","76109","BUENAVENTURA","ARTICULO 169. SECUESTRO EXTORSIVO","1"
"31/08/2022","76","VALLE DEL CAUCA","76109","BUENAVENTURA","ARTICULO 169. SECUESTRO EXTORSIVO","1"
"28/08/2022","66","RISARALDA","66170","DOSQUEBRADAS","ARTICULO 168. SECUESTRO SIMPLE","1"
"28/08/2022","66","RISARALDA","66170","DOSQUEBRADAS","ARTICULO 168. SECUESTRO SIMPLE","1"
"27/08/2022","05","ANTIOQUIA","05001","MEDELLIN","ARTICULO 168. SECUESTRO SIMPLE","1"
"24/08/2022","54","NORTE DE SANTANDER","54680","SANTIAGO","ARTICULO 169. SECUESTRO EXTORSIVO","1"
"24/08/2022","11","BOGOTA D.C.","11001","BOGOTA D.C.","ARTICULO 169. SECUESTRO EXTORSIVO","1"
"21/08/2022","54","NORTE DE SANTANDER","54250","EL TARRA","ARTICULO 168. SECUESTRO SIMPLE","1"
"21/08/2022","54","NORTE DE SANTANDER","54250","EL TARRA","ARTICULO 168. SECUESTRO SIMPLE","1"
"21/08/2022","54","NORTE DE SANTANDER","54250","EL TARRA","ARTICULO 168. SECUESTRO SIMPLE","1"
"21/08/2022","54","NORTE DE SANTANDER","54250","EL TARRA","ARTICULO 168. SECUESTRO SIMPLE","1"
"18/08/2022","54","NORTE DE SANTANDER","54810","TIBU","ARTICULO 169. SECUESTRO EXTORSIVO","1"
"14/08/2022","76","VALLE DEL CAUCA","76109","BUENAVENTURA","ARTICULO 169. SECUESTRO EXTORSIVO","1"
"14/08/2022","76","VALLE DEL CAUCA","76109","BUENAVENTURA","ARTICULO 169. SECUESTRO EXTORSIVO","1"
"13/08/2022","50","META","50577","PUERTO LLERAS","ARTICULO 169. SECUESTRO EXTORSIVO","1"
"13/08/2022","50","META","50577","PUERTO LLERAS","ARTICULO 169. SECUESTRO EXTORSIVO","1"
"13/08/2022","52","NARIÑO","52838","TUQUERRES","ARTICULO 168. SECUESTRO SIMPLE","1"
"12/08/2022","54","NORTE DE SANTANDER","54001","CUCUTA","ARTICULO 169. SECUESTRO EXTORSIVO","1"
"12/08/2022","54","NORTE DE SANTANDER","54001","CUCUTA","ARTICULO 169. SECUESTRO EXTORSIVO","1"
"12/08/2022","54","NORTE DE SANTANDER","54001","CUCUTA","ARTICULO 169. SECUESTRO EXTORSIVO","1"
"11/08/2022","76","VALLE DEL CAUCA","76275","FLORIDA","ARTICULO 169. SECUESTRO EXTORSIVO","1"
"09/08/2022","44","LA GUAJIRA","44430","MAICAO","ARTICULO 169. SECUESTRO EXTORSIVO","1"
"09/08/2022","44","LA GUAJIRA","44430","MAICAO","ARTICULO 169. SECUESTRO EXTORSIVO","1"
"06/08/2022","20","CESAR","20228","CURUMANI","ARTICULO 168. SECUESTRO SIMPLE","1"
"05/08/2022","05","ANTIOQUIA","05001","MEDELLIN","ARTICULO 169. SECUESTRO EXTORSIVO","1"
"04/08/2022","05","ANTIOQUIA","05642","SALGAR","ARTICULO 168. SECUESTRO SIMPLE","1"
"26/07/2022","05","ANTIOQUIA","05148","EL CARMEN DE VIBORAL","ARTICULO 169. SECUESTRO EXTORSIVO","1"
"22/07/2022","05","ANTIOQUIA","05001","MEDELLIN","ARTICULO 168. SECUESTRO SIMPLE","1"
"17/07/2022","76","VALLE DEL CAUCA","76001","CALI","ARTICULO 169. SECUESTRO EXTORSIVO","1"
"17/07/2022","76","VALLE DEL CAUCA","76001","CALI","ARTICULO 169. SECUESTRO EXTORSIVO","1"
"16/07/2022","05","ANTIOQUIA","05001","MEDELLIN","ARTICULO 169. SECUESTRO EXTORSIVO","1"
"13/07/2022","81","ARAUCA","81794","TAME","ARTICULO 168. SECUESTRO SIMPLE","1"
"13/07/2022","81","ARAUCA","81794","TAME","ARTICULO 168. SECUESTRO SIMPLE","1"
"13/07/2022","81","ARAUCA","81794","TAME","ARTICULO 168. SECUESTRO SIMPLE","1"
"13/07/2022","81","ARAUCA","81794","TAME","ARTICULO 168. SECUESTRO SIMPLE","1"
"13/07/2022","81","ARAUCA","81794","TAME","ARTICULO 168. SECUESTRO SIMPLE","1"
"13/07/2022","81","ARAUCA","81794","TAME","ARTICULO 168. SECUESTRO SIMPLE","1"
"13/07/2022","81","ARAUCA","81794","TAME","ARTICULO 168. SECUESTRO SIMPLE","1"
"13/07/2022","81","ARAUCA","81794","TAME","ARTICULO 168. SECUESTRO SIMPLE","1"
"13/07/2022","81","ARAUCA","81794","TAME","ARTICULO 168. SECUESTRO SIMPLE","1"
"13/07/2022","81","ARAUCA","81794","TAME","ARTICULO 168. SECUESTRO SIMPLE","1"
"13/07/2022","81","ARAUCA","81794","TAME","ARTICULO 168. SECUESTRO SIMPLE","1"
"13/07/2022","44","LA GUAJIRA","44090","DIBULLA","ARTICULO 169. SECUESTRO EXTORSIVO","1"
"13/07/2022","76","VALLE DEL CAUCA","76001","CALI","ARTICULO 168. SECUESTRO SIMPLE","1"
"11/07/2022","27","CHOCO","27001","QUIBDO","ARTICULO 169. SECUESTRO EXTORSIVO","1"
"11/07/2022","54","NORTE DE SANTANDER","54498","OCAÑA","ARTICULO 168. SECUESTRO SIMPLE","1"
"07/07/2022","54","NORTE DE SANTANDER","54001","CUCUTA","ARTICULO 169. SECUESTRO EXTORSIVO","1"
"07/07/2022","44","LA GUAJIRA","44430","MAICAO","ARTICULO 168. SECUESTRO SIMPLE","1"
"28/06/2022","76","VALLE DEL CAUCA","76109","BUENAVENTURA","ARTICULO 169. SECUESTRO EXTORSIVO","1"
"28/06/2022","76","VALLE DEL CAUCA","76109","BUENAVENTURA","ARTICULO 169. SECUESTRO EXTORSIVO","1"
"23/06/2022","54","NORTE DE SANTANDER","54800","TEORAMA","ARTICULO 169. SECUESTRO EXTORSIVO","1"
"22/06/2022","54","NORTE DE SANTANDER","54313","GRAMALOTE","ARTICULO 168. SECUESTRO SIMPLE","1"
"19/06/2022","54","NORTE DE SANTANDER","54003","ABREGO","ARTICULO 169. SECUESTRO EXTORSIVO","1"
"15/06/2022","76","VALLE DEL CAUCA","76001","CALI","ARTICULO 169. SECUESTRO EXTORSIVO","1"
"15/06/2022","52","NARIÑO","52835","SAN ANDRES DE TUMACO","ARTICULO 169. SECUESTRO EXTORSIVO","1"
"14/06/2022","54","NORTE DE SANTANDER","54206","CONVENCION","ARTICULO 169. SECUESTRO EXTORSIVO","1"
"14/06/2022","20","CESAR","20001","VALLEDUPAR","ARTICULO 169. SECUESTRO EXTORSIVO","1"
"14/06/2022","20","CESAR","20001","VALLEDUPAR","ARTICULO 169. SECUESTRO EXTORSIVO","1"
"14/06/2022","50","META","50330","MESETAS","ARTICULO 169. SECUESTRO EXTORSIVO","1"
"10/06/2022","20","CESAR","20011","AGUACHICA","ARTICULO 169. SECUESTRO EXTORSIVO","1"
"06/06/2022","81","ARAUCA","81065","ARAUQUITA","ARTICULO 169. SECUESTRO EXTORSIVO","1"
"06/06/2022","81","ARAUCA","81065","ARAUQUITA","ARTICULO 169. SECUESTRO EXTORSIVO","1"
"06/06/2022","81","ARAUCA","81065","ARAUQUITA","ARTICULO 169. SECUESTRO EXTORSIVO","1"
"06/06/2022","81","ARAUCA","81065","ARAUQUITA","ARTICULO 169. SECUESTRO EXTORSIVO","1"
"06/06/2022","81","ARAUCA","81065","ARAUQUITA","ARTICULO 169. SECUESTRO EXTORSIVO","1"
"06/06/2022","81","ARAUCA","81065","ARAUQUITA","ARTICULO 169. SECUESTRO EXTORSIVO","1"
"06/06/2022","81","ARAUCA","81065","ARAUQUITA","ARTICULO 169. SECUESTRO EXTORSIVO","1"
"03/06/2022","19","CAUCA","19532","PATIA","ARTICULO 169. SECUESTRO EXTORSIVO","1"
"02/06/2022","66","RISARALDA","66001","PEREIRA","ARTICULO 168. SECUESTRO SIMPLE","1"
"01/06/2022","54","NORTE DE SANTANDER","54498","OCAÑA","ARTICULO 169. SECUESTRO EXTORSIVO","1"
"30/05/2022","05","ANTIOQUIA","05001","MEDELLIN","ARTICULO 169. SECUESTRO EXTORSIVO","1"
"30/05/2022","05","ANTIOQUIA","05890","YOLOMBO","ARTICULO 169. SECUESTRO EXTORSIVO","1"
"27/05/2022","11","BOGOTA D.C.","11001","BOGOTA D.C.","ARTICULO 169. SECUESTRO EXTORSIVO","1"
"23/05/2022","20","CESAR","20614","RIO DE ORO","ARTICULO 168. SECUESTRO SIMPLE","1"
"19/05/2022","08","ATLANTICO","08001","BARRANQUILLA","ARTICULO 169. SECUESTRO EXTORSIVO","1"
"15/05/2022","19","CAUCA","19256","EL TAMBO","ARTICULO 169. SECUESTRO EXTORSIVO","1"
"10/05/2022","05","ANTIOQUIA","05631","SABANETA","ARTICULO 169. SECUESTRO EXTORSIVO","1"
"08/05/2022","11","BOGOTA D.C.","11001","BOGOTA D.C.","ARTICULO 168. SECUESTRO SIMPLE","1"
"08/05/2022","11","BOGOTA D.C.","11001","BOGOTA D.C.","ARTICULO 168. SECUESTRO SIMPLE","1"
"07/05/2022","76","VALLE DEL CAUCA","76001","CALI","ARTICULO 169. SECUESTRO EXTORSIVO","1"
"06/05/2022","50","META","50683","SAN JUAN DE ARAMA","ARTICULO 169. SECUESTRO EXTORSIVO","1"
"05/05/2022","27","CHOCO","27001","QUIBDO","ARTICULO 169. SECUESTRO EXTORSIVO","1"
"01/05/2022","13","BOLIVAR","13001","CARTAGENA DE INDIAS","ARTICULO 168. SECUESTRO SIMPLE","1"
"28/04/2022","54","NORTE DE SANTANDER","54001","CUCUTA","ARTICULO 169. SECUESTRO EXTORSIVO","1"
"28/04/2022","54","NORTE DE SANTANDER","54001","CUCUTA","ARTICULO 169. SECUESTRO EXTORSIVO","1"
"15/04/2022","81","ARAUCA","81001","ARAUCA","ARTICULO 169. SECUESTRO EXTORSIVO","1"
"15/04/2022","81","ARAUCA","81001","ARAUCA","ARTICULO 169. SECUESTRO EXTORSIVO","1"
"12/04/2022","63","QUINDIO","63001","ARMENIA","ARTICULO 169. SECUESTRO EXTORSIVO","1"
"10/04/2022","76","VALLE DEL CAUCA","76233","DAGUA","ARTICULO 169. SECUESTRO EXTORSIVO","1"
"05/04/2022","13","BOLIVAR","13688","SANTA ROSA DEL SUR","ARTICULO 169. SECUESTRO EXTORSIVO","1"
"04/04/2022","50","META","50313","GRANADA","ARTICULO 169. SECUESTRO EXTORSIVO","1"
"18/03/2022","05","ANTIOQUIA","05001","MEDELLIN","ARTICULO 169. SECUESTRO EXTORSIVO","1"
"17/03/2022","52","NARIÑO","52835","SAN ANDRES DE TUMACO","ARTICULO 169. SECUESTRO EXTORSIVO","1"
"17/03/2022","52","NARIÑO","52356","IPIALES","ARTICULO 168. SECUESTRO SIMPLE","1"
"14/03/2022","15","BOYACA","15204","COMBITA","ARTICULO 169. SECUESTRO EXTORSIVO","1"
"09/03/2022","11","BOGOTA D.C.","11001","BOGOTA D.C.","ARTICULO 168. SECUESTRO SIMPLE","1"
"04/03/2022","25","CUNDINAMARCA","25743","SILVANIA","ARTICULO 169. SECUESTRO EXTORSIVO","1"
"02/03/2022","54","NORTE DE SANTANDER","54673","SAN CAYETANO","ARTICULO 168. SECUESTRO SIMPLE","1"
"28/02/2022","52","NARIÑO","52001","PASTO","ARTICULO 169. SECUESTRO EXTORSIVO","1"
"26/02/2022","11","BOGOTA D.C.","11001","BOGOTA D.C.","ARTICULO 168. SECUESTRO SIMPLE","1"
"24/02/2022","05","ANTIOQUIA","05197","COCORNA","ARTICULO 169. SECUESTRO EXTORSIVO","1"
"23/02/2022","50","META","50287","FUENTE DE ORO","ARTICULO 169. SECUESTRO EXTORSIVO","1"
"23/02/2022","50","META","50287","FUENTE DE ORO","ARTICULO 169. SECUESTRO EXTORSIVO","1"
"22/02/2022","05","ANTIOQUIA","05001","MEDELLIN","ARTICULO 169. SECUESTRO EXTORSIVO","1"
"21/02/2022","54","NORTE DE SANTANDER","54720","SARDINATA","ARTICULO 168. SECUESTRO SIMPLE","1"
"13/02/2022","81","ARAUCA","81794","TAME","ARTICULO 168. SECUESTRO SIMPLE","1"
"13/02/2022","81","ARAUCA","81794","TAME","ARTICULO 168. SECUESTRO SIMPLE","1"
"11/02/2022","27","CHOCO","27001","QUIBDO","ARTICULO 169. SECUESTRO EXTORSIVO","1"
"08/02/2022","76","VALLE DEL CAUCA","76109","BUENAVENTURA","ARTICULO 169. SECUESTRO EXTORSIVO","1"
"04/02/2022","25","CUNDINAMARCA","25377","LA CALERA","ARTICULO 169. SECUESTRO EXTORSIVO","1"
"30/01/2022","27","CHOCO","27001","QUIBDO","ARTICULO 169. SECUESTRO EXTORSIVO","1"
"30/01/2022","27","CHOCO","27001","QUIBDO","ARTICULO 169. SECUESTRO EXTORSIVO","1"
"30/01/2022","27","CHOCO","27001","QUIBDO","ARTICULO 169. SECUESTRO EXTORSIVO","1"
"18/01/2022","25","CUNDINAMARCA","25473","MOSQUERA","ARTICULO 169. SECUESTRO EXTORSIVO","1"
"15/01/2022","85","CASANARE","85300","SABANALARGA","ARTICULO 169. SECUESTRO EXTORSIVO","1"
"14/01/2022","76","VALLE DEL CAUCA","76834","TULUA","ARTICULO 169. SECUESTRO EXTORSIVO","1"
"13/01/2022","54","NORTE DE SANTANDER","54810","TIBU","ARTICULO 168. SECUESTRO SIMPLE","1"
"12/01/2022","76","VALLE DEL CAUCA","76364","JAMUNDI","ARTICULO 168. SECUESTRO SIMPLE","1"
"10/01/2022","05","ANTIOQUIA","05001","MEDELLIN","ARTICULO 168. SECUESTRO SIMPLE","1"
"08/01/2022","05","ANTIOQUIA","05150","CAROLINA","ARTICULO 169. SECUESTRO EXTORSIVO","1"
"08/01/2022","05","ANTIOQUIA","05604","REMEDIOS","ARTICULO 169. SECUESTRO EXTORSIVO","1"
"06/01/2022","05","ANTIOQUIA","05088","BELLO","ARTICULO 169. SECUESTRO EXTORSIVO","1"
"06/01/2022","05","ANTIOQUIA","05088","BELLO","ARTICULO 169. SECUESTRO EXTORSIVO","1"
"06/01/2022","19","CAUCA","19573","PUERTO TEJADA","ARTICULO 169. SECUESTRO EXTORSIVO","1"
"06/01/2022","05","ANTIOQUIA","05088","BELLO","ARTICULO 169. SECUESTRO EXTORSIVO","1"
"20/12/2021","50","META","50689","SAN MARTIN","ARTICULO 169. SECUESTRO EXTORSIVO","1"
"19/12/2021","20","CESAR","20517","PAILITAS","ARTICULO 169. SECUESTRO EXTORSIVO","1"
"17/12/2021","27","CHOCO","27787","TADO","ARTICULO 169. SECUESTRO EXTORSIVO","1"
"17/12/2021","11","BOGOTA D.C.","11001","BOGOTA D.C.","ARTICULO 168. SECUESTRO SIMPLE","1"
"16/12/2021","05","ANTIOQUIA","05001","MEDELLIN","ARTICULO 169. SECUESTRO EXTORSIVO","1"
"11/12/2021","52","NARIÑO","52356","IPIALES","ARTICULO 169. SECUESTRO EXTORSIVO","1"
"05/12/2021","95","GUAVIARE","95001","SAN JOSE DEL GUAVIARE","ARTICULO 169. SECUESTRO EXTORSIVO","1"
"05/12/2021","76","VALLE DEL CAUCA","76736","SEVILLA","ARTICULO 169. SECUESTRO EXTORSIVO","1"
"04/12/2021","05","ANTIOQUIA","05761","SOPETRAN","ARTICULO 168. SECUESTRO SIMPLE","1"
"04/12/2021","05","ANTIOQUIA","05761","SOPETRAN","ARTICULO 168. SECUESTRO SIMPLE","1"
"26/11/2021","76","VALLE DEL CAUCA","76109","BUENAVENTURA","ARTICULO 169. SECUESTRO EXTORSIVO","1"
"25/11/2021","81","ARAUCA","81001","ARAUCA","ARTICULO 168. SECUESTRO SIMPLE","1"
"20/11/2021","76","VALLE DEL CAUCA","76001","CALI","ARTICULO 168. SECUESTRO SIMPLE","1"
"13/11/2021","27","CHOCO","27787","TADO","ARTICULO 169. SECUESTRO EXTORSIVO","1"
"10/11/2021","81","ARAUCA","81300","FORTUL","ARTICULO 169. SECUESTRO EXTORSIVO","1"
"09/11/2021","05","ANTIOQUIA","05001","MEDELLIN","ARTICULO 168. SECUESTRO SIMPLE","1"
"01/11/2021","76","VALLE DEL CAUCA","76001","CALI","ARTICULO 169. SECUESTRO EXTORSIVO","1"
"28/10/2021","54","NORTE DE SANTANDER","54874","VILLA DEL ROSARIO","ARTICULO 169. SECUESTRO EXTORSIVO","1"
"28/10/2021","81","ARAUCA","81794","TAME","ARTICULO 169. SECUESTRO EXTORSIVO","1"
"28/10/2021","81","ARAUCA","81794","TAME","ARTICULO 169. SECUESTRO EXTORSIVO","1"
"27/10/2021","50","META","50313","GRANADA","ARTICULO 169. SECUESTRO EXTORSIVO","1"
"27/10/2021","50","META","50313","GRANADA","ARTICULO 169. SECUESTRO EXTORSIVO","1"
"27/10/2021","50","META","50313","GRANADA","ARTICULO 169. SECUESTRO EXTORSIVO","1"
"27/10/2021","50","META","50313","GRANADA","ARTICULO 169. SECUESTRO EXTORSIVO","1"
"13/10/2021","54","NORTE DE SANTANDER","54003","ABREGO","ARTICULO 169. SECUESTRO EXTORSIVO","1"
"06/10/2021","11","BOGOTA D.C.","11001","BOGOTA D.C.","ARTICULO 168. SECUESTRO SIMPLE","1"
"04/10/2021","50","META","50683","SAN JUAN DE ARAMA","ARTICULO 169. SECUESTRO EXTORSIVO","1"
"04/10/2021","50","META","50683","SAN JUAN DE ARAMA","ARTICULO 169. SECUESTRO EXTORSIVO","1"
"26/09/2021","76","VALLE DEL CAUCA","76109","BUENAVENTURA","ARTICULO 169. SECUESTRO EXTORSIVO","1"
"26/09/2021","76","VALLE DEL CAUCA","76109","BUENAVENTURA","ARTICULO 169. SECUESTRO EXTORSIVO","1"
"19/09/2021","20","CESAR","20001","VALLEDUPAR","ARTICULO 169. SECUESTRO EXTORSIVO","1"
"15/09/2021","05","ANTIOQUIA","05887","YARUMAL","ARTICULO 169. SECUESTRO EXTORSIVO","1"
"11/09/2021","19","CAUCA","19573","PUERTO TEJADA","ARTICULO 169. SECUESTRO EXTORSIVO","1"
"08/09/2021","52","NARIÑO","52356","IPIALES","ARTICULO 169. SECUESTRO EXTORSIVO","1"
"06/09/2021","25","CUNDINAMARCA","25740","SIBATE","ARTICULO 169. SECUESTRO EXTORSIVO","1"
"04/09/2021","25","CUNDINAMARCA","25312","GRANADA","ARTICULO 168. SECUESTRO SIMPLE","1"
"01/09/2021","76","VALLE DEL CAUCA","76001","CALI","ARTICULO 169. SECUESTRO EXTORSIVO","1"
"28/08/2021","05","ANTIOQUIA","05088","BELLO","ARTICULO 168. SECUESTRO SIMPLE","1"
"24/08/2021","05","ANTIOQUIA","05154","CAUCASIA","ARTICULO 169. SECUESTRO EXTORSIVO","1"
"23/08/2021","76","VALLE DEL CAUCA","76520","PALMIRA","ARTICULO 169. SECUESTRO EXTORSIVO","1"
"22/08/2021","20","CESAR","20310","GONZALEZ","ARTICULO 169. SECUESTRO EXTORSIVO","1"
"20/08/2021","05","ANTIOQUIA","05615","RIONEGRO","ARTICULO 168. SECUESTRO SIMPLE","1"
"19/08/2021","19","CAUCA","19001","POPAYAN","ARTICULO 169. SECUESTRO EXTORSIVO","1"
"19/08/2021","19","CAUCA","19001","POPAYAN","ARTICULO 169. SECUESTRO EXTORSIVO","1"
"19/08/2021","81","ARAUCA","81001","ARAUCA","ARTICULO 169. SECUESTRO EXTORSIVO","1"
"18/08/2021","19","CAUCA","19212","CORINTO","ARTICULO 169. SECUESTRO EXTORSIVO","1"
"18/08/2021","19","CAUCA","19212","CORINTO","ARTICULO 169. SECUESTRO EXTORSIVO","1"
"18/08/2021","19","CAUCA","19212","CORINTO","ARTICULO 169. SECUESTRO EXTORSIVO","1"
"18/08/2021","19","CAUCA","19212","CORINTO","ARTICULO 169. SECUESTRO EXTORSIVO","1"
"17/08/2021","41","HUILA","41524","PALERMO","ARTICULO 169. SECUESTRO EXTORSIVO","1"
"16/08/2021","76","VALLE DEL CAUCA","76113","BUGALAGRANDE","ARTICULO 168. SECUESTRO SIMPLE","1"
"16/08/2021","76","VALLE DEL CAUCA","76113","BUGALAGRANDE","ARTICULO 168. SECUESTRO SIMPLE","1"
"15/08/2021","05","ANTIOQUIA","05001","MEDELLIN","ARTICULO 169. SECUESTRO EXTORSIVO","1"
"15/08/2021","86","PUTUMAYO","86001","MOCOA","ARTICULO 168. SECUESTRO SIMPLE","1"
"12/08/2021","11","BOGOTA D.C.","11001","BOGOTA D.C.","ARTICULO 169. SECUESTRO EXTORSIVO","1"
"12/08/2021","05","ANTIOQUIA","05615","RIONEGRO","ARTICULO 168. SECUESTRO SIMPLE","1"
"12/08/2021","05","ANTIOQUIA","05615","RIONEGRO","ARTICULO 168. SECUESTRO SIMPLE","1"
"07/08/2021","08","ATLANTICO","08001","BARRANQUILLA","ARTICULO 169. SECUESTRO EXTORSIVO","1"
"07/08/2021","05","ANTIOQUIA","05001","MEDELLIN","ARTICULO 169. SECUESTRO EXTORSIVO","1"
"04/08/2021","25","CUNDINAMARCA","25269","FACATATIVA","ARTICULO 169. SECUESTRO EXTORSIVO","1"
"01/08/2021","54","NORTE DE SANTANDER","54001","CUCUTA","ARTICULO 169. SECUESTRO EXTORSIVO","1"
"01/08/2021","11","BOGOTA D.C.","11001","BOGOTA D.C.","ARTICULO 168. SECUESTRO SIMPLE","1"
"30/07/2021","05","ANTIOQUIA","05001","MEDELLIN","ARTICULO 169. SECUESTRO EXTORSIVO","1"
"28/07/2021","20","CESAR","20001","VALLEDUPAR","ARTICULO 169. SECUESTRO EXTORSIVO","1"
"27/07/2021","19","CAUCA","19807","TIMBIO","ARTICULO 168. SECUESTRO SIMPLE","1"
"26/07/2021","11","BOGOTA D.C.","11001","BOGOTA D.C.","ARTICULO 168. SECUESTRO SIMPLE","1"
"23/07/2021","05","ANTIOQUIA","05615","RIONEGRO","ARTICULO 169. SECUESTRO EXTORSIVO","1"
"23/07/2021","81","ARAUCA","81001","ARAUCA","ARTICULO 168. SECUESTRO SIMPLE","1"
"21/07/2021","68","SANTANDER","68615","RIONEGRO","ARTICULO 168. SECUESTRO SIMPLE","1"
"19/07/2021","05","ANTIOQUIA","05001","MEDELLIN","ARTICULO 169. SECUESTRO EXTORSIVO","1"
"09/07/2021","19","CAUCA","19256","EL TAMBO","ARTICULO 169. SECUESTRO EXTORSIVO","1"
"09/07/2021","19","CAUCA","19256","EL TAMBO","ARTICULO 169. SECUESTRO EXTORSIVO","1"
"08/07/2021","50","META","50568","PUERTO GAITAN","ARTICULO 168. SECUESTRO SIMPLE","1"
"26/06/2021","44","LA GUAJIRA","44001","RIOHACHA","ARTICULO 169. SECUESTRO EXTORSIVO","1"
"26/06/2021","81","ARAUCA","81591","PUERTO RONDON","ARTICULO 168. SECUESTRO SIMPLE","1"
"26/06/2021","05","ANTIOQUIA","05266","ENVIGADO","ARTICULO 169. SECUESTRO EXTORSIVO","1"
"26/06/2021","05","ANTIOQUIA","05266","ENVIGADO","ARTICULO 169. SECUESTRO EXTORSIVO","1"
"25/06/2021","41","HUILA","41551","PITALITO","ARTICULO 169. SECUESTRO EXTORSIVO","1"
"21/06/2021","81","ARAUCA","81001","ARAUCA","ARTICULO 168. SECUESTRO SIMPLE","1"
"21/06/2021","81","ARAUCA","81001","ARAUCA","ARTICULO 168. SECUESTRO SIMPLE","1"
"20/06/2021","25","CUNDINAMARCA","25754","SOACHA","ARTICULO 168. SECUESTRO SIMPLE","1"
"15/06/2021","76","VALLE DEL CAUCA","76001","CALI","ARTICULO 168. SECUESTRO SIMPLE","1"
"15/06/2021","08","ATLANTICO","08001","BARRANQUILLA","ARTICULO 168. SECUESTRO SIMPLE","1"
"15/06/2021","08","ATLANTICO","08001","BARRANQUILLA","ARTICULO 168. SECUESTRO SIMPLE","1"
"13/06/2021","54","NORTE DE SANTANDER","54001","CUCUTA","ARTICULO 168. SECUESTRO SIMPLE","1"
"11/06/2021","05","ANTIOQUIA","05318","GUARNE","ARTICULO 169. SECUESTRO EXTORSIVO","1"
"11/06/2021","05","ANTIOQUIA","05318","GUARNE","ARTICULO 169. SECUESTRO EXTORSIVO","1"
"10/06/2021","25","CUNDINAMARCA","25740","SIBATE","ARTICULO 168. SECUESTRO SIMPLE","1"
"10/06/2021","76","VALLE DEL CAUCA","76001","CALI","ARTICULO 168. SECUESTRO SIMPLE","1"
"10/06/2021","76","VALLE DEL CAUCA","76001","CALI","ARTICULO 169. SECUESTRO EXTORSIVO","1"
"09/06/2021","73","TOLIMA","73055","ARMERO","ARTICULO 169. SECUESTRO EXTORSIVO","1"
"09/06/2021","73","TOLIMA","73055","ARMERO","ARTICULO 169. SECUESTRO EXTORSIVO","1"
"08/06/2021","05","ANTIOQUIA","05001","MEDELLIN","ARTICULO 169. SECUESTRO EXTORSIVO","1"
"06/06/2021","76","VALLE DEL CAUCA","76109","BUENAVENTURA","ARTICULO 168. SECUESTRO SIMPLE","1"
"06/06/2021","76","VALLE DEL CAUCA","76109","BUENAVENTURA","ARTICULO 168. SECUESTRO SIMPLE","1"
"06/06/2021","76","VALLE DEL CAUCA","76109","BUENAVENTURA","ARTICULO 168. SECUESTRO SIMPLE","1"
"03/06/2021","08","ATLANTICO","08001","BARRANQUILLA","ARTICULO 169. SECUESTRO EXTORSIVO","1"
"03/06/2021","08","ATLANTICO","08001","BARRANQUILLA","ARTICULO 169. SECUESTRO EXTORSIVO","1"
"03/06/2021","05","ANTIOQUIA","05031","AMALFI","ARTICULO 169. SECUESTRO EXTORSIVO","1"
"03/06/2021","52","NARIÑO","52356","IPIALES","ARTICULO 169. SECUESTRO EXTORSIVO","1"
"29/05/2021","76","VALLE DEL CAUCA","76001","CALI","ARTICULO 168. SECUESTRO SIMPLE","1"
"28/05/2021","76","VALLE DEL CAUCA","76109","BUENAVENTURA","ARTICULO 169. SECUESTRO EXTORSIVO","1"
"27/05/2021","76","VALLE DEL CAUCA","76520","PALMIRA","ARTICULO 168. SECUESTRO SIMPLE","1"
"27/05/2021","76","VALLE DEL CAUCA","76520","PALMIRA","ARTICULO 168. SECUESTRO SIMPLE","1"
"27/05/2021","76","VALLE DEL CAUCA","76520","PALMIRA","ARTICULO 168. SECUESTRO SIMPLE","1"
"27/05/2021","76","VALLE DEL CAUCA","76520","PALMIRA","ARTICULO 168. SECUESTRO SIMPLE","1"
"27/05/2021","76","VALLE DEL CAUCA","76520","PALMIRA","ARTICULO 168. SECUESTRO SIMPLE","1"
"27/05/2021","76","VALLE DEL CAUCA","76520","PALMIRA","ARTICULO 168. SECUESTRO SIMPLE","1"
"27/05/2021","76","VALLE DEL CAUCA","76520","PALMIRA","ARTICULO 168. SECUESTRO SIMPLE","1"
"27/05/2021","76","VALLE DEL CAUCA","76520","PALMIRA","ARTICULO 168. SECUESTRO SIMPLE","1"
"26/05/2021","20","CESAR","20614","RIO DE ORO","ARTICULO 168. SECUESTRO SIMPLE","1"
"25/05/2021","05","ANTIOQUIA","05615","RIONEGRO","ARTICULO 169. SECUESTRO EXTORSIVO","1"
"25/05/2021","05","ANTIOQUIA","05615","RIONEGRO","ARTICULO 169. SECUESTRO EXTORSIVO","1"
"25/05/2021","05","ANTIOQUIA","05615","RIONEGRO","ARTICULO 169. SECUESTRO EXTORSIVO","1"
"22/05/2021","20","CESAR","20011","AGUACHICA","ARTICULO 169. SECUESTRO EXTORSIVO","1"
"20/05/2021","11","BOGOTA D.C.","11001","BOGOTA D.C.","ARTICULO 168. SECUESTRO SIMPLE","1"
"13/05/2021","11","BOGOTA D.C.","11001","BOGOTA D.C.","ARTICULO 168. SECUESTRO SIMPLE","1"
"07/05/2021","05","ANTIOQUIA","05001","MEDELLIN","ARTICULO 168. SECUESTRO SIMPLE","1"
"04/05/2021","05","ANTIOQUIA","05631","SABANETA","ARTICULO 169. SECUESTRO EXTORSIVO","1"
"29/04/2021","11","BOGOTA D.C.","11001","BOGOTA D.C.","ARTICULO 168. SECUESTRO SIMPLE","1"
"27/04/2021","08","ATLANTICO","08001","BARRANQUILLA","ARTICULO 168. SECUESTRO SIMPLE","1"
"24/04/2021","85","CASANARE","85430","TRINIDAD","ARTICULO 168. SECUESTRO SIMPLE","1"
"19/04/2021","50","META","50680","SAN CARLOS DE GUAROA","ARTICULO 169. SECUESTRO EXTORSIVO","1"
"19/04/2021","50","META","50680","SAN CARLOS DE GUAROA","ARTICULO 169. SECUESTRO EXTORSIVO","1"
"18/04/2021","81","ARAUCA","81736","SARAVENA","ARTICULO 168. SECUESTRO SIMPLE","1"
"17/04/2021","68","SANTANDER","68081","BARRANCABERMEJA","ARTICULO 169. SECUESTRO EXTORSIVO","1"
"13/04/2021","08","ATLANTICO","08001","BARRANQUILLA","ARTICULO 169. SECUESTRO EXTORSIVO","1"
"13/04/2021","08","ATLANTICO","08001","BARRANQUILLA","ARTICULO 169. SECUESTRO EXTORSIVO","1"
"07/04/2021","50","META","50006","ACACIAS","ARTICULO 169. SECUESTRO EXTORSIVO","1"
"05/04/2021","44","LA GUAJIRA","44078","BARRANCAS","ARTICULO 168. SECUESTRO SIMPLE","1"
"04/04/2021","76","VALLE DEL CAUCA","76109","BUENAVENTURA","ARTICULO 169. SECUESTRO EXTORSIVO","1"
"02/04/2021","76","VALLE DEL CAUCA","76233","DAGUA","ARTICULO 169. SECUESTRO EXTORSIVO","1"
"25/03/2021","50","META","50330","MESETAS","ARTICULO 168. SECUESTRO SIMPLE","1"
"25/03/2021","50","META","50330","MESETAS","ARTICULO 168. SECUESTRO SIMPLE","1"
"23/03/2021","76","VALLE DEL CAUCA","76036","ANDALUCIA","ARTICULO 169. SECUESTRO EXTORSIVO","1"
"23/03/2021","11","BOGOTA D.C.","11001","BOGOTA D.C.","ARTICULO 169. SECUESTRO EXTORSIVO","1"
"21/03/2021","11","BOGOTA D.C.","11001","BOGOTA D.C.","ARTICULO 168. SECUESTRO SIMPLE","1"
"21/03/2021","76","VALLE DEL CAUCA","76001","CALI","ARTICULO 168. SECUESTRO SIMPLE","1"
"15/03/2021","54","NORTE DE SANTANDER","54003","ABREGO","ARTICULO 169. SECUESTRO EXTORSIVO","1"
"23/02/2021","05","ANTIOQUIA","05649","SAN CARLOS","ARTICULO 169. SECUESTRO EXTORSIVO","1"
"18/02/2021","20","CESAR","20550","PELAYA","ARTICULO 168. SECUESTRO SIMPLE","1"
"16/02/2021","11","BOGOTA D.C.","11001","BOGOTA D.C.","ARTICULO 169. SECUESTRO EXTORSIVO","1"
"12/02/2021","05","ANTIOQUIA","05001","MEDELLIN","ARTICULO 169. SECUESTRO EXTORSIVO","1"
"11/02/2021","41","HUILA","41357","IQUIRA","ARTICULO 168. SECUESTRO SIMPLE","1"
"11/02/2021","41","HUILA","41357","IQUIRA","ARTICULO 168. SECUESTRO SIMPLE","1"
"09/02/2021","68","SANTANDER","68276","FLORIDABLANCA","ARTICULO 168. SECUESTRO SIMPLE","1"
"06/02/2021","76","VALLE DEL CAUCA","76001","CALI","ARTICULO 169. SECUESTRO EXTORSIVO","1"
"06/02/2021","76","VALLE DEL CAUCA","76001","CALI","ARTICULO 169. SECUESTRO EXTORSIVO","1"
"05/02/2021","52","NARIÑO","52835","SAN ANDRES DE TUMACO","ARTICULO 169. SECUESTRO EXTORSIVO","1"
"29/01/2021","19","CAUCA","19517","PAEZ","ARTICULO 169. SECUESTRO EXTORSIVO","1"
"29/01/2021","19","CAUCA","19517","PAEZ","ARTICULO 169. SECUESTRO EXTORSIVO","1"
"26/01/2021","05","ANTIOQUIA","05318","GUARNE","ARTICULO 169. SECUESTRO EXTORSIVO","1"
"26/01/2021","05","ANTIOQUIA","05318","GUARNE","ARTICULO 169. SECUESTRO EXTORSIVO","1"
"23/01/2021","27","CHOCO","27001","QUIBDO","ARTICULO 169. SECUESTRO EXTORSIVO","1"
"20/01/2021","05","ANTIOQUIA","05440","MARINILLA","ARTICULO 169. SECUESTRO EXTORSIVO","1"
"19/01/2021","11","BOGOTA D.C.","11001","BOGOTA D.C.","ARTICULO 168. SECUESTRO SIMPLE","1"
"10/01/2021","19","CAUCA","19212","CORINTO","ARTICULO 169. SECUESTRO EXTORSIVO","1"
"08/01/2021","70","SUCRE","70001","SINCELEJO","ARTICULO 169. SECUESTRO EXTORSIVO","1"
"08/01/2021","70","SUCRE","70001","SINCELEJO","ARTICULO 169. SECUESTRO EXTORSIVO","1"
"05/01/2021","19","CAUCA","19300","GUACHENE","ARTICULO 169. SECUESTRO EXTORSIVO","1"
"15/12/2020","11","BOGOTA D.C.","11001","BOGOTA D.C.","ARTICULO 168. SECUESTRO SIMPLE","1"
"14/12/2020","54","NORTE DE SANTANDER","54810","TIBU","ARTICULO 168. SECUESTRO SIMPLE","1"
"14/12/2020","20","CESAR","20517","PAILITAS","ARTICULO 168. SECUESTRO SIMPLE","1"
"11/12/2020","11","BOGOTA D.C.","11001","BOGOTA D.C.","ARTICULO 168. SECUESTRO SIMPLE","1"
"07/12/2020","11","BOGOTA D.C.","11001","BOGOTA D.C.","ARTICULO 168. SECUESTRO SIMPLE","1"
"05/12/2020","19","CAUCA","19821","TORIBIO","ARTICULO 168. SECUESTRO SIMPLE","1"
"04/12/2020","76","VALLE DEL CAUCA","76001","CALI","ARTICULO 169. SECUESTRO EXTORSIVO","1"
"03/12/2020","05","ANTIOQUIA","05001","MEDELLIN","ARTICULO 168. SECUESTRO SIMPLE","1"
"01/12/2020","11","BOGOTA D.C.","11001","BOGOTA D.C.","ARTICULO 168. SECUESTRO SIMPLE","1"
"28/11/2020","76","VALLE DEL CAUCA","76001","CALI","ARTICULO 169. SECUESTRO EXTORSIVO","1"
"28/11/2020","05","ANTIOQUIA","05079","BARBOSA","ARTICULO 168. SECUESTRO SIMPLE","1"
"28/11/2020","85","CASANARE","85001","YOPAL","ARTICULO 168. SECUESTRO SIMPLE","1"
"28/11/2020","19","CAUCA","19824","TOTORO","ARTICULO 168. SECUESTRO SIMPLE","1"
"28/11/2020","19","CAUCA","19824","TOTORO","ARTICULO 168. SECUESTRO SIMPLE","1"
"28/11/2020","19","CAUCA","19824","TOTORO","ARTICULO 168. SECUESTRO SIMPLE","1"
"27/11/2020","13","BOLIVAR","13688","SANTA ROSA DEL SUR","ARTICULO 168. SECUESTRO SIMPLE","1"
"27/11/2020","11","BOGOTA D.C.","11001","BOGOTA D.C.","ARTICULO 168. SECUESTRO SIMPLE","1"
"26/11/2020","76","VALLE DEL CAUCA","76109","BUENAVENTURA","ARTICULO 169. SECUESTRO EXTORSIVO","1"
"24/11/2020","81","ARAUCA","81001","ARAUCA","ARTICULO 168. SECUESTRO SIMPLE","1"
"24/11/2020","81","ARAUCA","81001","ARAUCA","ARTICULO 168. SECUESTRO SIMPLE","1"
"23/11/2020","54","NORTE DE SANTANDER","54250","EL TARRA","ARTICULO 168. SECUESTRO SIMPLE","1"
"19/11/2020","76","VALLE DEL CAUCA","76041","ANSERMANUEVO","ARTICULO 169. SECUESTRO EXTORSIVO","1"
"19/11/2020","11","BOGOTA D.C.","11001","BOGOTA D.C.","ARTICULO 168. SECUESTRO SIMPLE","1"
"17/11/2020","05","ANTIOQUIA","05001","MEDELLIN","ARTICULO 169. SECUESTRO EXTORSIVO","1"
"15/11/2020","50","META","50711","VISTAHERMOSA","ARTICULO 169. SECUESTRO EXTORSIVO","1"
"15/11/2020","50","META","50711","VISTAHERMOSA","ARTICULO 169. SECUESTRO EXTORSIVO","1"
"15/11/2020","52","NARIÑO","52696","SANTA BARBARA","ARTICULO 168. SECUESTRO SIMPLE","1"
"09/11/2020","50","META","50573","PUERTO LOPEZ","ARTICULO 168. SECUESTRO SIMPLE","1"
"04/11/2020","54","NORTE DE SANTANDER","54498","OCAÑA","ARTICULO 169. SECUESTRO EXTORSIVO","1"
"01/11/2020","11","BOGOTA D.C.","11001","BOGOTA D.C.","ARTICULO 168. SECUESTRO SIMPLE","1"
"28/10/2020","76","VALLE DEL CAUCA","76109","BUENAVENTURA","ARTICULO 169. SECUESTRO EXTORSIVO","1"
"26/10/2020","20","CESAR","20770","SAN MARTIN","ARTICULO 169. SECUESTRO EXTORSIVO","1"
"21/10/2020","76","VALLE DEL CAUCA","76001","CALI","ARTICULO 169. SECUESTRO EXTORSIVO","1"
"17/10/2020","11","BOGOTA D.C.","11001","BOGOTA D.C.","ARTICULO 168. SECUESTRO SIMPLE","1"
"12/10/2020","05","ANTIOQUIA","05364","JARDIN","ARTICULO 169. SECUESTRO EXTORSIVO","1"
"11/10/2020","08","ATLANTICO","08433","MALAMBO","ARTICULO 168. SECUESTRO SIMPLE","1"
"09/10/2020","11","BOGOTA D.C.","11001","BOGOTA D.C.","ARTICULO 168. SECUESTRO SIMPLE","1"
"05/10/2020","47","MAGDALENA","47189","CIENAGA","ARTICULO 169. SECUESTRO EXTORSIVO","1"
"04/10/2020","54","NORTE DE SANTANDER","54206","CONVENCION","ARTICULO 168. SECUESTRO SIMPLE","1"
"02/10/2020","11","BOGOTA D.C.","11001","BOGOTA D.C.","ARTICULO 168. SECUESTRO SIMPLE","1"
"30/09/2020","54","NORTE DE SANTANDER","54810","TIBU","ARTICULO 168. SECUESTRO SIMPLE","1"
"29/09/2020","54","NORTE DE SANTANDER","54553","PUERTO SANTANDER","ARTICULO 168. SECUESTRO SIMPLE","1"
"25/09/2020","19","CAUCA","19142","CALOTO","ARTICULO 169. SECUESTRO EXTORSIVO","1"
"25/09/2020","19","CAUCA","19142","CALOTO","ARTICULO 169. SECUESTRO EXTORSIVO","1"
"25/09/2020","52","NARIÑO","52001","PASTO","ARTICULO 169. SECUESTRO EXTORSIVO","1"
"25/09/2020","05","ANTIOQUIA","05001","MEDELLIN","ARTICULO 168. SECUESTRO SIMPLE","1"
"21/09/2020","52","NARIÑO","52356","IPIALES","ARTICULO 169. SECUESTRO EXTORSIVO","1"
"21/09/2020","52","NARIÑO","52356","IPIALES","ARTICULO 169. SECUESTRO EXTORSIVO","1"
"21/09/2020","52","NARIÑO","52356","IPIALES","ARTICULO 169. SECUESTRO EXTORSIVO","1"
"19/09/2020","05","ANTIOQUIA","05001","MEDELLIN","ARTICULO 168. SECUESTRO SIMPLE","1"
"18/09/2020","05","ANTIOQUIA","05001","MEDELLIN","ARTICULO 168. SECUESTRO SIMPLE","1"
"17/09/2020","23","CORDOBA","23001","MONTERIA","ARTICULO 169. SECUESTRO EXTORSIVO","1"
"10/09/2020","76","VALLE DEL CAUCA","76130","CANDELARIA","ARTICULO 168. SECUESTRO SIMPLE","1"
"10/09/2020","76","VALLE DEL CAUCA","76130","CANDELARIA","ARTICULO 168. SECUESTRO SIMPLE","1"
"10/09/2020","54","NORTE DE SANTANDER","54001","CUCUTA","ARTICULO 169. SECUESTRO EXTORSIVO","1"
"04/09/2020","44","LA GUAJIRA","44430","MAICAO","ARTICULO 168. SECUESTRO SIMPLE","1"
"29/08/2020","05","ANTIOQUIA","05088","BELLO","ARTICULO 168. SECUESTRO SIMPLE","1"
"29/08/2020","05","ANTIOQUIA","05088","BELLO","ARTICULO 168. SECUESTRO SIMPLE","1"
"29/08/2020","85","CASANARE","85440","VILLANUEVA","ARTICULO 168. SECUESTRO SIMPLE","1"
"23/08/2020","13","BOLIVAR","13001","CARTAGENA DE INDIAS","ARTICULO 168. SECUESTRO SIMPLE","1"
"22/08/2020","76","VALLE DEL CAUCA","76109","BUENAVENTURA","ARTICULO 169. SECUESTRO EXTORSIVO","1"
"19/08/2020","54","NORTE DE SANTANDER","54206","CONVENCION","ARTICULO 168. SECUESTRO SIMPLE","1"
"18/08/2020","68","SANTANDER","68406","LEBRIJA","ARTICULO 169. SECUESTRO EXTORSIVO","1"
"17/08/2020","76","VALLE DEL CAUCA","76001","CALI","ARTICULO 169. SECUESTRO EXTORSIVO","1"
"17/08/2020","05","ANTIOQUIA","05736","SEGOVIA","ARTICULO 168. SECUESTRO SIMPLE","1"
"15/08/2020","05","ANTIOQUIA","05001","MEDELLIN","ARTICULO 169. SECUESTRO EXTORSIVO","1"
"15/08/2020","11","BOGOTA D.C.","11001","BOGOTA D.C.","ARTICULO 168. SECUESTRO SIMPLE","1"
"15/08/2020","76","VALLE DEL CAUCA","76109","BUENAVENTURA","ARTICULO 169. SECUESTRO EXTORSIVO","1"
"14/08/2020","47","MAGDALENA","47980","ZONA BANANERA","ARTICULO 169. SECUESTRO EXTORSIVO","1"
"14/08/2020","47","MAGDALENA","47980","ZONA BANANERA","ARTICULO 169. SECUESTRO EXTORSIVO","1"
"14/08/2020","27","CHOCO","27001","QUIBDO","ARTICULO 169. SECUESTRO EXTORSIVO","1"
"12/08/2020","20","CESAR","20517","PAILITAS","ARTICULO 168. SECUESTRO SIMPLE","1"
"11/08/2020","11","BOGOTA D.C.","11001","BOGOTA D.C.","ARTICULO 168. SECUESTRO SIMPLE","1"
"11/08/2020","52","NARIÑO","52835","SAN ANDRES DE TUMACO","ARTICULO 168. SECUESTRO SIMPLE","1"
"09/08/2020","08","ATLANTICO","08433","MALAMBO","ARTICULO 169. SECUESTRO EXTORSIVO","1"
"09/08/2020","08","ATLANTICO","08433","MALAMBO","ARTICULO 169. SECUESTRO EXTORSIVO","1"
"08/08/2020","86","PUTUMAYO","86568","PUERTO ASIS","ARTICULO 168. SECUESTRO SIMPLE","1"
"07/08/2020","76","VALLE DEL CAUCA","76001","CALI","ARTICULO 169. SECUESTRO EXTORSIVO","1"
"06/08/2020","05","ANTIOQUIA","05001","MEDELLIN","ARTICULO 168. SECUESTRO SIMPLE","1"
"01/08/2020","05","ANTIOQUIA","05001","MEDELLIN","ARTICULO 168. SECUESTRO SIMPLE","1"
"31/07/2020","11","BOGOTA D.C.","11001","BOGOTA D.C.","ARTICULO 168. SECUESTRO SIMPLE","1"
"29/07/2020","76","VALLE DEL CAUCA","76109","BUENAVENTURA","ARTICULO 168. SECUESTRO SIMPLE","1"
"26/07/2020","05","ANTIOQUIA","05129","CALDAS","ARTICULO 169. SECUESTRO EXTORSIVO","1"
"23/07/2020","54","NORTE DE SANTANDER","54405","LOS PATIOS","ARTICULO 168. SECUESTRO SIMPLE","1"
"18/07/2020","05","ANTIOQUIA","05736","SEGOVIA","ARTICULO 169. SECUESTRO EXTORSIVO","1"
"15/07/2020","19","CAUCA","19142","CALOTO","ARTICULO 169. SECUESTRO EXTORSIVO","1"
"15/07/2020","19","CAUCA","19142","CALOTO","ARTICULO 169. SECUESTRO EXTORSIVO","1"
"13/07/2020","05","ANTIOQUIA","05001","MEDELLIN","ARTICULO 169. SECUESTRO EXTORSIVO","1"
"13/07/2020","05","ANTIOQUIA","05001","MEDELLIN","ARTICULO 169. SECUESTRO EXTORSIVO","1"
"12/07/2020","20","CESAR","20310","GONZALEZ","ARTICULO 169. SECUESTRO EXTORSIVO","1"
"12/07/2020","13","BOLIVAR","13442","MARIA LA BAJA","ARTICULO 169. SECUESTRO EXTORSIVO","1"
"12/07/2020","54","NORTE DE SANTANDER","54720","SARDINATA","ARTICULO 168. SECUESTRO SIMPLE","1"
"02/07/2020","81","ARAUCA","81001","ARAUCA","ARTICULO 169. SECUESTRO EXTORSIVO","1"
"26/06/2020","25","CUNDINAMARCA","25572","PUERTO SALGAR","ARTICULO 169. SECUESTRO EXTORSIVO","1"
"26/06/2020","05","ANTIOQUIA","05001","MEDELLIN","ARTICULO 169. SECUESTRO EXTORSIVO","1"
"25/06/2020","76","VALLE DEL CAUCA","76001","CALI","ARTICULO 168. SECUESTRO SIMPLE","1"
"24/06/2020","54","NORTE DE SANTANDER","54001","CUCUTA","ARTICULO 168. SECUESTRO SIMPLE","1"
"23/06/2020","05","ANTIOQUIA","05001","MEDELLIN","ARTICULO 168. SECUESTRO SIMPLE","1"
"23/06/2020","05","ANTIOQUIA","05001","MEDELLIN","ARTICULO 168. SECUESTRO SIMPLE","1"
"22/06/2020","81","ARAUCA","81065","ARAUQUITA","ARTICULO 169. SECUESTRO EXTORSIVO","1"
"22/06/2020","81","ARAUCA","81065","ARAUQUITA","ARTICULO 169. SECUESTRO EXTORSIVO","1"
"21/06/2020","76","VALLE DEL CAUCA","76869","VIJES","ARTICULO 168. SECUESTRO SIMPLE","1"
"14/06/2020","08","ATLANTICO","08001","BARRANQUILLA","ARTICULO 168. SECUESTRO SIMPLE","1"
"14/06/2020","20","CESAR","20013","AGUSTIN CODAZZI","ARTICULO 168. SECUESTRO SIMPLE","1"
"13/06/2020","05","ANTIOQUIA","05001","MEDELLIN","ARTICULO 168. SECUESTRO SIMPLE","1"
"12/06/2020","81","ARAUCA","81001","ARAUCA","ARTICULO 169. SECUESTRO EXTORSIVO","1"
"12/06/2020","81","ARAUCA","81001","ARAUCA","ARTICULO 169. SECUESTRO EXTORSIVO","1"
"11/06/2020","05","ANTIOQUIA","05001","MEDELLIN","ARTICULO 168. SECUESTRO SIMPLE","1"
"07/06/2020","81","ARAUCA","81736","SARAVENA","ARTICULO 168. SECUESTRO SIMPLE","1"
"06/06/2020","76","VALLE DEL CAUCA","76001","CALI","ARTICULO 169. SECUESTRO EXTORSIVO","1"
"03/06/2020","76","VALLE DEL CAUCA","76001","CALI","ARTICULO 169. SECUESTRO EXTORSIVO","1"
"03/06/2020","76","VALLE DEL CAUCA","76001","CALI","ARTICULO 169. SECUESTRO EXTORSIVO","1"
"28/05/2020","11","BOGOTA D.C.","11001","BOGOTA D.C.","ARTICULO 168. SECUESTRO SIMPLE","1"
"25/05/2020","76","VALLE DEL CAUCA","76622","ROLDANILLO","ARTICULO 168. SECUESTRO SIMPLE","1"
"25/05/2020","54","NORTE DE SANTANDER","54874","VILLA DEL ROSARIO","ARTICULO 169. SECUESTRO EXTORSIVO","1"
"18/05/2020","11","BOGOTA D.C.","11001","BOGOTA D.C.","ARTICULO 169. SECUESTRO EXTORSIVO","1"
"06/05/2020","66","RISARALDA","66170","DOSQUEBRADAS","ARTICULO 169. SECUESTRO EXTORSIVO","1"
"03/05/2020","81","ARAUCA","81065","ARAUQUITA","ARTICULO 169. SECUESTRO EXTORSIVO","1"
"03/05/2020","81","ARAUCA","81065","ARAUQUITA","ARTICULO 169. SECUESTRO EXTORSIVO","1"
"25/04/2020","85","CASANARE","85230","OROCUE","ARTICULO 168. SECUESTRO SIMPLE","1"
"24/04/2020","85","CASANARE","85001","YOPAL","ARTICULO 169. SECUESTRO EXTORSIVO","1"
"24/04/2020","85","CASANARE","85001","YOPAL","ARTICULO 169. SECUESTRO EXTORSIVO","1"
"22/03/2020","19","CAUCA","19212","CORINTO","ARTICULO 169. SECUESTRO EXTORSIVO","1"
"22/03/2020","19","CAUCA","19212","CORINTO","ARTICULO 169. SECUESTRO EXTORSIVO","1"
"19/03/2020","20","CESAR","20614","RIO DE ORO","ARTICULO 169. SECUESTRO EXTORSIVO","1"
"19/03/2020","76","VALLE DEL CAUCA","76001","CALI","ARTICULO 169. SECUESTRO EXTORSIVO","1"
"18/03/2020","73","TOLIMA","73001","IBAGUE","ARTICULO 168. SECUESTRO SIMPLE","1"
"17/03/2020","76","VALLE DEL CAUCA","76109","BUENAVENTURA","ARTICULO 169. SECUESTRO EXTORSIVO","1"
"13/03/2020","44","LA GUAJIRA","44035","ALBANIA","ARTICULO 169. SECUESTRO EXTORSIVO","1"
"12/03/2020","05","ANTIOQUIA","05088","BELLO","ARTICULO 169. SECUESTRO EXTORSIVO","1"
"11/03/2020","18","CAQUETA","18150","CARTAGENA DEL CHAIRA","ARTICULO 168. SECUESTRO SIMPLE","1"
"10/03/2020","19","CAUCA","19513","PADILLA","ARTICULO 168. SECUESTRO SIMPLE","1"
"08/03/2020","05","ANTIOQUIA","05615","RIONEGRO","ARTICULO 169. SECUESTRO EXTORSIVO","1"
"04/03/2020","52","NARIÑO","52079","BARBACOAS","ARTICULO 169. SECUESTRO EXTORSIVO","1"
"04/03/2020","52","NARIÑO","52079","BARBACOAS","ARTICULO 169. SECUESTRO EXTORSIVO","1"
"03/03/2020","85","CASANARE","85125","HATO COROZAL","ARTICULO 168. SECUESTRO SIMPLE","1"
"03/03/2020","50","META","50313","GRANADA","ARTICULO 168. SECUESTRO SIMPLE","1"
"02/03/2020","11","BOGOTA D.C.","11001","BOGOTA D.C.","ARTICULO 169. SECUESTRO EXTORSIVO","1"
"01/03/2020","52","NARIÑO","52835","SAN ANDRES DE TUMACO","ARTICULO 169. SECUESTRO EXTORSIVO","1"
"28/02/2020","20","CESAR","20770","SAN MARTIN","ARTICULO 169. SECUESTRO EXTORSIVO","1"
"27/02/2020","73","TOLIMA","73168","CHAPARRAL","ARTICULO 169. SECUESTRO EXTORSIVO","1"
"25/02/2020","11","BOGOTA D.C.","11001","BOGOTA D.C.","ARTICULO 168. SECUESTRO SIMPLE","1"
"24/02/2020","54","NORTE DE SANTANDER","54001","CUCUTA","ARTICULO 169. SECUESTRO EXTORSIVO","1"
"21/02/2020","19","CAUCA","19318","GUAPI","ARTICULO 169. SECUESTRO EXTORSIVO","1"
"21/02/2020","19","CAUCA","19318","GUAPI","ARTICULO 169. SECUESTRO EXTORSIVO","1"
"21/02/2020","11","BOGOTA D.C.","11001","BOGOTA D.C.","ARTICULO 168. SECUESTRO SIMPLE","1"
"12/02/2020","44","LA GUAJIRA","44001","RIOHACHA","ARTICULO 168. SECUESTRO SIMPLE","1"
"12/02/2020","54","NORTE DE SANTANDER","54001","CUCUTA","ARTICULO 168. SECUESTRO SIMPLE","1"
"09/02/2020","05","ANTIOQUIA","05001","MEDELLIN","ARTICULO 169. SECUESTRO EXTORSIVO","1"
"08/02/2020","08","ATLANTICO","08001","BARRANQUILLA","ARTICULO 168. SECUESTRO SIMPLE","1"
"05/02/2020","41","HUILA","41001","NEIVA","ARTICULO 169. SECUESTRO EXTORSIVO","1"
"03/02/2020","11","BOGOTA D.C.","11001","BOGOTA D.C.","ARTICULO 168. SECUESTRO SIMPLE","1"
"30/01/2020","76","VALLE DEL CAUCA","76520","PALMIRA","ARTICULO 168. SECUESTRO SIMPLE","1"
"26/01/2020","05","ANTIOQUIA","05001","MEDELLIN","ARTICULO 168. SECUESTRO SIMPLE","1"
"23/01/2020","19","CAUCA","19212","CORINTO","ARTICULO 168. SECUESTRO SIMPLE","1"
"18/01/2020","54","NORTE DE SANTANDER","54250","EL TARRA","ARTICULO 168. SECUESTRO SIMPLE","1"
"12/01/2020","11","BOGOTA D.C.","11001","BOGOTA D.C.","ARTICULO 168. SECUESTRO SIMPLE","1"
"11/01/2020","76","VALLE DEL CAUCA","76892","YUMBO","ARTICULO 169. SECUESTRO EXTORSIVO","1"
"10/01/2020","19","CAUCA","19256","EL TAMBO","ARTICULO 168. SECUESTRO SIMPLE","1"
"07/01/2020","73","TOLIMA","73349","HONDA","ARTICULO 169. SECUESTRO EXTORSIVO","1"
"03/01/2020","19","CAUCA","19142","CALOTO","ARTICULO 169. SECUESTRO EXTORSIVO","1"
"03/01/2020","19","CAUCA","19142","CALOTO","ARTICULO 169. SECUESTRO EXTORSIVO","1"
"31/12/2019","11","BOGOTA D.C.","11001","BOGOTA D.C.","ARTICULO 168. SECUESTRO SIMPLE","1"
"31/12/2019","11","BOGOTA D.C.","11001","BOGOTA D.C.","ARTICULO 168. SECUESTRO SIMPLE","1"
"31/12/2019","25","CUNDINAMARCA","25754","SOACHA","ARTICULO 169. SECUESTRO EXTORSIVO","1"
"31/12/2019","11","BOGOTA D.C.","11001","BOGOTA D.C.","ARTICULO 168. SECUESTRO SIMPLE","1"
"31/12/2019","11","BOGOTA D.C.","11001","BOGOTA D.C.","ARTICULO 168. SECUESTRO SIMPLE","1"
"28/12/2019","54","NORTE DE SANTANDER","54001","CUCUTA","ARTICULO 169. SECUESTRO EXTORSIVO","1"
"27/12/2019","54","NORTE DE SANTANDER","54347","HERRAN","ARTICULO 169. SECUESTRO EXTORSIVO","1"
"27/12/2019","19","CAUCA","19142","CALOTO","ARTICULO 169. SECUESTRO EXTORSIVO","1"
"23/12/2019","52","NARIÑO","52490","OLAYA HERRERA","ARTICULO 168. SECUESTRO SIMPLE","1"
"22/12/2019","76","VALLE DEL CAUCA","76109","BUENAVENTURA","ARTICULO 168. SECUESTRO SIMPLE","1"
"21/12/2019","52","NARIÑO","52565","PROVIDENCIA","ARTICULO 169. SECUESTRO EXTORSIVO","1"
"20/12/2019","27","CHOCO","27250","EL LITORAL DEL SAN JUAN","ARTICULO 169. SECUESTRO EXTORSIVO","1"
"18/12/2019","08","ATLANTICO","08001","BARRANQUILLA","ARTICULO 169. SECUESTRO EXTORSIVO","1"
"14/12/2019","81","ARAUCA","81001","ARAUCA","ARTICULO 168. SECUESTRO SIMPLE","1"
"10/12/2019","19","CAUCA","19364","JAMBALO","ARTICULO 169. SECUESTRO EXTORSIVO","1"
"09/12/2019","81","ARAUCA","81001","ARAUCA","ARTICULO 169. SECUESTRO EXTORSIVO","1"
"09/12/2019","88","SAN ANDRES ISLAS","88001","SAN ANDRES","ARTICULO 169. SECUESTRO EXTORSIVO","1"
"09/12/2019","88","SAN ANDRES ISLAS","88001","SAN ANDRES","ARTICULO 169. SECUESTRO EXTORSIVO","1"
"08/12/2019","11","BOGOTA D.C.","11001","BOGOTA D.C.","ARTICULO 169. SECUESTRO EXTORSIVO","1"
"04/12/2019","54","NORTE DE SANTANDER","54498","OCAÑA","ARTICULO 168. SECUESTRO SIMPLE","1"
"04/12/2019","20","CESAR","20011","AGUACHICA","ARTICULO 169. SECUESTRO EXTORSIVO","1"
"02/12/2019","25","CUNDINAMARCA","25899","ZIPAQUIRA","ARTICULO 169. SECUESTRO EXTORSIVO","1"
"02/12/2019","25","CUNDINAMARCA","25899","ZIPAQUIRA","ARTICULO 169. SECUESTRO EXTORSIVO","1"
"29/11/2019","68","SANTANDER","68276","FLORIDABLANCA","ARTICULO 169. SECUESTRO EXTORSIVO","1"
"29/11/2019","68","SANTANDER","68547","PIEDECUESTA","ARTICULO 169. SECUESTRO EXTORSIVO","1"
"28/11/2019","20","CESAR","20250","EL PASO","ARTICULO 169. SECUESTRO EXTORSIVO","1"
"28/11/2019","20","CESAR","20250","EL PASO","ARTICULO 169. SECUESTRO EXTORSIVO","1"
"28/11/2019","20","CESAR","20250","EL PASO","ARTICULO 169. SECUESTRO EXTORSIVO","1"
"26/11/2019","76","VALLE DEL CAUCA","76364","JAMUNDI","ARTICULO 168. SECUESTRO SIMPLE","1"
"26/11/2019","76","VALLE DEL CAUCA","76520","PALMIRA","ARTICULO 169. SECUESTRO EXTORSIVO","1"
"25/11/2019","54","NORTE DE SANTANDER","54810","TIBU","ARTICULO 168. SECUESTRO SIMPLE","1"
"18/11/2019","18","CAQUETA","18150","CARTAGENA DEL CHAIRA","ARTICULO 169. SECUESTRO EXTORSIVO","1"
"11/11/2019","52","NARIÑO","52399","LA UNION","ARTICULO 169. SECUESTRO EXTORSIVO","1"
"11/11/2019","81","ARAUCA","81736","SARAVENA","ARTICULO 169. SECUESTRO EXTORSIVO","1"
"06/11/2019","76","VALLE DEL CAUCA","76001","CALI","ARTICULO 169. SECUESTRO EXTORSIVO","1"
"03/11/2019","19","CAUCA","19548","PIENDAMO - TUNIA","ARTICULO 169. SECUESTRO EXTORSIVO","1"
"03/11/2019","19","CAUCA","19548","PIENDAMO - TUNIA","ARTICULO 169. SECUESTRO EXTORSIVO","1"
"03/11/2019","19","CAUCA","19548","PIENDAMO - TUNIA","ARTICULO 169. SECUESTRO EXTORSIVO","1"
"03/11/2019","19","CAUCA","19548","PIENDAMO - TUNIA","ARTICULO 169. SECUESTRO EXTORSIVO","1"
"30/10/2019","13","BOLIVAR","13001","CARTAGENA DE INDIAS","ARTICULO 168. SECUESTRO SIMPLE","1"
"26/10/2019","23","CORDOBA","23466","MONTELIBANO","ARTICULO 168. SECUESTRO SIMPLE","1"
"25/10/2019","05","ANTIOQUIA","05001","MEDELLIN","ARTICULO 168. SECUESTRO SIMPLE","1"
"24/10/2019","76","VALLE DEL CAUCA","76520","PALMIRA","ARTICULO 168. SECUESTRO SIMPLE","1"
"23/10/2019","68","SANTANDER","68001","BUCARAMANGA","ARTICULO 168. SECUESTRO SIMPLE","1"
"23/10/2019","68","SANTANDER","68001","BUCARAMANGA","ARTICULO 168. SECUESTRO SIMPLE","1"
"12/10/2019","41","HUILA","41001","NEIVA","ARTICULO 169. SECUESTRO EXTORSIVO","1"
"12/10/2019","41","HUILA","41001","NEIVA","ARTICULO 169. SECUESTRO EXTORSIVO","1"
"10/10/2019","81","ARAUCA","81736","SARAVENA","ARTICULO 169. SECUESTRO EXTORSIVO","1"
"10/10/2019","81","ARAUCA","81736","SARAVENA","ARTICULO 169. SECUESTRO EXTORSIVO","1"
"09/10/2019","66","RISARALDA","66001","PEREIRA","ARTICULO 169. SECUESTRO EXTORSIVO","1"
"05/10/2019","66","RISARALDA","66001","PEREIRA","ARTICULO 168. SECUESTRO SIMPLE","1"
"04/10/2019","99","VICHADA","99001","PUERTO CARREÑO","ARTICULO 169. SECUESTRO EXTORSIVO","1"
"04/10/2019","19","CAUCA","19318","GUAPI","ARTICULO 168. SECUESTRO SIMPLE","1"
"01/10/2019","76","VALLE DEL CAUCA","76364","JAMUNDI","ARTICULO 169. SECUESTRO EXTORSIVO","1"
"29/09/2019","81","ARAUCA","81001","ARAUCA","ARTICULO 168. SECUESTRO SIMPLE","1"
"25/09/2019","76","VALLE DEL CAUCA","76001","CALI","ARTICULO 169. SECUESTRO EXTORSIVO","1"
"18/09/2019","44","LA GUAJIRA","44279","FONSECA","ARTICULO 168. SECUESTRO SIMPLE","1"
"16/09/2019","76","VALLE DEL CAUCA","76364","JAMUNDI","ARTICULO 169. SECUESTRO EXTORSIVO","1"
"16/09/2019","76","VALLE DEL CAUCA","76364","JAMUNDI","ARTICULO 169. SECUESTRO EXTORSIVO","1"
"12/09/2019","41","HUILA","41396","LA PLATA","ARTICULO 169. SECUESTRO EXTORSIVO","1"
"10/09/2019","54","NORTE DE SANTANDER","54498","OCAÑA","ARTICULO 168. SECUESTRO SIMPLE","1"
"10/09/2019","54","NORTE DE SANTANDER","54498","OCAÑA","ARTICULO 168. SECUESTRO SIMPLE","1"
"10/09/2019","54","NORTE DE SANTANDER","54498","OCAÑA","ARTICULO 168. SECUESTRO SIMPLE","1"
"04/09/2019","19","CAUCA","19698","SANTANDER DE QUILICHAO","ARTICULO 169. SECUESTRO EXTORSIVO","1"
"30/08/2019","52","NARIÑO","52399","LA UNION","ARTICULO 169. SECUESTRO EXTORSIVO","1"
"29/08/2019","54","NORTE DE SANTANDER","54810","TIBU","ARTICULO 169. SECUESTRO EXTORSIVO","1"
"29/08/2019","08","ATLANTICO","08001","BARRANQUILLA","ARTICULO 168. SECUESTRO SIMPLE","1"
"28/08/2019","19","CAUCA","19212","CORINTO","ARTICULO 169. SECUESTRO EXTORSIVO","1"
"27/08/2019","05","ANTIOQUIA","05361","ITUANGO","ARTICULO 169. SECUESTRO EXTORSIVO","1"
"25/08/2019","25","CUNDINAMARCA","25862","VERGARA","ARTICULO 169. SECUESTRO EXTORSIVO","1"
"25/08/2019","25","CUNDINAMARCA","25862","VERGARA","ARTICULO 169. SECUESTRO EXTORSIVO","1"
"24/08/2019","27","CHOCO","27025","ALTO BAUDO","ARTICULO 169. SECUESTRO EXTORSIVO","1"
"23/08/2019","47","MAGDALENA","47189","CIENAGA","ARTICULO 168. SECUESTRO SIMPLE","1"
"23/08/2019","47","MAGDALENA","47189","CIENAGA","ARTICULO 168. SECUESTRO SIMPLE","1"
"22/08/2019","44","LA GUAJIRA","44430","MAICAO","ARTICULO 169. SECUESTRO EXTORSIVO","1"
"21/08/2019","05","ANTIOQUIA","05197","COCORNA","ARTICULO 169. SECUESTRO EXTORSIVO","1"
"17/08/2019","73","TOLIMA","73555","PLANADAS","ARTICULO 168. SECUESTRO SIMPLE","1"
"17/08/2019","73","TOLIMA","73555","PLANADAS","ARTICULO 168. SECUESTRO SIMPLE","1"
"09/08/2019","81","ARAUCA","81736","SARAVENA","ARTICULO 168. SECUESTRO SIMPLE","1"
"31/07/2019","05","ANTIOQUIA","05001","MEDELLIN","ARTICULO 169. SECUESTRO EXTORSIVO","1"
"30/07/2019","05","ANTIOQUIA","05093","BETULIA","ARTICULO 168. SECUESTRO SIMPLE","1"
"20/07/2019","11","BOGOTA D.C.","11001","BOGOTA D.C.","ARTICULO 169. SECUESTRO EXTORSIVO","1"
"19/07/2019","54","NORTE DE SANTANDER","54001","CUCUTA","ARTICULO 169. SECUESTRO EXTORSIVO","1"
"19/07/2019","54","NORTE DE SANTANDER","54001","CUCUTA","ARTICULO 169. SECUESTRO EXTORSIVO","1"
"18/07/2019","05","ANTIOQUIA","05858","VEGACHI","ARTICULO 169. SECUESTRO EXTORSIVO","1"
"18/07/2019","05","ANTIOQUIA","05858","VEGACHI","ARTICULO 169. SECUESTRO EXTORSIVO","1"
"18/07/2019","05","ANTIOQUIA","05001","MEDELLIN","ARTICULO 168. SECUESTRO SIMPLE","1"
"15/07/2019","11","BOGOTA D.C.","11001","BOGOTA D.C.","ARTICULO 169. SECUESTRO EXTORSIVO","1"
"13/07/2019","44","LA GUAJIRA","44430","MAICAO","ARTICULO 169. SECUESTRO EXTORSIVO","1"
"08/07/2019","11","BOGOTA D.C.","11001","BOGOTA D.C.","ARTICULO 168. SECUESTRO SIMPLE","1"
"03/07/2019","54","NORTE DE SANTANDER","54003","ABREGO","ARTICULO 169. SECUESTRO EXTORSIVO","1"
"03/07/2019","54","NORTE DE SANTANDER","54498","OCAÑA","ARTICULO 168. SECUESTRO SIMPLE","1"
"27/06/2019","19","CAUCA","19548","PIENDAMO - TUNIA","ARTICULO 169. SECUESTRO EXTORSIVO","1"
"27/06/2019","97","VAUPES","97001","MITU","ARTICULO 168. SECUESTRO SIMPLE","1"
"27/06/2019","05","ANTIOQUIA","05360","ITAGUI","ARTICULO 168. SECUESTRO SIMPLE","1"
"17/06/2019","47","MAGDALENA","47707","SANTA ANA","ARTICULO 169. SECUESTRO EXTORSIVO","1"
"15/06/2019","44","LA GUAJIRA","44650","SAN JUAN DEL CESAR","ARTICULO 169. SECUESTRO EXTORSIVO","1"
"14/06/2019","05","ANTIOQUIA","05690","SANTO DOMINGO","ARTICULO 169. SECUESTRO EXTORSIVO","1"
"14/06/2019","11","BOGOTA D.C.","11001","BOGOTA D.C.","ARTICULO 168. SECUESTRO SIMPLE","1"
"11/06/2019","76","VALLE DEL CAUCA","76364","JAMUNDI","ARTICULO 169. SECUESTRO EXTORSIVO","1"
"09/06/2019","27","CHOCO","27001","QUIBDO","ARTICULO 168. SECUESTRO SIMPLE","1"
"06/06/2019","25","CUNDINAMARCA","25175","CHIA","ARTICULO 169. SECUESTRO EXTORSIVO","1"
"30/05/2019","54","NORTE DE SANTANDER","54001","CUCUTA","ARTICULO 169. SECUESTRO EXTORSIVO","1"
"29/05/2019","20","CESAR","20517","PAILITAS","ARTICULO 168. SECUESTRO SIMPLE","1"
"28/05/2019","68","SANTANDER","68655","SABANA DE TORRES","ARTICULO 169. SECUESTRO EXTORSIVO","1"
"25/05/2019","70","SUCRE","70678","SAN BENITO ABAD","ARTICULO 169. SECUESTRO EXTORSIVO","1"
"24/05/2019","52","NARIÑO","52427","MAGÜI","ARTICULO 169. SECUESTRO EXTORSIVO","1"
"20/05/2019","11","BOGOTA D.C.","11001","BOGOTA D.C.","ARTICULO 169. SECUESTRO EXTORSIVO","1"
"17/05/2019","54","NORTE DE SANTANDER","54261","EL ZULIA","ARTICULO 169. SECUESTRO EXTORSIVO","1"
"17/05/2019","76","VALLE DEL CAUCA","76109","BUENAVENTURA","ARTICULO 169. SECUESTRO EXTORSIVO","1"
"03/05/2019","76","VALLE DEL CAUCA","76364","JAMUNDI","ARTICULO 169. SECUESTRO EXTORSIVO","1"
"26/04/2019","54","NORTE DE SANTANDER","54001","CUCUTA","ARTICULO 169. SECUESTRO EXTORSIVO","1"
"26/04/2019","81","ARAUCA","81065","ARAUQUITA","ARTICULO 168. SECUESTRO SIMPLE","1"
"16/04/2019","11","BOGOTA D.C.","11001","BOGOTA D.C.","ARTICULO 168. SECUESTRO SIMPLE","1"
"08/04/2019","52","NARIÑO","52215","CORDOBA","ARTICULO 169. SECUESTRO EXTORSIVO","1"
"07/04/2019","76","VALLE DEL CAUCA","76001","CALI","ARTICULO 169. SECUESTRO EXTORSIVO","1"
"06/04/2019","08","ATLANTICO","08560","PONEDERA","ARTICULO 169. SECUESTRO EXTORSIVO","1"
"05/04/2019","05","ANTIOQUIA","05266","ENVIGADO","ARTICULO 169. SECUESTRO EXTORSIVO","1"
"03/04/2019","11","BOGOTA D.C.","11001","BOGOTA D.C.","ARTICULO 169. SECUESTRO EXTORSIVO","1"
"02/04/2019","54","NORTE DE SANTANDER","54673","SAN CAYETANO","ARTICULO 169. SECUESTRO EXTORSIVO","1"
"01/04/2019","08","ATLANTICO","08001","BARRANQUILLA","ARTICULO 168. SECUESTRO SIMPLE","1"
"01/04/2019","08","ATLANTICO","08001","BARRANQUILLA","ARTICULO 168. SECUESTRO SIMPLE","1"
"30/03/2019","44","LA GUAJIRA","44847","URIBIA","ARTICULO 169. SECUESTRO EXTORSIVO","1"
"29/03/2019","19","CAUCA","19001","POPAYAN","ARTICULO 169. SECUESTRO EXTORSIVO","1"
"29/03/2019","54","NORTE DE SANTANDER","54498","OCAÑA","ARTICULO 168. SECUESTRO SIMPLE","1"
"21/03/2019","11","BOGOTA D.C.","11001","BOGOTA D.C.","ARTICULO 169. SECUESTRO EXTORSIVO","1"
"18/03/2019","05","ANTIOQUIA","05604","REMEDIOS","ARTICULO 168. SECUESTRO SIMPLE","1"
"14/03/2019","13","BOLIVAR","13657","SAN JUAN NEPOMUCENO","ARTICULO 169. SECUESTRO EXTORSIVO","1"
"14/03/2019","13","BOLIVAR","13657","SAN JUAN NEPOMUCENO","ARTICULO 169. SECUESTRO EXTORSIVO","1"
"14/03/2019","13","BOLIVAR","13657","SAN JUAN NEPOMUCENO","ARTICULO 169. SECUESTRO EXTORSIVO","1"
"14/03/2019","13","BOLIVAR","13657","SAN JUAN NEPOMUCENO","ARTICULO 169. SECUESTRO EXTORSIVO","1"
"13/03/2019","68","SANTANDER","68689","SAN VICENTE DE CHUCURI","ARTICULO 169. SECUESTRO EXTORSIVO","1"
"13/03/2019","68","SANTANDER","68689","SAN VICENTE DE CHUCURI","ARTICULO 169. SECUESTRO EXTORSIVO","1"
"11/03/2019","19","CAUCA","19517","PAEZ","ARTICULO 169. SECUESTRO EXTORSIVO","1"
"11/03/2019","81","ARAUCA","81300","FORTUL","ARTICULO 168. SECUESTRO SIMPLE","1"
"11/03/2019","19","CAUCA","19001","POPAYAN","ARTICULO 169. SECUESTRO EXTORSIVO","1"
"11/03/2019","19","CAUCA","19001","POPAYAN","ARTICULO 169. SECUESTRO EXTORSIVO","1"
"11/03/2019","19","CAUCA","19001","POPAYAN","ARTICULO 169. SECUESTRO EXTORSIVO","1"
"06/03/2019","11","BOGOTA D.C.","11001","BOGOTA D.C.","ARTICULO 168. SECUESTRO SIMPLE","1"
"05/03/2019","81","ARAUCA","81065","ARAUQUITA","ARTICULO 168. SECUESTRO SIMPLE","1"
"02/03/2019","27","CHOCO","27787","TADO","ARTICULO 169. SECUESTRO EXTORSIVO","1"
"26/02/2019","44","LA GUAJIRA","44001","RIOHACHA","ARTICULO 168. SECUESTRO SIMPLE","1"
"23/02/2019","54","NORTE DE SANTANDER","54001","CUCUTA","ARTICULO 168. SECUESTRO SIMPLE","1"
"16/02/2019","54","NORTE DE SANTANDER","54003","ABREGO","ARTICULO 169. SECUESTRO EXTORSIVO","1"
"03/02/2019","05","ANTIOQUIA","05001","MEDELLIN","ARTICULO 169. SECUESTRO EXTORSIVO","1"
"02/02/2019","76","VALLE DEL CAUCA","76109","BUENAVENTURA","ARTICULO 169. SECUESTRO EXTORSIVO","1"
"31/01/2019","19","CAUCA","19760","SOTARA PAISPAMBA","ARTICULO 169. SECUESTRO EXTORSIVO","1"
"29/01/2019","05","ANTIOQUIA","05837","TURBO","ARTICULO 169. SECUESTRO EXTORSIVO","1"
"29/01/2019","05","ANTIOQUIA","05615","RIONEGRO","ARTICULO 168. SECUESTRO SIMPLE","1"
"27/01/2019","05","ANTIOQUIA","05001","MEDELLIN","ARTICULO 169. SECUESTRO EXTORSIVO","1"
"27/01/2019","11","BOGOTA D.C.","11001","BOGOTA D.C.","ARTICULO 169. SECUESTRO EXTORSIVO","1"
"25/01/2019","54","NORTE DE SANTANDER","54800","TEORAMA","ARTICULO 169. SECUESTRO EXTORSIVO","1"
"19/01/2019","76","VALLE DEL CAUCA","76109","BUENAVENTURA","ARTICULO 169. SECUESTRO EXTORSIVO","1"
"12/01/2019","76","VALLE DEL CAUCA","76036","ANDALUCIA","ARTICULO 169. SECUESTRO EXTORSIVO","1"
"12/01/2019","76","VALLE DEL CAUCA","76036","ANDALUCIA","ARTICULO 169. SECUESTRO EXTORSIVO","1"
"11/01/2019","54","NORTE DE SANTANDER","54344","HACARI","ARTICULO 168. SECUESTRO SIMPLE","1"
"11/01/2019","54","NORTE DE SANTANDER","54344","HACARI","ARTICULO 168. SECUESTRO SIMPLE","1"
"11/01/2019","54","NORTE DE SANTANDER","54344","HACARI","ARTICULO 168. SECUESTRO SIMPLE","1"
"10/01/2019","20","CESAR","20228","CURUMANI","ARTICULO 169. SECUESTRO EXTORSIVO","1"
"07/01/2019","54","NORTE DE SANTANDER","54874","VILLA DEL ROSARIO","ARTICULO 168. SECUESTRO SIMPLE","1"
"07/01/2019","81","ARAUCA","81794","TAME","ARTICULO 168. SECUESTRO SIMPLE","1"
"04/01/2019","54","NORTE DE SANTANDER","54874","VILLA DEL ROSARIO","ARTICULO 168. SECUESTRO SIMPLE","1"
"01/01/2019","76","VALLE DEL CAUCA","76001","CALI","ARTICULO 169. SECUESTRO EXTORSIVO","1"
"31/12/2018","81","ARAUCA","81001","ARAUCA","ARTICULO 168. SECUESTRO SIMPLE","1"
"28/12/2018","19","CAUCA","19698","SANTANDER DE QUILICHAO","ARTICULO 169. SECUESTRO EXTORSIVO","1"
"28/12/2018","19","CAUCA","19698","SANTANDER DE QUILICHAO","ARTICULO 169. SECUESTRO EXTORSIVO","1"
"26/12/2018","19","CAUCA","19807","TIMBIO","ARTICULO 169. SECUESTRO EXTORSIVO","1"
"20/12/2018","50","META","50001","VILLAVICENCIO","ARTICULO 169. SECUESTRO EXTORSIVO","1"
"20/12/2018","25","CUNDINAMARCA","25754","SOACHA","ARTICULO 168. SECUESTRO SIMPLE","1"
"19/12/2018","76","VALLE DEL CAUCA","76001","CALI","ARTICULO 168. SECUESTRO SIMPLE","1"
"18/12/2018","19","CAUCA","19256","EL TAMBO","ARTICULO 169. SECUESTRO EXTORSIVO","1"
"18/12/2018","19","CAUCA","19130","CAJIBIO","ARTICULO 169. SECUESTRO EXTORSIVO","1"
"17/12/2018","54","NORTE DE SANTANDER","54498","OCAÑA","ARTICULO 169. SECUESTRO EXTORSIVO","1"
"13/12/2018","54","NORTE DE SANTANDER","54001","CUCUTA","ARTICULO 169. SECUESTRO EXTORSIVO","1"
"13/12/2018","54","NORTE DE SANTANDER","54001","CUCUTA","ARTICULO 169. SECUESTRO EXTORSIVO","1"
"07/12/2018","73","TOLIMA","73217","COYAIMA","ARTICULO 169. SECUESTRO EXTORSIVO","1"
"06/12/2018","44","LA GUAJIRA","44430","MAICAO","ARTICULO 168. SECUESTRO SIMPLE","1"
"05/12/2018","05","ANTIOQUIA","05361","ITUANGO","ARTICULO 169. SECUESTRO EXTORSIVO","1"
"04/12/2018","66","RISARALDA","66001","PEREIRA","ARTICULO 168. SECUESTRO SIMPLE","1"
"04/12/2018","19","CAUCA","19698","SANTANDER DE QUILICHAO","ARTICULO 169. SECUESTRO EXTORSIVO","1"
"03/12/2018","76","VALLE DEL CAUCA","76147","CARTAGO","ARTICULO 169. SECUESTRO EXTORSIVO","1"
"01/12/2018","11","BOGOTA D.C.","11001","BOGOTA D.C.","ARTICULO 169. SECUESTRO EXTORSIVO","1"
"30/11/2018","54","NORTE DE SANTANDER","54498","OCAÑA","ARTICULO 168. SECUESTRO SIMPLE","1"
"30/11/2018","54","NORTE DE SANTANDER","54498","OCAÑA","ARTICULO 168. SECUESTRO SIMPLE","1"
"29/11/2018","52","NARIÑO","52835","SAN ANDRES DE TUMACO","ARTICULO 169. SECUESTRO EXTORSIVO","1"
"26/11/2018","73","TOLIMA","73236","DOLORES","ARTICULO 169. SECUESTRO EXTORSIVO","1"
"23/11/2018","66","RISARALDA","66687","SANTUARIO","ARTICULO 169. SECUESTRO EXTORSIVO","1"
"23/11/2018","66","RISARALDA","66687","SANTUARIO","ARTICULO 169. SECUESTRO EXTORSIVO","1"
"18/11/2018","52","NARIÑO","52356","IPIALES","ARTICULO 169. SECUESTRO EXTORSIVO","1"
"17/11/2018","19","CAUCA","19212","CORINTO","ARTICULO 169. SECUESTRO EXTORSIVO","1"
"16/11/2018","25","CUNDINAMARCA","25899","ZIPAQUIRA","ARTICULO 169. SECUESTRO EXTORSIVO","1"
"13/11/2018","05","ANTIOQUIA","05313","GRANADA","ARTICULO 169. SECUESTRO EXTORSIVO","1"
"09/11/2018","85","CASANARE","85001","YOPAL","ARTICULO 168. SECUESTRO SIMPLE","1"
"06/11/2018","41","HUILA","41396","LA PLATA","ARTICULO 169. SECUESTRO EXTORSIVO","1"
"29/10/2018","81","ARAUCA","81736","SARAVENA","ARTICULO 168. SECUESTRO SIMPLE","1"
"28/10/2018","52","NARIÑO","52250","EL CHARCO","ARTICULO 169. SECUESTRO EXTORSIVO","1"
"27/10/2018","76","VALLE DEL CAUCA","76364","JAMUNDI","ARTICULO 169. SECUESTRO EXTORSIVO","1"
"22/10/2018","18","CAQUETA","18860","VALPARAISO","ARTICULO 169. SECUESTRO EXTORSIVO","1"
"14/10/2018","54","NORTE DE SANTANDER","54498","OCAÑA","ARTICULO 169. SECUESTRO EXTORSIVO","1"
"10/10/2018","54","NORTE DE SANTANDER","54498","OCAÑA","ARTICULO 169. SECUESTRO EXTORSIVO","1"
"09/10/2018","54","NORTE DE SANTANDER","54003","ABREGO","ARTICULO 169. SECUESTRO EXTORSIVO","1"
"03/10/2018","54","NORTE DE SANTANDER","54245","EL CARMEN","ARTICULO 169. SECUESTRO EXTORSIVO","1"
"03/10/2018","05","ANTIOQUIA","05440","MARINILLA","ARTICULO 169. SECUESTRO EXTORSIVO","1"
"02/10/2018","76","VALLE DEL CAUCA","76001","CALI","ARTICULO 169. SECUESTRO EXTORSIVO","1"
"29/09/2018","05","ANTIOQUIA","05376","LA CEJA","ARTICULO 169. SECUESTRO EXTORSIVO","1"
"27/09/2018","05","ANTIOQUIA","05030","AMAGA","ARTICULO 169. SECUESTRO EXTORSIVO","1"
"25/09/2018","19","CAUCA","19698","SANTANDER DE QUILICHAO","ARTICULO 168. SECUESTRO SIMPLE","1"
"20/09/2018","47","MAGDALENA","47001","SANTA MARTA","ARTICULO 169. SECUESTRO EXTORSIVO","1"
"20/09/2018","47","MAGDALENA","47001","SANTA MARTA","ARTICULO 169. SECUESTRO EXTORSIVO","1"
"20/09/2018","47","MAGDALENA","47001","SANTA MARTA","ARTICULO 169. SECUESTRO EXTORSIVO","1"
"20/09/2018","76","VALLE DEL CAUCA","76109","BUENAVENTURA","ARTICULO 169. SECUESTRO EXTORSIVO","1"
"14/09/2018","47","MAGDALENA","47001","SANTA MARTA","ARTICULO 168. SECUESTRO SIMPLE","1"
"11/09/2018","15","BOYACA","15572","PUERTO BOYACA","ARTICULO 168. SECUESTRO SIMPLE","1"
"10/09/2018","27","CHOCO","27160","CERTEGUI","ARTICULO 169. SECUESTRO EXTORSIVO","1"
"07/09/2018","27","CHOCO","27077","BAJO BAUDO","ARTICULO 168. SECUESTRO SIMPLE","1"
"04/09/2018","86","PUTUMAYO","86001","MOCOA","ARTICULO 169. SECUESTRO EXTORSIVO","1"
"04/09/2018","86","PUTUMAYO","86001","MOCOA","ARTICULO 169. SECUESTRO EXTORSIVO","1"
"03/09/2018","44","LA GUAJIRA","44430","MAICAO","ARTICULO 168. SECUESTRO SIMPLE","1"
"02/09/2018","44","LA GUAJIRA","44001","RIOHACHA","ARTICULO 169. SECUESTRO EXTORSIVO","1"
"02/09/2018","44","LA GUAJIRA","44001","RIOHACHA","ARTICULO 169. SECUESTRO EXTORSIVO","1"
"01/09/2018","76","VALLE DEL CAUCA","76364","JAMUNDI","ARTICULO 169. SECUESTRO EXTORSIVO","1"
"31/08/2018","08","ATLANTICO","08001","BARRANQUILLA","ARTICULO 169. SECUESTRO EXTORSIVO","1"
"31/08/2018","54","NORTE DE SANTANDER","54498","OCAÑA","ARTICULO 169. SECUESTRO EXTORSIVO","1"
"29/08/2018","52","NARIÑO","52835","SAN ANDRES DE TUMACO","ARTICULO 168. SECUESTRO SIMPLE","1"
"28/08/2018","19","CAUCA","19455","MIRANDA","ARTICULO 168. SECUESTRO SIMPLE","1"
"23/08/2018","15","BOYACA","15469","MONIQUIRA","ARTICULO 168. SECUESTRO SIMPLE","1"
"23/08/2018","47","MAGDALENA","47980","ZONA BANANERA","ARTICULO 169. SECUESTRO EXTORSIVO","1"
"18/08/2018","76","VALLE DEL CAUCA","76001","CALI","ARTICULO 169. SECUESTRO EXTORSIVO","1"
"12/08/2018","19","CAUCA","19585","PURACE","ARTICULO 169. SECUESTRO EXTORSIVO","1"
"09/08/2018","47","MAGDALENA","47189","CIENAGA","ARTICULO 169. SECUESTRO EXTORSIVO","1"
"08/08/2018","81","ARAUCA","81300","FORTUL","ARTICULO 168. SECUESTRO SIMPLE","1"
"08/08/2018","81","ARAUCA","81300","FORTUL","ARTICULO 168. SECUESTRO SIMPLE","1"
"08/08/2018","81","ARAUCA","81300","FORTUL","ARTICULO 168. SECUESTRO SIMPLE","1"
"08/08/2018","76","VALLE DEL CAUCA","76233","DAGUA","ARTICULO 169. SECUESTRO EXTORSIVO","1"
"05/08/2018","05","ANTIOQUIA","05154","CAUCASIA","ARTICULO 168. SECUESTRO SIMPLE","1"
"04/08/2018","76","VALLE DEL CAUCA","76001","CALI","ARTICULO 169. SECUESTRO EXTORSIVO","1"
"03/08/2018","41","HUILA","41001","NEIVA","ARTICULO 169. SECUESTRO EXTORSIVO","1"
"02/08/2018","27","CHOCO","27425","MEDIO ATRATO","ARTICULO 168. SECUESTRO SIMPLE","1"
"02/08/2018","27","CHOCO","27425","MEDIO ATRATO","ARTICULO 168. SECUESTRO SIMPLE","1"
"02/08/2018","27","CHOCO","27425","MEDIO ATRATO","ARTICULO 168. SECUESTRO SIMPLE","1"
"02/08/2018","27","CHOCO","27425","MEDIO ATRATO","ARTICULO 168. SECUESTRO SIMPLE","1"
"02/08/2018","27","CHOCO","27425","MEDIO ATRATO","ARTICULO 168. SECUESTRO SIMPLE","1"
"02/08/2018","27","CHOCO","27425","MEDIO ATRATO","ARTICULO 168. SECUESTRO SIMPLE","1"
"29/07/2018","68","SANTANDER","68077","BARBOSA","ARTICULO 169. SECUESTRO EXTORSIVO","1"
"28/07/2018","11","BOGOTA D.C.","11001","BOGOTA D.C.","ARTICULO 168. SECUESTRO SIMPLE","1"
"28/07/2018","11","BOGOTA D.C.","11001","BOGOTA D.C.","ARTICULO 168. SECUESTRO SIMPLE","1"
"28/07/2018","11","BOGOTA D.C.","11001","BOGOTA D.C.","ARTICULO 168. SECUESTRO SIMPLE","1"
"26/07/2018","05","ANTIOQUIA","05893","YONDO","ARTICULO 169. SECUESTRO EXTORSIVO","1"
"24/07/2018","19","CAUCA","19845","VILLA RICA","ARTICULO 169. SECUESTRO EXTORSIVO","1"
"24/07/2018","27","CHOCO","27450","MEDIO SAN JUAN","ARTICULO 169. SECUESTRO EXTORSIVO","1"
"23/07/2018","73","TOLIMA","73168","CHAPARRAL","ARTICULO 169. SECUESTRO EXTORSIVO","1"
"23/07/2018","44","LA GUAJIRA","44430","MAICAO","ARTICULO 168. SECUESTRO SIMPLE","1"
"22/07/2018","85","CASANARE","85263","PORE","ARTICULO 169. SECUESTRO EXTORSIVO","1"
"21/07/2018","68","SANTANDER","68705","SANTA BARBARA","ARTICULO 169. SECUESTRO EXTORSIVO","1"
"19/07/2018","54","NORTE DE SANTANDER","54874","VILLA DEL ROSARIO","ARTICULO 168. SECUESTRO SIMPLE","1"
"12/07/2018","27","CHOCO","27050","ATRATO","ARTICULO 169. SECUESTRO EXTORSIVO","1"
"02/07/2018","20","CESAR","20001","VALLEDUPAR","ARTICULO 168. SECUESTRO SIMPLE","1"
"30/06/2018","19","CAUCA","19256","EL TAMBO","ARTICULO 169. SECUESTRO EXTORSIVO","1"
"27/06/2018","19","CAUCA","19845","VILLA RICA","ARTICULO 169. SECUESTRO EXTORSIVO","1"
"24/06/2018","66","RISARALDA","66001","PEREIRA","ARTICULO 169. SECUESTRO EXTORSIVO","1"
"24/06/2018","66","RISARALDA","66001","PEREIRA","ARTICULO 169. SECUESTRO EXTORSIVO","1"
"20/06/2018","81","ARAUCA","81220","CRAVO NORTE","ARTICULO 169. SECUESTRO EXTORSIVO","1"
"20/06/2018","81","ARAUCA","81220","CRAVO NORTE","ARTICULO 169. SECUESTRO EXTORSIVO","1"
"19/06/2018","52","NARIÑO","52560","POTOSI","ARTICULO 169. SECUESTRO EXTORSIVO","1"
"18/06/2018","19","CAUCA","19513","PADILLA","ARTICULO 169. SECUESTRO EXTORSIVO","1"
"17/06/2018","54","NORTE DE SANTANDER","54261","EL ZULIA","ARTICULO 169. SECUESTRO EXTORSIVO","1"
"13/06/2018","19","CAUCA","19300","GUACHENE","ARTICULO 168. SECUESTRO SIMPLE","1"
"12/06/2018","52","NARIÑO","52585","PUPIALES","ARTICULO 169. SECUESTRO EXTORSIVO","1"
"12/06/2018","50","META","50001","VILLAVICENCIO","ARTICULO 168. SECUESTRO SIMPLE","1"
"06/06/2018","11","BOGOTA D.C.","11001","BOGOTA D.C.","ARTICULO 169. SECUESTRO EXTORSIVO","1"
"06/06/2018","11","BOGOTA D.C.","11001","BOGOTA D.C.","ARTICULO 169. SECUESTRO EXTORSIVO","1"
"01/06/2018","13","BOLIVAR","13688","SANTA ROSA DEL SUR","ARTICULO 169. SECUESTRO EXTORSIVO","1"
"19/05/2018","19","CAUCA","19212","CORINTO","ARTICULO 169. SECUESTRO EXTORSIVO","1"
"17/05/2018","05","ANTIOQUIA","05001","MEDELLIN","ARTICULO 169. SECUESTRO EXTORSIVO","1"
"17/05/2018","52","NARIÑO","52356","IPIALES","ARTICULO 169. SECUESTRO EXTORSIVO","1"
"12/05/2018","19","CAUCA","19137","CALDONO","ARTICULO 169. SECUESTRO EXTORSIVO","1"
"10/05/2018","17","CALDAS","17616","RISARALDA","ARTICULO 168. SECUESTRO SIMPLE","1"
"07/05/2018","50","META","50370","URIBE","ARTICULO 169. SECUESTRO EXTORSIVO","1"
"07/05/2018","19","CAUCA","19142","CALOTO","ARTICULO 169. SECUESTRO EXTORSIVO","1"
"05/05/2018","86","PUTUMAYO","86885","VILLAGARZON","ARTICULO 169. SECUESTRO EXTORSIVO","1"
"05/05/2018","76","VALLE DEL CAUCA","76109","BUENAVENTURA","ARTICULO 168. SECUESTRO SIMPLE","1"
"30/04/2018","50","META","50370","URIBE","ARTICULO 168. SECUESTRO SIMPLE","1"
"26/04/2018","54","NORTE DE SANTANDER","54001","CUCUTA","ARTICULO 169. SECUESTRO EXTORSIVO","1"
"26/04/2018","81","ARAUCA","81065","ARAUQUITA","ARTICULO 169. SECUESTRO EXTORSIVO","1"
"25/04/2018","52","NARIÑO","52019","ALBAN","ARTICULO 169. SECUESTRO EXTORSIVO","1"
"25/04/2018","52","NARIÑO","52356","IPIALES","ARTICULO 169. SECUESTRO EXTORSIVO","1"
"22/04/2018","11","BOGOTA D.C.","11001","BOGOTA D.C.","ARTICULO 168. SECUESTRO SIMPLE","1"
"22/04/2018","86","PUTUMAYO","86757","SAN MIGUEL","ARTICULO 169. SECUESTRO EXTORSIVO","1"
"20/04/2018","76","VALLE DEL CAUCA","76622","ROLDANILLO","ARTICULO 169. SECUESTRO EXTORSIVO","1"
"18/04/2018","19","CAUCA","19300","GUACHENE","ARTICULO 169. SECUESTRO EXTORSIVO","1"
"18/04/2018","27","CHOCO","27787","TADO","ARTICULO 168. SECUESTRO SIMPLE","1"
"17/04/2018","52","NARIÑO","52838","TUQUERRES","ARTICULO 169. SECUESTRO EXTORSIVO","1"
"12/04/2018","86","PUTUMAYO","86568","PUERTO ASIS","ARTICULO 169. SECUESTRO EXTORSIVO","1"
"11/04/2018","68","SANTANDER","68575","PUERTO WILCHES","ARTICULO 168. SECUESTRO SIMPLE","1"
"09/04/2018","19","CAUCA","19845","VILLA RICA","ARTICULO 168. SECUESTRO SIMPLE","1"
"07/04/2018","54","NORTE DE SANTANDER","54001","CUCUTA","ARTICULO 169. SECUESTRO EXTORSIVO","1"
"07/04/2018","11","BOGOTA D.C.","11001","BOGOTA D.C.","ARTICULO 169. SECUESTRO EXTORSIVO","1"
"06/04/2018","05","ANTIOQUIA","05001","MEDELLIN","ARTICULO 169. SECUESTRO EXTORSIVO","1"
"06/04/2018","05","ANTIOQUIA","05001","MEDELLIN","ARTICULO 169. SECUESTRO EXTORSIVO","1"
"06/04/2018","47","MAGDALENA","47980","ZONA BANANERA","ARTICULO 168. SECUESTRO SIMPLE","1"
"04/04/2018","19","CAUCA","19137","CALDONO","ARTICULO 169. SECUESTRO EXTORSIVO","1"
"03/04/2018","81","ARAUCA","81065","ARAUQUITA","ARTICULO 168. SECUESTRO SIMPLE","1"
"02/04/2018","54","NORTE DE SANTANDER","54800","TEORAMA","ARTICULO 168. SECUESTRO SIMPLE","1"
"02/04/2018","54","NORTE DE SANTANDER","54800","TEORAMA","ARTICULO 168. SECUESTRO SIMPLE","1"
"02/04/2018","54","NORTE DE SANTANDER","54800","TEORAMA","ARTICULO 168. SECUESTRO SIMPLE","1"
"02/04/2018","54","NORTE DE SANTANDER","54800","TEORAMA","ARTICULO 168. SECUESTRO SIMPLE","1"
"29/03/2018","76","VALLE DEL CAUCA","76001","CALI","ARTICULO 168. SECUESTRO SIMPLE","1"
"28/03/2018","81","ARAUCA","81001","ARAUCA","ARTICULO 169. SECUESTRO EXTORSIVO","1"
"28/03/2018","81","ARAUCA","81300","FORTUL","ARTICULO 168. SECUESTRO SIMPLE","1"
"28/03/2018","05","ANTIOQUIA","05579","PUERTO BERRIO","ARTICULO 168. SECUESTRO SIMPLE","1"
"27/03/2018","41","HUILA","41006","ACEVEDO","ARTICULO 169. SECUESTRO EXTORSIVO","1"
"27/03/2018","19","CAUCA","19585","PURACE","ARTICULO 169. SECUESTRO EXTORSIVO","1"
"25/03/2018","52","NARIÑO","52693","SAN PABLO","ARTICULO 168. SECUESTRO SIMPLE","1"
"20/03/2018","76","VALLE DEL CAUCA","76001","CALI","ARTICULO 169. SECUESTRO EXTORSIVO","1"
"17/03/2018","05","ANTIOQUIA","05001","MEDELLIN","ARTICULO 168. SECUESTRO SIMPLE","1"
"16/03/2018","52","NARIÑO","52356","IPIALES","ARTICULO 168. SECUESTRO SIMPLE","1"
"14/03/2018","05","ANTIOQUIA","05615","RIONEGRO","ARTICULO 169. SECUESTRO EXTORSIVO","1"
"14/03/2018","05","ANTIOQUIA","05001","MEDELLIN","ARTICULO 168. SECUESTRO SIMPLE","1"
"27/02/2018","54","NORTE DE SANTANDER","54498","OCAÑA","ARTICULO 169. SECUESTRO EXTORSIVO","1"
"19/02/2018","54","NORTE DE SANTANDER","54810","TIBU","ARTICULO 168. SECUESTRO SIMPLE","1"
"07/02/2018","52","NARIÑO","52835","SAN ANDRES DE TUMACO","ARTICULO 168. SECUESTRO SIMPLE","1"
"07/02/2018","25","CUNDINAMARCA","25754","SOACHA","ARTICULO 169. SECUESTRO EXTORSIVO","1"
"05/02/2018","76","VALLE DEL CAUCA","76001","CALI","ARTICULO 168. SECUESTRO SIMPLE","1"
"02/02/2018","11","BOGOTA D.C.","11001","BOGOTA D.C.","ARTICULO 169. SECUESTRO EXTORSIVO","1"
"02/02/2018","11","BOGOTA D.C.","11001","BOGOTA D.C.","ARTICULO 169. SECUESTRO EXTORSIVO","1"
"01/02/2018","76","VALLE DEL CAUCA","76001","CALI","ARTICULO 169. SECUESTRO EXTORSIVO","1"
"26/01/2018","19","CAUCA","19698","SANTANDER DE QUILICHAO","ARTICULO 168. SECUESTRO SIMPLE","1"
"26/01/2018","27","CHOCO","27245","EL CARMEN DE ATRATO","ARTICULO 168. SECUESTRO SIMPLE","1"
"15/01/2018","11","BOGOTA D.C.","11001","BOGOTA D.C.","ARTICULO 168. SECUESTRO SIMPLE","1"
"15/01/2018","54","NORTE DE SANTANDER","54001","CUCUTA","ARTICULO 169. SECUESTRO EXTORSIVO","1"
"15/01/2018","54","NORTE DE SANTANDER","54001","CUCUTA","ARTICULO 169. SECUESTRO EXTORSIVO","1"
"13/01/2018","81","ARAUCA","81736","SARAVENA","ARTICULO 168. SECUESTRO SIMPLE","1"
"12/01/2018","54","NORTE DE SANTANDER","54874","VILLA DEL ROSARIO","ARTICULO 169. SECUESTRO EXTORSIVO","1"
"10/01/2018","50","META","50001","VILLAVICENCIO","ARTICULO 168. SECUESTRO SIMPLE","1"
"10/01/2018","19","CAUCA","19698","SANTANDER DE QUILICHAO","ARTICULO 168. SECUESTRO SIMPLE","1"
"10/01/2018","19","CAUCA","19698","SANTANDER DE QUILICHAO","ARTICULO 168. SECUESTRO SIMPLE","1"
"07/01/2018","17","CALDAS","17042","ANSERMA","ARTICULO 168. SECUESTRO SIMPLE","1"
"05/01/2018","41","HUILA","41668","SAN AGUSTIN","ARTICULO 169. SECUESTRO EXTORSIVO","1"
"03/01/2018","81","ARAUCA","81065","ARAUQUITA","ARTICULO 168. SECUESTRO SIMPLE","1"
"31/12/2017","18","CAQUETA","18753","SAN VICENTE DEL CAGUAN","ARTICULO 169. SECUESTRO EXTORSIVO","1"
"27/12/2017","23","CORDOBA","23001","MONTERIA","ARTICULO 169. SECUESTRO EXTORSIVO","1"
"27/12/2017","19","CAUCA","19807","TIMBIO","ARTICULO 169. SECUESTRO EXTORSIVO","1"
"22/12/2017","19","CAUCA","19397","LA VEGA","ARTICULO 169. SECUESTRO EXTORSIVO","1"
"22/12/2017","17","CALDAS","17174","CHINCHINA","ARTICULO 168. SECUESTRO SIMPLE","1"
"20/12/2017","86","PUTUMAYO","86001","MOCOA","ARTICULO 169. SECUESTRO EXTORSIVO","1"
"13/12/2017","19","CAUCA","19130","CAJIBIO","ARTICULO 168. SECUESTRO SIMPLE","1"
"12/12/2017","11","BOGOTA D.C.","11001","BOGOTA D.C.","ARTICULO 169. SECUESTRO EXTORSIVO","1"
"12/12/2017","19","CAUCA","19355","INZA","ARTICULO 168. SECUESTRO SIMPLE","1"
"12/12/2017","19","CAUCA","19355","INZA","ARTICULO 168. SECUESTRO SIMPLE","1"
"12/12/2017","19","CAUCA","19355","INZA","ARTICULO 168. SECUESTRO SIMPLE","1"
"10/12/2017","20","CESAR","20614","RIO DE ORO","ARTICULO 169. SECUESTRO EXTORSIVO","1"
"10/12/2017","20","CESAR","20614","RIO DE ORO","ARTICULO 169. SECUESTRO EXTORSIVO","1"
"08/12/2017","76","VALLE DEL CAUCA","76001","CALI","ARTICULO 168. SECUESTRO SIMPLE","1"
"05/12/2017","05","ANTIOQUIA","05642","SALGAR","ARTICULO 169. SECUESTRO EXTORSIVO","1"
"04/12/2017","19","CAUCA","19824","TOTORO","ARTICULO 169. SECUESTRO EXTORSIVO","1"
"30/11/2017","19","CAUCA","19130","CAJIBIO","ARTICULO 169. SECUESTRO EXTORSIVO","1"
"27/11/2017","52","NARIÑO","52585","PUPIALES","ARTICULO 169. SECUESTRO EXTORSIVO","1"
"26/11/2017","41","HUILA","41026","ALTAMIRA","ARTICULO 169. SECUESTRO EXTORSIVO","1"
"22/11/2017","17","CALDAS","17388","LA MERCED","ARTICULO 169. SECUESTRO EXTORSIVO","1"
"15/11/2017","52","NARIÑO","52385","LA LLANADA","ARTICULO 169. SECUESTRO EXTORSIVO","1"
"14/11/2017","54","NORTE DE SANTANDER","54206","CONVENCION","ARTICULO 169. SECUESTRO EXTORSIVO","1"
"14/11/2017","19","CAUCA","19290","FLORENCIA","ARTICULO 169. SECUESTRO EXTORSIVO","1"
"05/11/2017","19","CAUCA","19137","CALDONO","ARTICULO 168. SECUESTRO SIMPLE","1"
"02/11/2017","76","VALLE DEL CAUCA","76147","CARTAGO","ARTICULO 169. SECUESTRO EXTORSIVO","1"
"28/10/2017","50","META","50001","VILLAVICENCIO","ARTICULO 169. SECUESTRO EXTORSIVO","1"
"27/10/2017","68","SANTANDER","68081","BARRANCABERMEJA","ARTICULO 169. SECUESTRO EXTORSIVO","1"
"26/10/2017","19","CAUCA","19137","CALDONO","ARTICULO 169. SECUESTRO EXTORSIVO","1"
"23/10/2017","63","QUINDIO","63272","FILANDIA","ARTICULO 169. SECUESTRO EXTORSIVO","1"
"17/10/2017","11","BOGOTA D.C.","11001","BOGOTA D.C.","ARTICULO 169. SECUESTRO EXTORSIVO","1"
"17/10/2017","05","ANTIOQUIA","05318","GUARNE","ARTICULO 168. SECUESTRO SIMPLE","1"
"16/10/2017","54","NORTE DE SANTANDER","54874","VILLA DEL ROSARIO","ARTICULO 169. SECUESTRO EXTORSIVO","1"
"12/10/2017","41","HUILA","41807","TIMANA","ARTICULO 169. SECUESTRO EXTORSIVO","1"
"12/10/2017","41","HUILA","41807","TIMANA","ARTICULO 169. SECUESTRO EXTORSIVO","1"
"12/10/2017","05","ANTIOQUIA","05001","MEDELLIN","ARTICULO 169. SECUESTRO EXTORSIVO","1"
"06/10/2017","52","NARIÑO","52356","IPIALES","ARTICULO 169. SECUESTRO EXTORSIVO","1"
"05/10/2017","05","ANTIOQUIA","05631","SABANETA","ARTICULO 169. SECUESTRO EXTORSIVO","1"
"03/10/2017","54","NORTE DE SANTANDER","54001","CUCUTA","ARTICULO 168. SECUESTRO SIMPLE","1"
"02/10/2017","05","ANTIOQUIA","05001","MEDELLIN","ARTICULO 169. SECUESTRO EXTORSIVO","1"
"02/10/2017","73","TOLIMA","73449","MELGAR","ARTICULO 168. SECUESTRO SIMPLE","1"
"02/10/2017","50","META","50006","ACACIAS","ARTICULO 168. SECUESTRO SIMPLE","1"
"30/09/2017","19","CAUCA","19022","ALMAGUER","ARTICULO 169. SECUESTRO EXTORSIVO","1"
"30/09/2017","27","CHOCO","27001","QUIBDO","ARTICULO 169. SECUESTRO EXTORSIVO","1"
"28/09/2017","54","NORTE DE SANTANDER","54001","CUCUTA","ARTICULO 169. SECUESTRO EXTORSIVO","1"
"26/09/2017","54","NORTE DE SANTANDER","54810","TIBU","ARTICULO 168. SECUESTRO SIMPLE","1"
"25/09/2017","86","PUTUMAYO","86320","ORITO","ARTICULO 168. SECUESTRO SIMPLE","1"
"24/09/2017","19","CAUCA","19022","ALMAGUER","ARTICULO 169. SECUESTRO EXTORSIVO","1"
"21/09/2017","76","VALLE DEL CAUCA","76364","JAMUNDI","ARTICULO 168. SECUESTRO SIMPLE","1"
"20/09/2017","50","META","50001","VILLAVICENCIO","ARTICULO 168. SECUESTRO SIMPLE","1"
"17/09/2017","52","NARIÑO","52835","SAN ANDRES DE TUMACO","ARTICULO 169. SECUESTRO EXTORSIVO","1"
"16/09/2017","54","NORTE DE SANTANDER","54720","SARDINATA","ARTICULO 168. SECUESTRO SIMPLE","1"
"16/09/2017","63","QUINDIO","63594","QUIMBAYA","ARTICULO 168. SECUESTRO SIMPLE","1"
"13/09/2017","54","NORTE DE SANTANDER","54874","VILLA DEL ROSARIO","ARTICULO 168. SECUESTRO SIMPLE","1"
"06/09/2017","05","ANTIOQUIA","05579","PUERTO BERRIO","ARTICULO 168. SECUESTRO SIMPLE","1"
"30/08/2017","19","CAUCA","19698","SANTANDER DE QUILICHAO","ARTICULO 168. SECUESTRO SIMPLE","1"
"30/08/2017","76","VALLE DEL CAUCA","76111","GUADALAJARA DE BUGA","ARTICULO 169. SECUESTRO EXTORSIVO","1"
"30/08/2017","05","ANTIOQUIA","05001","MEDELLIN","ARTICULO 168. SECUESTRO SIMPLE","1"
"29/08/2017","44","LA GUAJIRA","44078","BARRANCAS","ARTICULO 169. SECUESTRO EXTORSIVO","1"
"24/08/2017","54","NORTE DE SANTANDER","54498","OCAÑA","ARTICULO 169. SECUESTRO EXTORSIVO","1"
"23/08/2017","54","NORTE DE SANTANDER","54810","TIBU","ARTICULO 169. SECUESTRO EXTORSIVO","1"
"20/08/2017","05","ANTIOQUIA","05138","CAÑASGORDAS","ARTICULO 169. SECUESTRO EXTORSIVO","1"
"20/08/2017","66","RISARALDA","66572","PUEBLO RICO","ARTICULO 169. SECUESTRO EXTORSIVO","1"
"19/08/2017","27","CHOCO","27787","TADO","ARTICULO 169. SECUESTRO EXTORSIVO","1"
"18/08/2017","15","BOYACA","15238","DUITAMA","ARTICULO 168. SECUESTRO SIMPLE","1"
"09/08/2017","54","NORTE DE SANTANDER","54206","CONVENCION","ARTICULO 169. SECUESTRO EXTORSIVO","1"
"03/08/2017","54","NORTE DE SANTANDER","54261","EL ZULIA","ARTICULO 169. SECUESTRO EXTORSIVO","1"
"03/08/2017","11","BOGOTA D.C.","11001","BOGOTA D.C.","ARTICULO 168. SECUESTRO SIMPLE","1"
"02/08/2017","54","NORTE DE SANTANDER","54498","OCAÑA","ARTICULO 169. SECUESTRO EXTORSIVO","1"
"29/07/2017","50","META","50683","SAN JUAN DE ARAMA","ARTICULO 168. SECUESTRO SIMPLE","1"
"28/07/2017","52","NARIÑO","52224","CUASPUD CARLOSAMA","ARTICULO 168. SECUESTRO SIMPLE","1"
"28/07/2017","11","BOGOTA D.C.","11001","BOGOTA D.C.","ARTICULO 168. SECUESTRO SIMPLE","1"
"27/07/2017","50","META","50150","CASTILLA LA NUEVA","ARTICULO 168. SECUESTRO SIMPLE","1"
"27/07/2017","99","VICHADA","99001","PUERTO CARREÑO","ARTICULO 168. SECUESTRO SIMPLE","1"
"25/07/2017","66","RISARALDA","66001","PEREIRA","ARTICULO 168. SECUESTRO SIMPLE","1"
"24/07/2017","11","BOGOTA D.C.","11001","BOGOTA D.C.","ARTICULO 169. SECUESTRO EXTORSIVO","1"
"23/07/2017","76","VALLE DEL CAUCA","76863","VERSALLES","ARTICULO 169. SECUESTRO EXTORSIVO","1"
"23/07/2017","76","VALLE DEL CAUCA","76863","VERSALLES","ARTICULO 169. SECUESTRO EXTORSIVO","1"
"23/07/2017","19","CAUCA","19137","CALDONO","ARTICULO 169. SECUESTRO EXTORSIVO","1"
"22/07/2017","54","NORTE DE SANTANDER","54820","TOLEDO","ARTICULO 168. SECUESTRO SIMPLE","1"
"20/07/2017","70","SUCRE","70001","SINCELEJO","ARTICULO 168. SECUESTRO SIMPLE","1"
"13/07/2017","85","CASANARE","85263","PORE","ARTICULO 168. SECUESTRO SIMPLE","1"
"12/07/2017","52","NARIÑO","52835","SAN ANDRES DE TUMACO","ARTICULO 169. SECUESTRO EXTORSIVO","1"
"12/07/2017","52","NARIÑO","52835","SAN ANDRES DE TUMACO","ARTICULO 169. SECUESTRO EXTORSIVO","1"
"11/07/2017","27","CHOCO","27600","RIO QUITO","ARTICULO 169. SECUESTRO EXTORSIVO","1"
"09/07/2017","44","LA GUAJIRA","44090","DIBULLA","ARTICULO 169. SECUESTRO EXTORSIVO","1"
"09/07/2017","44","LA GUAJIRA","44090","DIBULLA","ARTICULO 169. SECUESTRO EXTORSIVO","1"
"08/07/2017","76","VALLE DEL CAUCA","76001","CALI","ARTICULO 169. SECUESTRO EXTORSIVO","1"
"07/07/2017","52","NARIÑO","52621","ROBERTO PAYAN","ARTICULO 169. SECUESTRO EXTORSIVO","1"
"06/07/2017","76","VALLE DEL CAUCA","76243","EL AGUILA","ARTICULO 169. SECUESTRO EXTORSIVO","1"
"27/06/2017","76","VALLE DEL CAUCA","76001","CALI","ARTICULO 168. SECUESTRO SIMPLE","1"
"23/06/2017","05","ANTIOQUIA","05266","ENVIGADO","ARTICULO 169. SECUESTRO EXTORSIVO","1"
"18/06/2017","76","VALLE DEL CAUCA","76001","CALI","ARTICULO 168. SECUESTRO SIMPLE","1"
"17/06/2017","54","NORTE DE SANTANDER","54250","EL TARRA","ARTICULO 168. SECUESTRO SIMPLE","1"
"17/06/2017","54","NORTE DE SANTANDER","54250","EL TARRA","ARTICULO 168. SECUESTRO SIMPLE","1"
"15/06/2017","76","VALLE DEL CAUCA","76109","BUENAVENTURA","ARTICULO 169. SECUESTRO EXTORSIVO","1"
"12/06/2017","54","NORTE DE SANTANDER","54174","CHITAGA","ARTICULO 169. SECUESTRO EXTORSIVO","1"
"12/06/2017","23","CORDOBA","23678","SAN CARLOS","ARTICULO 169. SECUESTRO EXTORSIVO","1"
"07/06/2017","11","BOGOTA D.C.","11001","BOGOTA D.C.","ARTICULO 169. SECUESTRO EXTORSIVO","1"
"05/06/2017","05","ANTIOQUIA","05001","MEDELLIN","ARTICULO 168. SECUESTRO SIMPLE","1"
"01/06/2017","86","PUTUMAYO","86571","PUERTO GUZMAN","ARTICULO 169. SECUESTRO EXTORSIVO","1"
"31/05/2017","76","VALLE DEL CAUCA","76001","CALI","ARTICULO 168. SECUESTRO SIMPLE","1"
"30/05/2017","50","META","50313","GRANADA","ARTICULO 168. SECUESTRO SIMPLE","1"
"29/05/2017","86","PUTUMAYO","86320","ORITO","ARTICULO 169. SECUESTRO EXTORSIVO","1"
"29/05/2017","86","PUTUMAYO","86320","ORITO","ARTICULO 169. SECUESTRO EXTORSIVO","1"
"28/05/2017","76","VALLE DEL CAUCA","76892","YUMBO","ARTICULO 168. SECUESTRO SIMPLE","1"
"28/05/2017","19","CAUCA","19698","SANTANDER DE QUILICHAO","ARTICULO 169. SECUESTRO EXTORSIVO","1"
"28/05/2017","23","CORDOBA","23001","MONTERIA","ARTICULO 168. SECUESTRO SIMPLE","1"
"28/05/2017","76","VALLE DEL CAUCA","76233","DAGUA","ARTICULO 168. SECUESTRO SIMPLE","1"
"27/05/2017","52","NARIÑO","52835","SAN ANDRES DE TUMACO","ARTICULO 169. SECUESTRO EXTORSIVO","1"
"26/05/2017","54","NORTE DE SANTANDER","54239","DURANIA","ARTICULO 168. SECUESTRO SIMPLE","1"
"24/05/2017","20","CESAR","20011","AGUACHICA","ARTICULO 169. SECUESTRO EXTORSIVO","1"
"23/05/2017","66","RISARALDA","66001","PEREIRA","ARTICULO 168. SECUESTRO SIMPLE","1"
"23/05/2017","66","RISARALDA","66001","PEREIRA","ARTICULO 169. SECUESTRO EXTORSIVO","1"
"23/05/2017","66","RISARALDA","66001","PEREIRA","ARTICULO 169. SECUESTRO EXTORSIVO","1"
"19/05/2017","44","LA GUAJIRA","44090","DIBULLA","ARTICULO 169. SECUESTRO EXTORSIVO","1"
"19/05/2017","05","ANTIOQUIA","05266","ENVIGADO","ARTICULO 168. SECUESTRO SIMPLE","1"
"18/05/2017","54","NORTE DE SANTANDER","54498","OCAÑA","ARTICULO 169. SECUESTRO EXTORSIVO","1"
"17/05/2017","05","ANTIOQUIA","05088","BELLO","ARTICULO 168. SECUESTRO SIMPLE","1"
"15/05/2017","52","NARIÑO","52356","IPIALES","ARTICULO 169. SECUESTRO EXTORSIVO","1"
"12/05/2017","11","BOGOTA D.C.","11001","BOGOTA D.C.","ARTICULO 169. SECUESTRO EXTORSIVO","1"
"09/05/2017","76","VALLE DEL CAUCA","76109","BUENAVENTURA","ARTICULO 169. SECUESTRO EXTORSIVO","1"
"07/05/2017","05","ANTIOQUIA","05088","BELLO","ARTICULO 168. SECUESTRO SIMPLE","1"
"06/05/2017","20","CESAR","20175","CHIMICHAGUA","ARTICULO 169. SECUESTRO EXTORSIVO","1"
"05/05/2017","54","NORTE DE SANTANDER","54003","ABREGO","ARTICULO 169. SECUESTRO EXTORSIVO","1"
"03/05/2017","95","GUAVIARE","95200","MIRAFLORES","ARTICULO 168. SECUESTRO SIMPLE","1"
"27/04/2017","50","META","50450","PUERTO CONCORDIA","ARTICULO 169. SECUESTRO EXTORSIVO","1"
"26/04/2017","52","NARIÑO","52427","MAGÜI","ARTICULO 168. SECUESTRO SIMPLE","1"
"25/04/2017","19","CAUCA","19300","GUACHENE","ARTICULO 168. SECUESTRO SIMPLE","1"
"22/04/2017","76","VALLE DEL CAUCA","76109","BUENAVENTURA","ARTICULO 169. SECUESTRO EXTORSIVO","1"
"22/04/2017","54","NORTE DE SANTANDER","54498","OCAÑA","ARTICULO 169. SECUESTRO EXTORSIVO","1"
"19/04/2017","76","VALLE DEL CAUCA","76364","JAMUNDI","ARTICULO 169. SECUESTRO EXTORSIVO","1"
"13/04/2017","19","CAUCA","19137","CALDONO","ARTICULO 169. SECUESTRO EXTORSIVO","1"
"12/04/2017","52","NARIÑO","52835","SAN ANDRES DE TUMACO","ARTICULO 168. SECUESTRO SIMPLE","1"
"07/04/2017","50","META","50006","ACACIAS","ARTICULO 168. SECUESTRO SIMPLE","1"
"07/04/2017","76","VALLE DEL CAUCA","76001","CALI","ARTICULO 168. SECUESTRO SIMPLE","1"
"06/04/2017","50","META","50573","PUERTO LOPEZ","ARTICULO 168. SECUESTRO SIMPLE","1"
"06/04/2017","44","LA GUAJIRA","44035","ALBANIA","ARTICULO 168. SECUESTRO SIMPLE","1"
"05/04/2017","52","NARIÑO","52079","BARBACOAS","ARTICULO 169. SECUESTRO EXTORSIVO","1"
"04/04/2017","76","VALLE DEL CAUCA","76246","EL CAIRO","ARTICULO 169. SECUESTRO EXTORSIVO","1"
"04/04/2017","86","PUTUMAYO","86568","PUERTO ASIS","ARTICULO 168. SECUESTRO SIMPLE","1"
"03/04/2017","76","VALLE DEL CAUCA","76001","CALI","ARTICULO 168. SECUESTRO SIMPLE","1"
"31/03/2017","05","ANTIOQUIA","05001","MEDELLIN","ARTICULO 169. SECUESTRO EXTORSIVO","1"
"31/03/2017","44","LA GUAJIRA","44430","MAICAO","ARTICULO 168. SECUESTRO SIMPLE","1"
"30/03/2017","76","VALLE DEL CAUCA","76001","CALI","ARTICULO 169. SECUESTRO EXTORSIVO","1"
"30/03/2017","76","VALLE DEL CAUCA","76001","CALI","ARTICULO 169. SECUESTRO EXTORSIVO","1"
"30/03/2017","18","CAQUETA","18001","FLORENCIA","ARTICULO 168. SECUESTRO SIMPLE","1"
"29/03/2017","81","ARAUCA","81736","SARAVENA","ARTICULO 169. SECUESTRO EXTORSIVO","1"
"28/03/2017","18","CAQUETA","18460","MILAN","ARTICULO 168. SECUESTRO SIMPLE","1"
"28/03/2017","18","CAQUETA","18460","MILAN","ARTICULO 168. SECUESTRO SIMPLE","1"
"27/03/2017","05","ANTIOQUIA","05001","MEDELLIN","ARTICULO 168. SECUESTRO SIMPLE","1"
"26/03/2017","25","CUNDINAMARCA","25438","MEDINA","ARTICULO 168. SECUESTRO SIMPLE","1"
"24/03/2017","54","NORTE DE SANTANDER","54206","CONVENCION","ARTICULO 168. SECUESTRO SIMPLE","1"
"24/03/2017","76","VALLE DEL CAUCA","76001","CALI","ARTICULO 168. SECUESTRO SIMPLE","1"
"22/03/2017","08","ATLANTICO","08758","SOLEDAD","ARTICULO 169. SECUESTRO EXTORSIVO","1"
"22/03/2017","19","CAUCA","19212","CORINTO","ARTICULO 168. SECUESTRO SIMPLE","1"
"19/03/2017","68","SANTANDER","68081","BARRANCABERMEJA","ARTICULO 168. SECUESTRO SIMPLE","1"
"17/03/2017","76","VALLE DEL CAUCA","76001","CALI","ARTICULO 168. SECUESTRO SIMPLE","1"
"16/03/2017","17","CALDAS","17380","LA DORADA","ARTICULO 169. SECUESTRO EXTORSIVO","1"
"15/03/2017","81","ARAUCA","81001","ARAUCA","ARTICULO 168. SECUESTRO SIMPLE","1"
"13/03/2017","76","VALLE DEL CAUCA","76109","BUENAVENTURA","ARTICULO 169. SECUESTRO EXTORSIVO","1"
"13/03/2017","54","NORTE DE SANTANDER","54810","TIBU","ARTICULO 169. SECUESTRO EXTORSIVO","1"
"12/03/2017","27","CHOCO","27660","SAN JOSE DEL PALMAR","ARTICULO 168. SECUESTRO SIMPLE","1"
"12/03/2017","27","CHOCO","27660","SAN JOSE DEL PALMAR","ARTICULO 168. SECUESTRO SIMPLE","1"
"12/03/2017","54","NORTE DE SANTANDER","54660","SALAZAR","ARTICULO 169. SECUESTRO EXTORSIVO","1"
"12/03/2017","54","NORTE DE SANTANDER","54660","SALAZAR","ARTICULO 169. SECUESTRO EXTORSIVO","1"
"11/03/2017","41","HUILA","41548","PITAL","ARTICULO 169. SECUESTRO EXTORSIVO","1"
"09/03/2017","76","VALLE DEL CAUCA","76001","CALI","ARTICULO 168. SECUESTRO SIMPLE","1"
"08/03/2017","97","VAUPES","97001","MITU","ARTICULO 168. SECUESTRO SIMPLE","1"
"01/03/2017","76","VALLE DEL CAUCA","76001","CALI","ARTICULO 168. SECUESTRO SIMPLE","1"
"26/02/2017","76","VALLE DEL CAUCA","76001","CALI","ARTICULO 168. SECUESTRO SIMPLE","1"
"19/02/2017","18","CAQUETA","18756","SOLANO","ARTICULO 168. SECUESTRO SIMPLE","1"
"18/02/2017","11","BOGOTA D.C.","11001","BOGOTA D.C.","ARTICULO 169. SECUESTRO EXTORSIVO","1"
"16/02/2017","66","RISARALDA","66170","DOSQUEBRADAS","ARTICULO 169. SECUESTRO EXTORSIVO","1"
"16/02/2017","54","NORTE DE SANTANDER","54245","EL CARMEN","ARTICULO 169. SECUESTRO EXTORSIVO","1"
"15/02/2017","05","ANTIOQUIA","05088","BELLO","ARTICULO 169. SECUESTRO EXTORSIVO","1"
"14/02/2017","76","VALLE DEL CAUCA","76001","CALI","ARTICULO 169. SECUESTRO EXTORSIVO","1"
"13/02/2017","76","VALLE DEL CAUCA","76001","CALI","ARTICULO 169. SECUESTRO EXTORSIVO","1"
"04/02/2017","86","PUTUMAYO","86865","VALLE DEL GUAMUEZ","ARTICULO 168. SECUESTRO SIMPLE","1"
"02/02/2017","86","PUTUMAYO","86885","VILLAGARZON","ARTICULO 169. SECUESTRO EXTORSIVO","1"
"02/02/2017","05","ANTIOQUIA","05088","BELLO","ARTICULO 168. SECUESTRO SIMPLE","1"
"02/02/2017","18","CAQUETA","18410","LA MONTAÑITA","ARTICULO 168. SECUESTRO SIMPLE","1"
"01/02/2017","76","VALLE DEL CAUCA","76001","CALI","ARTICULO 168. SECUESTRO SIMPLE","1"
"31/01/2017","81","ARAUCA","81065","ARAUQUITA","ARTICULO 168. SECUESTRO SIMPLE","1"
"30/01/2017","86","PUTUMAYO","86001","MOCOA","ARTICULO 169. SECUESTRO EXTORSIVO","1"
"27/01/2017","76","VALLE DEL CAUCA","76001","CALI","ARTICULO 169. SECUESTRO EXTORSIVO","1"
"26/01/2017","81","ARAUCA","81300","FORTUL","ARTICULO 169. SECUESTRO EXTORSIVO","1"
"23/01/2017","81","ARAUCA","81065","ARAUQUITA","ARTICULO 168. SECUESTRO SIMPLE","1"
"20/01/2017","19","CAUCA","19001","POPAYAN","ARTICULO 169. SECUESTRO EXTORSIVO","1"
"20/01/2017","11","BOGOTA D.C.","11001","BOGOTA D.C.","ARTICULO 169. SECUESTRO EXTORSIVO","1"
"20/01/2017","76","VALLE DEL CAUCA","76001","CALI","ARTICULO 168. SECUESTRO SIMPLE","1"
"17/01/2017","76","VALLE DEL CAUCA","76364","JAMUNDI","ARTICULO 168. SECUESTRO SIMPLE","1"
"17/01/2017","18","CAQUETA","18029","ALBANIA","ARTICULO 169. SECUESTRO EXTORSIVO","1"
"10/01/2017","76","VALLE DEL CAUCA","76109","BUENAVENTURA","ARTICULO 169. SECUESTRO EXTORSIVO","1"
"07/01/2017","41","HUILA","41518","PAICOL","ARTICULO 169. SECUESTRO EXTORSIVO","1"
"06/01/2017","44","LA GUAJIRA","44430","MAICAO","ARTICULO 168. SECUESTRO SIMPLE","1"
"30/12/2016","05","ANTIOQUIA","05001","MEDELLIN","ARTICULO 169. SECUESTRO EXTORSIVO","1"
"30/12/2016","05","ANTIOQUIA","05001","MEDELLIN","ARTICULO 169. SECUESTRO EXTORSIVO","1"
"29/12/2016","76","VALLE DEL CAUCA","76828","TRUJILLO","ARTICULO 168. SECUESTRO SIMPLE","1"
"29/12/2016","52","NARIÑO","52405","LEIVA","ARTICULO 168. SECUESTRO SIMPLE","1"
"25/12/2016","81","ARAUCA","81065","ARAUQUITA","ARTICULO 168. SECUESTRO SIMPLE","1"
"25/12/2016","11","BOGOTA D.C.","11001","BOGOTA D.C.","ARTICULO 168. SECUESTRO SIMPLE","1"
"25/12/2016","11","BOGOTA D.C.","11001","BOGOTA D.C.","ARTICULO 168. SECUESTRO SIMPLE","1"
"23/12/2016","50","META","50001","VILLAVICENCIO","ARTICULO 169. SECUESTRO EXTORSIVO","1"
"16/12/2016","52","NARIÑO","52256","EL ROSARIO","ARTICULO 169. SECUESTRO EXTORSIVO","1"
"06/12/2016","76","VALLE DEL CAUCA","76001","CALI","ARTICULO 168. SECUESTRO SIMPLE","1"
"05/12/2016","20","CESAR","20710","SAN ALBERTO","ARTICULO 169. SECUESTRO EXTORSIVO","1"
"05/12/2016","20","CESAR","20710","SAN ALBERTO","ARTICULO 169. SECUESTRO EXTORSIVO","1"
"02/12/2016","19","CAUCA","19698","SANTANDER DE QUILICHAO","ARTICULO 169. SECUESTRO EXTORSIVO","1"
"02/12/2016","15","BOYACA","15469","MONIQUIRA","ARTICULO 169. SECUESTRO EXTORSIVO","1"
"30/11/2016","47","MAGDALENA","47245","EL BANCO","ARTICULO 168. SECUESTRO SIMPLE","1"
"24/11/2016","54","NORTE DE SANTANDER","54001","CUCUTA","ARTICULO 168. SECUESTRO SIMPLE","1"
"23/11/2016","73","TOLIMA","73168","CHAPARRAL","ARTICULO 169. SECUESTRO EXTORSIVO","1"
"22/11/2016","05","ANTIOQUIA","05129","CALDAS","ARTICULO 168. SECUESTRO SIMPLE","1"
"16/11/2016","76","VALLE DEL CAUCA","76001","CALI","ARTICULO 169. SECUESTRO EXTORSIVO","1"
"16/11/2016","11","BOGOTA D.C.","11001","BOGOTA D.C.","ARTICULO 169. SECUESTRO EXTORSIVO","1"
"13/11/2016","76","VALLE DEL CAUCA","76497","OBANDO","ARTICULO 169. SECUESTRO EXTORSIVO","1"
"12/11/2016","44","LA GUAJIRA","44001","RIOHACHA","ARTICULO 169. SECUESTRO EXTORSIVO","1"
"12/11/2016","41","HUILA","41885","YAGUARA","ARTICULO 168. SECUESTRO SIMPLE","1"
"11/11/2016","13","BOLIVAR","13001","CARTAGENA DE INDIAS","ARTICULO 169. SECUESTRO EXTORSIVO","1"
"06/11/2016","54","NORTE DE SANTANDER","54172","CHINACOTA","ARTICULO 169. SECUESTRO EXTORSIVO","1"
"05/11/2016","27","CHOCO","27025","ALTO BAUDO","ARTICULO 168. SECUESTRO SIMPLE","1"
"01/11/2016","19","CAUCA","19585","PURACE","ARTICULO 169. SECUESTRO EXTORSIVO","1"
"27/10/2016","44","LA GUAJIRA","44430","MAICAO","ARTICULO 169. SECUESTRO EXTORSIVO","1"
"25/10/2016","23","CORDOBA","23001","MONTERIA","ARTICULO 168. SECUESTRO SIMPLE","1"
"23/10/2016","05","ANTIOQUIA","05001","MEDELLIN","ARTICULO 168. SECUESTRO SIMPLE","1"
"22/10/2016","05","ANTIOQUIA","05001","MEDELLIN","ARTICULO 168. SECUESTRO SIMPLE","1"
"21/10/2016","11","BOGOTA D.C.","11001","BOGOTA D.C.","ARTICULO 168. SECUESTRO SIMPLE","1"
"20/10/2016","05","ANTIOQUIA","05001","MEDELLIN","ARTICULO 169. SECUESTRO EXTORSIVO","1"
"18/10/2016","05","ANTIOQUIA","05001","MEDELLIN","ARTICULO 169. SECUESTRO EXTORSIVO","1"
"14/10/2016","86","PUTUMAYO","86320","ORITO","ARTICULO 169. SECUESTRO EXTORSIVO","1"
"13/10/2016","05","ANTIOQUIA","05212","COPACABANA","ARTICULO 168. SECUESTRO SIMPLE","1"
"12/10/2016","76","VALLE DEL CAUCA","76520","PALMIRA","ARTICULO 169. SECUESTRO EXTORSIVO","1"
"11/10/2016","54","NORTE DE SANTANDER","54001","CUCUTA","ARTICULO 168. SECUESTRO SIMPLE","1"
"04/10/2016","05","ANTIOQUIA","05088","BELLO","ARTICULO 168. SECUESTRO SIMPLE","1"
"03/10/2016","11","BOGOTA D.C.","11001","BOGOTA D.C.","ARTICULO 168. SECUESTRO SIMPLE","1"
"03/10/2016","05","ANTIOQUIA","05360","ITAGUI","ARTICULO 168. SECUESTRO SIMPLE","1"
"27/09/2016","11","BOGOTA D.C.","11001","BOGOTA D.C.","ARTICULO 169. SECUESTRO EXTORSIVO","1"
"16/09/2016","05","ANTIOQUIA","05854","VALDIVIA","ARTICULO 169. SECUESTRO EXTORSIVO","1"
"13/09/2016","85","CASANARE","85440","VILLANUEVA","ARTICULO 168. SECUESTRO SIMPLE","1"
"06/09/2016","19","CAUCA","19001","POPAYAN","ARTICULO 169. SECUESTRO EXTORSIVO","1"
"06/09/2016","76","VALLE DEL CAUCA","76111","GUADALAJARA DE BUGA","ARTICULO 169. SECUESTRO EXTORSIVO","1"
"05/09/2016","54","NORTE DE SANTANDER","54250","EL TARRA","ARTICULO 168. SECUESTRO SIMPLE","1"
"02/09/2016","52","NARIÑO","52838","TUQUERRES","ARTICULO 169. SECUESTRO EXTORSIVO","1"
"01/09/2016","81","ARAUCA","81736","SARAVENA","ARTICULO 169. SECUESTRO EXTORSIVO","1"
"31/08/2016","81","ARAUCA","81300","FORTUL","ARTICULO 168. SECUESTRO SIMPLE","1"
"31/08/2016","81","ARAUCA","81300","FORTUL","ARTICULO 168. SECUESTRO SIMPLE","1"
"31/08/2016","81","ARAUCA","81300","FORTUL","ARTICULO 168. SECUESTRO SIMPLE","1"
"31/08/2016","19","CAUCA","19585","PURACE","ARTICULO 169. SECUESTRO EXTORSIVO","1"
"31/08/2016","25","CUNDINAMARCA","25754","SOACHA","ARTICULO 169. SECUESTRO EXTORSIVO","1"
"30/08/2016","11","BOGOTA D.C.","11001","BOGOTA D.C.","ARTICULO 169. SECUESTRO EXTORSIVO","1"
"28/08/2016","52","NARIÑO","52079","BARBACOAS","ARTICULO 168. SECUESTRO SIMPLE","1"
"28/08/2016","52","NARIÑO","52079","BARBACOAS","ARTICULO 168. SECUESTRO SIMPLE","1"
"28/08/2016","52","NARIÑO","52079","BARBACOAS","ARTICULO 168. SECUESTRO SIMPLE","1"
"26/08/2016","05","ANTIOQUIA","05001","MEDELLIN","ARTICULO 169. SECUESTRO EXTORSIVO","1"
"25/08/2016","52","NARIÑO","52227","CUMBAL","ARTICULO 169. SECUESTRO EXTORSIVO","1"
"25/08/2016","54","NORTE DE SANTANDER","54001","CUCUTA","ARTICULO 169. SECUESTRO EXTORSIVO","1"
"24/08/2016","54","NORTE DE SANTANDER","54810","TIBU","ARTICULO 168. SECUESTRO SIMPLE","1"
"24/08/2016","54","NORTE DE SANTANDER","54810","TIBU","ARTICULO 168. SECUESTRO SIMPLE","1"
"23/08/2016","73","TOLIMA","73319","GUAMO","ARTICULO 169. SECUESTRO EXTORSIVO","1"
"21/08/2016","11","BOGOTA D.C.","11001","BOGOTA D.C.","ARTICULO 169. SECUESTRO EXTORSIVO","1"
"19/08/2016","11","BOGOTA D.C.","11001","BOGOTA D.C.","ARTICULO 169. SECUESTRO EXTORSIVO","1"
"19/08/2016","11","BOGOTA D.C.","11001","BOGOTA D.C.","ARTICULO 169. SECUESTRO EXTORSIVO","1"
"17/08/2016","19","CAUCA","19001","POPAYAN","ARTICULO 168. SECUESTRO SIMPLE","1"
"17/08/2016","11","BOGOTA D.C.","11001","BOGOTA D.C.","ARTICULO 169. SECUESTRO EXTORSIVO","1"
"12/08/2016","05","ANTIOQUIA","05001","MEDELLIN","ARTICULO 168. SECUESTRO SIMPLE","1"
"10/08/2016","54","NORTE DE SANTANDER","54810","TIBU","ARTICULO 169. SECUESTRO EXTORSIVO","1"
"09/08/2016","05","ANTIOQUIA","05579","PUERTO BERRIO","ARTICULO 168. SECUESTRO SIMPLE","1"
"06/08/2016","11","BOGOTA D.C.","11001","BOGOTA D.C.","ARTICULO 168. SECUESTRO SIMPLE","1"
"28/07/2016","11","BOGOTA D.C.","11001","BOGOTA D.C.","ARTICULO 169. SECUESTRO EXTORSIVO","1"
"27/07/2016","47","MAGDALENA","47001","SANTA MARTA","ARTICULO 169. SECUESTRO EXTORSIVO","1"
"25/07/2016","68","SANTANDER","68307","GIRON","ARTICULO 168. SECUESTRO SIMPLE","1"
"25/07/2016","68","SANTANDER","68307","GIRON","ARTICULO 168. SECUESTRO SIMPLE","1"
"25/07/2016","68","SANTANDER","68307","GIRON","ARTICULO 168. SECUESTRO SIMPLE","1"
"22/07/2016","05","ANTIOQUIA","05001","MEDELLIN","ARTICULO 168. SECUESTRO SIMPLE","1"
"19/07/2016","19","CAUCA","19585","PURACE","ARTICULO 169. SECUESTRO EXTORSIVO","1"
"19/07/2016","19","CAUCA","19585","PURACE","ARTICULO 169. SECUESTRO EXTORSIVO","1"
"18/07/2016","54","NORTE DE SANTANDER","54239","DURANIA","ARTICULO 169. SECUESTRO EXTORSIVO","1"
"17/07/2016","05","ANTIOQUIA","05001","MEDELLIN","ARTICULO 168. SECUESTRO SIMPLE","1"
"17/07/2016","05","ANTIOQUIA","05212","COPACABANA","ARTICULO 168. SECUESTRO SIMPLE","1"
"15/07/2016","25","CUNDINAMARCA","25430","MADRID","ARTICULO 168. SECUESTRO SIMPLE","1"
"13/07/2016","19","CAUCA","19001","POPAYAN","ARTICULO 168. SECUESTRO SIMPLE","1"
"13/07/2016","19","CAUCA","19001","POPAYAN","ARTICULO 168. SECUESTRO SIMPLE","1"
"13/07/2016","05","ANTIOQUIA","05001","MEDELLIN","ARTICULO 168. SECUESTRO SIMPLE","1"
"12/07/2016","20","CESAR","20013","AGUSTIN CODAZZI","ARTICULO 168. SECUESTRO SIMPLE","1"
"07/07/2016","54","NORTE DE SANTANDER","54001","CUCUTA","ARTICULO 169. SECUESTRO EXTORSIVO","1"
"03/07/2016","05","ANTIOQUIA","05001","MEDELLIN","ARTICULO 168. SECUESTRO SIMPLE","1"
"30/06/2016","81","ARAUCA","81736","SARAVENA","ARTICULO 169. SECUESTRO EXTORSIVO","1"
"29/06/2016","05","ANTIOQUIA","05001","MEDELLIN","ARTICULO 169. SECUESTRO EXTORSIVO","1"
"27/06/2016","54","NORTE DE SANTANDER","54001","CUCUTA","ARTICULO 169. SECUESTRO EXTORSIVO","1"
"24/06/2016","41","HUILA","41551","PITALITO","ARTICULO 169. SECUESTRO EXTORSIVO","1"
"23/06/2016","68","SANTANDER","68081","BARRANCABERMEJA","ARTICULO 169. SECUESTRO EXTORSIVO","1"
"14/06/2016","76","VALLE DEL CAUCA","76892","YUMBO","ARTICULO 169. SECUESTRO EXTORSIVO","1"
"10/06/2016","27","CHOCO","27491","NOVITA","ARTICULO 169. SECUESTRO EXTORSIVO","1"
"08/06/2016","23","CORDOBA","23001","MONTERIA","ARTICULO 168. SECUESTRO SIMPLE","1"
"26/05/2016","76","VALLE DEL CAUCA","76834","TULUA","ARTICULO 168. SECUESTRO SIMPLE","1"
"24/05/2016","17","CALDAS","17873","VILLAMARIA","ARTICULO 168. SECUESTRO SIMPLE","1"
"23/05/2016","54","NORTE DE SANTANDER","54250","EL TARRA","ARTICULO 168. SECUESTRO SIMPLE","1"
"23/05/2016","54","NORTE DE SANTANDER","54250","EL TARRA","ARTICULO 168. SECUESTRO SIMPLE","1"
"21/05/2016","25","CUNDINAMARCA","25040","ANOLAIMA","ARTICULO 168. SECUESTRO SIMPLE","1"
"21/05/2016","54","NORTE DE SANTANDER","54250","EL TARRA","ARTICULO 168. SECUESTRO SIMPLE","1"
"21/05/2016","11","BOGOTA D.C.","11001","BOGOTA D.C.","ARTICULO 169. SECUESTRO EXTORSIVO","1"
"19/05/2016","50","META","50001","VILLAVICENCIO","ARTICULO 169. SECUESTRO EXTORSIVO","1"
"17/05/2016","11","BOGOTA D.C.","11001","BOGOTA D.C.","ARTICULO 169. SECUESTRO EXTORSIVO","1"
"16/05/2016","05","ANTIOQUIA","05001","MEDELLIN","ARTICULO 168. SECUESTRO SIMPLE","1"
"11/05/2016","11","BOGOTA D.C.","11001","BOGOTA D.C.","ARTICULO 169. SECUESTRO EXTORSIVO","1"
"10/05/2016","54","NORTE DE SANTANDER","54518","PAMPLONA","ARTICULO 169. SECUESTRO EXTORSIVO","1"
"08/05/2016","68","SANTANDER","68081","BARRANCABERMEJA","ARTICULO 169. SECUESTRO EXTORSIVO","1"
"05/05/2016","27","CHOCO","27205","CONDOTO","ARTICULO 169. SECUESTRO EXTORSIVO","1"
"02/05/2016","11","BOGOTA D.C.","11001","BOGOTA D.C.","ARTICULO 169. SECUESTRO EXTORSIVO","1"
"28/04/2016","76","VALLE DEL CAUCA","76001","CALI","ARTICULO 168. SECUESTRO SIMPLE","1"
"27/04/2016","54","NORTE DE SANTANDER","54001","CUCUTA","ARTICULO 168. SECUESTRO SIMPLE","1"
"27/04/2016","05","ANTIOQUIA","05001","MEDELLIN","ARTICULO 169. SECUESTRO EXTORSIVO","1"
"24/04/2016","52","NARIÑO","52678","SAMANIEGO","ARTICULO 169. SECUESTRO EXTORSIVO","1"
"24/04/2016","11","BOGOTA D.C.","11001","BOGOTA D.C.","ARTICULO 169. SECUESTRO EXTORSIVO","1"
"23/04/2016","11","BOGOTA D.C.","11001","BOGOTA D.C.","ARTICULO 168. SECUESTRO SIMPLE","1"
"22/04/2016","05","ANTIOQUIA","05360","ITAGUI","ARTICULO 168. SECUESTRO SIMPLE","1"
"22/04/2016","66","RISARALDA","66001","PEREIRA","ARTICULO 168. SECUESTRO SIMPLE","1"
"21/04/2016","11","BOGOTA D.C.","11001","BOGOTA D.C.","ARTICULO 169. SECUESTRO EXTORSIVO","1"
"21/04/2016","54","NORTE DE SANTANDER","54720","SARDINATA","ARTICULO 168. SECUESTRO SIMPLE","1"
"21/04/2016","66","RISARALDA","66001","PEREIRA","ARTICULO 168. SECUESTRO SIMPLE","1"
"20/04/2016","76","VALLE DEL CAUCA","76109","BUENAVENTURA","ARTICULO 168. SECUESTRO SIMPLE","1"
"20/04/2016","18","CAQUETA","18592","PUERTO RICO","ARTICULO 169. SECUESTRO EXTORSIVO","1"
"20/04/2016","54","NORTE DE SANTANDER","54261","EL ZULIA","ARTICULO 169. SECUESTRO EXTORSIVO","1"
"20/04/2016","54","NORTE DE SANTANDER","54498","OCAÑA","ARTICULO 169. SECUESTRO EXTORSIVO","1"
"19/04/2016","85","CASANARE","85001","YOPAL","ARTICULO 168. SECUESTRO SIMPLE","1"
"14/04/2016","66","RISARALDA","66572","PUEBLO RICO","ARTICULO 168. SECUESTRO SIMPLE","1"
"14/04/2016","66","RISARALDA","66572","PUEBLO RICO","ARTICULO 168. SECUESTRO SIMPLE","1"
"14/04/2016","66","RISARALDA","66572","PUEBLO RICO","ARTICULO 168. SECUESTRO SIMPLE","1"
"14/04/2016","05","ANTIOQUIA","05001","MEDELLIN","ARTICULO 168. SECUESTRO SIMPLE","1"
"14/04/2016","20","CESAR","20550","PELAYA","ARTICULO 169. SECUESTRO EXTORSIVO","1"
"13/04/2016","76","VALLE DEL CAUCA","76616","RIOFRIO","ARTICULO 168. SECUESTRO SIMPLE","1"
"09/04/2016","76","VALLE DEL CAUCA","76001","CALI","ARTICULO 169. SECUESTRO EXTORSIVO","1"
"07/04/2016","54","NORTE DE SANTANDER","54344","HACARI","ARTICULO 169. SECUESTRO EXTORSIVO","1"
"06/04/2016","27","CHOCO","27787","TADO","ARTICULO 169. SECUESTRO EXTORSIVO","1"
"06/04/2016","27","CHOCO","27787","TADO","ARTICULO 169. SECUESTRO EXTORSIVO","1"
"06/04/2016","27","CHOCO","27787","TADO","ARTICULO 169. SECUESTRO EXTORSIVO","1"
"06/04/2016","54","NORTE DE SANTANDER","54001","CUCUTA","ARTICULO 169. SECUESTRO EXTORSIVO","1"
"05/04/2016","05","ANTIOQUIA","05837","TURBO","ARTICULO 168. SECUESTRO SIMPLE","1"
"03/04/2016","27","CHOCO","27001","QUIBDO","ARTICULO 169. SECUESTRO EXTORSIVO","1"
"02/04/2016","19","CAUCA","19001","POPAYAN","ARTICULO 168. SECUESTRO SIMPLE","1"
"02/04/2016","05","ANTIOQUIA","05887","YARUMAL","ARTICULO 168. SECUESTRO SIMPLE","1"
"01/04/2016","19","CAUCA","19780","SUAREZ","ARTICULO 169. SECUESTRO EXTORSIVO","1"
"31/03/2016","76","VALLE DEL CAUCA","76001","CALI","ARTICULO 168. SECUESTRO SIMPLE","1"
"31/03/2016","17","CALDAS","17001","MANIZALES","ARTICULO 168. SECUESTRO SIMPLE","1"
"31/03/2016","25","CUNDINAMARCA","25394","LA PALMA","ARTICULO 168. SECUESTRO SIMPLE","1"
"29/03/2016","05","ANTIOQUIA","05001","MEDELLIN","ARTICULO 169. SECUESTRO EXTORSIVO","1"
"27/03/2016","05","ANTIOQUIA","05088","BELLO","ARTICULO 168. SECUESTRO SIMPLE","1"
"21/03/2016","54","NORTE DE SANTANDER","54673","SAN CAYETANO","ARTICULO 169. SECUESTRO EXTORSIVO","1"
"20/03/2016","13","BOLIVAR","13810","TIQUISIO","ARTICULO 169. SECUESTRO EXTORSIVO","1"
"20/03/2016","11","BOGOTA D.C.","11001","BOGOTA D.C.","ARTICULO 168. SECUESTRO SIMPLE","1"
"17/03/2016","05","ANTIOQUIA","05001","MEDELLIN","ARTICULO 169. SECUESTRO EXTORSIVO","1"
"16/03/2016","44","LA GUAJIRA","44078","BARRANCAS","ARTICULO 169. SECUESTRO EXTORSIVO","1"
"16/03/2016","41","HUILA","41615","RIVERA","ARTICULO 168. SECUESTRO SIMPLE","1"
"15/03/2016","19","CAUCA","19548","PIENDAMO - TUNIA","ARTICULO 169. SECUESTRO EXTORSIVO","1"
"15/03/2016","76","VALLE DEL CAUCA","76001","CALI","ARTICULO 169. SECUESTRO EXTORSIVO","1"
"15/03/2016","76","VALLE DEL CAUCA","76001","CALI","ARTICULO 169. SECUESTRO EXTORSIVO","1"
"14/03/2016","05","ANTIOQUIA","05360","ITAGUI","ARTICULO 168. SECUESTRO SIMPLE","1"
"12/03/2016","54","NORTE DE SANTANDER","54518","PAMPLONA","ARTICULO 168. SECUESTRO SIMPLE","1"
"11/03/2016","05","ANTIOQUIA","05001","MEDELLIN","ARTICULO 168. SECUESTRO SIMPLE","1"
"11/03/2016","11","BOGOTA D.C.","11001","BOGOTA D.C.","ARTICULO 169. SECUESTRO EXTORSIVO","1"
"09/03/2016","54","NORTE DE SANTANDER","54001","CUCUTA","ARTICULO 168. SECUESTRO SIMPLE","1"
"09/03/2016","76","VALLE DEL CAUCA","76001","CALI","ARTICULO 169. SECUESTRO EXTORSIVO","1"
"07/03/2016","20","CESAR","20614","RIO DE ORO","ARTICULO 168. SECUESTRO SIMPLE","1"
"03/03/2016","54","NORTE DE SANTANDER","54001","CUCUTA","ARTICULO 169. SECUESTRO EXTORSIVO","1"
"29/02/2016","81","ARAUCA","81065","ARAUQUITA","ARTICULO 169. SECUESTRO EXTORSIVO","1"
"26/02/2016","19","CAUCA","19760","SOTARA PAISPAMBA","ARTICULO 168. SECUESTRO SIMPLE","1"
"26/02/2016","19","CAUCA","19760","SOTARA PAISPAMBA","ARTICULO 168. SECUESTRO SIMPLE","1"
"26/02/2016","19","CAUCA","19760","SOTARA PAISPAMBA","ARTICULO 168. SECUESTRO SIMPLE","1"
"25/02/2016","20","CESAR","20013","AGUSTIN CODAZZI","ARTICULO 168. SECUESTRO SIMPLE","1"
"21/02/2016","81","ARAUCA","81065","ARAUQUITA","ARTICULO 168. SECUESTRO SIMPLE","1"
"21/02/2016","66","RISARALDA","66170","DOSQUEBRADAS","ARTICULO 168. SECUESTRO SIMPLE","1"
"15/02/2016","68","SANTANDER","68207","CONCEPCION","ARTICULO 169. SECUESTRO EXTORSIVO","1"
"12/02/2016","25","CUNDINAMARCA","25572","PUERTO SALGAR","ARTICULO 169. SECUESTRO EXTORSIVO","1"
"11/02/2016","68","SANTANDER","68575","PUERTO WILCHES","ARTICULO 168. SECUESTRO SIMPLE","1"
"11/02/2016","76","VALLE DEL CAUCA","76109","BUENAVENTURA","ARTICULO 168. SECUESTRO SIMPLE","1"
"10/02/2016","11","BOGOTA D.C.","11001","BOGOTA D.C.","ARTICULO 168. SECUESTRO SIMPLE","1"
"09/02/2016","25","CUNDINAMARCA","25899","ZIPAQUIRA","ARTICULO 168. SECUESTRO SIMPLE","1"
"08/02/2016","86","PUTUMAYO","86320","ORITO","ARTICULO 168. SECUESTRO SIMPLE","1"
"08/02/2016","05","ANTIOQUIA","05001","MEDELLIN","ARTICULO 168. SECUESTRO SIMPLE","1"
"07/02/2016","76","VALLE DEL CAUCA","76109","BUENAVENTURA","ARTICULO 168. SECUESTRO SIMPLE","1"
"05/02/2016","11","BOGOTA D.C.","11001","BOGOTA D.C.","ARTICULO 169. SECUESTRO EXTORSIVO","1"
"03/02/2016","05","ANTIOQUIA","05736","SEGOVIA","ARTICULO 169. SECUESTRO EXTORSIVO","1"
"03/02/2016","05","ANTIOQUIA","05001","MEDELLIN","ARTICULO 168. SECUESTRO SIMPLE","1"
"01/02/2016","05","ANTIOQUIA","05001","MEDELLIN","ARTICULO 168. SECUESTRO SIMPLE","1"
"31/01/2016","76","VALLE DEL CAUCA","76001","CALI","ARTICULO 169. SECUESTRO EXTORSIVO","1"
"31/01/2016","76","VALLE DEL CAUCA","76001","CALI","ARTICULO 169. SECUESTRO EXTORSIVO","1"
"31/01/2016","76","VALLE DEL CAUCA","76001","CALI","ARTICULO 169. SECUESTRO EXTORSIVO","1"
"31/01/2016","54","NORTE DE SANTANDER","54810","TIBU","ARTICULO 169. SECUESTRO EXTORSIVO","1"
"30/01/2016","73","TOLIMA","73043","ANZOATEGUI","ARTICULO 169. SECUESTRO EXTORSIVO","1"
"29/01/2016","05","ANTIOQUIA","05001","MEDELLIN","ARTICULO 169. SECUESTRO EXTORSIVO","1"
"29/01/2016","11","BOGOTA D.C.","11001","BOGOTA D.C.","ARTICULO 169. SECUESTRO EXTORSIVO","1"
"26/01/2016","81","ARAUCA","81794","TAME","ARTICULO 168. SECUESTRO SIMPLE","1"
"26/01/2016","81","ARAUCA","81736","SARAVENA","ARTICULO 169. SECUESTRO EXTORSIVO","1"
"25/01/2016","23","CORDOBA","23079","BUENAVISTA","ARTICULO 169. SECUESTRO EXTORSIVO","1"
"23/01/2016","54","NORTE DE SANTANDER","54001","CUCUTA","ARTICULO 168. SECUESTRO SIMPLE","1"
"23/01/2016","05","ANTIOQUIA","05001","MEDELLIN","ARTICULO 169. SECUESTRO EXTORSIVO","1"
"16/01/2016","13","BOLIVAR","13001","CARTAGENA DE INDIAS","ARTICULO 168. SECUESTRO SIMPLE","1"
"16/01/2016","85","CASANARE","85410","TAURAMENA","ARTICULO 169. SECUESTRO EXTORSIVO","1"
"13/01/2016","19","CAUCA","19137","CALDONO","ARTICULO 169. SECUESTRO EXTORSIVO","1"
"13/01/2016","41","HUILA","41298","GARZON","ARTICULO 169. SECUESTRO EXTORSIVO","1"
"12/01/2016","63","QUINDIO","63001","ARMENIA","ARTICULO 169. SECUESTRO EXTORSIVO","1"
"03/01/2016","76","VALLE DEL CAUCA","76001","CALI","ARTICULO 168. SECUESTRO SIMPLE","1"
"31/12/2015","52","NARIÑO","52585","PUPIALES","ARTICULO 169. SECUESTRO EXTORSIVO","1"
"24/12/2015","52","NARIÑO","52612","RICAURTE","ARTICULO 169. SECUESTRO EXTORSIVO","1"
"23/12/2015","73","TOLIMA","73001","IBAGUE","ARTICULO 169. SECUESTRO EXTORSIVO","1"
"19/12/2015","20","CESAR","20001","VALLEDUPAR","ARTICULO 169. SECUESTRO EXTORSIVO","1"
"06/12/2015","76","VALLE DEL CAUCA","76318","GUACARI","ARTICULO 169. SECUESTRO EXTORSIVO","1"
"04/12/2015","19","CAUCA","19110","BUENOS AIRES","ARTICULO 169. SECUESTRO EXTORSIVO","1"
"27/11/2015","25","CUNDINAMARCA","25053","ARBELAEZ","ARTICULO 168. SECUESTRO SIMPLE","1"
"23/11/2015","76","VALLE DEL CAUCA","76001","CALI","ARTICULO 169. SECUESTRO EXTORSIVO","1"
"22/11/2015","81","ARAUCA","81794","TAME","ARTICULO 169. SECUESTRO EXTORSIVO","1"
"18/11/2015","08","ATLANTICO","08001","BARRANQUILLA","ARTICULO 168. SECUESTRO SIMPLE","1"
"12/11/2015","54","NORTE DE SANTANDER","54003","ABREGO","ARTICULO 169. SECUESTRO EXTORSIVO","1"
"11/11/2015","54","NORTE DE SANTANDER","54720","SARDINATA","ARTICULO 169. SECUESTRO EXTORSIVO","1"
"06/11/2015","13","BOLIVAR","13744","SIMITI","ARTICULO 169. SECUESTRO EXTORSIVO","1"
"04/11/2015","05","ANTIOQUIA","05001","MEDELLIN","ARTICULO 168. SECUESTRO SIMPLE","1"
"03/11/2015","76","VALLE DEL CAUCA","76147","CARTAGO","ARTICULO 168. SECUESTRO SIMPLE","1"
"02/11/2015","05","ANTIOQUIA","05001","MEDELLIN","ARTICULO 168. SECUESTRO SIMPLE","1"
"29/10/2015","54","NORTE DE SANTANDER","54001","CUCUTA","ARTICULO 169. SECUESTRO EXTORSIVO","1"
"29/10/2015","52","NARIÑO","52356","IPIALES","ARTICULO 169. SECUESTRO EXTORSIVO","1"
"28/10/2015","20","CESAR","20032","ASTREA","ARTICULO 169. SECUESTRO EXTORSIVO","1"
"28/10/2015","05","ANTIOQUIA","05490","NECOCLI","ARTICULO 169. SECUESTRO EXTORSIVO","1"
"28/10/2015","05","ANTIOQUIA","05490","NECOCLI","ARTICULO 169. SECUESTRO EXTORSIVO","1"
"28/10/2015","05","ANTIOQUIA","05490","NECOCLI","ARTICULO 169. SECUESTRO EXTORSIVO","1"
"22/10/2015","15","BOYACA","15238","DUITAMA","ARTICULO 168. SECUESTRO SIMPLE","1"
"20/10/2015","52","NARIÑO","52540","POLICARPA","ARTICULO 168. SECUESTRO SIMPLE","1"
"20/10/2015","68","SANTANDER","68406","LEBRIJA","ARTICULO 169. SECUESTRO EXTORSIVO","1"
"06/10/2015","76","VALLE DEL CAUCA","76109","BUENAVENTURA","ARTICULO 168. SECUESTRO SIMPLE","1"
"03/10/2015","19","CAUCA","19142","CALOTO","ARTICULO 169. SECUESTRO EXTORSIVO","1"
"30/09/2015","73","TOLIMA","73861","VENADILLO","ARTICULO 169. SECUESTRO EXTORSIVO","1"
"29/09/2015","76","VALLE DEL CAUCA","76233","DAGUA","ARTICULO 169. SECUESTRO EXTORSIVO","1"
"25/09/2015","05","ANTIOQUIA","05001","MEDELLIN","ARTICULO 168. SECUESTRO SIMPLE","1"
"22/09/2015","11","BOGOTA D.C.","11001","BOGOTA D.C.","ARTICULO 169. SECUESTRO EXTORSIVO","1"
"16/09/2015","54","NORTE DE SANTANDER","54245","EL CARMEN","ARTICULO 169. SECUESTRO EXTORSIVO","1"
"15/09/2015","66","RISARALDA","66001","PEREIRA","ARTICULO 168. SECUESTRO SIMPLE","1"
"15/09/2015","66","RISARALDA","66001","PEREIRA","ARTICULO 168. SECUESTRO SIMPLE","1"
"15/09/2015","66","RISARALDA","66001","PEREIRA","ARTICULO 168. SECUESTRO SIMPLE","1"
"15/09/2015","66","RISARALDA","66001","PEREIRA","ARTICULO 168. SECUESTRO SIMPLE","1"
"15/09/2015","66","RISARALDA","66001","PEREIRA","ARTICULO 168. SECUESTRO SIMPLE","1"
"15/09/2015","66","RISARALDA","66001","PEREIRA","ARTICULO 168. SECUESTRO SIMPLE","1"
"13/09/2015","73","TOLIMA","73001","IBAGUE","ARTICULO 169. SECUESTRO EXTORSIVO","1"
"10/09/2015","05","ANTIOQUIA","05001","MEDELLIN","ARTICULO 168. SECUESTRO SIMPLE","1"
"09/09/2015","11","BOGOTA D.C.","11001","BOGOTA D.C.","ARTICULO 168. SECUESTRO SIMPLE","1"
"09/09/2015","76","VALLE DEL CAUCA","76001","CALI","ARTICULO 169. SECUESTRO EXTORSIVO","1"
"08/09/2015","19","CAUCA","19256","EL TAMBO","ARTICULO 168. SECUESTRO SIMPLE","1"
"08/09/2015","54","NORTE DE SANTANDER","54261","EL ZULIA","ARTICULO 169. SECUESTRO EXTORSIVO","1"
"07/09/2015","85","CASANARE","85430","TRINIDAD","ARTICULO 169. SECUESTRO EXTORSIVO","1"
"07/09/2015","05","ANTIOQUIA","05490","NECOCLI","ARTICULO 169. SECUESTRO EXTORSIVO","1"
"03/09/2015","54","NORTE DE SANTANDER","54498","OCAÑA","ARTICULO 168. SECUESTRO SIMPLE","1"
"03/09/2015","11","BOGOTA D.C.","11001","BOGOTA D.C.","ARTICULO 169. SECUESTRO EXTORSIVO","1"
"03/09/2015","13","BOLIVAR","13001","CARTAGENA DE INDIAS","ARTICULO 169. SECUESTRO EXTORSIVO","1"
"02/09/2015","05","ANTIOQUIA","05001","MEDELLIN","ARTICULO 168. SECUESTRO SIMPLE","1"
"02/09/2015","05","ANTIOQUIA","05001","MEDELLIN","ARTICULO 168. SECUESTRO SIMPLE","1"
"02/09/2015","05","ANTIOQUIA","05001","MEDELLIN","ARTICULO 168. SECUESTRO SIMPLE","1"
"02/09/2015","44","LA GUAJIRA","44001","RIOHACHA","ARTICULO 168. SECUESTRO SIMPLE","1"
"02/09/2015","76","VALLE DEL CAUCA","76109","BUENAVENTURA","ARTICULO 169. SECUESTRO EXTORSIVO","1"
"01/09/2015","41","HUILA","41551","PITALITO","ARTICULO 169. SECUESTRO EXTORSIVO","1"
"01/09/2015","11","BOGOTA D.C.","11001","BOGOTA D.C.","ARTICULO 169. SECUESTRO EXTORSIVO","1"
"31/08/2015","18","CAQUETA","18256","EL PAUJIL","ARTICULO 168. SECUESTRO SIMPLE","1"
"31/08/2015","18","CAQUETA","18256","EL PAUJIL","ARTICULO 168. SECUESTRO SIMPLE","1"
"28/08/2015","50","META","50573","PUERTO LOPEZ","ARTICULO 169. SECUESTRO EXTORSIVO","1"
"27/08/2015","18","CAQUETA","18001","FLORENCIA","ARTICULO 168. SECUESTRO SIMPLE","1"
"27/08/2015","50","META","50001","VILLAVICENCIO","ARTICULO 169. SECUESTRO EXTORSIVO","1"
"21/08/2015","54","NORTE DE SANTANDER","54001","CUCUTA","ARTICULO 168. SECUESTRO SIMPLE","1"
"20/08/2015","52","NARIÑO","52079","BARBACOAS","ARTICULO 169. SECUESTRO EXTORSIVO","1"
"16/08/2015","50","META","50001","VILLAVICENCIO","ARTICULO 168. SECUESTRO SIMPLE","1"
"16/08/2015","73","TOLIMA","73001","IBAGUE","ARTICULO 169. SECUESTRO EXTORSIVO","1"
"15/08/2015","18","CAQUETA","18592","PUERTO RICO","ARTICULO 168. SECUESTRO SIMPLE","1"
"12/08/2015","54","NORTE DE SANTANDER","54720","SARDINATA","ARTICULO 169. SECUESTRO EXTORSIVO","1"
"08/08/2015","81","ARAUCA","81794","TAME","ARTICULO 168. SECUESTRO SIMPLE","1"
"05/08/2015","19","CAUCA","19450","MERCADERES","ARTICULO 169. SECUESTRO EXTORSIVO","1"
"04/08/2015","73","TOLIMA","73555","PLANADAS","ARTICULO 169. SECUESTRO EXTORSIVO","1"
"04/08/2015","05","ANTIOQUIA","05001","MEDELLIN","ARTICULO 169. SECUESTRO EXTORSIVO","1"
"03/08/2015","25","CUNDINAMARCA","25290","FUSAGASUGA","ARTICULO 169. SECUESTRO EXTORSIVO","1"
"03/08/2015","25","CUNDINAMARCA","25290","FUSAGASUGA","ARTICULO 169. SECUESTRO EXTORSIVO","1"
"03/08/2015","25","CUNDINAMARCA","25290","FUSAGASUGA","ARTICULO 169. SECUESTRO EXTORSIVO","1"
"03/08/2015","25","CUNDINAMARCA","25290","FUSAGASUGA","ARTICULO 169. SECUESTRO EXTORSIVO","1"
"03/08/2015","25","CUNDINAMARCA","25290","FUSAGASUGA","ARTICULO 169. SECUESTRO EXTORSIVO","1"
"01/08/2015","05","ANTIOQUIA","05001","MEDELLIN","ARTICULO 168. SECUESTRO SIMPLE","1"
"30/07/2015","18","CAQUETA","18001","FLORENCIA","ARTICULO 168. SECUESTRO SIMPLE","1"
"30/07/2015","81","ARAUCA","81794","TAME","ARTICULO 169. SECUESTRO EXTORSIVO","1"
"29/07/2015","05","ANTIOQUIA","05266","ENVIGADO","ARTICULO 168. SECUESTRO SIMPLE","1"
"29/07/2015","05","ANTIOQUIA","05088","BELLO","ARTICULO 169. SECUESTRO EXTORSIVO","1"
"26/07/2015","85","CASANARE","85001","YOPAL","ARTICULO 168. SECUESTRO SIMPLE","1"
"23/07/2015","54","NORTE DE SANTANDER","54810","TIBU","ARTICULO 168. SECUESTRO SIMPLE","1"
"23/07/2015","54","NORTE DE SANTANDER","54810","TIBU","ARTICULO 168. SECUESTRO SIMPLE","1"
"21/07/2015","05","ANTIOQUIA","05088","BELLO","ARTICULO 168. SECUESTRO SIMPLE","1"
"21/07/2015","44","LA GUAJIRA","44001","RIOHACHA","ARTICULO 168. SECUESTRO SIMPLE","1"
"21/07/2015","52","NARIÑO","52405","LEIVA","ARTICULO 169. SECUESTRO EXTORSIVO","1"
"18/07/2015","11","BOGOTA D.C.","11001","BOGOTA D.C.","ARTICULO 169. SECUESTRO EXTORSIVO","1"
"17/07/2015","27","CHOCO","27001","QUIBDO","ARTICULO 168. SECUESTRO SIMPLE","1"
"14/07/2015","85","CASANARE","85001","YOPAL","ARTICULO 168. SECUESTRO SIMPLE","1"
"14/07/2015","11","BOGOTA D.C.","11001","BOGOTA D.C.","ARTICULO 169. SECUESTRO EXTORSIVO","1"
"13/07/2015","54","NORTE DE SANTANDER","54250","EL TARRA","ARTICULO 168. SECUESTRO SIMPLE","1"
"09/07/2015","41","HUILA","41807","TIMANA","ARTICULO 169. SECUESTRO EXTORSIVO","1"
"07/07/2015","86","PUTUMAYO","86569","PUERTO CAICEDO","ARTICULO 169. SECUESTRO EXTORSIVO","1"
"03/07/2015","86","PUTUMAYO","86885","VILLAGARZON","ARTICULO 169. SECUESTRO EXTORSIVO","1"
"01/07/2015","85","CASANARE","85250","PAZ DE ARIPORO","ARTICULO 169. SECUESTRO EXTORSIVO","1"
"29/06/2015","44","LA GUAJIRA","44001","RIOHACHA","ARTICULO 168. SECUESTRO SIMPLE","1"
"29/06/2015","76","VALLE DEL CAUCA","76246","EL CAIRO","ARTICULO 169. SECUESTRO EXTORSIVO","1"
"29/06/2015","76","VALLE DEL CAUCA","76246","EL CAIRO","ARTICULO 169. SECUESTRO EXTORSIVO","1"
"27/06/2015","76","VALLE DEL CAUCA","76001","CALI","ARTICULO 169. SECUESTRO EXTORSIVO","1"
"26/06/2015","47","MAGDALENA","47001","SANTA MARTA","ARTICULO 168. SECUESTRO SIMPLE","1"
"26/06/2015","20","CESAR","20001","VALLEDUPAR","ARTICULO 168. SECUESTRO SIMPLE","1"
"23/06/2015","50","META","50400","LEJANIAS","ARTICULO 169. SECUESTRO EXTORSIVO","1"
"22/06/2015","18","CAQUETA","18150","CARTAGENA DEL CHAIRA","ARTICULO 168. SECUESTRO SIMPLE","1"
"13/06/2015","05","ANTIOQUIA","05001","MEDELLIN","ARTICULO 168. SECUESTRO SIMPLE","1"
"12/06/2015","81","ARAUCA","81794","TAME","ARTICULO 169. SECUESTRO EXTORSIVO","1"
"11/06/2015","27","CHOCO","27205","CONDOTO","ARTICULO 168. SECUESTRO SIMPLE","1"
"11/06/2015","27","CHOCO","27205","CONDOTO","ARTICULO 168. SECUESTRO SIMPLE","1"
"08/06/2015","54","NORTE DE SANTANDER","54001","CUCUTA","ARTICULO 169. SECUESTRO EXTORSIVO","1"
"08/06/2015","85","CASANARE","85125","HATO COROZAL","ARTICULO 169. SECUESTRO EXTORSIVO","1"
"08/06/2015","85","CASANARE","85125","HATO COROZAL","ARTICULO 169. SECUESTRO EXTORSIVO","1"
"04/06/2015","54","NORTE DE SANTANDER","54001","CUCUTA","ARTICULO 169. SECUESTRO EXTORSIVO","1"
"04/06/2015","54","NORTE DE SANTANDER","54003","ABREGO","ARTICULO 169. SECUESTRO EXTORSIVO","1"
"03/06/2015","11","BOGOTA D.C.","11001","BOGOTA D.C.","ARTICULO 168. SECUESTRO SIMPLE","1"
"01/06/2015","18","CAQUETA","18001","FLORENCIA","ARTICULO 169. SECUESTRO EXTORSIVO","1"
"01/06/2015","52","NARIÑO","52399","LA UNION","ARTICULO 169. SECUESTRO EXTORSIVO","1"
"29/05/2015","05","ANTIOQUIA","05440","MARINILLA","ARTICULO 169. SECUESTRO EXTORSIVO","1"
"29/05/2015","73","TOLIMA","73001","IBAGUE","ARTICULO 169. SECUESTRO EXTORSIVO","1"
"29/05/2015","73","TOLIMA","73001","IBAGUE","ARTICULO 169. SECUESTRO EXTORSIVO","1"
"29/05/2015","73","TOLIMA","73001","IBAGUE","ARTICULO 169. SECUESTRO EXTORSIVO","1"
"29/05/2015","73","TOLIMA","73001","IBAGUE","ARTICULO 169. SECUESTRO EXTORSIVO","1"
"29/05/2015","73","TOLIMA","73001","IBAGUE","ARTICULO 169. SECUESTRO EXTORSIVO","1"
"22/05/2015","68","SANTANDER","68655","SABANA DE TORRES","ARTICULO 169. SECUESTRO EXTORSIVO","1"
"20/05/2015","86","PUTUMAYO","86569","PUERTO CAICEDO","ARTICULO 169. SECUESTRO EXTORSIVO","1"
"12/05/2015","54","NORTE DE SANTANDER","54385","LA ESPERANZA","ARTICULO 168. SECUESTRO SIMPLE","1"
"12/05/2015","11","BOGOTA D.C.","11001","BOGOTA D.C.","ARTICULO 168. SECUESTRO SIMPLE","1"
"12/05/2015","44","LA GUAJIRA","44847","URIBIA","ARTICULO 168. SECUESTRO SIMPLE","1"
"11/05/2015","18","CAQUETA","18753","SAN VICENTE DEL CAGUAN","ARTICULO 169. SECUESTRO EXTORSIVO","1"
"08/05/2015","27","CHOCO","27205","CONDOTO","ARTICULO 169. SECUESTRO EXTORSIVO","1"
"07/05/2015","11","BOGOTA D.C.","11001","BOGOTA D.C.","ARTICULO 168. SECUESTRO SIMPLE","1"
"03/05/2015","19","CAUCA","19110","BUENOS AIRES","ARTICULO 168. SECUESTRO SIMPLE","1"
"03/05/2015","19","CAUCA","19110","BUENOS AIRES","ARTICULO 168. SECUESTRO SIMPLE","1"
"02/05/2015","81","ARAUCA","81065","ARAUQUITA","ARTICULO 168. SECUESTRO SIMPLE","1"
"02/05/2015","11","BOGOTA D.C.","11001","BOGOTA D.C.","ARTICULO 169. SECUESTRO EXTORSIVO","1"
"02/05/2015","81","ARAUCA","81001","ARAUCA","ARTICULO 169. SECUESTRO EXTORSIVO","1"
"30/04/2015","54","NORTE DE SANTANDER","54498","OCAÑA","ARTICULO 169. SECUESTRO EXTORSIVO","1"
"25/04/2015","25","CUNDINAMARCA","25530","PARATEBUENO","ARTICULO 169. SECUESTRO EXTORSIVO","1"
"22/04/2015","44","LA GUAJIRA","44378","HATONUEVO","ARTICULO 169. SECUESTRO EXTORSIVO","1"
"20/04/2015","05","ANTIOQUIA","05147","CAREPA","ARTICULO 169. SECUESTRO EXTORSIVO","1"
"19/04/2015","95","GUAVIARE","95001","SAN JOSE DEL GUAVIARE","ARTICULO 168. SECUESTRO SIMPLE","1"
"19/04/2015","20","CESAR","20045","BECERRIL","ARTICULO 169. SECUESTRO EXTORSIVO","1"
"14/04/2015","76","VALLE DEL CAUCA","76001","CALI","ARTICULO 169. SECUESTRO EXTORSIVO","1"
"14/04/2015","76","VALLE DEL CAUCA","76001","CALI","ARTICULO 169. SECUESTRO EXTORSIVO","1"
"11/04/2015","05","ANTIOQUIA","05631","SABANETA","ARTICULO 168. SECUESTRO SIMPLE","1"
"11/04/2015","50","META","50606","RESTREPO","ARTICULO 169. SECUESTRO EXTORSIVO","1"
"30/03/2015","76","VALLE DEL CAUCA","76109","BUENAVENTURA","ARTICULO 168. SECUESTRO SIMPLE","1"
"27/03/2015","11","BOGOTA D.C.","11001","BOGOTA D.C.","ARTICULO 169. SECUESTRO EXTORSIVO","1"
"26/03/2015","50","META","50313","GRANADA","ARTICULO 168. SECUESTRO SIMPLE","1"
"26/03/2015","19","CAUCA","19256","EL TAMBO","ARTICULO 169. SECUESTRO EXTORSIVO","1"
"25/03/2015","11","BOGOTA D.C.","11001","BOGOTA D.C.","ARTICULO 168. SECUESTRO SIMPLE","1"
"24/03/2015","81","ARAUCA","81300","FORTUL","ARTICULO 168. SECUESTRO SIMPLE","1"
"22/03/2015","76","VALLE DEL CAUCA","76109","BUENAVENTURA","ARTICULO 169. SECUESTRO EXTORSIVO","1"
"20/03/2015","86","PUTUMAYO","86568","PUERTO ASIS","ARTICULO 168. SECUESTRO SIMPLE","1"
"15/03/2015","76","VALLE DEL CAUCA","76520","PALMIRA","ARTICULO 169. SECUESTRO EXTORSIVO","1"
"13/03/2015","85","CASANARE","85001","YOPAL","ARTICULO 168. SECUESTRO SIMPLE","1"
"12/03/2015","11","BOGOTA D.C.","11001","BOGOTA D.C.","ARTICULO 169. SECUESTRO EXTORSIVO","1"
"10/03/2015","18","CAQUETA","18860","VALPARAISO","ARTICULO 169. SECUESTRO EXTORSIVO","1"
"10/03/2015","76","VALLE DEL CAUCA","76834","TULUA","ARTICULO 169. SECUESTRO EXTORSIVO","1"
"10/03/2015","76","VALLE DEL CAUCA","76834","TULUA","ARTICULO 169. SECUESTRO EXTORSIVO","1"
"08/03/2015","20","CESAR","20550","PELAYA","ARTICULO 169. SECUESTRO EXTORSIVO","1"
"03/03/2015","41","HUILA","41001","NEIVA","ARTICULO 168. SECUESTRO SIMPLE","1"
"02/03/2015","05","ANTIOQUIA","05079","BARBOSA","ARTICULO 168. SECUESTRO SIMPLE","1"
"02/03/2015","73","TOLIMA","73411","LIBANO","ARTICULO 169. SECUESTRO EXTORSIVO","1"
"02/03/2015","73","TOLIMA","73411","LIBANO","ARTICULO 169. SECUESTRO EXTORSIVO","1"
"02/03/2015","73","TOLIMA","73411","LIBANO","ARTICULO 169. SECUESTRO EXTORSIVO","1"
"01/03/2015","44","LA GUAJIRA","44847","URIBIA","ARTICULO 169. SECUESTRO EXTORSIVO","1"
"28/02/2015","81","ARAUCA","81794","TAME","ARTICULO 168. SECUESTRO SIMPLE","1"
"28/02/2015","54","NORTE DE SANTANDER","54673","SAN CAYETANO","ARTICULO 169. SECUESTRO EXTORSIVO","1"
"27/02/2015","81","ARAUCA","81300","FORTUL","ARTICULO 168. SECUESTRO SIMPLE","1"
"21/02/2015","54","NORTE DE SANTANDER","54660","SALAZAR","ARTICULO 168. SECUESTRO SIMPLE","1"
"21/02/2015","11","BOGOTA D.C.","11001","BOGOTA D.C.","ARTICULO 169. SECUESTRO EXTORSIVO","1"
"19/02/2015","54","NORTE DE SANTANDER","54245","EL CARMEN","ARTICULO 169. SECUESTRO EXTORSIVO","1"
"19/02/2015","54","NORTE DE SANTANDER","54245","EL CARMEN","ARTICULO 169. SECUESTRO EXTORSIVO","1"
"19/02/2015","54","NORTE DE SANTANDER","54245","EL CARMEN","ARTICULO 169. SECUESTRO EXTORSIVO","1"
"19/02/2015","54","NORTE DE SANTANDER","54245","EL CARMEN","ARTICULO 169. SECUESTRO EXTORSIVO","1"
"16/02/2015","11","BOGOTA D.C.","11001","BOGOTA D.C.","ARTICULO 169. SECUESTRO EXTORSIVO","1"
"14/02/2015","86","PUTUMAYO","86001","MOCOA","ARTICULO 169. SECUESTRO EXTORSIVO","1"
"13/02/2015","19","CAUCA","19807","TIMBIO","ARTICULO 169. SECUESTRO EXTORSIVO","1"
"12/02/2015","27","CHOCO","27787","TADO","ARTICULO 168. SECUESTRO SIMPLE","1"
"10/02/2015","54","NORTE DE SANTANDER","54810","TIBU","ARTICULO 169. SECUESTRO EXTORSIVO","1"
"10/02/2015","27","CHOCO","27787","TADO","ARTICULO 169. SECUESTRO EXTORSIVO","1"
"10/02/2015","27","CHOCO","27787","TADO","ARTICULO 169. SECUESTRO EXTORSIVO","1"
"10/02/2015","52","NARIÑO","52356","IPIALES","ARTICULO 169. SECUESTRO EXTORSIVO","1"
"09/02/2015","85","CASANARE","85010","AGUAZUL","ARTICULO 168. SECUESTRO SIMPLE","1"
"06/02/2015","11","BOGOTA D.C.","11001","BOGOTA D.C.","ARTICULO 169. SECUESTRO EXTORSIVO","1"
"30/01/2015","11","BOGOTA D.C.","11001","BOGOTA D.C.","ARTICULO 169. SECUESTRO EXTORSIVO","1"
"28/01/2015","50","META","50330","MESETAS","ARTICULO 169. SECUESTRO EXTORSIVO","1"
"27/01/2015","50","META","50001","VILLAVICENCIO","ARTICULO 169. SECUESTRO EXTORSIVO","1"
"25/01/2015","19","CAUCA","19001","POPAYAN","ARTICULO 168. SECUESTRO SIMPLE","1"
"23/01/2015","05","ANTIOQUIA","05212","COPACABANA","ARTICULO 169. SECUESTRO EXTORSIVO","1"
"19/01/2015","81","ARAUCA","81794","TAME","ARTICULO 168. SECUESTRO SIMPLE","1"
"19/01/2015","81","ARAUCA","81794","TAME","ARTICULO 168. SECUESTRO SIMPLE","1"
"19/01/2015","05","ANTIOQUIA","05001","MEDELLIN","ARTICULO 169. SECUESTRO EXTORSIVO","1"
"19/01/2015","05","ANTIOQUIA","05001","MEDELLIN","ARTICULO 169. SECUESTRO EXTORSIVO","1"
"19/01/2015","05","ANTIOQUIA","05001","MEDELLIN","ARTICULO 169. SECUESTRO EXTORSIVO","1"
"18/01/2015","50","META","50325","MAPIRIPAN","ARTICULO 168. SECUESTRO SIMPLE","1"
"18/01/2015","50","META","50325","MAPIRIPAN","ARTICULO 168. SECUESTRO SIMPLE","1"
"18/01/2015","50","META","50325","MAPIRIPAN","ARTICULO 168. SECUESTRO SIMPLE","1"
"18/01/2015","50","META","50325","MAPIRIPAN","ARTICULO 168. SECUESTRO SIMPLE","1"
"18/01/2015","50","META","50325","MAPIRIPAN","ARTICULO 168. SECUESTRO SIMPLE","1"
"15/01/2015","19","CAUCA","19548","PIENDAMO - TUNIA","ARTICULO 168. SECUESTRO SIMPLE","1"
"15/01/2015","81","ARAUCA","81001","ARAUCA","ARTICULO 168. SECUESTRO SIMPLE","1"
"15/01/2015","27","CHOCO","27787","TADO","ARTICULO 169. SECUESTRO EXTORSIVO","1"
"14/01/2015","76","VALLE DEL CAUCA","76109","BUENAVENTURA","ARTICULO 168. SECUESTRO SIMPLE","1"
"14/01/2015","76","VALLE DEL CAUCA","76109","BUENAVENTURA","ARTICULO 168. SECUESTRO SIMPLE","1"
"14/01/2015","15","BOYACA","15001","TUNJA","ARTICULO 168. SECUESTRO SIMPLE","1"
"13/01/2015","05","ANTIOQUIA","05129","CALDAS","ARTICULO 168. SECUESTRO SIMPLE","1"
"10/01/2015","76","VALLE DEL CAUCA","76001","CALI","ARTICULO 169. SECUESTRO EXTORSIVO","1"
"06/01/2015","19","CAUCA","19212","CORINTO","ARTICULO 168. SECUESTRO SIMPLE","1"
"04/01/2015","18","CAQUETA","18256","EL PAUJIL","ARTICULO 168. SECUESTRO SIMPLE","1"
"04/01/2015","41","HUILA","41799","TELLO","ARTICULO 168. SECUESTRO SIMPLE","1"
"01/01/2015","19","CAUCA","19001","POPAYAN","ARTICULO 168. SECUESTRO SIMPLE","1"
"01/01/2015","47","MAGDALENA","47001","SANTA MARTA","ARTICULO 168. SECUESTRO SIMPLE","1"
"27/12/2014","76","VALLE DEL CAUCA","76606","RESTREPO","ARTICULO 169. SECUESTRO EXTORSIVO","1"
"20/12/2014","86","PUTUMAYO","86865","VALLE DEL GUAMUEZ","ARTICULO 169. SECUESTRO EXTORSIVO","1"
"19/12/2014","73","TOLIMA","73624","ROVIRA","ARTICULO 168. SECUESTRO SIMPLE","1"
"19/12/2014","73","TOLIMA","73624","ROVIRA","ARTICULO 168. SECUESTRO SIMPLE","1"
"16/12/2014","27","CHOCO","27025","ALTO BAUDO","ARTICULO 168. SECUESTRO SIMPLE","1"
"14/12/2014","76","VALLE DEL CAUCA","76364","JAMUNDI","ARTICULO 169. SECUESTRO EXTORSIVO","1"
"14/12/2014","52","NARIÑO","52079","BARBACOAS","ARTICULO 169. SECUESTRO EXTORSIVO","1"
"06/12/2014","19","CAUCA","19001","POPAYAN","ARTICULO 169. SECUESTRO EXTORSIVO","1"
"04/12/2014","50","META","50006","ACACIAS","ARTICULO 169. SECUESTRO EXTORSIVO","1"
"03/12/2014","76","VALLE DEL CAUCA","76109","BUENAVENTURA","ARTICULO 169. SECUESTRO EXTORSIVO","1"
"02/12/2014","54","NORTE DE SANTANDER","54261","EL ZULIA","ARTICULO 169. SECUESTRO EXTORSIVO","1"
"01/12/2014","76","VALLE DEL CAUCA","76109","BUENAVENTURA","ARTICULO 169. SECUESTRO EXTORSIVO","1"
"01/12/2014","76","VALLE DEL CAUCA","76109","BUENAVENTURA","ARTICULO 169. SECUESTRO EXTORSIVO","1"
"29/11/2014","44","LA GUAJIRA","44001","RIOHACHA","ARTICULO 169. SECUESTRO EXTORSIVO","1"
"27/11/2014","76","VALLE DEL CAUCA","76892","YUMBO","ARTICULO 168. SECUESTRO SIMPLE","1"
"26/11/2014","13","BOLIVAR","13836","TURBACO","ARTICULO 168. SECUESTRO SIMPLE","1"
"26/11/2014","23","CORDOBA","23466","MONTELIBANO","ARTICULO 169. SECUESTRO EXTORSIVO","1"
"26/11/2014","13","BOLIVAR","13600","RIO VIEJO","ARTICULO 169. SECUESTRO EXTORSIVO","1"
"25/11/2014","19","CAUCA","19022","ALMAGUER","ARTICULO 169. SECUESTRO EXTORSIVO","1"
"24/11/2014","19","CAUCA","19548","PIENDAMO - TUNIA","ARTICULO 169. SECUESTRO EXTORSIVO","1"
"20/11/2014","86","PUTUMAYO","86885","VILLAGARZON","ARTICULO 169. SECUESTRO EXTORSIVO","1"
"20/11/2014","86","PUTUMAYO","86885","VILLAGARZON","ARTICULO 169. SECUESTRO EXTORSIVO","1"
"16/11/2014","27","CHOCO","27001","QUIBDO","ARTICULO 169. SECUESTRO EXTORSIVO","1"
"16/11/2014","27","CHOCO","27001","QUIBDO","ARTICULO 169. SECUESTRO EXTORSIVO","1"
"16/11/2014","27","CHOCO","27001","QUIBDO","ARTICULO 169. SECUESTRO EXTORSIVO","1"
"14/11/2014","19","CAUCA","19455","MIRANDA","ARTICULO 169. SECUESTRO EXTORSIVO","1"
"14/11/2014","19","CAUCA","19455","MIRANDA","ARTICULO 169. SECUESTRO EXTORSIVO","1"
"13/11/2014","73","TOLIMA","73861","VENADILLO","ARTICULO 169. SECUESTRO EXTORSIVO","1"
"12/11/2014","50","META","50325","MAPIRIPAN","ARTICULO 169. SECUESTRO EXTORSIVO","1"
"09/11/2014","81","ARAUCA","81794","TAME","ARTICULO 169. SECUESTRO EXTORSIVO","1"
"09/11/2014","81","ARAUCA","81794","TAME","ARTICULO 169. SECUESTRO EXTORSIVO","1"
"06/11/2014","44","LA GUAJIRA","44279","FONSECA","ARTICULO 168. SECUESTRO SIMPLE","1"
"06/11/2014","44","LA GUAJIRA","44279","FONSECA","ARTICULO 168. SECUESTRO SIMPLE","1"
"06/11/2014","44","LA GUAJIRA","44279","FONSECA","ARTICULO 168. SECUESTRO SIMPLE","1"
"06/11/2014","44","LA GUAJIRA","44279","FONSECA","ARTICULO 168. SECUESTRO SIMPLE","1"
"06/11/2014","44","LA GUAJIRA","44279","FONSECA","ARTICULO 168. SECUESTRO SIMPLE","1"
"30/10/2014","76","VALLE DEL CAUCA","76001","CALI","ARTICULO 168. SECUESTRO SIMPLE","1"
"27/10/2014","50","META","50450","PUERTO CONCORDIA","ARTICULO 168. SECUESTRO SIMPLE","1"
"22/10/2014","76","VALLE DEL CAUCA","76306","GINEBRA","ARTICULO 168. SECUESTRO SIMPLE","1"
"22/10/2014","52","NARIÑO","52720","SAPUYES","ARTICULO 169. SECUESTRO EXTORSIVO","1"
"21/10/2014","11","BOGOTA D.C.","11001","BOGOTA D.C.","ARTICULO 168. SECUESTRO SIMPLE","1"
"20/10/2014","54","NORTE DE SANTANDER","54398","LA PLAYA","ARTICULO 168. SECUESTRO SIMPLE","1"
"20/10/2014","85","CASANARE","85440","VILLANUEVA","ARTICULO 169. SECUESTRO EXTORSIVO","1"
"17/10/2014","81","ARAUCA","81001","ARAUCA","ARTICULO 169. SECUESTRO EXTORSIVO","1"
"17/10/2014","81","ARAUCA","81001","ARAUCA","ARTICULO 169. SECUESTRO EXTORSIVO","1"
"17/10/2014","73","TOLIMA","73148","CARMEN DE APICALA","ARTICULO 169. SECUESTRO EXTORSIVO","1"
"15/10/2014","54","NORTE DE SANTANDER","54498","OCAÑA","ARTICULO 168. SECUESTRO SIMPLE","1"
"10/10/2014","70","SUCRE","70473","MORROA","ARTICULO 169. SECUESTRO EXTORSIVO","1"
"08/10/2014","05","ANTIOQUIA","05400","LA UNION","ARTICULO 169. SECUESTRO EXTORSIVO","1"
"05/10/2014","86","PUTUMAYO","86001","MOCOA","ARTICULO 168. SECUESTRO SIMPLE","1"
"03/10/2014","11","BOGOTA D.C.","11001","BOGOTA D.C.","ARTICULO 169. SECUESTRO EXTORSIVO","1"
"30/09/2014","44","LA GUAJIRA","44001","RIOHACHA","ARTICULO 168. SECUESTRO SIMPLE","1"
"30/09/2014","11","BOGOTA D.C.","11001","BOGOTA D.C.","ARTICULO 169. SECUESTRO EXTORSIVO","1"
"22/09/2014","52","NARIÑO","52835","SAN ANDRES DE TUMACO","ARTICULO 169. SECUESTRO EXTORSIVO","1"
"22/09/2014","20","CESAR","20550","PELAYA","ARTICULO 169. SECUESTRO EXTORSIVO","1"
"18/09/2014","44","LA GUAJIRA","44001","RIOHACHA","ARTICULO 168. SECUESTRO SIMPLE","1"
"16/09/2014","76","VALLE DEL CAUCA","76001","CALI","ARTICULO 168. SECUESTRO SIMPLE","1"
"13/09/2014","20","CESAR","20517","PAILITAS","ARTICULO 169. SECUESTRO EXTORSIVO","1"
"11/09/2014","86","PUTUMAYO","86885","VILLAGARZON","ARTICULO 169. SECUESTRO EXTORSIVO","1"
"11/09/2014","25","CUNDINAMARCA","25815","TOCAIMA","ARTICULO 169. SECUESTRO EXTORSIVO","1"
"09/09/2014","27","CHOCO","27073","BAGADO","ARTICULO 169. SECUESTRO EXTORSIVO","1"
"09/09/2014","27","CHOCO","27001","QUIBDO","ARTICULO 169. SECUESTRO EXTORSIVO","1"
"08/09/2014","81","ARAUCA","81300","FORTUL","ARTICULO 169. SECUESTRO EXTORSIVO","1"
"08/09/2014","73","TOLIMA","73001","IBAGUE","ARTICULO 169. SECUESTRO EXTORSIVO","1"
"08/09/2014","73","TOLIMA","73001","IBAGUE","ARTICULO 169. SECUESTRO EXTORSIVO","1"
"07/09/2014","20","CESAR","20310","GONZALEZ","ARTICULO 169. SECUESTRO EXTORSIVO","1"
"06/09/2014","54","NORTE DE SANTANDER","54206","CONVENCION","ARTICULO 169. SECUESTRO EXTORSIVO","1"
"05/09/2014","76","VALLE DEL CAUCA","76001","CALI","ARTICULO 169. SECUESTRO EXTORSIVO","1"
"05/09/2014","19","CAUCA","19845","VILLA RICA","ARTICULO 169. SECUESTRO EXTORSIVO","1"
"05/09/2014","19","CAUCA","19845","VILLA RICA","ARTICULO 169. SECUESTRO EXTORSIVO","1"
"31/08/2014","11","BOGOTA D.C.","11001","BOGOTA D.C.","ARTICULO 168. SECUESTRO SIMPLE","1"
"30/08/2014","52","NARIÑO","52215","CORDOBA","ARTICULO 169. SECUESTRO EXTORSIVO","1"
"27/08/2014","41","HUILA","41132","CAMPOALEGRE","ARTICULO 169. SECUESTRO EXTORSIVO","1"
"26/08/2014","11","BOGOTA D.C.","11001","BOGOTA D.C.","ARTICULO 169. SECUESTRO EXTORSIVO","1"
"26/08/2014","41","HUILA","41020","ALGECIRAS","ARTICULO 169. SECUESTRO EXTORSIVO","1"
"25/08/2014","20","CESAR","20011","AGUACHICA","ARTICULO 169. SECUESTRO EXTORSIVO","1"
"25/08/2014","11","BOGOTA D.C.","11001","BOGOTA D.C.","ARTICULO 169. SECUESTRO EXTORSIVO","1"
"24/08/2014","76","VALLE DEL CAUCA","76001","CALI","ARTICULO 168. SECUESTRO SIMPLE","1"
"24/08/2014","81","ARAUCA","81794","TAME","ARTICULO 169. SECUESTRO EXTORSIVO","1"
"23/08/2014","15","BOYACA","15238","DUITAMA","ARTICULO 168. SECUESTRO SIMPLE","1"
"19/08/2014","76","VALLE DEL CAUCA","76100","BOLIVAR","ARTICULO 169. SECUESTRO EXTORSIVO","1"
"16/08/2014","15","BOYACA","15759","SOGAMOSO","ARTICULO 168. SECUESTRO SIMPLE","1"
"14/08/2014","76","VALLE DEL CAUCA","76520","PALMIRA","ARTICULO 169. SECUESTRO EXTORSIVO","1"
"13/08/2014","44","LA GUAJIRA","44847","URIBIA","ARTICULO 168. SECUESTRO SIMPLE","1"
"10/08/2014","05","ANTIOQUIA","05042","SANTA FE DE ANTIOQUIA","ARTICULO 168. SECUESTRO SIMPLE","1"
"08/08/2014","05","ANTIOQUIA","05001","MEDELLIN","ARTICULO 168. SECUESTRO SIMPLE","1"
"07/08/2014","27","CHOCO","27361","ISTMINA","ARTICULO 168. SECUESTRO SIMPLE","1"
"06/08/2014","54","NORTE DE SANTANDER","54820","TOLEDO","ARTICULO 169. SECUESTRO EXTORSIVO","1"
"02/08/2014","73","TOLIMA","73268","ESPINAL","ARTICULO 169. SECUESTRO EXTORSIVO","1"
"02/08/2014","41","HUILA","41797","TESALIA","ARTICULO 169. SECUESTRO EXTORSIVO","1"
"30/07/2014","11","BOGOTA D.C.","11001","BOGOTA D.C.","ARTICULO 168. SECUESTRO SIMPLE","1"
"28/07/2014","47","MAGDALENA","47707","SANTA ANA","ARTICULO 169. SECUESTRO EXTORSIVO","1"
"28/07/2014","15","BOYACA","15522","PANQUEBA","ARTICULO 169. SECUESTRO EXTORSIVO","1"
"25/07/2014","81","ARAUCA","81736","SARAVENA","ARTICULO 168. SECUESTRO SIMPLE","1"
"25/07/2014","76","VALLE DEL CAUCA","76248","EL CERRITO","ARTICULO 169. SECUESTRO EXTORSIVO","1"
"22/07/2014","70","SUCRE","70001","SINCELEJO","ARTICULO 168. SECUESTRO SIMPLE","1"
"22/07/2014","54","NORTE DE SANTANDER","54261","EL ZULIA","ARTICULO 169. SECUESTRO EXTORSIVO","1"
"21/07/2014","11","BOGOTA D.C.","11001","BOGOTA D.C.","ARTICULO 168. SECUESTRO SIMPLE","1"
"20/07/2014","19","CAUCA","19001","POPAYAN","ARTICULO 169. SECUESTRO EXTORSIVO","1"
"18/07/2014","81","ARAUCA","81300","FORTUL","ARTICULO 168. SECUESTRO SIMPLE","1"
"17/07/2014","19","CAUCA","19698","SANTANDER DE QUILICHAO","ARTICULO 168. SECUESTRO SIMPLE","1"
"15/07/2014","11","BOGOTA D.C.","11001","BOGOTA D.C.","ARTICULO 169. SECUESTRO EXTORSIVO","1"
"15/07/2014","73","TOLIMA","73624","ROVIRA","ARTICULO 169. SECUESTRO EXTORSIVO","1"
"15/07/2014","73","TOLIMA","73624","ROVIRA","ARTICULO 169. SECUESTRO EXTORSIVO","1"
"15/07/2014","73","TOLIMA","73624","ROVIRA","ARTICULO 169. SECUESTRO EXTORSIVO","1"
"15/07/2014","73","TOLIMA","73624","ROVIRA","ARTICULO 169. SECUESTRO EXTORSIVO","1"
"15/07/2014","73","TOLIMA","73624","ROVIRA","ARTICULO 169. SECUESTRO EXTORSIVO","1"
"14/07/2014","05","ANTIOQUIA","05001","MEDELLIN","ARTICULO 168. SECUESTRO SIMPLE","1"
"13/07/2014","54","NORTE DE SANTANDER","54498","OCAÑA","ARTICULO 169. SECUESTRO EXTORSIVO","1"
"13/07/2014","41","HUILA","41359","ISNOS","ARTICULO 169. SECUESTRO EXTORSIVO","1"
"12/07/2014","11","BOGOTA D.C.","11001","BOGOTA D.C.","ARTICULO 168. SECUESTRO SIMPLE","1"
"12/07/2014","11","BOGOTA D.C.","11001","BOGOTA D.C.","ARTICULO 168. SECUESTRO SIMPLE","1"
"12/07/2014","11","BOGOTA D.C.","11001","BOGOTA D.C.","ARTICULO 169. SECUESTRO EXTORSIVO","1"
"10/07/2014","11","BOGOTA D.C.","11001","BOGOTA D.C.","ARTICULO 169. SECUESTRO EXTORSIVO","1"
"06/07/2014","63","QUINDIO","63272","FILANDIA","ARTICULO 168. SECUESTRO SIMPLE","1"
"05/07/2014","73","TOLIMA","73001","IBAGUE","ARTICULO 168. SECUESTRO SIMPLE","1"
"03/07/2014","15","BOYACA","15646","SAMACA","ARTICULO 168. SECUESTRO SIMPLE","1"
"03/07/2014","44","LA GUAJIRA","44430","MAICAO","ARTICULO 168. SECUESTRO SIMPLE","1"
"02/07/2014","44","LA GUAJIRA","44430","MAICAO","ARTICULO 168. SECUESTRO SIMPLE","1"
"02/07/2014","73","TOLIMA","73026","ALVARADO","ARTICULO 168. SECUESTRO SIMPLE","1"
"01/07/2014","81","ARAUCA","81001","ARAUCA","ARTICULO 168. SECUESTRO SIMPLE","1"
"29/06/2014","20","CESAR","20228","CURUMANI","ARTICULO 168. SECUESTRO SIMPLE","1"
"29/06/2014","73","TOLIMA","73030","AMBALEMA","ARTICULO 168. SECUESTRO SIMPLE","1"
"29/06/2014","73","TOLIMA","73030","AMBALEMA","ARTICULO 168. SECUESTRO SIMPLE","1"
"27/06/2014","15","BOYACA","15189","CIENEGA","ARTICULO 168. SECUESTRO SIMPLE","1"
"27/06/2014","15","BOYACA","15189","CIENEGA","ARTICULO 168. SECUESTRO SIMPLE","1"
"26/06/2014","54","NORTE DE SANTANDER","54001","CUCUTA","ARTICULO 168. SECUESTRO SIMPLE","1"
"24/06/2014","11","BOGOTA D.C.","11001","BOGOTA D.C.","ARTICULO 168. SECUESTRO SIMPLE","1"
"24/06/2014","11","BOGOTA D.C.","11001","BOGOTA D.C.","ARTICULO 168. SECUESTRO SIMPLE","1"
"20/06/2014","76","VALLE DEL CAUCA","76001","CALI","ARTICULO 169. SECUESTRO EXTORSIVO","1"
"18/06/2014","11","BOGOTA D.C.","11001","BOGOTA D.C.","ARTICULO 168. SECUESTRO SIMPLE","1"
"16/06/2014","11","BOGOTA D.C.","11001","BOGOTA D.C.","ARTICULO 168. SECUESTRO SIMPLE","1"
"16/06/2014","05","ANTIOQUIA","05001","MEDELLIN","ARTICULO 169. SECUESTRO EXTORSIVO","1"
"13/06/2014","44","LA GUAJIRA","44035","ALBANIA","ARTICULO 169. SECUESTRO EXTORSIVO","1"
"12/06/2014","05","ANTIOQUIA","05579","PUERTO BERRIO","ARTICULO 169. SECUESTRO EXTORSIVO","1"
"11/06/2014","11","BOGOTA D.C.","11001","BOGOTA D.C.","ARTICULO 168. SECUESTRO SIMPLE","1"
"11/06/2014","50","META","50006","ACACIAS","ARTICULO 168. SECUESTRO SIMPLE","1"
"11/06/2014","50","META","50001","VILLAVICENCIO","ARTICULO 169. SECUESTRO EXTORSIVO","1"
"11/06/2014","50","META","50001","VILLAVICENCIO","ARTICULO 169. SECUESTRO EXTORSIVO","1"
"11/06/2014","44","LA GUAJIRA","44847","URIBIA","ARTICULO 169. SECUESTRO EXTORSIVO","1"
"10/06/2014","73","TOLIMA","73268","ESPINAL","ARTICULO 168. SECUESTRO SIMPLE","1"
"09/06/2014","76","VALLE DEL CAUCA","76109","BUENAVENTURA","ARTICULO 168. SECUESTRO SIMPLE","1"
"09/06/2014","76","VALLE DEL CAUCA","76109","BUENAVENTURA","ARTICULO 168. SECUESTRO SIMPLE","1"
"07/06/2014","44","LA GUAJIRA","44650","SAN JUAN DEL CESAR","ARTICULO 169. SECUESTRO EXTORSIVO","1"
"07/06/2014","44","LA GUAJIRA","44650","SAN JUAN DEL CESAR","ARTICULO 169. SECUESTRO EXTORSIVO","1"
"03/06/2014","19","CAUCA","19110","BUENOS AIRES","ARTICULO 169. SECUESTRO EXTORSIVO","1"
"03/06/2014","19","CAUCA","19110","BUENOS AIRES","ARTICULO 169. SECUESTRO EXTORSIVO","1"
"02/06/2014","54","NORTE DE SANTANDER","54398","LA PLAYA","ARTICULO 168. SECUESTRO SIMPLE","1"
"01/06/2014","81","ARAUCA","81300","FORTUL","ARTICULO 168. SECUESTRO SIMPLE","1"
"01/06/2014","76","VALLE DEL CAUCA","76109","BUENAVENTURA","ARTICULO 169. SECUESTRO EXTORSIVO","1"
"30/05/2014","11","BOGOTA D.C.","11001","BOGOTA D.C.","ARTICULO 169. SECUESTRO EXTORSIVO","1"
"30/05/2014","11","BOGOTA D.C.","11001","BOGOTA D.C.","ARTICULO 169. SECUESTRO EXTORSIVO","1"
"29/05/2014","19","CAUCA","19300","GUACHENE","ARTICULO 169. SECUESTRO EXTORSIVO","1"
"29/05/2014","20","CESAR","20383","LA GLORIA","ARTICULO 169. SECUESTRO EXTORSIVO","1"
"24/05/2014","05","ANTIOQUIA","05001","MEDELLIN","ARTICULO 169. SECUESTRO EXTORSIVO","1"
"21/05/2014","68","SANTANDER","68679","SAN GIL","ARTICULO 168. SECUESTRO SIMPLE","1"
"19/05/2014","18","CAQUETA","18205","CURILLO","ARTICULO 169. SECUESTRO EXTORSIVO","1"
"18/05/2014","73","TOLIMA","73449","MELGAR","ARTICULO 168. SECUESTRO SIMPLE","1"
"15/05/2014","81","ARAUCA","81736","SARAVENA","ARTICULO 168. SECUESTRO SIMPLE","1"
"15/05/2014","81","ARAUCA","81736","SARAVENA","ARTICULO 168. SECUESTRO SIMPLE","1"
"15/05/2014","81","ARAUCA","81736","SARAVENA","ARTICULO 168. SECUESTRO SIMPLE","1"
"13/05/2014","73","TOLIMA","73168","CHAPARRAL","ARTICULO 168. SECUESTRO SIMPLE","1"
"13/05/2014","73","TOLIMA","73168","CHAPARRAL","ARTICULO 168. SECUESTRO SIMPLE","1"
"13/05/2014","52","NARIÑO","52786","TAMINANGO","ARTICULO 169. SECUESTRO EXTORSIVO","1"
"13/05/2014","73","TOLIMA","73001","IBAGUE","ARTICULO 168. SECUESTRO SIMPLE","1"
"12/05/2014","52","NARIÑO","52079","BARBACOAS","ARTICULO 168. SECUESTRO SIMPLE","1"
"10/05/2014","81","ARAUCA","81001","ARAUCA","ARTICULO 168. SECUESTRO SIMPLE","1"
"10/05/2014","81","ARAUCA","81001","ARAUCA","ARTICULO 168. SECUESTRO SIMPLE","1"
"10/05/2014","81","ARAUCA","81001","ARAUCA","ARTICULO 168. SECUESTRO SIMPLE","1"
"09/05/2014","47","MAGDALENA","47001","SANTA MARTA","ARTICULO 169. SECUESTRO EXTORSIVO","1"
"08/05/2014","54","NORTE DE SANTANDER","54498","OCAÑA","ARTICULO 168. SECUESTRO SIMPLE","1"
"08/05/2014","86","PUTUMAYO","86885","VILLAGARZON","ARTICULO 169. SECUESTRO EXTORSIVO","1"
"03/05/2014","52","NARIÑO","52835","SAN ANDRES DE TUMACO","ARTICULO 169. SECUESTRO EXTORSIVO","1"
"02/05/2014","73","TOLIMA","73616","RIOBLANCO","ARTICULO 168. SECUESTRO SIMPLE","1"
"01/05/2014","05","ANTIOQUIA","05736","SEGOVIA","ARTICULO 168. SECUESTRO SIMPLE","1"
"01/05/2014","05","ANTIOQUIA","05736","SEGOVIA","ARTICULO 168. SECUESTRO SIMPLE","1"
"01/05/2014","05","ANTIOQUIA","05736","SEGOVIA","ARTICULO 168. SECUESTRO SIMPLE","1"
"01/05/2014","05","ANTIOQUIA","05736","SEGOVIA","ARTICULO 168. SECUESTRO SIMPLE","1"
"29/04/2014","05","ANTIOQUIA","05172","CHIGORODO","ARTICULO 169. SECUESTRO EXTORSIVO","1"
"26/04/2014","86","PUTUMAYO","86885","VILLAGARZON","ARTICULO 168. SECUESTRO SIMPLE","1"
"25/04/2014","52","NARIÑO","52001","PASTO","ARTICULO 169. SECUESTRO EXTORSIVO","1"
"24/04/2014","05","ANTIOQUIA","05101","CIUDAD BOLIVAR","ARTICULO 169. SECUESTRO EXTORSIVO","1"
"23/04/2014","73","TOLIMA","73168","CHAPARRAL","ARTICULO 169. SECUESTRO EXTORSIVO","1"
"23/04/2014","54","NORTE DE SANTANDER","54871","VILLA CARO","ARTICULO 169. SECUESTRO EXTORSIVO","1"
"22/04/2014","73","TOLIMA","73001","IBAGUE","ARTICULO 168. SECUESTRO SIMPLE","1"
"20/04/2014","47","MAGDALENA","47001","SANTA MARTA","ARTICULO 169. SECUESTRO EXTORSIVO","1"
"15/04/2014","81","ARAUCA","81794","TAME","ARTICULO 169. SECUESTRO EXTORSIVO","1"
"14/04/2014","73","TOLIMA","73319","GUAMO","ARTICULO 168. SECUESTRO SIMPLE","1"
"14/04/2014","11","BOGOTA D.C.","11001","BOGOTA D.C.","ARTICULO 168. SECUESTRO SIMPLE","1"
"13/04/2014","81","ARAUCA","81736","SARAVENA","ARTICULO 168. SECUESTRO SIMPLE","1"
"11/04/2014","50","META","50226","CUMARAL","ARTICULO 169. SECUESTRO EXTORSIVO","1"
"10/04/2014","76","VALLE DEL CAUCA","76001","CALI","ARTICULO 169. SECUESTRO EXTORSIVO","1"
"10/04/2014","73","TOLIMA","73352","ICONONZO","ARTICULO 168. SECUESTRO SIMPLE","1"
"10/04/2014","73","TOLIMA","73352","ICONONZO","ARTICULO 168. SECUESTRO SIMPLE","1"
"09/04/2014","25","CUNDINAMARCA","25473","MOSQUERA","ARTICULO 169. SECUESTRO EXTORSIVO","1"
"05/04/2014","41","HUILA","41349","HOBO","ARTICULO 169. SECUESTRO EXTORSIVO","1"
"31/03/2014","76","VALLE DEL CAUCA","76001","CALI","ARTICULO 168. SECUESTRO SIMPLE","1"
"31/03/2014","15","BOYACA","15001","TUNJA","ARTICULO 168. SECUESTRO SIMPLE","1"
"31/03/2014","20","CESAR","20400","LA JAGUA DE IBIRICO","ARTICULO 169. SECUESTRO EXTORSIVO","1"
"30/03/2014","76","VALLE DEL CAUCA","76109","BUENAVENTURA","ARTICULO 169. SECUESTRO EXTORSIVO","1"
"30/03/2014","54","NORTE DE SANTANDER","54874","VILLA DEL ROSARIO","ARTICULO 169. SECUESTRO EXTORSIVO","1"
"29/03/2014","68","SANTANDER","68307","GIRON","ARTICULO 169. SECUESTRO EXTORSIVO","1"
"28/03/2014","85","CASANARE","85325","SAN LUIS DE PALENQUE","ARTICULO 168. SECUESTRO SIMPLE","1"
"28/03/2014","05","ANTIOQUIA","05615","RIONEGRO","ARTICULO 169. SECUESTRO EXTORSIVO","1"
"27/03/2014","81","ARAUCA","81300","FORTUL","ARTICULO 168. SECUESTRO SIMPLE","1"
"26/03/2014","81","ARAUCA","81736","SARAVENA","ARTICULO 168. SECUESTRO SIMPLE","1"
"25/03/2014","18","CAQUETA","18001","FLORENCIA","ARTICULO 168. SECUESTRO SIMPLE","1"
"23/03/2014","81","ARAUCA","81794","TAME","ARTICULO 168. SECUESTRO SIMPLE","1"
"23/03/2014","81","ARAUCA","81794","TAME","ARTICULO 168. SECUESTRO SIMPLE","1"
"23/03/2014","54","NORTE DE SANTANDER","54001","CUCUTA","ARTICULO 169. SECUESTRO EXTORSIVO","1"
"20/03/2014","11","BOGOTA D.C.","11001","BOGOTA D.C.","ARTICULO 169. SECUESTRO EXTORSIVO","1"
"19/03/2014","50","META","50711","VISTAHERMOSA","ARTICULO 168. SECUESTRO SIMPLE","1"
"19/03/2014","50","META","50711","VISTAHERMOSA","ARTICULO 168. SECUESTRO SIMPLE","1"
"19/03/2014","50","META","50711","VISTAHERMOSA","ARTICULO 168. SECUESTRO SIMPLE","1"
"19/03/2014","50","META","50711","VISTAHERMOSA","ARTICULO 168. SECUESTRO SIMPLE","1"
"19/03/2014","50","META","50711","VISTAHERMOSA","ARTICULO 168. SECUESTRO SIMPLE","1"
"16/03/2014","54","NORTE DE SANTANDER","54261","EL ZULIA","ARTICULO 169. SECUESTRO EXTORSIVO","1"
"14/03/2014","81","ARAUCA","81794","TAME","ARTICULO 168. SECUESTRO SIMPLE","1"
"12/03/2014","76","VALLE DEL CAUCA","76109","BUENAVENTURA","ARTICULO 168. SECUESTRO SIMPLE","1"
"12/03/2014","15","BOYACA","15204","COMBITA","ARTICULO 168. SECUESTRO SIMPLE","1"
"12/03/2014","15","BOYACA","15204","COMBITA","ARTICULO 169. SECUESTRO EXTORSIVO","1"
"11/03/2014","47","MAGDALENA","47980","ZONA BANANERA","ARTICULO 169. SECUESTRO EXTORSIVO","1"
"10/03/2014","54","NORTE DE SANTANDER","54498","OCAÑA","ARTICULO 169. SECUESTRO EXTORSIVO","1"
"09/03/2014","05","ANTIOQUIA","05890","YOLOMBO","ARTICULO 169. SECUESTRO EXTORSIVO","1"
"08/03/2014","05","ANTIOQUIA","05093","BETULIA","ARTICULO 169. SECUESTRO EXTORSIVO","1"
"06/03/2014","11","BOGOTA D.C.","11001","BOGOTA D.C.","ARTICULO 168. SECUESTRO SIMPLE","1"
"06/03/2014","76","VALLE DEL CAUCA","76001","CALI","ARTICULO 168. SECUESTRO SIMPLE","1"
"05/03/2014","52","NARIÑO","52835","SAN ANDRES DE TUMACO","ARTICULO 169. SECUESTRO EXTORSIVO","1"
"05/03/2014","52","NARIÑO","52835","SAN ANDRES DE TUMACO","ARTICULO 169. SECUESTRO EXTORSIVO","1"
"04/03/2014","68","SANTANDER","68327","GÜEPSA","ARTICULO 169. SECUESTRO EXTORSIVO","1"
"03/03/2014","19","CAUCA","19001","POPAYAN","ARTICULO 169. SECUESTRO EXTORSIVO","1"
"27/02/2014","54","NORTE DE SANTANDER","54553","PUERTO SANTANDER","ARTICULO 168. SECUESTRO SIMPLE","1"
"26/02/2014","76","VALLE DEL CAUCA","76616","RIOFRIO","ARTICULO 168. SECUESTRO SIMPLE","1"
"25/02/2014","15","BOYACA","15367","JENESANO","ARTICULO 169. SECUESTRO EXTORSIVO","1"
"24/02/2014","70","SUCRE","70001","SINCELEJO","ARTICULO 168. SECUESTRO SIMPLE","1"
"22/02/2014","05","ANTIOQUIA","05001","MEDELLIN","ARTICULO 169. SECUESTRO EXTORSIVO","1"
"22/02/2014","19","CAUCA","19075","BALBOA","ARTICULO 169. SECUESTRO EXTORSIVO","1"
"20/02/2014","76","VALLE DEL CAUCA","76364","JAMUNDI","ARTICULO 168. SECUESTRO SIMPLE","1"
"18/02/2014","11","BOGOTA D.C.","11001","BOGOTA D.C.","ARTICULO 169. SECUESTRO EXTORSIVO","1"
"17/02/2014","05","ANTIOQUIA","05120","CACERES","ARTICULO 168. SECUESTRO SIMPLE","1"
"17/02/2014","86","PUTUMAYO","86568","PUERTO ASIS","ARTICULO 169. SECUESTRO EXTORSIVO","1"
"16/02/2014","18","CAQUETA","18001","FLORENCIA","ARTICULO 169. SECUESTRO EXTORSIVO","1"
"15/02/2014","81","ARAUCA","81065","ARAUQUITA","ARTICULO 169. SECUESTRO EXTORSIVO","1"
"14/02/2014","50","META","50001","VILLAVICENCIO","ARTICULO 169. SECUESTRO EXTORSIVO","1"
"14/02/2014","50","META","50001","VILLAVICENCIO","ARTICULO 169. SECUESTRO EXTORSIVO","1"
"14/02/2014","54","NORTE DE SANTANDER","54498","OCAÑA","ARTICULO 169. SECUESTRO EXTORSIVO","1"
"12/02/2014","54","NORTE DE SANTANDER","54001","CUCUTA","ARTICULO 168. SECUESTRO SIMPLE","1"
"12/02/2014","11","BOGOTA D.C.","11001","BOGOTA D.C.","ARTICULO 169. SECUESTRO EXTORSIVO","1"
"10/02/2014","27","CHOCO","27001","QUIBDO","ARTICULO 169. SECUESTRO EXTORSIVO","1"
"09/02/2014","81","ARAUCA","81001","ARAUCA","ARTICULO 169. SECUESTRO EXTORSIVO","1"
"09/02/2014","41","HUILA","41530","PALESTINA","ARTICULO 169. SECUESTRO EXTORSIVO","1"
"07/02/2014","73","TOLIMA","73319","GUAMO","ARTICULO 169. SECUESTRO EXTORSIVO","1"
"07/02/2014","73","TOLIMA","73319","GUAMO","ARTICULO 169. SECUESTRO EXTORSIVO","1"
"07/02/2014","73","TOLIMA","73319","GUAMO","ARTICULO 169. SECUESTRO EXTORSIVO","1"
"06/02/2014","54","NORTE DE SANTANDER","54245","EL CARMEN","ARTICULO 169. SECUESTRO EXTORSIVO","1"
"06/02/2014","54","NORTE DE SANTANDER","54245","EL CARMEN","ARTICULO 169. SECUESTRO EXTORSIVO","1"
"05/02/2014","54","NORTE DE SANTANDER","54398","LA PLAYA","ARTICULO 169. SECUESTRO EXTORSIVO","1"
"05/02/2014","11","BOGOTA D.C.","11001","BOGOTA D.C.","ARTICULO 169. SECUESTRO EXTORSIVO","1"
"04/02/2014","81","ARAUCA","81794","TAME","ARTICULO 168. SECUESTRO SIMPLE","1"
"04/02/2014","05","ANTIOQUIA","05347","HELICONIA","ARTICULO 168. SECUESTRO SIMPLE","1"
"04/02/2014","41","HUILA","41799","TELLO","ARTICULO 169. SECUESTRO EXTORSIVO","1"
"30/01/2014","81","ARAUCA","81001","ARAUCA","ARTICULO 168. SECUESTRO SIMPLE","1"
"30/01/2014","68","SANTANDER","68001","BUCARAMANGA","ARTICULO 169. SECUESTRO EXTORSIVO","1"
"27/01/2014","76","VALLE DEL CAUCA","76126","CALIMA","ARTICULO 169. SECUESTRO EXTORSIVO","1"
"26/01/2014","05","ANTIOQUIA","05001","MEDELLIN","ARTICULO 169. SECUESTRO EXTORSIVO","1"
"26/01/2014","11","BOGOTA D.C.","11001","BOGOTA D.C.","ARTICULO 168. SECUESTRO SIMPLE","1"
"26/01/2014","81","ARAUCA","81065","ARAUQUITA","ARTICULO 168. SECUESTRO SIMPLE","1"
"26/01/2014","05","ANTIOQUIA","05001","MEDELLIN","ARTICULO 169. SECUESTRO EXTORSIVO","1"
"24/01/2014","25","CUNDINAMARCA","25878","VIOTA","ARTICULO 169. SECUESTRO EXTORSIVO","1"
"21/01/2014","17","CALDAS","17174","CHINCHINA","ARTICULO 168. SECUESTRO SIMPLE","1"
"20/01/2014","11","BOGOTA D.C.","11001","BOGOTA D.C.","ARTICULO 169. SECUESTRO EXTORSIVO","1"
"18/01/2014","76","VALLE DEL CAUCA","76001","CALI","ARTICULO 168. SECUESTRO SIMPLE","1"
"17/01/2014","73","TOLIMA","73275","FLANDES","ARTICULO 169. SECUESTRO EXTORSIVO","1"
"17/01/2014","73","TOLIMA","73275","FLANDES","ARTICULO 169. SECUESTRO EXTORSIVO","1"
"17/01/2014","73","TOLIMA","73275","FLANDES","ARTICULO 169. SECUESTRO EXTORSIVO","1"
"17/01/2014","73","TOLIMA","73275","FLANDES","ARTICULO 169. SECUESTRO EXTORSIVO","1"
"17/01/2014","73","TOLIMA","73275","FLANDES","ARTICULO 169. SECUESTRO EXTORSIVO","1"
"17/01/2014","20","CESAR","20228","CURUMANI","ARTICULO 169. SECUESTRO EXTORSIVO","1"
"13/01/2014","11","BOGOTA D.C.","11001","BOGOTA D.C.","ARTICULO 168. SECUESTRO SIMPLE","1"
"13/01/2014","76","VALLE DEL CAUCA","76109","BUENAVENTURA","ARTICULO 169. SECUESTRO EXTORSIVO","1"
"13/01/2014","76","VALLE DEL CAUCA","76109","BUENAVENTURA","ARTICULO 169. SECUESTRO EXTORSIVO","1"
"13/01/2014","54","NORTE DE SANTANDER","54239","DURANIA","ARTICULO 169. SECUESTRO EXTORSIVO","1"
"11/01/2014","25","CUNDINAMARCA","25754","SOACHA","ARTICULO 168. SECUESTRO SIMPLE","1"
"10/01/2014","54","NORTE DE SANTANDER","54206","CONVENCION","ARTICULO 168. SECUESTRO SIMPLE","1"
"10/01/2014","76","VALLE DEL CAUCA","76001","CALI","ARTICULO 169. SECUESTRO EXTORSIVO","1"
"09/01/2014","52","NARIÑO","52835","SAN ANDRES DE TUMACO","ARTICULO 169. SECUESTRO EXTORSIVO","1"
"04/01/2014","66","RISARALDA","66001","PEREIRA","ARTICULO 168. SECUESTRO SIMPLE","1"
"03/01/2014","25","CUNDINAMARCA","25307","GIRARDOT","ARTICULO 169. SECUESTRO EXTORSIVO","1"
"31/12/2013","86","PUTUMAYO","86885","VILLAGARZON","ARTICULO 169. SECUESTRO EXTORSIVO","1"
"30/12/2013","68","SANTANDER","68255","EL PLAYON","ARTICULO 169. SECUESTRO EXTORSIVO","1"
"30/12/2013","68","SANTANDER","68255","EL PLAYON","ARTICULO 169. SECUESTRO EXTORSIVO","1"
"29/12/2013","76","VALLE DEL CAUCA","76109","BUENAVENTURA","ARTICULO 169. SECUESTRO EXTORSIVO","1"
"19/12/2013","11","BOGOTA D.C.","11001","BOGOTA D.C.","ARTICULO 169. SECUESTRO EXTORSIVO","1"
"19/12/2013","52","NARIÑO","52835","SAN ANDRES DE TUMACO","ARTICULO 169. SECUESTRO EXTORSIVO","1"
"17/12/2013","76","VALLE DEL CAUCA","76834","TULUA","ARTICULO 168. SECUESTRO SIMPLE","1"
"16/12/2013","81","ARAUCA","81001","ARAUCA","ARTICULO 169. SECUESTRO EXTORSIVO","1"
"14/12/2013","05","ANTIOQUIA","05001","MEDELLIN","ARTICULO 168. SECUESTRO SIMPLE","1"
"13/12/2013","27","CHOCO","27001","QUIBDO","ARTICULO 169. SECUESTRO EXTORSIVO","1"
"11/12/2013","85","CASANARE","85250","PAZ DE ARIPORO","ARTICULO 168. SECUESTRO SIMPLE","1"
"10/12/2013","76","VALLE DEL CAUCA","76001","CALI","ARTICULO 169. SECUESTRO EXTORSIVO","1"
"08/12/2013","05","ANTIOQUIA","05079","BARBOSA","ARTICULO 169. SECUESTRO EXTORSIVO","1"
"07/12/2013","19","CAUCA","19824","TOTORO","ARTICULO 169. SECUESTRO EXTORSIVO","1"
"06/12/2013","19","CAUCA","19517","PAEZ","ARTICULO 168. SECUESTRO SIMPLE","1"
"06/12/2013","86","PUTUMAYO","86749","SIBUNDOY","ARTICULO 169. SECUESTRO EXTORSIVO","1"
"06/12/2013","85","CASANARE","85010","AGUAZUL","ARTICULO 169. SECUESTRO EXTORSIVO","1"
"05/12/2013","76","VALLE DEL CAUCA","76001","CALI","ARTICULO 169. SECUESTRO EXTORSIVO","1"
"03/12/2013","81","ARAUCA","81794","TAME","ARTICULO 168. SECUESTRO SIMPLE","1"
"03/12/2013","81","ARAUCA","81794","TAME","ARTICULO 168. SECUESTRO SIMPLE","1"
"03/12/2013","81","ARAUCA","81794","TAME","ARTICULO 168. SECUESTRO SIMPLE","1"
"02/12/2013","05","ANTIOQUIA","05001","MEDELLIN","ARTICULO 168. SECUESTRO SIMPLE","1"
"30/11/2013","27","CHOCO","27205","CONDOTO","ARTICULO 169. SECUESTRO EXTORSIVO","1"
"27/11/2013","63","QUINDIO","63001","ARMENIA","ARTICULO 169. SECUESTRO EXTORSIVO","1"
"26/11/2013","47","MAGDALENA","47001","SANTA MARTA","ARTICULO 168. SECUESTRO SIMPLE","1"
"23/11/2013","66","RISARALDA","66170","DOSQUEBRADAS","ARTICULO 168. SECUESTRO SIMPLE","1"
"22/11/2013","54","NORTE DE SANTANDER","54206","CONVENCION","ARTICULO 169. SECUESTRO EXTORSIVO","1"
"18/11/2013","73","TOLIMA","73268","ESPINAL","ARTICULO 169. SECUESTRO EXTORSIVO","1"
"16/11/2013","11","BOGOTA D.C.","11001","BOGOTA D.C.","ARTICULO 168. SECUESTRO SIMPLE","1"
"15/11/2013","85","CASANARE","85001","YOPAL","ARTICULO 169. SECUESTRO EXTORSIVO","1"
"13/11/2013","52","NARIÑO","52678","SAMANIEGO","ARTICULO 169. SECUESTRO EXTORSIVO","1"
"13/11/2013","52","NARIÑO","52678","SAMANIEGO","ARTICULO 169. SECUESTRO EXTORSIVO","1"
"13/11/2013","70","SUCRE","70215","COROZAL","ARTICULO 168. SECUESTRO SIMPLE","1"
"11/11/2013","66","RISARALDA","66001","PEREIRA","ARTICULO 168. SECUESTRO SIMPLE","1"
"09/11/2013","76","VALLE DEL CAUCA","76001","CALI","ARTICULO 169. SECUESTRO EXTORSIVO","1"
"08/11/2013","11","BOGOTA D.C.","11001","BOGOTA D.C.","ARTICULO 168. SECUESTRO SIMPLE","1"
"06/11/2013","11","BOGOTA D.C.","11001","BOGOTA D.C.","ARTICULO 168. SECUESTRO SIMPLE","1"
"05/11/2013","85","CASANARE","85001","YOPAL","ARTICULO 168. SECUESTRO SIMPLE","1"
"05/11/2013","54","NORTE DE SANTANDER","54810","TIBU","ARTICULO 169. SECUESTRO EXTORSIVO","1"
"03/11/2013","76","VALLE DEL CAUCA","76834","TULUA","ARTICULO 168. SECUESTRO SIMPLE","1"
"31/10/2013","76","VALLE DEL CAUCA","76001","CALI","ARTICULO 168. SECUESTRO SIMPLE","1"
"31/10/2013","76","VALLE DEL CAUCA","76001","CALI","ARTICULO 168. SECUESTRO SIMPLE","1"
"31/10/2013","11","BOGOTA D.C.","11001","BOGOTA D.C.","ARTICULO 169. SECUESTRO EXTORSIVO","1"
"30/10/2013","81","ARAUCA","81736","SARAVENA","ARTICULO 168. SECUESTRO SIMPLE","1"
"28/10/2013","11","BOGOTA D.C.","11001","BOGOTA D.C.","ARTICULO 168. SECUESTRO SIMPLE","1"
"25/10/2013","05","ANTIOQUIA","05284","FRONTINO","ARTICULO 169. SECUESTRO EXTORSIVO","1"
"23/10/2013","11","BOGOTA D.C.","11001","BOGOTA D.C.","ARTICULO 169. SECUESTRO EXTORSIVO","1"
"22/10/2013","81","ARAUCA","81001","ARAUCA","ARTICULO 169. SECUESTRO EXTORSIVO","1"
"22/10/2013","81","ARAUCA","81001","ARAUCA","ARTICULO 169. SECUESTRO EXTORSIVO","1"
"22/10/2013","50","META","50330","MESETAS","ARTICULO 169. SECUESTRO EXTORSIVO","1"
"22/10/2013","81","ARAUCA","81001","ARAUCA","ARTICULO 169. SECUESTRO EXTORSIVO","1"
"20/10/2013","11","BOGOTA D.C.","11001","BOGOTA D.C.","ARTICULO 169. SECUESTRO EXTORSIVO","1"
"18/10/2013","81","ARAUCA","81065","ARAUQUITA","ARTICULO 168. SECUESTRO SIMPLE","1"
"18/10/2013","27","CHOCO","27425","MEDIO ATRATO","ARTICULO 168. SECUESTRO SIMPLE","1"
"18/10/2013","08","ATLANTICO","08758","SOLEDAD","ARTICULO 169. SECUESTRO EXTORSIVO","1"
"18/10/2013","81","ARAUCA","81065","ARAUQUITA","ARTICULO 168. SECUESTRO SIMPLE","1"
"18/10/2013","81","ARAUCA","81065","ARAUQUITA","ARTICULO 168. SECUESTRO SIMPLE","1"
"17/10/2013","11","BOGOTA D.C.","11001","BOGOTA D.C.","ARTICULO 168. SECUESTRO SIMPLE","1"
"17/10/2013","73","TOLIMA","73319","GUAMO","ARTICULO 169. SECUESTRO EXTORSIVO","1"
"16/10/2013","63","QUINDIO","63594","QUIMBAYA","ARTICULO 168. SECUESTRO SIMPLE","1"
"14/10/2013","73","TOLIMA","73268","ESPINAL","ARTICULO 168. SECUESTRO SIMPLE","1"
"14/10/2013","81","ARAUCA","81001","ARAUCA","ARTICULO 169. SECUESTRO EXTORSIVO","1"
"07/10/2013","86","PUTUMAYO","86885","VILLAGARZON","ARTICULO 169. SECUESTRO EXTORSIVO","1"
"04/10/2013","05","ANTIOQUIA","05001","MEDELLIN","ARTICULO 168. SECUESTRO SIMPLE","1"
"03/10/2013","11","BOGOTA D.C.","11001","BOGOTA D.C.","ARTICULO 169. SECUESTRO EXTORSIVO","1"
"01/10/2013","73","TOLIMA","73268","ESPINAL","ARTICULO 169. SECUESTRO EXTORSIVO","1"
"30/09/2013","05","ANTIOQUIA","05197","COCORNA","ARTICULO 169. SECUESTRO EXTORSIVO","1"
"27/09/2013","05","ANTIOQUIA","05001","MEDELLIN","ARTICULO 168. SECUESTRO SIMPLE","1"
"26/09/2013","11","BOGOTA D.C.","11001","BOGOTA D.C.","ARTICULO 168. SECUESTRO SIMPLE","1"
"26/09/2013","81","ARAUCA","81794","TAME","ARTICULO 168. SECUESTRO SIMPLE","1"
"26/09/2013","81","ARAUCA","81794","TAME","ARTICULO 168. SECUESTRO SIMPLE","1"
"26/09/2013","81","ARAUCA","81794","TAME","ARTICULO 168. SECUESTRO SIMPLE","1"
"26/09/2013","81","ARAUCA","81736","SARAVENA","ARTICULO 169. SECUESTRO EXTORSIVO","1"
"26/09/2013","18","CAQUETA","18001","FLORENCIA","ARTICULO 169. SECUESTRO EXTORSIVO","1"
"24/09/2013","54","NORTE DE SANTANDER","54405","LOS PATIOS","ARTICULO 169. SECUESTRO EXTORSIVO","1"
"23/09/2013","15","BOYACA","15759","SOGAMOSO","ARTICULO 168. SECUESTRO SIMPLE","1"
"21/09/2013","19","CAUCA","19548","PIENDAMO - TUNIA","ARTICULO 169. SECUESTRO EXTORSIVO","1"
"21/09/2013","19","CAUCA","19548","PIENDAMO - TUNIA","ARTICULO 169. SECUESTRO EXTORSIVO","1"
"21/09/2013","19","CAUCA","19548","PIENDAMO - TUNIA","ARTICULO 169. SECUESTRO EXTORSIVO","1"
"20/09/2013","76","VALLE DEL CAUCA","76001","CALI","ARTICULO 169. SECUESTRO EXTORSIVO","1"
"18/09/2013","99","VICHADA","99773","CUMARIBO","ARTICULO 168. SECUESTRO SIMPLE","1"
"18/09/2013","05","ANTIOQUIA","05045","APARTADO","ARTICULO 169. SECUESTRO EXTORSIVO","1"
"17/09/2013","11","BOGOTA D.C.","11001","BOGOTA D.C.","ARTICULO 168. SECUESTRO SIMPLE","1"
"10/09/2013","81","ARAUCA","81736","SARAVENA","ARTICULO 168. SECUESTRO SIMPLE","1"
"10/09/2013","81","ARAUCA","81736","SARAVENA","ARTICULO 168. SECUESTRO SIMPLE","1"
"10/09/2013","81","ARAUCA","81736","SARAVENA","ARTICULO 168. SECUESTRO SIMPLE","1"
"09/09/2013","08","ATLANTICO","08001","BARRANQUILLA","ARTICULO 169. SECUESTRO EXTORSIVO","1"
"05/09/2013","54","NORTE DE SANTANDER","54261","EL ZULIA","ARTICULO 169. SECUESTRO EXTORSIVO","1"
"05/09/2013","05","ANTIOQUIA","05031","AMALFI","ARTICULO 169. SECUESTRO EXTORSIVO","1"
"05/09/2013","05","ANTIOQUIA","05031","AMALFI","ARTICULO 169. SECUESTRO EXTORSIVO","1"
"03/09/2013","27","CHOCO","27001","QUIBDO","ARTICULO 168. SECUESTRO SIMPLE","1"
"02/09/2013","05","ANTIOQUIA","05079","BARBOSA","ARTICULO 168. SECUESTRO SIMPLE","1"
"28/08/2013","19","CAUCA","19450","MERCADERES","ARTICULO 168. SECUESTRO SIMPLE","1"
"25/08/2013","27","CHOCO","27001","QUIBDO","ARTICULO 168. SECUESTRO SIMPLE","1"
"21/08/2013","25","CUNDINAMARCA","25290","FUSAGASUGA","ARTICULO 169. SECUESTRO EXTORSIVO","1"
"19/08/2013","15","BOYACA","15104","BOYACA","ARTICULO 168. SECUESTRO SIMPLE","1"
"19/08/2013","15","BOYACA","15104","BOYACA","ARTICULO 168. SECUESTRO SIMPLE","1"
"19/08/2013","15","BOYACA","15104","BOYACA","ARTICULO 168. SECUESTRO SIMPLE","1"
"19/08/2013","15","BOYACA","15104","BOYACA","ARTICULO 168. SECUESTRO SIMPLE","1"
"19/08/2013","15","BOYACA","15104","BOYACA","ARTICULO 168. SECUESTRO SIMPLE","1"
"18/08/2013","81","ARAUCA","81001","ARAUCA","ARTICULO 168. SECUESTRO SIMPLE","1"
"18/08/2013","27","CHOCO","27001","QUIBDO","ARTICULO 169. SECUESTRO EXTORSIVO","1"
"17/08/2013","41","HUILA","41770","SUAZA","ARTICULO 169. SECUESTRO EXTORSIVO","1"
"13/08/2013","19","CAUCA","19455","MIRANDA","ARTICULO 169. SECUESTRO EXTORSIVO","1"
"11/08/2013","41","HUILA","41551","PITALITO","ARTICULO 168. SECUESTRO SIMPLE","1"
"10/08/2013","05","ANTIOQUIA","05631","SABANETA","ARTICULO 169. SECUESTRO EXTORSIVO","1"
"10/08/2013","05","ANTIOQUIA","05631","SABANETA","ARTICULO 169. SECUESTRO EXTORSIVO","1"
"09/08/2013","76","VALLE DEL CAUCA","76001","CALI","ARTICULO 169. SECUESTRO EXTORSIVO","1"
"09/08/2013","76","VALLE DEL CAUCA","76001","CALI","ARTICULO 169. SECUESTRO EXTORSIVO","1"
"09/08/2013","76","VALLE DEL CAUCA","76001","CALI","ARTICULO 169. SECUESTRO EXTORSIVO","1"
"08/08/2013","76","VALLE DEL CAUCA","76001","CALI","ARTICULO 168. SECUESTRO SIMPLE","1"
"06/08/2013","23","CORDOBA","23678","SAN CARLOS","ARTICULO 169. SECUESTRO EXTORSIVO","1"
"05/08/2013","52","NARIÑO","52001","PASTO","ARTICULO 168. SECUESTRO SIMPLE","1"
"04/08/2013","76","VALLE DEL CAUCA","76001","CALI","ARTICULO 168. SECUESTRO SIMPLE","1"
"04/08/2013","11","BOGOTA D.C.","11001","BOGOTA D.C.","ARTICULO 169. SECUESTRO EXTORSIVO","1"
"02/08/2013","17","CALDAS","17873","VILLAMARIA","ARTICULO 168. SECUESTRO SIMPLE","1"
"30/07/2013","19","CAUCA","19780","SUAREZ","ARTICULO 169. SECUESTRO EXTORSIVO","1"
"30/07/2013","19","CAUCA","19780","SUAREZ","ARTICULO 169. SECUESTRO EXTORSIVO","1"
"29/07/2013","86","PUTUMAYO","86569","PUERTO CAICEDO","ARTICULO 169. SECUESTRO EXTORSIVO","1"
"28/07/2013","15","BOYACA","15176","CHIQUINQUIRA","ARTICULO 168. SECUESTRO SIMPLE","1"
"27/07/2013","68","SANTANDER","68001","BUCARAMANGA","ARTICULO 168. SECUESTRO SIMPLE","1"
"27/07/2013","05","ANTIOQUIA","05038","ANGOSTURA","ARTICULO 169. SECUESTRO EXTORSIVO","1"
"27/07/2013","05","ANTIOQUIA","05038","ANGOSTURA","ARTICULO 169. SECUESTRO EXTORSIVO","1"
"25/07/2013","85","CASANARE","85139","MANI","ARTICULO 168. SECUESTRO SIMPLE","1"
"23/07/2013","05","ANTIOQUIA","05001","MEDELLIN","ARTICULO 168. SECUESTRO SIMPLE","1"
"23/07/2013","81","ARAUCA","81794","TAME","ARTICULO 169. SECUESTRO EXTORSIVO","1"
"23/07/2013","63","QUINDIO","63001","ARMENIA","ARTICULO 169. SECUESTRO EXTORSIVO","1"
"20/07/2013","11","BOGOTA D.C.","11001","BOGOTA D.C.","ARTICULO 168. SECUESTRO SIMPLE","1"
"17/07/2013","76","VALLE DEL CAUCA","76520","PALMIRA","ARTICULO 169. SECUESTRO EXTORSIVO","1"
"16/07/2013","81","ARAUCA","81794","TAME","ARTICULO 169. SECUESTRO EXTORSIVO","1"
"15/07/2013","76","VALLE DEL CAUCA","76109","BUENAVENTURA","ARTICULO 168. SECUESTRO SIMPLE","1"
"15/07/2013","11","BOGOTA D.C.","11001","BOGOTA D.C.","ARTICULO 168. SECUESTRO SIMPLE","1"
"12/07/2013","05","ANTIOQUIA","05045","APARTADO","ARTICULO 169. SECUESTRO EXTORSIVO","1"
"10/07/2013","25","CUNDINAMARCA","25183","CHOCONTA","ARTICULO 168. SECUESTRO SIMPLE","1"
"09/07/2013","11","BOGOTA D.C.","11001","BOGOTA D.C.","ARTICULO 168. SECUESTRO SIMPLE","1"
"08/07/2013","73","TOLIMA","73148","CARMEN DE APICALA","ARTICULO 169. SECUESTRO EXTORSIVO","1"
"07/07/2013","19","CAUCA","19355","INZA","ARTICULO 168. SECUESTRO SIMPLE","1"
"06/07/2013","27","CHOCO","27787","TADO","ARTICULO 169. SECUESTRO EXTORSIVO","1"
"03/07/2013","11","BOGOTA D.C.","11001","BOGOTA D.C.","ARTICULO 168. SECUESTRO SIMPLE","1"
"03/07/2013","76","VALLE DEL CAUCA","76109","BUENAVENTURA","ARTICULO 168. SECUESTRO SIMPLE","1"
"29/06/2013","11","BOGOTA D.C.","11001","BOGOTA D.C.","ARTICULO 168. SECUESTRO SIMPLE","1"
"28/06/2013","15","BOYACA","15001","TUNJA","ARTICULO 168. SECUESTRO SIMPLE","1"
"28/06/2013","13","BOLIVAR","13001","CARTAGENA DE INDIAS","ARTICULO 168. SECUESTRO SIMPLE","1"
"24/06/2013","25","CUNDINAMARCA","25430","MADRID","ARTICULO 169. SECUESTRO EXTORSIVO","1"
"24/06/2013","54","NORTE DE SANTANDER","54003","ABREGO","ARTICULO 169. SECUESTRO EXTORSIVO","1"
"20/06/2013","95","GUAVIARE","95025","EL RETORNO","ARTICULO 168. SECUESTRO SIMPLE","1"
"19/06/2013","11","BOGOTA D.C.","11001","BOGOTA D.C.","ARTICULO 168. SECUESTRO SIMPLE","1"
"17/06/2013","05","ANTIOQUIA","05250","EL BAGRE","ARTICULO 169. SECUESTRO EXTORSIVO","1"
"14/06/2013","41","HUILA","41807","TIMANA","ARTICULO 169. SECUESTRO EXTORSIVO","1"
"12/06/2013","54","NORTE DE SANTANDER","54001","CUCUTA","ARTICULO 168. SECUESTRO SIMPLE","1"
"12/06/2013","54","NORTE DE SANTANDER","54001","CUCUTA","ARTICULO 168. SECUESTRO SIMPLE","1"
"11/06/2013","85","CASANARE","85001","YOPAL","ARTICULO 168. SECUESTRO SIMPLE","1"
"10/06/2013","05","ANTIOQUIA","05001","MEDELLIN","ARTICULO 168. SECUESTRO SIMPLE","1"
"09/06/2013","25","CUNDINAMARCA","25754","SOACHA","ARTICULO 168. SECUESTRO SIMPLE","1"
"08/06/2013","73","TOLIMA","73616","RIOBLANCO","ARTICULO 169. SECUESTRO EXTORSIVO","1"
"06/06/2013","11","BOGOTA D.C.","11001","BOGOTA D.C.","ARTICULO 168. SECUESTRO SIMPLE","1"
"04/06/2013","50","META","50001","VILLAVICENCIO","ARTICULO 168. SECUESTRO SIMPLE","1"
"04/06/2013","50","META","50330","MESETAS","ARTICULO 169. SECUESTRO EXTORSIVO","1"
"28/05/2013","11","BOGOTA D.C.","11001","BOGOTA D.C.","ARTICULO 168. SECUESTRO SIMPLE","1"
"26/05/2013","76","VALLE DEL CAUCA","76109","BUENAVENTURA","ARTICULO 169. SECUESTRO EXTORSIVO","1"
"26/05/2013","11","BOGOTA D.C.","11001","BOGOTA D.C.","ARTICULO 169. SECUESTRO EXTORSIVO","1"
"24/05/2013","11","BOGOTA D.C.","11001","BOGOTA D.C.","ARTICULO 168. SECUESTRO SIMPLE","1"
"24/05/2013","54","NORTE DE SANTANDER","54498","OCAÑA","ARTICULO 169. SECUESTRO EXTORSIVO","1"
"22/05/2013","11","BOGOTA D.C.","11001","BOGOTA D.C.","ARTICULO 168. SECUESTRO SIMPLE","1"
"22/05/2013","54","NORTE DE SANTANDER","54174","CHITAGA","ARTICULO 169. SECUESTRO EXTORSIVO","1"
"22/05/2013","50","META","50001","VILLAVICENCIO","ARTICULO 169. SECUESTRO EXTORSIVO","1"
"21/05/2013","11","BOGOTA D.C.","11001","BOGOTA D.C.","ARTICULO 168. SECUESTRO SIMPLE","1"
"17/05/2013","54","NORTE DE SANTANDER","54001","CUCUTA","ARTICULO 168. SECUESTRO SIMPLE","1"
"17/05/2013","54","NORTE DE SANTANDER","54001","CUCUTA","ARTICULO 168. SECUESTRO SIMPLE","1"
"17/05/2013","54","NORTE DE SANTANDER","54001","CUCUTA","ARTICULO 168. SECUESTRO SIMPLE","1"
"16/05/2013","11","BOGOTA D.C.","11001","BOGOTA D.C.","ARTICULO 168. SECUESTRO SIMPLE","1"
"16/05/2013","08","ATLANTICO","08560","PONEDERA","ARTICULO 169. SECUESTRO EXTORSIVO","1"
"15/05/2013","85","CASANARE","85010","AGUAZUL","ARTICULO 168. SECUESTRO SIMPLE","1"
"15/05/2013","11","BOGOTA D.C.","11001","BOGOTA D.C.","ARTICULO 168. SECUESTRO SIMPLE","1"
"14/05/2013","44","LA GUAJIRA","44847","URIBIA","ARTICULO 169. SECUESTRO EXTORSIVO","1"
"14/05/2013","44","LA GUAJIRA","44847","URIBIA","ARTICULO 169. SECUESTRO EXTORSIVO","1"
"10/05/2013","11","BOGOTA D.C.","11001","BOGOTA D.C.","ARTICULO 168. SECUESTRO SIMPLE","1"
"09/05/2013","19","CAUCA","19698","SANTANDER DE QUILICHAO","ARTICULO 168. SECUESTRO SIMPLE","1"
"09/05/2013","19","CAUCA","19698","SANTANDER DE QUILICHAO","ARTICULO 168. SECUESTRO SIMPLE","1"
"09/05/2013","19","CAUCA","19698","SANTANDER DE QUILICHAO","ARTICULO 168. SECUESTRO SIMPLE","1"
"09/05/2013","19","CAUCA","19698","SANTANDER DE QUILICHAO","ARTICULO 169. SECUESTRO EXTORSIVO","1"
"09/05/2013","76","VALLE DEL CAUCA","76001","CALI","ARTICULO 169. SECUESTRO EXTORSIVO","1"
"08/05/2013","11","BOGOTA D.C.","11001","BOGOTA D.C.","ARTICULO 168. SECUESTRO SIMPLE","1"
"08/05/2013","76","VALLE DEL CAUCA","76001","CALI","ARTICULO 169. SECUESTRO EXTORSIVO","1"
"05/05/2013","05","ANTIOQUIA","05674","SAN VICENTE FERRER","ARTICULO 168. SECUESTRO SIMPLE","1"
"05/05/2013","05","ANTIOQUIA","05674","SAN VICENTE FERRER","ARTICULO 168. SECUESTRO SIMPLE","1"
"03/05/2013","23","CORDOBA","23079","BUENAVISTA","ARTICULO 169. SECUESTRO EXTORSIVO","1"
"03/05/2013","66","RISARALDA","66682","SANTA ROSA DE CABAL","ARTICULO 169. SECUESTRO EXTORSIVO","1"
"02/05/2013","76","VALLE DEL CAUCA","76616","RIOFRIO","ARTICULO 169. SECUESTRO EXTORSIVO","1"
"01/05/2013","20","CESAR","20550","PELAYA","ARTICULO 169. SECUESTRO EXTORSIVO","1"
"30/04/2013","19","CAUCA","19513","PADILLA","ARTICULO 169. SECUESTRO EXTORSIVO","1"
"27/04/2013","15","BOYACA","15407","VILLA DE LEYVA","ARTICULO 168. SECUESTRO SIMPLE","1"
"22/04/2013","15","BOYACA","15176","CHIQUINQUIRA","ARTICULO 168. SECUESTRO SIMPLE","1"
"21/04/2013","27","CHOCO","27075","BAHIA SOLANO","ARTICULO 168. SECUESTRO SIMPLE","1"
"20/04/2013","81","ARAUCA","81001","ARAUCA","ARTICULO 169. SECUESTRO EXTORSIVO","1"
"20/04/2013","50","META","50318","GUAMAL","ARTICULO 169. SECUESTRO EXTORSIVO","1"
"17/04/2013","85","CASANARE","85430","TRINIDAD","ARTICULO 169. SECUESTRO EXTORSIVO","1"
"17/04/2013","76","VALLE DEL CAUCA","76109","BUENAVENTURA","ARTICULO 169. SECUESTRO EXTORSIVO","1"
"16/04/2013","81","ARAUCA","81001","ARAUCA","ARTICULO 169. SECUESTRO EXTORSIVO","1"
"15/04/2013","19","CAUCA","19397","LA VEGA","ARTICULO 169. SECUESTRO EXTORSIVO","1"
"15/04/2013","76","VALLE DEL CAUCA","76001","CALI","ARTICULO 169. SECUESTRO EXTORSIVO","1"
"15/04/2013","50","META","50313","GRANADA","ARTICULO 169. SECUESTRO EXTORSIVO","1"
"14/04/2013","11","BOGOTA D.C.","11001","BOGOTA D.C.","ARTICULO 169. SECUESTRO EXTORSIVO","1"
"11/04/2013","19","CAUCA","19698","SANTANDER DE QUILICHAO","ARTICULO 169. SECUESTRO EXTORSIVO","1"
"07/04/2013","81","ARAUCA","81065","ARAUQUITA","ARTICULO 169. SECUESTRO EXTORSIVO","1"
"07/04/2013","81","ARAUCA","81065","ARAUQUITA","ARTICULO 169. SECUESTRO EXTORSIVO","1"
"05/04/2013","18","CAQUETA","18592","PUERTO RICO","ARTICULO 169. SECUESTRO EXTORSIVO","1"
"05/04/2013","20","CESAR","20032","ASTREA","ARTICULO 169. SECUESTRO EXTORSIVO","1"
"04/04/2013","76","VALLE DEL CAUCA","76001","CALI","ARTICULO 169. SECUESTRO EXTORSIVO","1"
"02/04/2013","18","CAQUETA","18753","SAN VICENTE DEL CAGUAN","ARTICULO 169. SECUESTRO EXTORSIVO","1"
"01/04/2013","05","ANTIOQUIA","05148","EL CARMEN DE VIBORAL","ARTICULO 169. SECUESTRO EXTORSIVO","1"
"01/04/2013","19","CAUCA","19585","PURACE","ARTICULO 169. SECUESTRO EXTORSIVO","1"
"01/04/2013","19","CAUCA","19585","PURACE","ARTICULO 169. SECUESTRO EXTORSIVO","1"
"27/03/2013","19","CAUCA","19701","SANTA ROSA","ARTICULO 168. SECUESTRO SIMPLE","1"
"26/03/2013","95","GUAVIARE","95001","SAN JOSE DEL GUAVIARE","ARTICULO 168. SECUESTRO SIMPLE","1"
"21/03/2013","11","BOGOTA D.C.","11001","BOGOTA D.C.","ARTICULO 169. SECUESTRO EXTORSIVO","1"
"19/03/2013","11","BOGOTA D.C.","11001","BOGOTA D.C.","ARTICULO 168. SECUESTRO SIMPLE","1"
"19/03/2013","76","VALLE DEL CAUCA","76001","CALI","ARTICULO 168. SECUESTRO SIMPLE","1"
"19/03/2013","11","BOGOTA D.C.","11001","BOGOTA D.C.","ARTICULO 168. SECUESTRO SIMPLE","1"
"18/03/2013","81","ARAUCA","81001","ARAUCA","ARTICULO 168. SECUESTRO SIMPLE","1"
"18/03/2013","81","ARAUCA","81001","ARAUCA","ARTICULO 168. SECUESTRO SIMPLE","1"
"18/03/2013","81","ARAUCA","81001","ARAUCA","ARTICULO 168. SECUESTRO SIMPLE","1"
"16/03/2013","81","ARAUCA","81794","TAME","ARTICULO 169. SECUESTRO EXTORSIVO","1"
"14/03/2013","86","PUTUMAYO","86571","PUERTO GUZMAN","ARTICULO 168. SECUESTRO SIMPLE","1"
"14/03/2013","66","RISARALDA","66001","PEREIRA","ARTICULO 168. SECUESTRO SIMPLE","1"
"13/03/2013","52","NARIÑO","52001","PASTO","ARTICULO 169. SECUESTRO EXTORSIVO","1"
"12/03/2013","85","CASANARE","85001","YOPAL","ARTICULO 169. SECUESTRO EXTORSIVO","1"
"12/03/2013","54","NORTE DE SANTANDER","54003","ABREGO","ARTICULO 169. SECUESTRO EXTORSIVO","1"
"10/03/2013","25","CUNDINAMARCA","25645","SAN ANTONIO DEL TEQUENDAMA","ARTICULO 169. SECUESTRO EXTORSIVO","1"
"10/03/2013","25","CUNDINAMARCA","25645","SAN ANTONIO DEL TEQUENDAMA","ARTICULO 169. SECUESTRO EXTORSIVO","1"
"10/03/2013","25","CUNDINAMARCA","25645","SAN ANTONIO DEL TEQUENDAMA","ARTICULO 169. SECUESTRO EXTORSIVO","1"
"08/03/2013","05","ANTIOQUIA","05360","ITAGUI","ARTICULO 168. SECUESTRO SIMPLE","1"
"05/03/2013","11","BOGOTA D.C.","11001","BOGOTA D.C.","ARTICULO 168. SECUESTRO SIMPLE","1"
"05/03/2013","11","BOGOTA D.C.","11001","BOGOTA D.C.","ARTICULO 169. SECUESTRO EXTORSIVO","1"
"05/03/2013","11","BOGOTA D.C.","11001","BOGOTA D.C.","ARTICULO 169. SECUESTRO EXTORSIVO","1"
"05/03/2013","68","SANTANDER","68307","GIRON","ARTICULO 169. SECUESTRO EXTORSIVO","1"
"05/03/2013","76","VALLE DEL CAUCA","76563","PRADERA","ARTICULO 169. SECUESTRO EXTORSIVO","1"
"05/03/2013","76","VALLE DEL CAUCA","76563","PRADERA","ARTICULO 169. SECUESTRO EXTORSIVO","1"
"04/03/2013","27","CHOCO","27001","QUIBDO","ARTICULO 169. SECUESTRO EXTORSIVO","1"
"03/03/2013","81","ARAUCA","81736","SARAVENA","ARTICULO 168. SECUESTRO SIMPLE","1"
"03/03/2013","81","ARAUCA","81736","SARAVENA","ARTICULO 168. SECUESTRO SIMPLE","1"
"03/03/2013","81","ARAUCA","81736","SARAVENA","ARTICULO 168. SECUESTRO SIMPLE","1"
"02/03/2013","54","NORTE DE SANTANDER","54498","OCAÑA","ARTICULO 169. SECUESTRO EXTORSIVO","1"
"01/03/2013","73","TOLIMA","73001","IBAGUE","ARTICULO 168. SECUESTRO SIMPLE","1"
"27/02/2013","50","META","50001","VILLAVICENCIO","ARTICULO 169. SECUESTRO EXTORSIVO","1"
"27/02/2013","25","CUNDINAMARCA","25772","SUESCA","ARTICULO 169. SECUESTRO EXTORSIVO","1"
"26/02/2013","66","RISARALDA","66001","PEREIRA","ARTICULO 168. SECUESTRO SIMPLE","1"
"26/02/2013","76","VALLE DEL CAUCA","76828","TRUJILLO","ARTICULO 169. SECUESTRO EXTORSIVO","1"
"26/02/2013","05","ANTIOQUIA","05686","SANTA ROSA DE OSOS","ARTICULO 169. SECUESTRO EXTORSIVO","1"
"25/02/2013","85","CASANARE","85001","YOPAL","ARTICULO 168. SECUESTRO SIMPLE","1"
"25/02/2013","76","VALLE DEL CAUCA","76001","CALI","ARTICULO 169. SECUESTRO EXTORSIVO","1"
"23/02/2013","20","CESAR","20310","GONZALEZ","ARTICULO 168. SECUESTRO SIMPLE","1"
"23/02/2013","54","NORTE DE SANTANDER","54001","CUCUTA","ARTICULO 168. SECUESTRO SIMPLE","1"
"23/02/2013","27","CHOCO","27205","CONDOTO","ARTICULO 169. SECUESTRO EXTORSIVO","1"
"23/02/2013","19","CAUCA","19001","POPAYAN","ARTICULO 169. SECUESTRO EXTORSIVO","1"
"19/02/2013","76","VALLE DEL CAUCA","76616","RIOFRIO","ARTICULO 169. SECUESTRO EXTORSIVO","1"
"15/02/2013","86","PUTUMAYO","86749","SIBUNDOY","ARTICULO 169. SECUESTRO EXTORSIVO","1"
"14/02/2013","05","ANTIOQUIA","05091","BETANIA","ARTICULO 169. SECUESTRO EXTORSIVO","1"
"12/02/2013","85","CASANARE","85001","YOPAL","ARTICULO 168. SECUESTRO SIMPLE","1"
"09/02/2013","85","CASANARE","85440","VILLANUEVA","ARTICULO 169. SECUESTRO EXTORSIVO","1"
"08/02/2013","15","BOYACA","15176","CHIQUINQUIRA","ARTICULO 168. SECUESTRO SIMPLE","1"
"06/02/2013","68","SANTANDER","68397","LA PAZ","ARTICULO 168. SECUESTRO SIMPLE","1"
"04/02/2013","76","VALLE DEL CAUCA","76001","CALI","ARTICULO 169. SECUESTRO EXTORSIVO","1"
"03/02/2013","86","PUTUMAYO","86320","ORITO","ARTICULO 169. SECUESTRO EXTORSIVO","1"
"03/02/2013","86","PUTUMAYO","86320","ORITO","ARTICULO 169. SECUESTRO EXTORSIVO","1"
"31/01/2013","73","TOLIMA","73411","LIBANO","ARTICULO 169. SECUESTRO EXTORSIVO","1"
"31/01/2013","11","BOGOTA D.C.","11001","BOGOTA D.C.","ARTICULO 168. SECUESTRO SIMPLE","1"
"30/01/2013","19","CAUCA","19533","PIAMONTE","ARTICULO 169. SECUESTRO EXTORSIVO","1"
"30/01/2013","19","CAUCA","19533","PIAMONTE","ARTICULO 169. SECUESTRO EXTORSIVO","1"
"30/01/2013","19","CAUCA","19533","PIAMONTE","ARTICULO 169. SECUESTRO EXTORSIVO","1"
"29/01/2013","76","VALLE DEL CAUCA","76520","PALMIRA","ARTICULO 168. SECUESTRO SIMPLE","1"
"29/01/2013","76","VALLE DEL CAUCA","76001","CALI","ARTICULO 169. SECUESTRO EXTORSIVO","1"
"28/01/2013","15","BOYACA","15104","BOYACA","ARTICULO 168. SECUESTRO SIMPLE","1"
"26/01/2013","81","ARAUCA","81001","ARAUCA","ARTICULO 168. SECUESTRO SIMPLE","1"
"25/01/2013","76","VALLE DEL CAUCA","76563","PRADERA","ARTICULO 169. SECUESTRO EXTORSIVO","1"
"25/01/2013","76","VALLE DEL CAUCA","76520","PALMIRA","ARTICULO 169. SECUESTRO EXTORSIVO","1"
"25/01/2013","76","VALLE DEL CAUCA","76520","PALMIRA","ARTICULO 169. SECUESTRO EXTORSIVO","1"
"22/01/2013","19","CAUCA","19450","MERCADERES","ARTICULO 169. SECUESTRO EXTORSIVO","1"
"20/01/2013","19","CAUCA","19698","SANTANDER DE QUILICHAO","ARTICULO 169. SECUESTRO EXTORSIVO","1"
"18/01/2013","13","BOLIVAR","13490","NOROSI","ARTICULO 169. SECUESTRO EXTORSIVO","1"
"18/01/2013","13","BOLIVAR","13490","NOROSI","ARTICULO 169. SECUESTRO EXTORSIVO","1"
"18/01/2013","13","BOLIVAR","13490","NOROSI","ARTICULO 169. SECUESTRO EXTORSIVO","1"
"18/01/2013","13","BOLIVAR","13490","NOROSI","ARTICULO 169. SECUESTRO EXTORSIVO","1"
"18/01/2013","13","BOLIVAR","13490","NOROSI","ARTICULO 169. SECUESTRO EXTORSIVO","1"
"18/01/2013","13","BOLIVAR","13490","NOROSI","ARTICULO 169. SECUESTRO EXTORSIVO","1"
"17/01/2013","11","BOGOTA D.C.","11001","BOGOTA D.C.","ARTICULO 168. SECUESTRO SIMPLE","1"
"12/01/2013","66","RISARALDA","66001","PEREIRA","ARTICULO 168. SECUESTRO SIMPLE","1"
"12/01/2013","76","VALLE DEL CAUCA","76001","CALI","ARTICULO 169. SECUESTRO EXTORSIVO","1"
"12/01/2013","44","LA GUAJIRA","44430","MAICAO","ARTICULO 169. SECUESTRO EXTORSIVO","1"
"11/01/2013","11","BOGOTA D.C.","11001","BOGOTA D.C.","ARTICULO 168. SECUESTRO SIMPLE","1"
"11/01/2013","76","VALLE DEL CAUCA","76109","BUENAVENTURA","ARTICULO 168. SECUESTRO SIMPLE","1"
"11/01/2013","81","ARAUCA","81001","ARAUCA","ARTICULO 168. SECUESTRO SIMPLE","1"
"11/01/2013","85","CASANARE","85001","YOPAL","ARTICULO 168. SECUESTRO SIMPLE","1"
"11/01/2013","15","BOYACA","15514","PAEZ","ARTICULO 168. SECUESTRO SIMPLE","1"
"10/01/2013","11","BOGOTA D.C.","11001","BOGOTA D.C.","ARTICULO 168. SECUESTRO SIMPLE","1"
"09/01/2013","11","BOGOTA D.C.","11001","BOGOTA D.C.","ARTICULO 168. SECUESTRO SIMPLE","1"
"09/01/2013","52","NARIÑO","52356","IPIALES","ARTICULO 169. SECUESTRO EXTORSIVO","1"
"06/01/2013","05","ANTIOQUIA","05001","MEDELLIN","ARTICULO 169. SECUESTRO EXTORSIVO","1"
"01/01/2013","86","PUTUMAYO","86885","VILLAGARZON","ARTICULO 168. SECUESTRO SIMPLE","1"
"30/12/2012","25","CUNDINAMARCA","25290","FUSAGASUGA","ARTICULO 168. SECUESTRO SIMPLE","1"
"29/12/2012","54","NORTE DE SANTANDER","54261","EL ZULIA","ARTICULO 169. SECUESTRO EXTORSIVO","1"
"27/12/2012","50","META","50313","GRANADA","ARTICULO 169. SECUESTRO EXTORSIVO","1"
"21/12/2012","54","NORTE DE SANTANDER","54206","CONVENCION","ARTICULO 168. SECUESTRO SIMPLE","1"
"20/12/2012","05","ANTIOQUIA","05890","YOLOMBO","ARTICULO 169. SECUESTRO EXTORSIVO","1"
"20/12/2012","19","CAUCA","19533","PIAMONTE","ARTICULO 169. SECUESTRO EXTORSIVO","1"
"17/12/2012","19","CAUCA","19001","POPAYAN","ARTICULO 169. SECUESTRO EXTORSIVO","1"
"17/12/2012","44","LA GUAJIRA","44001","RIOHACHA","ARTICULO 168. SECUESTRO SIMPLE","1"
"16/12/2012","76","VALLE DEL CAUCA","76520","PALMIRA","ARTICULO 169. SECUESTRO EXTORSIVO","1"
"13/12/2012","19","CAUCA","19001","POPAYAN","ARTICULO 169. SECUESTRO EXTORSIVO","1"
"12/12/2012","81","ARAUCA","81736","SARAVENA","ARTICULO 169. SECUESTRO EXTORSIVO","1"
"12/12/2012","81","ARAUCA","81736","SARAVENA","ARTICULO 169. SECUESTRO EXTORSIVO","1"
"12/12/2012","81","ARAUCA","81736","SARAVENA","ARTICULO 169. SECUESTRO EXTORSIVO","1"
"12/12/2012","81","ARAUCA","81736","SARAVENA","ARTICULO 169. SECUESTRO EXTORSIVO","1"
"09/12/2012","81","ARAUCA","81001","ARAUCA","ARTICULO 169. SECUESTRO EXTORSIVO","1"
"08/12/2012","19","CAUCA","19698","SANTANDER DE QUILICHAO","ARTICULO 169. SECUESTRO EXTORSIVO","1"
"08/12/2012","19","CAUCA","19698","SANTANDER DE QUILICHAO","ARTICULO 169. SECUESTRO EXTORSIVO","1"
"07/12/2012","76","VALLE DEL CAUCA","76001","CALI","ARTICULO 169. SECUESTRO EXTORSIVO","1"
"07/12/2012","76","VALLE DEL CAUCA","76001","CALI","ARTICULO 169. SECUESTRO EXTORSIVO","1"
"06/12/2012","18","CAQUETA","18001","FLORENCIA","ARTICULO 168. SECUESTRO SIMPLE","1"
"03/12/2012","41","HUILA","41530","PALESTINA","ARTICULO 169. SECUESTRO EXTORSIVO","1"
"03/12/2012","76","VALLE DEL CAUCA","76109","BUENAVENTURA","ARTICULO 168. SECUESTRO SIMPLE","1"
"02/12/2012","81","ARAUCA","81794","TAME","ARTICULO 168. SECUESTRO SIMPLE","1"
"29/11/2012","19","CAUCA","19824","TOTORO","ARTICULO 169. SECUESTRO EXTORSIVO","1"
"29/11/2012","17","CALDAS","17777","SUPIA","ARTICULO 168. SECUESTRO SIMPLE","1"
"29/11/2012","17","CALDAS","17777","SUPIA","ARTICULO 168. SECUESTRO SIMPLE","1"
"27/11/2012","76","VALLE DEL CAUCA","76001","CALI","ARTICULO 168. SECUESTRO SIMPLE","1"
"26/11/2012","76","VALLE DEL CAUCA","76001","CALI","ARTICULO 169. SECUESTRO EXTORSIVO","1"
"26/11/2012","76","VALLE DEL CAUCA","76001","CALI","ARTICULO 169. SECUESTRO EXTORSIVO","1"
"24/11/2012","52","NARIÑO","52378","LA CRUZ","ARTICULO 169. SECUESTRO EXTORSIVO","1"
"24/11/2012","20","CESAR","20011","AGUACHICA","ARTICULO 169. SECUESTRO EXTORSIVO","1"
"24/11/2012","20","CESAR","20011","AGUACHICA","ARTICULO 169. SECUESTRO EXTORSIVO","1"
"20/11/2012","76","VALLE DEL CAUCA","76147","CARTAGO","ARTICULO 169. SECUESTRO EXTORSIVO","1"
"20/11/2012","66","RISARALDA","66001","PEREIRA","ARTICULO 168. SECUESTRO SIMPLE","1"
"19/11/2012","05","ANTIOQUIA","05001","MEDELLIN","ARTICULO 169. SECUESTRO EXTORSIVO","1"
"17/11/2012","73","TOLIMA","73001","IBAGUE","ARTICULO 169. SECUESTRO EXTORSIVO","1"
"15/11/2012","47","MAGDALENA","47980","ZONA BANANERA","ARTICULO 168. SECUESTRO SIMPLE","1"
"15/11/2012","11","BOGOTA D.C.","11001","BOGOTA D.C.","ARTICULO 169. SECUESTRO EXTORSIVO","1"
"11/11/2012","47","MAGDALENA","47001","SANTA MARTA","ARTICULO 168. SECUESTRO SIMPLE","1"
"09/11/2012","11","BOGOTA D.C.","11001","BOGOTA D.C.","ARTICULO 169. SECUESTRO EXTORSIVO","1"
"08/11/2012","44","LA GUAJIRA","44430","MAICAO","ARTICULO 168. SECUESTRO SIMPLE","1"
"04/11/2012","11","BOGOTA D.C.","11001","BOGOTA D.C.","ARTICULO 169. SECUESTRO EXTORSIVO","1"
"01/11/2012","25","CUNDINAMARCA","25799","TENJO","ARTICULO 169. SECUESTRO EXTORSIVO","1"
"30/10/2012","54","NORTE DE SANTANDER","54099","BOCHALEMA","ARTICULO 168. SECUESTRO SIMPLE","1"
"28/10/2012","85","CASANARE","85001","YOPAL","ARTICULO 168. SECUESTRO SIMPLE","1"
"27/10/2012","15","BOYACA","15325","GUAYATA","ARTICULO 169. SECUESTRO EXTORSIVO","1"
"26/10/2012","19","CAUCA","19130","CAJIBIO","ARTICULO 169. SECUESTRO EXTORSIVO","1"
"24/10/2012","18","CAQUETA","18753","SAN VICENTE DEL CAGUAN","ARTICULO 169. SECUESTRO EXTORSIVO","1"
"23/10/2012","05","ANTIOQUIA","05001","MEDELLIN","ARTICULO 169. SECUESTRO EXTORSIVO","1"
"20/10/2012","54","NORTE DE SANTANDER","54498","OCAÑA","ARTICULO 169. SECUESTRO EXTORSIVO","1"
"17/10/2012","25","CUNDINAMARCA","25438","MEDINA","ARTICULO 169. SECUESTRO EXTORSIVO","1"
"17/10/2012","25","CUNDINAMARCA","25438","MEDINA","ARTICULO 169. SECUESTRO EXTORSIVO","1"
"16/10/2012","18","CAQUETA","18001","FLORENCIA","ARTICULO 168. SECUESTRO SIMPLE","1"
"16/10/2012","73","TOLIMA","73563","PRADO","ARTICULO 169. SECUESTRO EXTORSIVO","1"
"15/10/2012","81","ARAUCA","81794","TAME","ARTICULO 168. SECUESTRO SIMPLE","1"
"15/10/2012","19","CAUCA","19001","POPAYAN","ARTICULO 169. SECUESTRO EXTORSIVO","1"
"15/10/2012","41","HUILA","41503","OPORAPA","ARTICULO 169. SECUESTRO EXTORSIVO","1"
"13/10/2012","15","BOYACA","15599","RAMIRIQUI","ARTICULO 168. SECUESTRO SIMPLE","1"
"11/10/2012","05","ANTIOQUIA","05129","CALDAS","ARTICULO 169. SECUESTRO EXTORSIVO","1"
"09/10/2012","15","BOYACA","15001","TUNJA","ARTICULO 168. SECUESTRO SIMPLE","1"
"07/10/2012","17","CALDAS","17001","MANIZALES","ARTICULO 169. SECUESTRO EXTORSIVO","1"
"07/10/2012","76","VALLE DEL CAUCA","76122","CAICEDONIA","ARTICULO 168. SECUESTRO SIMPLE","1"
"04/10/2012","05","ANTIOQUIA","05001","MEDELLIN","ARTICULO 169. SECUESTRO EXTORSIVO","1"
"01/10/2012","76","VALLE DEL CAUCA","76001","CALI","ARTICULO 168. SECUESTRO SIMPLE","1"
"01/10/2012","44","LA GUAJIRA","44090","DIBULLA","ARTICULO 168. SECUESTRO SIMPLE","1"
"01/10/2012","54","NORTE DE SANTANDER","54172","CHINACOTA","ARTICULO 168. SECUESTRO SIMPLE","1"
"01/10/2012","54","NORTE DE SANTANDER","54172","CHINACOTA","ARTICULO 168. SECUESTRO SIMPLE","1"
"01/10/2012","54","NORTE DE SANTANDER","54172","CHINACOTA","ARTICULO 168. SECUESTRO SIMPLE","1"
"30/09/2012","54","NORTE DE SANTANDER","54001","CUCUTA","ARTICULO 168. SECUESTRO SIMPLE","1"
"27/09/2012","73","TOLIMA","73449","MELGAR","ARTICULO 169. SECUESTRO EXTORSIVO","1"
"24/09/2012","85","CASANARE","85001","YOPAL","ARTICULO 168. SECUESTRO SIMPLE","1"
"22/09/2012","20","CESAR","20517","PAILITAS","ARTICULO 168. SECUESTRO SIMPLE","1"
"18/09/2012","15","BOYACA","15425","MACANAL","ARTICULO 169. SECUESTRO EXTORSIVO","1"
"16/09/2012","76","VALLE DEL CAUCA","76001","CALI","ARTICULO 168. SECUESTRO SIMPLE","1"
"15/09/2012","76","VALLE DEL CAUCA","76001","CALI","ARTICULO 169. SECUESTRO EXTORSIVO","1"
"15/09/2012","76","VALLE DEL CAUCA","76001","CALI","ARTICULO 169. SECUESTRO EXTORSIVO","1"
"12/09/2012","85","CASANARE","85440","VILLANUEVA","ARTICULO 168. SECUESTRO SIMPLE","1"
"12/09/2012","44","LA GUAJIRA","44001","RIOHACHA","ARTICULO 168. SECUESTRO SIMPLE","1"
"12/09/2012","52","NARIÑO","52203","COLON","ARTICULO 169. SECUESTRO EXTORSIVO","1"
"12/09/2012","85","CASANARE","85440","VILLANUEVA","ARTICULO 168. SECUESTRO SIMPLE","1"
"12/09/2012","85","CASANARE","85440","VILLANUEVA","ARTICULO 168. SECUESTRO SIMPLE","1"
"08/09/2012","05","ANTIOQUIA","05001","MEDELLIN","ARTICULO 169. SECUESTRO EXTORSIVO","1"
"07/09/2012","11","BOGOTA D.C.","11001","BOGOTA D.C.","ARTICULO 169. SECUESTRO EXTORSIVO","1"
"04/09/2012","81","ARAUCA","81001","ARAUCA","ARTICULO 169. SECUESTRO EXTORSIVO","1"
"30/08/2012","19","CAUCA","19001","POPAYAN","ARTICULO 168. SECUESTRO SIMPLE","1"
"30/08/2012","19","CAUCA","19001","POPAYAN","ARTICULO 168. SECUESTRO SIMPLE","1"
"28/08/2012","11","BOGOTA D.C.","11001","BOGOTA D.C.","ARTICULO 169. SECUESTRO EXTORSIVO","1"
"27/08/2012","20","CESAR","20787","TAMALAMEQUE","ARTICULO 169. SECUESTRO EXTORSIVO","1"
"26/08/2012","41","HUILA","41551","PITALITO","ARTICULO 169. SECUESTRO EXTORSIVO","1"
"23/08/2012","81","ARAUCA","81794","TAME","ARTICULO 169. SECUESTRO EXTORSIVO","1"
"23/08/2012","54","NORTE DE SANTANDER","54498","OCAÑA","ARTICULO 169. SECUESTRO EXTORSIVO","1"
"21/08/2012","11","BOGOTA D.C.","11001","BOGOTA D.C.","ARTICULO 169. SECUESTRO EXTORSIVO","1"
"19/08/2012","44","LA GUAJIRA","44001","RIOHACHA","ARTICULO 169. SECUESTRO EXTORSIVO","1"
"19/08/2012","44","LA GUAJIRA","44001","RIOHACHA","ARTICULO 169. SECUESTRO EXTORSIVO","1"
"19/08/2012","85","CASANARE","85001","YOPAL","ARTICULO 169. SECUESTRO EXTORSIVO","1"
"19/08/2012","85","CASANARE","85001","YOPAL","ARTICULO 169. SECUESTRO EXTORSIVO","1"
"19/08/2012","85","CASANARE","85001","YOPAL","ARTICULO 169. SECUESTRO EXTORSIVO","1"
"17/08/2012","11","BOGOTA D.C.","11001","BOGOTA D.C.","ARTICULO 168. SECUESTRO SIMPLE","1"
"16/08/2012","41","HUILA","41524","PALERMO","ARTICULO 168. SECUESTRO SIMPLE","1"
"16/08/2012","11","BOGOTA D.C.","11001","BOGOTA D.C.","ARTICULO 169. SECUESTRO EXTORSIVO","1"
"15/08/2012","20","CESAR","20710","SAN ALBERTO","ARTICULO 168. SECUESTRO SIMPLE","1"
"14/08/2012","05","ANTIOQUIA","05001","MEDELLIN","ARTICULO 169. SECUESTRO EXTORSIVO","1"
"12/08/2012","25","CUNDINAMARCA","25001","AGUA DE DIOS","ARTICULO 169. SECUESTRO EXTORSIVO","1"
"12/08/2012","05","ANTIOQUIA","05001","MEDELLIN","ARTICULO 169. SECUESTRO EXTORSIVO","1"
"11/08/2012","52","NARIÑO","52838","TUQUERRES","ARTICULO 169. SECUESTRO EXTORSIVO","1"
"10/08/2012","11","BOGOTA D.C.","11001","BOGOTA D.C.","ARTICULO 168. SECUESTRO SIMPLE","1"
"08/08/2012","11","BOGOTA D.C.","11001","BOGOTA D.C.","ARTICULO 169. SECUESTRO EXTORSIVO","1"
"06/08/2012","23","CORDOBA","23001","MONTERIA","ARTICULO 169. SECUESTRO EXTORSIVO","1"
"01/08/2012","13","BOLIVAR","13160","CANTAGALLO","ARTICULO 169. SECUESTRO EXTORSIVO","1"
"31/07/2012","05","ANTIOQUIA","05001","MEDELLIN","ARTICULO 169. SECUESTRO EXTORSIVO","1"
"30/07/2012","05","ANTIOQUIA","05031","AMALFI","ARTICULO 169. SECUESTRO EXTORSIVO","1"
"25/07/2012","15","BOYACA","15759","SOGAMOSO","ARTICULO 168. SECUESTRO SIMPLE","1"
"24/07/2012","81","ARAUCA","81736","SARAVENA","ARTICULO 168. SECUESTRO SIMPLE","1"
"24/07/2012","81","ARAUCA","81736","SARAVENA","ARTICULO 168. SECUESTRO SIMPLE","1"
"23/07/2012","20","CESAR","20001","VALLEDUPAR","ARTICULO 169. SECUESTRO EXTORSIVO","1"
"18/07/2012","50","META","50001","VILLAVICENCIO","ARTICULO 169. SECUESTRO EXTORSIVO","1"
"15/07/2012","54","NORTE DE SANTANDER","54001","CUCUTA","ARTICULO 169. SECUESTRO EXTORSIVO","1"
"15/07/2012","54","NORTE DE SANTANDER","54001","CUCUTA","ARTICULO 169. SECUESTRO EXTORSIVO","1"
"14/07/2012","19","CAUCA","19001","POPAYAN","ARTICULO 169. SECUESTRO EXTORSIVO","1"
"11/07/2012","76","VALLE DEL CAUCA","76001","CALI","ARTICULO 169. SECUESTRO EXTORSIVO","1"
"10/07/2012","19","CAUCA","19050","ARGELIA","ARTICULO 168. SECUESTRO SIMPLE","1"
"10/07/2012","19","CAUCA","19050","ARGELIA","ARTICULO 168. SECUESTRO SIMPLE","1"
"04/07/2012","05","ANTIOQUIA","05001","MEDELLIN","ARTICULO 169. SECUESTRO EXTORSIVO","1"
"03/07/2012","08","ATLANTICO","08001","BARRANQUILLA","ARTICULO 168. SECUESTRO SIMPLE","1"
"03/07/2012","05","ANTIOQUIA","05318","GUARNE","ARTICULO 168. SECUESTRO SIMPLE","1"
"01/07/2012","19","CAUCA","19001","POPAYAN","ARTICULO 169. SECUESTRO EXTORSIVO","1"
"30/06/2012","85","CASANARE","85010","AGUAZUL","ARTICULO 168. SECUESTRO SIMPLE","1"
"29/06/2012","47","MAGDALENA","47001","SANTA MARTA","ARTICULO 169. SECUESTRO EXTORSIVO","1"
"29/06/2012","27","CHOCO","27413","LLORO","ARTICULO 169. SECUESTRO EXTORSIVO","1"
"27/06/2012","52","NARIÑO","52356","IPIALES","ARTICULO 169. SECUESTRO EXTORSIVO","1"
"24/06/2012","81","ARAUCA","81001","ARAUCA","ARTICULO 168. SECUESTRO SIMPLE","1"
"24/06/2012","52","NARIÑO","52210","CONTADERO","ARTICULO 169. SECUESTRO EXTORSIVO","1"
"24/06/2012","52","NARIÑO","52210","CONTADERO","ARTICULO 169. SECUESTRO EXTORSIVO","1"
"23/06/2012","73","TOLIMA","73030","AMBALEMA","ARTICULO 168. SECUESTRO SIMPLE","1"
"23/06/2012","52","NARIÑO","52210","CONTADERO","ARTICULO 169. SECUESTRO EXTORSIVO","1"
"22/06/2012","11","BOGOTA D.C.","11001","BOGOTA D.C.","ARTICULO 169. SECUESTRO EXTORSIVO","1"
"21/06/2012","11","BOGOTA D.C.","11001","BOGOTA D.C.","ARTICULO 169. SECUESTRO EXTORSIVO","1"
"19/06/2012","19","CAUCA","19256","EL TAMBO","ARTICULO 169. SECUESTRO EXTORSIVO","1"
"19/06/2012","19","CAUCA","19256","EL TAMBO","ARTICULO 169. SECUESTRO EXTORSIVO","1"
"18/06/2012","85","CASANARE","85250","PAZ DE ARIPORO","ARTICULO 169. SECUESTRO EXTORSIVO","1"
"17/06/2012","11","BOGOTA D.C.","11001","BOGOTA D.C.","ARTICULO 168. SECUESTRO SIMPLE","1"
"16/06/2012","54","NORTE DE SANTANDER","54660","SALAZAR","ARTICULO 169. SECUESTRO EXTORSIVO","1"
"15/06/2012","05","ANTIOQUIA","05148","EL CARMEN DE VIBORAL","ARTICULO 169. SECUESTRO EXTORSIVO","1"
"14/06/2012","85","CASANARE","85250","PAZ DE ARIPORO","ARTICULO 169. SECUESTRO EXTORSIVO","1"
"14/06/2012","11","BOGOTA D.C.","11001","BOGOTA D.C.","ARTICULO 169. SECUESTRO EXTORSIVO","1"
"13/06/2012","50","META","50711","VISTAHERMOSA","ARTICULO 169. SECUESTRO EXTORSIVO","1"
"13/06/2012","76","VALLE DEL CAUCA","76001","CALI","ARTICULO 169. SECUESTRO EXTORSIVO","1"
"13/06/2012","50","META","50711","VISTAHERMOSA","ARTICULO 169. SECUESTRO EXTORSIVO","1"
"08/06/2012","52","NARIÑO","52356","IPIALES","ARTICULO 169. SECUESTRO EXTORSIVO","1"
"07/06/2012","05","ANTIOQUIA","05360","ITAGUI","ARTICULO 168. SECUESTRO SIMPLE","1"
"07/06/2012","54","NORTE DE SANTANDER","54405","LOS PATIOS","ARTICULO 168. SECUESTRO SIMPLE","1"
"06/06/2012","41","HUILA","41551","PITALITO","ARTICULO 168. SECUESTRO SIMPLE","1"
"06/06/2012","11","BOGOTA D.C.","11001","BOGOTA D.C.","ARTICULO 169. SECUESTRO EXTORSIVO","1"
"06/06/2012","81","ARAUCA","81794","TAME","ARTICULO 168. SECUESTRO SIMPLE","1"
"06/06/2012","25","CUNDINAMARCA","25175","CHIA","ARTICULO 169. SECUESTRO EXTORSIVO","1"
"06/06/2012","52","NARIÑO","52838","TUQUERRES","ARTICULO 169. SECUESTRO EXTORSIVO","1"
"05/06/2012","47","MAGDALENA","47001","SANTA MARTA","ARTICULO 168. SECUESTRO SIMPLE","1"
"03/06/2012","85","CASANARE","85250","PAZ DE ARIPORO","ARTICULO 169. SECUESTRO EXTORSIVO","1"
"01/06/2012","54","NORTE DE SANTANDER","54001","CUCUTA","ARTICULO 168. SECUESTRO SIMPLE","1"
"01/06/2012","81","ARAUCA","81001","ARAUCA","ARTICULO 168. SECUESTRO SIMPLE","1"
"31/05/2012","73","TOLIMA","73124","CAJAMARCA","ARTICULO 168. SECUESTRO SIMPLE","1"
"30/05/2012","99","VICHADA","99524","LA PRIMAVERA","ARTICULO 168. SECUESTRO SIMPLE","1"
"29/05/2012","19","CAUCA","19142","CALOTO","ARTICULO 169. SECUESTRO EXTORSIVO","1"
"29/05/2012","19","CAUCA","19142","CALOTO","ARTICULO 169. SECUESTRO EXTORSIVO","1"
"28/05/2012","19","CAUCA","19622","ROSAS","ARTICULO 169. SECUESTRO EXTORSIVO","1"
"23/05/2012","50","META","50573","PUERTO LOPEZ","ARTICULO 169. SECUESTRO EXTORSIVO","1"
"23/05/2012","18","CAQUETA","18753","SAN VICENTE DEL CAGUAN","ARTICULO 169. SECUESTRO EXTORSIVO","1"
"22/05/2012","76","VALLE DEL CAUCA","76001","CALI","ARTICULO 168. SECUESTRO SIMPLE","1"
"21/05/2012","05","ANTIOQUIA","05001","MEDELLIN","ARTICULO 169. SECUESTRO EXTORSIVO","1"
"19/05/2012","81","ARAUCA","81736","SARAVENA","ARTICULO 169. SECUESTRO EXTORSIVO","1"
"16/05/2012","47","MAGDALENA","47980","ZONA BANANERA","ARTICULO 168. SECUESTRO SIMPLE","1"
"16/05/2012","47","MAGDALENA","47980","ZONA BANANERA","ARTICULO 168. SECUESTRO SIMPLE","1"
"11/05/2012","11","BOGOTA D.C.","11001","BOGOTA D.C.","ARTICULO 168. SECUESTRO SIMPLE","1"
"10/05/2012","25","CUNDINAMARCA","25019","ALBAN","ARTICULO 168. SECUESTRO SIMPLE","1"
"05/05/2012","15","BOYACA","15176","CHIQUINQUIRA","ARTICULO 168. SECUESTRO SIMPLE","1"
"05/05/2012","15","BOYACA","15764","SORACA","ARTICULO 168. SECUESTRO SIMPLE","1"
"05/05/2012","15","BOYACA","15764","SORACA","ARTICULO 168. SECUESTRO SIMPLE","1"
"04/05/2012","66","RISARALDA","66001","PEREIRA","ARTICULO 169. SECUESTRO EXTORSIVO","1"
"04/05/2012","76","VALLE DEL CAUCA","76001","CALI","ARTICULO 169. SECUESTRO EXTORSIVO","1"
"04/05/2012","76","VALLE DEL CAUCA","76001","CALI","ARTICULO 169. SECUESTRO EXTORSIVO","1"
"01/05/2012","44","LA GUAJIRA","44430","MAICAO","ARTICULO 168. SECUESTRO SIMPLE","1"
"30/04/2012","52","NARIÑO","52320","GUAITARILLA","ARTICULO 169. SECUESTRO EXTORSIVO","1"
"30/04/2012","52","NARIÑO","52320","GUAITARILLA","ARTICULO 169. SECUESTRO EXTORSIVO","1"
"30/04/2012","52","NARIÑO","52320","GUAITARILLA","ARTICULO 169. SECUESTRO EXTORSIVO","1"
"29/04/2012","11","BOGOTA D.C.","11001","BOGOTA D.C.","ARTICULO 169. SECUESTRO EXTORSIVO","1"
"28/04/2012","18","CAQUETA","18410","LA MONTAÑITA","ARTICULO 169. SECUESTRO EXTORSIVO","1"
"28/04/2012","11","BOGOTA D.C.","11001","BOGOTA D.C.","ARTICULO 168. SECUESTRO SIMPLE","1"
"26/04/2012","25","CUNDINAMARCA","25785","TABIO","ARTICULO 169. SECUESTRO EXTORSIVO","1"
"24/04/2012","68","SANTANDER","68101","BOLIVAR","ARTICULO 169. SECUESTRO EXTORSIVO","1"
"24/04/2012","85","CASANARE","85010","AGUAZUL","ARTICULO 169. SECUESTRO EXTORSIVO","1"
"22/04/2012","68","SANTANDER","68780","SURATA","ARTICULO 169. SECUESTRO EXTORSIVO","1"
"22/04/2012","11","BOGOTA D.C.","11001","BOGOTA D.C.","ARTICULO 168. SECUESTRO SIMPLE","1"
"22/04/2012","11","BOGOTA D.C.","11001","BOGOTA D.C.","ARTICULO 168. SECUESTRO SIMPLE","1"
"21/04/2012","05","ANTIOQUIA","05615","RIONEGRO","ARTICULO 168. SECUESTRO SIMPLE","1"
"20/04/2012","76","VALLE DEL CAUCA","76834","TULUA","ARTICULO 168. SECUESTRO SIMPLE","1"
"18/04/2012","11","BOGOTA D.C.","11001","BOGOTA D.C.","ARTICULO 168. SECUESTRO SIMPLE","1"
"17/04/2012","11","BOGOTA D.C.","11001","BOGOTA D.C.","ARTICULO 169. SECUESTRO EXTORSIVO","1"
"17/04/2012","11","BOGOTA D.C.","11001","BOGOTA D.C.","ARTICULO 169. SECUESTRO EXTORSIVO","1"
"13/04/2012","11","BOGOTA D.C.","11001","BOGOTA D.C.","ARTICULO 169. SECUESTRO EXTORSIVO","1"
"13/04/2012","81","ARAUCA","81794","TAME","ARTICULO 168. SECUESTRO SIMPLE","1"
"11/04/2012","54","NORTE DE SANTANDER","54820","TOLEDO","ARTICULO 169. SECUESTRO EXTORSIVO","1"
"11/04/2012","54","NORTE DE SANTANDER","54820","TOLEDO","ARTICULO 169. SECUESTRO EXTORSIVO","1"
"11/04/2012","19","CAUCA","19450","MERCADERES","ARTICULO 169. SECUESTRO EXTORSIVO","1"
"04/04/2012","11","BOGOTA D.C.","11001","BOGOTA D.C.","ARTICULO 168. SECUESTRO SIMPLE","1"
"04/04/2012","11","BOGOTA D.C.","11001","BOGOTA D.C.","ARTICULO 169. SECUESTRO EXTORSIVO","1"
"04/04/2012","11","BOGOTA D.C.","11001","BOGOTA D.C.","ARTICULO 169. SECUESTRO EXTORSIVO","1"
"04/04/2012","11","BOGOTA D.C.","11001","BOGOTA D.C.","ARTICULO 169. SECUESTRO EXTORSIVO","1"
"03/04/2012","44","LA GUAJIRA","44430","MAICAO","ARTICULO 169. SECUESTRO EXTORSIVO","1"
"31/03/2012","15","BOYACA","15176","CHIQUINQUIRA","ARTICULO 168. SECUESTRO SIMPLE","1"
"31/03/2012","15","BOYACA","15176","CHIQUINQUIRA","ARTICULO 168. SECUESTRO SIMPLE","1"
"31/03/2012","15","BOYACA","15176","CHIQUINQUIRA","ARTICULO 168. SECUESTRO SIMPLE","1"
"31/03/2012","15","BOYACA","15176","CHIQUINQUIRA","ARTICULO 168. SECUESTRO SIMPLE","1"
"31/03/2012","15","BOYACA","15176","CHIQUINQUIRA","ARTICULO 168. SECUESTRO SIMPLE","1"
"31/03/2012","11","BOGOTA D.C.","11001","BOGOTA D.C.","ARTICULO 168. SECUESTRO SIMPLE","1"
"31/03/2012","15","BOYACA","15176","CHIQUINQUIRA","ARTICULO 168. SECUESTRO SIMPLE","1"
"28/03/2012","18","CAQUETA","18460","MILAN","ARTICULO 169. SECUESTRO EXTORSIVO","1"
"28/03/2012","05","ANTIOQUIA","05318","GUARNE","ARTICULO 169. SECUESTRO EXTORSIVO","1"
"27/03/2012","54","NORTE DE SANTANDER","54820","TOLEDO","ARTICULO 169. SECUESTRO EXTORSIVO","1"
"26/03/2012","08","ATLANTICO","08001","BARRANQUILLA","ARTICULO 168. SECUESTRO SIMPLE","1"
"26/03/2012","73","TOLIMA","73001","IBAGUE","ARTICULO 168. SECUESTRO SIMPLE","1"
"26/03/2012","11","BOGOTA D.C.","11001","BOGOTA D.C.","ARTICULO 168. SECUESTRO SIMPLE","1"
"23/03/2012","05","ANTIOQUIA","05001","MEDELLIN","ARTICULO 168. SECUESTRO SIMPLE","1"
"22/03/2012","50","META","50568","PUERTO GAITAN","ARTICULO 168. SECUESTRO SIMPLE","1"
"22/03/2012","50","META","50568","PUERTO GAITAN","ARTICULO 168. SECUESTRO SIMPLE","1"
"22/03/2012","50","META","50568","PUERTO GAITAN","ARTICULO 168. SECUESTRO SIMPLE","1"
"15/03/2012","52","NARIÑO","52699","SANTACRUZ","ARTICULO 168. SECUESTRO SIMPLE","1"
"15/03/2012","17","CALDAS","17001","MANIZALES","ARTICULO 168. SECUESTRO SIMPLE","1"
"12/03/2012","11","BOGOTA D.C.","11001","BOGOTA D.C.","ARTICULO 169. SECUESTRO EXTORSIVO","1"
"12/03/2012","52","NARIÑO","52215","CORDOBA","ARTICULO 169. SECUESTRO EXTORSIVO","1"
"12/03/2012","81","ARAUCA","81794","TAME","ARTICULO 169. SECUESTRO EXTORSIVO","1"
"11/03/2012","54","NORTE DE SANTANDER","54261","EL ZULIA","ARTICULO 168. SECUESTRO SIMPLE","1"
"06/03/2012","18","CAQUETA","18860","VALPARAISO","ARTICULO 169. SECUESTRO EXTORSIVO","1"
"05/03/2012","52","NARIÑO","52356","IPIALES","ARTICULO 169. SECUESTRO EXTORSIVO","1"
"05/03/2012","52","NARIÑO","52356","IPIALES","ARTICULO 169. SECUESTRO EXTORSIVO","1"
"04/03/2012","76","VALLE DEL CAUCA","76109","BUENAVENTURA","ARTICULO 168. SECUESTRO SIMPLE","1"
"04/03/2012","20","CESAR","20011","AGUACHICA","ARTICULO 169. SECUESTRO EXTORSIVO","1"
"03/03/2012","27","CHOCO","27491","NOVITA","ARTICULO 169. SECUESTRO EXTORSIVO","1"
"02/03/2012","11","BOGOTA D.C.","11001","BOGOTA D.C.","ARTICULO 169. SECUESTRO EXTORSIVO","1"
"28/02/2012","13","BOLIVAR","13433","MAHATES","ARTICULO 169. SECUESTRO EXTORSIVO","1"
"28/02/2012","13","BOLIVAR","13433","MAHATES","ARTICULO 169. SECUESTRO EXTORSIVO","1"
"28/02/2012","13","BOLIVAR","13433","MAHATES","ARTICULO 169. SECUESTRO EXTORSIVO","1"
"28/02/2012","73","TOLIMA","73563","PRADO","ARTICULO 169. SECUESTRO EXTORSIVO","1"
"28/02/2012","81","ARAUCA","81794","TAME","ARTICULO 168. SECUESTRO SIMPLE","1"
"28/02/2012","81","ARAUCA","81794","TAME","ARTICULO 168. SECUESTRO SIMPLE","1"
"28/02/2012","81","ARAUCA","81794","TAME","ARTICULO 168. SECUESTRO SIMPLE","1"
"28/02/2012","81","ARAUCA","81794","TAME","ARTICULO 168. SECUESTRO SIMPLE","1"
"28/02/2012","11","BOGOTA D.C.","11001","BOGOTA D.C.","ARTICULO 168. SECUESTRO SIMPLE","1"
"28/02/2012","81","ARAUCA","81794","TAME","ARTICULO 168. SECUESTRO SIMPLE","1"
"28/02/2012","81","ARAUCA","81794","TAME","ARTICULO 168. SECUESTRO SIMPLE","1"
"28/02/2012","81","ARAUCA","81794","TAME","ARTICULO 168. SECUESTRO SIMPLE","1"
"28/02/2012","81","ARAUCA","81794","TAME","ARTICULO 168. SECUESTRO SIMPLE","1"
"28/02/2012","81","ARAUCA","81794","TAME","ARTICULO 168. SECUESTRO SIMPLE","1"
"28/02/2012","81","ARAUCA","81794","TAME","ARTICULO 168. SECUESTRO SIMPLE","1"
"28/02/2012","81","ARAUCA","81794","TAME","ARTICULO 168. SECUESTRO SIMPLE","1"
"25/02/2012","54","NORTE DE SANTANDER","54001","CUCUTA","ARTICULO 169. SECUESTRO EXTORSIVO","1"
"25/02/2012","76","VALLE DEL CAUCA","76109","BUENAVENTURA","ARTICULO 168. SECUESTRO SIMPLE","1"
"24/02/2012","44","LA GUAJIRA","44430","MAICAO","ARTICULO 168. SECUESTRO SIMPLE","1"
"24/02/2012","15","BOYACA","15759","SOGAMOSO","ARTICULO 168. SECUESTRO SIMPLE","1"
"24/02/2012","11","BOGOTA D.C.","11001","BOGOTA D.C.","ARTICULO 168. SECUESTRO SIMPLE","1"
"22/02/2012","54","NORTE DE SANTANDER","54001","CUCUTA","ARTICULO 169. SECUESTRO EXTORSIVO","1"
"21/02/2012","44","LA GUAJIRA","44001","RIOHACHA","ARTICULO 168. SECUESTRO SIMPLE","1"
"19/02/2012","85","CASANARE","85010","AGUAZUL","ARTICULO 169. SECUESTRO EXTORSIVO","1"
"19/02/2012","85","CASANARE","85010","AGUAZUL","ARTICULO 169. SECUESTRO EXTORSIVO","1"
"18/02/2012","81","ARAUCA","81736","SARAVENA","ARTICULO 168. SECUESTRO SIMPLE","1"
"18/02/2012","81","ARAUCA","81736","SARAVENA","ARTICULO 169. SECUESTRO EXTORSIVO","1"
"18/02/2012","50","META","50689","SAN MARTIN","ARTICULO 169. SECUESTRO EXTORSIVO","1"
"18/02/2012","81","ARAUCA","81736","SARAVENA","ARTICULO 169. SECUESTRO EXTORSIVO","1"
"18/02/2012","81","ARAUCA","81736","SARAVENA","ARTICULO 169. SECUESTRO EXTORSIVO","1"
"17/02/2012","20","CESAR","20295","GAMARRA","ARTICULO 168. SECUESTRO SIMPLE","1"
"17/02/2012","20","CESAR","20060","BOSCONIA","ARTICULO 169. SECUESTRO EXTORSIVO","1"
"17/02/2012","85","CASANARE","85001","YOPAL","ARTICULO 169. SECUESTRO EXTORSIVO","1"
"16/02/2012","76","VALLE DEL CAUCA","76243","EL AGUILA","ARTICULO 169. SECUESTRO EXTORSIVO","1"
"15/02/2012","73","TOLIMA","73001","IBAGUE","ARTICULO 168. SECUESTRO SIMPLE","1"
"13/02/2012","11","BOGOTA D.C.","11001","BOGOTA D.C.","ARTICULO 169. SECUESTRO EXTORSIVO","1"
"13/02/2012","11","BOGOTA D.C.","11001","BOGOTA D.C.","ARTICULO 168. SECUESTRO SIMPLE","1"
"07/02/2012","52","NARIÑO","52378","LA CRUZ","ARTICULO 169. SECUESTRO EXTORSIVO","1"
"07/02/2012","11","BOGOTA D.C.","11001","BOGOTA D.C.","ARTICULO 169. SECUESTRO EXTORSIVO","1"
"06/02/2012","11","BOGOTA D.C.","11001","BOGOTA D.C.","ARTICULO 168. SECUESTRO SIMPLE","1"
"06/02/2012","11","BOGOTA D.C.","11001","BOGOTA D.C.","ARTICULO 169. SECUESTRO EXTORSIVO","1"
"03/02/2012","15","BOYACA","15790","TASCO","ARTICULO 168. SECUESTRO SIMPLE","1"
"01/02/2012","11","BOGOTA D.C.","11001","BOGOTA D.C.","ARTICULO 168. SECUESTRO SIMPLE","1"
"01/02/2012","11","BOGOTA D.C.","11001","BOGOTA D.C.","ARTICULO 169. SECUESTRO EXTORSIVO","1"
"30/01/2012","25","CUNDINAMARCA","25754","SOACHA","ARTICULO 169. SECUESTRO EXTORSIVO","1"
"28/01/2012","18","CAQUETA","18247","EL DONCELLO","ARTICULO 169. SECUESTRO EXTORSIVO","1"
"27/01/2012","11","BOGOTA D.C.","11001","BOGOTA D.C.","ARTICULO 169. SECUESTRO EXTORSIVO","1"
"27/01/2012","50","META","50001","VILLAVICENCIO","ARTICULO 168. SECUESTRO SIMPLE","1"
"23/01/2012","73","TOLIMA","73624","ROVIRA","ARTICULO 168. SECUESTRO SIMPLE","1"
"22/01/2012","52","NARIÑO","52317","GUACHUCAL","ARTICULO 169. SECUESTRO EXTORSIVO","1"
"22/01/2012","52","NARIÑO","52356","IPIALES","ARTICULO 169. SECUESTRO EXTORSIVO","1"
"21/01/2012","11","BOGOTA D.C.","11001","BOGOTA D.C.","ARTICULO 168. SECUESTRO SIMPLE","1"
"20/01/2012","20","CESAR","20710","SAN ALBERTO","ARTICULO 169. SECUESTRO EXTORSIVO","1"
"19/01/2012","11","BOGOTA D.C.","11001","BOGOTA D.C.","ARTICULO 168. SECUESTRO SIMPLE","1"
"17/01/2012","52","NARIÑO","52838","TUQUERRES","ARTICULO 169. SECUESTRO EXTORSIVO","1"
"15/01/2012","11","BOGOTA D.C.","11001","BOGOTA D.C.","ARTICULO 168. SECUESTRO SIMPLE","1"
"13/01/2012","08","ATLANTICO","08001","BARRANQUILLA","ARTICULO 169. SECUESTRO EXTORSIVO","1"
"12/01/2012","76","VALLE DEL CAUCA","76834","TULUA","ARTICULO 169. SECUESTRO EXTORSIVO","1"
"12/01/2012","11","BOGOTA D.C.","11001","BOGOTA D.C.","ARTICULO 168. SECUESTRO SIMPLE","1"
"11/01/2012","15","BOYACA","15131","CALDAS","ARTICULO 168. SECUESTRO SIMPLE","1"
"10/01/2012","76","VALLE DEL CAUCA","76001","CALI","ARTICULO 168. SECUESTRO SIMPLE","1"
"10/01/2012","11","BOGOTA D.C.","11001","BOGOTA D.C.","ARTICULO 168. SECUESTRO SIMPLE","1"
"09/01/2012","11","BOGOTA D.C.","11001","BOGOTA D.C.","ARTICULO 169. SECUESTRO EXTORSIVO","1"
"08/01/2012","20","CESAR","20250","EL PASO","ARTICULO 168. SECUESTRO SIMPLE","1"
"05/01/2012","27","CHOCO","27001","QUIBDO","ARTICULO 169. SECUESTRO EXTORSIVO","1"
"05/01/2012","11","BOGOTA D.C.","11001","BOGOTA D.C.","ARTICULO 168. SECUESTRO SIMPLE","1"
"04/01/2012","47","MAGDALENA","47058","ARIGUANI","ARTICULO 169. SECUESTRO EXTORSIVO","1"
"30/12/2011","76","VALLE DEL CAUCA","76001","CALI","ARTICULO 169. SECUESTRO EXTORSIVO","1"
"29/12/2011","76","VALLE DEL CAUCA","76001","CALI","ARTICULO 169. SECUESTRO EXTORSIVO","1"
"29/12/2011","76","VALLE DEL CAUCA","76001","CALI","ARTICULO 169. SECUESTRO EXTORSIVO","1"
"27/12/2011","81","ARAUCA","81736","SARAVENA","ARTICULO 168. SECUESTRO SIMPLE","1"
"23/12/2011","54","NORTE DE SANTANDER","54001","CUCUTA","ARTICULO 169. SECUESTRO EXTORSIVO","1"
"22/12/2011","50","META","50711","VISTAHERMOSA","ARTICULO 169. SECUESTRO EXTORSIVO","1"
"20/12/2011","52","NARIÑO","52585","PUPIALES","ARTICULO 169. SECUESTRO EXTORSIVO","1"
"18/12/2011","08","ATLANTICO","08001","BARRANQUILLA","ARTICULO 168. SECUESTRO SIMPLE","1"
"15/12/2011","76","VALLE DEL CAUCA","76001","CALI","ARTICULO 169. SECUESTRO EXTORSIVO","1"
"04/12/2011","19","CAUCA","19001","POPAYAN","ARTICULO 169. SECUESTRO EXTORSIVO","1"
"01/12/2011","76","VALLE DEL CAUCA","76001","CALI","ARTICULO 169. SECUESTRO EXTORSIVO","1"
"01/12/2011","76","VALLE DEL CAUCA","76147","CARTAGO","ARTICULO 169. SECUESTRO EXTORSIVO","1"
"30/11/2011","52","NARIÑO","52110","BUESACO","ARTICULO 168. SECUESTRO SIMPLE","1"
"30/11/2011","76","VALLE DEL CAUCA","76001","CALI","ARTICULO 168. SECUESTRO SIMPLE","1"
"30/11/2011","27","CHOCO","27413","LLORO","ARTICULO 168. SECUESTRO SIMPLE","1"
"30/11/2011","54","NORTE DE SANTANDER","54206","CONVENCION","ARTICULO 169. SECUESTRO EXTORSIVO","1"
"30/11/2011","27","CHOCO","27413","LLORO","ARTICULO 168. SECUESTRO SIMPLE","1"
"29/11/2011","27","CHOCO","27001","QUIBDO","ARTICULO 169. SECUESTRO EXTORSIVO","1"
"29/11/2011","05","ANTIOQUIA","05001","MEDELLIN","ARTICULO 169. SECUESTRO EXTORSIVO","1"
"29/11/2011","73","TOLIMA","73408","LERIDA","ARTICULO 169. SECUESTRO EXTORSIVO","1"
"29/11/2011","05","ANTIOQUIA","05001","MEDELLIN","ARTICULO 169. SECUESTRO EXTORSIVO","1"
"26/11/2011","81","ARAUCA","81736","SARAVENA","ARTICULO 169. SECUESTRO EXTORSIVO","1"
"24/11/2011","52","NARIÑO","52001","PASTO","ARTICULO 169. SECUESTRO EXTORSIVO","1"
"24/11/2011","73","TOLIMA","73001","IBAGUE","ARTICULO 169. SECUESTRO EXTORSIVO","1"
"24/11/2011","73","TOLIMA","73001","IBAGUE","ARTICULO 169. SECUESTRO EXTORSIVO","1"
"21/11/2011","52","NARIÑO","52001","PASTO","ARTICULO 169. SECUESTRO EXTORSIVO","1"
"19/11/2011","76","VALLE DEL CAUCA","76111","GUADALAJARA DE BUGA","ARTICULO 169. SECUESTRO EXTORSIVO","1"
"15/11/2011","76","VALLE DEL CAUCA","76109","BUENAVENTURA","ARTICULO 169. SECUESTRO EXTORSIVO","1"
"14/11/2011","44","LA GUAJIRA","44847","URIBIA","ARTICULO 168. SECUESTRO SIMPLE","1"
"09/11/2011","27","CHOCO","27787","TADO","ARTICULO 168. SECUESTRO SIMPLE","1"
"09/11/2011","76","VALLE DEL CAUCA","76001","CALI","ARTICULO 169. SECUESTRO EXTORSIVO","1"
"09/11/2011","11","BOGOTA D.C.","11001","BOGOTA D.C.","ARTICULO 168. SECUESTRO SIMPLE","1"
"09/11/2011","11","BOGOTA D.C.","11001","BOGOTA D.C.","ARTICULO 168. SECUESTRO SIMPLE","1"
"05/11/2011","76","VALLE DEL CAUCA","76001","CALI","ARTICULO 169. SECUESTRO EXTORSIVO","1"
"03/11/2011","05","ANTIOQUIA","05631","SABANETA","ARTICULO 169. SECUESTRO EXTORSIVO","1"
"02/11/2011","52","NARIÑO","52435","MALLAMA","ARTICULO 169. SECUESTRO EXTORSIVO","1"
"02/11/2011","52","NARIÑO","52435","MALLAMA","ARTICULO 169. SECUESTRO EXTORSIVO","1"
"02/11/2011","17","CALDAS","17524","PALESTINA","ARTICULO 169. SECUESTRO EXTORSIVO","1"
"17/10/2011","50","META","50001","VILLAVICENCIO","ARTICULO 169. SECUESTRO EXTORSIVO","1"
"14/10/2011","27","CHOCO","27580","RIO IRO","ARTICULO 169. SECUESTRO EXTORSIVO","1"
"12/10/2011","19","CAUCA","19050","ARGELIA","ARTICULO 169. SECUESTRO EXTORSIVO","1"
"11/10/2011","41","HUILA","41001","NEIVA","ARTICULO 169. SECUESTRO EXTORSIVO","1"
"10/10/2011","76","VALLE DEL CAUCA","76670","SAN PEDRO","ARTICULO 168. SECUESTRO SIMPLE","1"
"08/10/2011","76","VALLE DEL CAUCA","76001","CALI","ARTICULO 169. SECUESTRO EXTORSIVO","1"
"08/10/2011","19","CAUCA","19450","MERCADERES","ARTICULO 169. SECUESTRO EXTORSIVO","1"
"07/10/2011","81","ARAUCA","81001","ARAUCA","ARTICULO 169. SECUESTRO EXTORSIVO","1"
"05/10/2011","41","HUILA","41298","GARZON","ARTICULO 169. SECUESTRO EXTORSIVO","1"
"04/10/2011","85","CASANARE","85010","AGUAZUL","ARTICULO 169. SECUESTRO EXTORSIVO","1"
"04/10/2011","85","CASANARE","85010","AGUAZUL","ARTICULO 169. SECUESTRO EXTORSIVO","1"
"04/10/2011","85","CASANARE","85010","AGUAZUL","ARTICULO 168. SECUESTRO SIMPLE","1"
"04/10/2011","85","CASANARE","85010","AGUAZUL","ARTICULO 169. SECUESTRO EXTORSIVO","1"
"29/09/2011","76","VALLE DEL CAUCA","76001","CALI","ARTICULO 169. SECUESTRO EXTORSIVO","1"
"29/09/2011","81","ARAUCA","81300","FORTUL","ARTICULO 169. SECUESTRO EXTORSIVO","1"
"26/09/2011","52","NARIÑO","52835","SAN ANDRES DE TUMACO","ARTICULO 169. SECUESTRO EXTORSIVO","1"
"22/09/2011","85","CASANARE","85139","MANI","ARTICULO 168. SECUESTRO SIMPLE","1"
"19/09/2011","50","META","50001","VILLAVICENCIO","ARTICULO 169. SECUESTRO EXTORSIVO","1"
"18/09/2011","05","ANTIOQUIA","05756","SONSON","ARTICULO 168. SECUESTRO SIMPLE","1"
"16/09/2011","05","ANTIOQUIA","05761","SOPETRAN","ARTICULO 169. SECUESTRO EXTORSIVO","1"
"14/09/2011","76","VALLE DEL CAUCA","76001","CALI","ARTICULO 169. SECUESTRO EXTORSIVO","1"
"12/09/2011","27","CHOCO","27073","BAGADO","ARTICULO 169. SECUESTRO EXTORSIVO","1"
"12/09/2011","05","ANTIOQUIA","05001","MEDELLIN","ARTICULO 168. SECUESTRO SIMPLE","1"
"11/09/2011","76","VALLE DEL CAUCA","76736","SEVILLA","ARTICULO 169. SECUESTRO EXTORSIVO","1"
"10/09/2011","76","VALLE DEL CAUCA","76233","DAGUA","ARTICULO 169. SECUESTRO EXTORSIVO","1"
"09/09/2011","19","CAUCA","19001","POPAYAN","ARTICULO 169. SECUESTRO EXTORSIVO","1"
"03/09/2011","05","ANTIOQUIA","05001","MEDELLIN","ARTICULO 169. SECUESTRO EXTORSIVO","1"
"01/09/2011","05","ANTIOQUIA","05001","MEDELLIN","ARTICULO 168. SECUESTRO SIMPLE","1"
"01/09/2011","50","META","50001","VILLAVICENCIO","ARTICULO 169. SECUESTRO EXTORSIVO","1"
"30/08/2011","54","NORTE DE SANTANDER","54800","TEORAMA","ARTICULO 169. SECUESTRO EXTORSIVO","1"
"30/08/2011","54","NORTE DE SANTANDER","54800","TEORAMA","ARTICULO 169. SECUESTRO EXTORSIVO","1"
"30/08/2011","54","NORTE DE SANTANDER","54800","TEORAMA","ARTICULO 169. SECUESTRO EXTORSIVO","1"
"28/08/2011","52","NARIÑO","52356","IPIALES","ARTICULO 168. SECUESTRO SIMPLE","1"
"25/08/2011","50","META","50001","VILLAVICENCIO","ARTICULO 169. SECUESTRO EXTORSIVO","1"
"23/08/2011","25","CUNDINAMARCA","25799","TENJO","ARTICULO 169. SECUESTRO EXTORSIVO","1"
"23/08/2011","76","VALLE DEL CAUCA","76233","DAGUA","ARTICULO 169. SECUESTRO EXTORSIVO","1"
"22/08/2011","05","ANTIOQUIA","05088","BELLO","ARTICULO 168. SECUESTRO SIMPLE","1"
"21/08/2011","25","CUNDINAMARCA","25743","SILVANIA","ARTICULO 169. SECUESTRO EXTORSIVO","1"
"19/08/2011","47","MAGDALENA","47001","SANTA MARTA","ARTICULO 169. SECUESTRO EXTORSIVO","1"
"19/08/2011","11","BOGOTA D.C.","11001","BOGOTA D.C.","ARTICULO 168. SECUESTRO SIMPLE","1"
"17/08/2011","68","SANTANDER","68081","BARRANCABERMEJA","ARTICULO 169. SECUESTRO EXTORSIVO","1"
"17/08/2011","68","SANTANDER","68081","BARRANCABERMEJA","ARTICULO 169. SECUESTRO EXTORSIVO","1"
"17/08/2011","68","SANTANDER","68081","BARRANCABERMEJA","ARTICULO 169. SECUESTRO EXTORSIVO","1"
"17/08/2011","76","VALLE DEL CAUCA","76001","CALI","ARTICULO 169. SECUESTRO EXTORSIVO","1"
"17/08/2011","05","ANTIOQUIA","05360","ITAGUI","ARTICULO 169. SECUESTRO EXTORSIVO","1"
"15/08/2011","27","CHOCO","27073","BAGADO","ARTICULO 169. SECUESTRO EXTORSIVO","1"
"14/08/2011","25","CUNDINAMARCA","25436","MANTA","ARTICULO 169. SECUESTRO EXTORSIVO","1"
"13/08/2011","76","VALLE DEL CAUCA","76001","CALI","ARTICULO 168. SECUESTRO SIMPLE","1"
"13/08/2011","76","VALLE DEL CAUCA","76001","CALI","ARTICULO 168. SECUESTRO SIMPLE","1"
"11/08/2011","66","RISARALDA","66001","PEREIRA","ARTICULO 169. SECUESTRO EXTORSIVO","1"
"10/08/2011","76","VALLE DEL CAUCA","76834","TULUA","ARTICULO 169. SECUESTRO EXTORSIVO","1"
"07/08/2011","52","NARIÑO","52838","TUQUERRES","ARTICULO 168. SECUESTRO SIMPLE","1"
"06/08/2011","19","CAUCA","19698","SANTANDER DE QUILICHAO","ARTICULO 169. SECUESTRO EXTORSIVO","1"
"06/08/2011","50","META","50711","VISTAHERMOSA","ARTICULO 168. SECUESTRO SIMPLE","1"
"06/08/2011","50","META","50711","VISTAHERMOSA","ARTICULO 168. SECUESTRO SIMPLE","1"
"05/08/2011","13","BOLIVAR","13001","CARTAGENA DE INDIAS","ARTICULO 168. SECUESTRO SIMPLE","1"
"03/08/2011","54","NORTE DE SANTANDER","54261","EL ZULIA","ARTICULO 169. SECUESTRO EXTORSIVO","1"
"03/08/2011","54","NORTE DE SANTANDER","54261","EL ZULIA","ARTICULO 169. SECUESTRO EXTORSIVO","1"
"01/08/2011","52","NARIÑO","52540","POLICARPA","ARTICULO 169. SECUESTRO EXTORSIVO","1"
"29/07/2011","81","ARAUCA","81065","ARAUQUITA","ARTICULO 168. SECUESTRO SIMPLE","1"
"29/07/2011","81","ARAUCA","81065","ARAUQUITA","ARTICULO 168. SECUESTRO SIMPLE","1"
"29/07/2011","81","ARAUCA","81065","ARAUQUITA","ARTICULO 168. SECUESTRO SIMPLE","1"
"29/07/2011","81","ARAUCA","81065","ARAUQUITA","ARTICULO 168. SECUESTRO SIMPLE","1"
"29/07/2011","81","ARAUCA","81065","ARAUQUITA","ARTICULO 168. SECUESTRO SIMPLE","1"
"26/07/2011","13","BOLIVAR","13001","CARTAGENA DE INDIAS","ARTICULO 168. SECUESTRO SIMPLE","1"
"25/07/2011","19","CAUCA","19022","ALMAGUER","ARTICULO 168. SECUESTRO SIMPLE","1"
"24/07/2011","05","ANTIOQUIA","05890","YOLOMBO","ARTICULO 169. SECUESTRO EXTORSIVO","1"
"23/07/2011","05","ANTIOQUIA","05001","MEDELLIN","ARTICULO 169. SECUESTRO EXTORSIVO","1"
"23/07/2011","86","PUTUMAYO","86320","ORITO","ARTICULO 169. SECUESTRO EXTORSIVO","1"
"21/07/2011","05","ANTIOQUIA","05887","YARUMAL","ARTICULO 169. SECUESTRO EXTORSIVO","1"
"21/07/2011","05","ANTIOQUIA","05154","CAUCASIA","ARTICULO 169. SECUESTRO EXTORSIVO","1"
"18/07/2011","85","CASANARE","85430","TRINIDAD","ARTICULO 169. SECUESTRO EXTORSIVO","1"
"18/07/2011","85","CASANARE","85430","TRINIDAD","ARTICULO 169. SECUESTRO EXTORSIVO","1"
"18/07/2011","85","CASANARE","85001","YOPAL","ARTICULO 168. SECUESTRO SIMPLE","1"
"17/07/2011","85","CASANARE","85230","OROCUE","ARTICULO 168. SECUESTRO SIMPLE","1"
"16/07/2011","19","CAUCA","19743","SILVIA","ARTICULO 168. SECUESTRO SIMPLE","1"
"16/07/2011","19","CAUCA","19743","SILVIA","ARTICULO 168. SECUESTRO SIMPLE","1"
"12/07/2011","52","NARIÑO","52001","PASTO","ARTICULO 169. SECUESTRO EXTORSIVO","1"
"12/07/2011","52","NARIÑO","52001","PASTO","ARTICULO 169. SECUESTRO EXTORSIVO","1"
"12/07/2011","05","ANTIOQUIA","05579","PUERTO BERRIO","ARTICULO 169. SECUESTRO EXTORSIVO","1"
"12/07/2011","05","ANTIOQUIA","05579","PUERTO BERRIO","ARTICULO 169. SECUESTRO EXTORSIVO","1"
"11/07/2011","73","TOLIMA","73319","GUAMO","ARTICULO 168. SECUESTRO SIMPLE","1"
"11/07/2011","19","CAUCA","19001","POPAYAN","ARTICULO 169. SECUESTRO EXTORSIVO","1"
"09/07/2011","81","ARAUCA","81794","TAME","ARTICULO 169. SECUESTRO EXTORSIVO","1"
"08/07/2011","50","META","50001","VILLAVICENCIO","ARTICULO 169. SECUESTRO EXTORSIVO","1"
"06/07/2011","44","LA GUAJIRA","44847","URIBIA","ARTICULO 169. SECUESTRO EXTORSIVO","1"
"05/07/2011","25","CUNDINAMARCA","25718","SASAIMA","ARTICULO 169. SECUESTRO EXTORSIVO","1"
"05/07/2011","05","ANTIOQUIA","05628","SABANALARGA","ARTICULO 169. SECUESTRO EXTORSIVO","1"
"05/07/2011","25","CUNDINAMARCA","25718","SASAIMA","ARTICULO 169. SECUESTRO EXTORSIVO","1"
"05/07/2011","25","CUNDINAMARCA","25718","SASAIMA","ARTICULO 169. SECUESTRO EXTORSIVO","1"
"04/07/2011","50","META","50330","MESETAS","ARTICULO 169. SECUESTRO EXTORSIVO","1"
"02/07/2011","05","ANTIOQUIA","05656","SAN JERONIMO","ARTICULO 168. SECUESTRO SIMPLE","1"
"30/06/2011","86","PUTUMAYO","86568","PUERTO ASIS","ARTICULO 169. SECUESTRO EXTORSIVO","1"
"30/06/2011","41","HUILA","41551","PITALITO","ARTICULO 169. SECUESTRO EXTORSIVO","1"
"25/06/2011","86","PUTUMAYO","86865","VALLE DEL GUAMUEZ","ARTICULO 169. SECUESTRO EXTORSIVO","1"
"24/06/2011","76","VALLE DEL CAUCA","76001","CALI","ARTICULO 169. SECUESTRO EXTORSIVO","1"
"20/06/2011","11","BOGOTA D.C.","11001","BOGOTA D.C.","ARTICULO 169. SECUESTRO EXTORSIVO","1"
"19/06/2011","52","NARIÑO","52435","MALLAMA","ARTICULO 169. SECUESTRO EXTORSIVO","1"
"19/06/2011","50","META","50683","SAN JUAN DE ARAMA","ARTICULO 168. SECUESTRO SIMPLE","1"
"16/06/2011","05","ANTIOQUIA","05756","SONSON","ARTICULO 169. SECUESTRO EXTORSIVO","1"
"16/06/2011","05","ANTIOQUIA","05756","SONSON","ARTICULO 169. SECUESTRO EXTORSIVO","1"
"14/06/2011","17","CALDAS","17614","RIOSUCIO","ARTICULO 169. SECUESTRO EXTORSIVO","1"
"13/06/2011","81","ARAUCA","81736","SARAVENA","ARTICULO 169. SECUESTRO EXTORSIVO","1"
"12/06/2011","76","VALLE DEL CAUCA","76001","CALI","ARTICULO 169. SECUESTRO EXTORSIVO","1"
"12/06/2011","05","ANTIOQUIA","05001","MEDELLIN","ARTICULO 169. SECUESTRO EXTORSIVO","1"
"12/06/2011","05","ANTIOQUIA","05001","MEDELLIN","ARTICULO 169. SECUESTRO EXTORSIVO","1"
"10/06/2011","15","BOYACA","15518","PAJARITO","ARTICULO 169. SECUESTRO EXTORSIVO","1"
"10/06/2011","08","ATLANTICO","08001","BARRANQUILLA","ARTICULO 169. SECUESTRO EXTORSIVO","1"
"10/06/2011","52","NARIÑO","52001","PASTO","ARTICULO 169. SECUESTRO EXTORSIVO","1"
"09/06/2011","44","LA GUAJIRA","44430","MAICAO","ARTICULO 168. SECUESTRO SIMPLE","1"
"09/06/2011","76","VALLE DEL CAUCA","76563","PRADERA","ARTICULO 169. SECUESTRO EXTORSIVO","1"
"08/06/2011","18","CAQUETA","18753","SAN VICENTE DEL CAGUAN","ARTICULO 169. SECUESTRO EXTORSIVO","1"
"08/06/2011","18","CAQUETA","18753","SAN VICENTE DEL CAGUAN","ARTICULO 169. SECUESTRO EXTORSIVO","1"
"08/06/2011","18","CAQUETA","18753","SAN VICENTE DEL CAGUAN","ARTICULO 169. SECUESTRO EXTORSIVO","1"
"08/06/2011","18","CAQUETA","18753","SAN VICENTE DEL CAGUAN","ARTICULO 169. SECUESTRO EXTORSIVO","1"
"08/06/2011","66","RISARALDA","66001","PEREIRA","ARTICULO 168. SECUESTRO SIMPLE","1"
"06/06/2011","52","NARIÑO","52418","LOS ANDES","ARTICULO 169. SECUESTRO EXTORSIVO","1"
"06/06/2011","19","CAUCA","19318","GUAPI","ARTICULO 169. SECUESTRO EXTORSIVO","1"
"05/06/2011","05","ANTIOQUIA","05266","ENVIGADO","ARTICULO 169. SECUESTRO EXTORSIVO","1"
"04/06/2011","73","TOLIMA","73001","IBAGUE","ARTICULO 168. SECUESTRO SIMPLE","1"
"04/06/2011","95","GUAVIARE","95025","EL RETORNO","ARTICULO 169. SECUESTRO EXTORSIVO","1"
"03/06/2011","68","SANTANDER","68001","BUCARAMANGA","ARTICULO 168. SECUESTRO SIMPLE","1"
"03/06/2011","05","ANTIOQUIA","05679","SANTA BARBARA","ARTICULO 169. SECUESTRO EXTORSIVO","1"
"02/06/2011","50","META","50251","EL CASTILLO","ARTICULO 169. SECUESTRO EXTORSIVO","1"
"02/06/2011","50","META","50251","EL CASTILLO","ARTICULO 169. SECUESTRO EXTORSIVO","1"
"01/06/2011","81","ARAUCA","81001","ARAUCA","ARTICULO 169. SECUESTRO EXTORSIVO","1"
"31/05/2011","81","ARAUCA","81001","ARAUCA","ARTICULO 169. SECUESTRO EXTORSIVO","1"
"31/05/2011","86","PUTUMAYO","86865","VALLE DEL GUAMUEZ","ARTICULO 169. SECUESTRO EXTORSIVO","1"
"31/05/2011","23","CORDOBA","23466","MONTELIBANO","ARTICULO 168. SECUESTRO SIMPLE","1"
"31/05/2011","86","PUTUMAYO","86865","VALLE DEL GUAMUEZ","ARTICULO 169. SECUESTRO EXTORSIVO","1"
"30/05/2011","76","VALLE DEL CAUCA","76001","CALI","ARTICULO 169. SECUESTRO EXTORSIVO","1"
"29/05/2011","54","NORTE DE SANTANDER","54660","SALAZAR","ARTICULO 169. SECUESTRO EXTORSIVO","1"
"27/05/2011","52","NARIÑO","52019","ALBAN","ARTICULO 169. SECUESTRO EXTORSIVO","1"
"27/05/2011","11","BOGOTA D.C.","11001","BOGOTA D.C.","ARTICULO 168. SECUESTRO SIMPLE","1"
"25/05/2011","76","VALLE DEL CAUCA","76563","PRADERA","ARTICULO 169. SECUESTRO EXTORSIVO","1"
"23/05/2011","17","CALDAS","17174","CHINCHINA","ARTICULO 168. SECUESTRO SIMPLE","1"
"23/05/2011","52","NARIÑO","52356","IPIALES","ARTICULO 169. SECUESTRO EXTORSIVO","1"
"22/05/2011","18","CAQUETA","18001","FLORENCIA","ARTICULO 169. SECUESTRO EXTORSIVO","1"
"22/05/2011","18","CAQUETA","18001","FLORENCIA","ARTICULO 169. SECUESTRO EXTORSIVO","1"
"21/05/2011","52","NARIÑO","52480","NARIÑO","ARTICULO 169. SECUESTRO EXTORSIVO","1"
"20/05/2011","05","ANTIOQUIA","05001","MEDELLIN","ARTICULO 169. SECUESTRO EXTORSIVO","1"
"20/05/2011","76","VALLE DEL CAUCA","76001","CALI","ARTICULO 169. SECUESTRO EXTORSIVO","1"
"19/05/2011","44","LA GUAJIRA","44430","MAICAO","ARTICULO 169. SECUESTRO EXTORSIVO","1"
"19/05/2011","81","ARAUCA","81065","ARAUQUITA","ARTICULO 168. SECUESTRO SIMPLE","1"
"19/05/2011","18","CAQUETA","18785","SOLITA","ARTICULO 169. SECUESTRO EXTORSIVO","1"
"18/05/2011","41","HUILA","41524","PALERMO","ARTICULO 169. SECUESTRO EXTORSIVO","1"
"18/05/2011","52","NARIÑO","52838","TUQUERRES","ARTICULO 168. SECUESTRO SIMPLE","1"
"18/05/2011","76","VALLE DEL CAUCA","76109","BUENAVENTURA","ARTICULO 168. SECUESTRO SIMPLE","1"
"18/05/2011","41","HUILA","41524","PALERMO","ARTICULO 169. SECUESTRO EXTORSIVO","1"
"17/05/2011","18","CAQUETA","18460","MILAN","ARTICULO 169. SECUESTRO EXTORSIVO","1"
"16/05/2011","81","ARAUCA","81065","ARAUQUITA","ARTICULO 169. SECUESTRO EXTORSIVO","1"
"15/05/2011","76","VALLE DEL CAUCA","76834","TULUA","ARTICULO 169. SECUESTRO EXTORSIVO","1"
"12/05/2011","86","PUTUMAYO","86001","MOCOA","ARTICULO 169. SECUESTRO EXTORSIVO","1"
"11/05/2011","05","ANTIOQUIA","05045","APARTADO","ARTICULO 168. SECUESTRO SIMPLE","1"
"10/05/2011","52","NARIÑO","52612","RICAURTE","ARTICULO 169. SECUESTRO EXTORSIVO","1"
"10/05/2011","52","NARIÑO","52612","RICAURTE","ARTICULO 169. SECUESTRO EXTORSIVO","1"
"10/05/2011","52","NARIÑO","52612","RICAURTE","ARTICULO 169. SECUESTRO EXTORSIVO","1"
"06/05/2011","19","CAUCA","19809","TIMBIQUI","ARTICULO 168. SECUESTRO SIMPLE","1"
"05/05/2011","76","VALLE DEL CAUCA","76109","BUENAVENTURA","ARTICULO 168. SECUESTRO SIMPLE","1"
"04/05/2011","23","CORDOBA","23001","MONTERIA","ARTICULO 168. SECUESTRO SIMPLE","1"
"02/05/2011","50","META","50330","MESETAS","ARTICULO 169. SECUESTRO EXTORSIVO","1"
"02/05/2011","17","CALDAS","17616","RISARALDA","ARTICULO 168. SECUESTRO SIMPLE","1"
"02/05/2011","68","SANTANDER","68307","GIRON","ARTICULO 168. SECUESTRO SIMPLE","1"
"02/05/2011","68","SANTANDER","68307","GIRON","ARTICULO 168. SECUESTRO SIMPLE","1"
"02/05/2011","68","SANTANDER","68307","GIRON","ARTICULO 168. SECUESTRO SIMPLE","1"
"02/05/2011","68","SANTANDER","68307","GIRON","ARTICULO 168. SECUESTRO SIMPLE","1"
"02/05/2011","68","SANTANDER","68307","GIRON","ARTICULO 168. SECUESTRO SIMPLE","1"
"02/05/2011","18","CAQUETA","18592","PUERTO RICO","ARTICULO 169. SECUESTRO EXTORSIVO","1"
"02/05/2011","68","SANTANDER","68307","GIRON","ARTICULO 168. SECUESTRO SIMPLE","1"
"02/05/2011","68","SANTANDER","68307","GIRON","ARTICULO 168. SECUESTRO SIMPLE","1"
"02/05/2011","68","SANTANDER","68307","GIRON","ARTICULO 168. SECUESTRO SIMPLE","1"
"01/05/2011","76","VALLE DEL CAUCA","76520","PALMIRA","ARTICULO 168. SECUESTRO SIMPLE","1"
"29/04/2011","18","CAQUETA","18753","SAN VICENTE DEL CAGUAN","ARTICULO 169. SECUESTRO EXTORSIVO","1"
"28/04/2011","20","CESAR","20011","AGUACHICA","ARTICULO 169. SECUESTRO EXTORSIVO","1"
"28/04/2011","73","TOLIMA","73217","COYAIMA","ARTICULO 169. SECUESTRO EXTORSIVO","1"
"27/04/2011","66","RISARALDA","66001","PEREIRA","ARTICULO 169. SECUESTRO EXTORSIVO","1"
"25/04/2011","63","QUINDIO","63001","ARMENIA","ARTICULO 169. SECUESTRO EXTORSIVO","1"
"25/04/2011","86","PUTUMAYO","86865","VALLE DEL GUAMUEZ","ARTICULO 169. SECUESTRO EXTORSIVO","1"
"24/04/2011","54","NORTE DE SANTANDER","54001","CUCUTA","ARTICULO 168. SECUESTRO SIMPLE","1"
"24/04/2011","54","NORTE DE SANTANDER","54001","CUCUTA","ARTICULO 168. SECUESTRO SIMPLE","1"
"18/04/2011","05","ANTIOQUIA","05819","TOLEDO","ARTICULO 169. SECUESTRO EXTORSIVO","1"
"18/04/2011","05","ANTIOQUIA","05819","TOLEDO","ARTICULO 169. SECUESTRO EXTORSIVO","1"
"17/04/2011","73","TOLIMA","73268","ESPINAL","ARTICULO 169. SECUESTRO EXTORSIVO","1"
"16/04/2011","44","LA GUAJIRA","44847","URIBIA","ARTICULO 168. SECUESTRO SIMPLE","1"
"15/04/2011","08","ATLANTICO","08001","BARRANQUILLA","ARTICULO 168. SECUESTRO SIMPLE","1"
"15/04/2011","76","VALLE DEL CAUCA","76001","CALI","ARTICULO 169. SECUESTRO EXTORSIVO","1"
"15/04/2011","76","VALLE DEL CAUCA","76001","CALI","ARTICULO 169. SECUESTRO EXTORSIVO","1"
"12/04/2011","05","ANTIOQUIA","05148","EL CARMEN DE VIBORAL","ARTICULO 168. SECUESTRO SIMPLE","1"
"07/04/2011","25","CUNDINAMARCA","25279","FOMEQUE","ARTICULO 169. SECUESTRO EXTORSIVO","1"
"07/04/2011","81","ARAUCA","81794","TAME","ARTICULO 169. SECUESTRO EXTORSIVO","1"
"04/04/2011","50","META","50330","MESETAS","ARTICULO 169. SECUESTRO EXTORSIVO","1"
"04/04/2011","76","VALLE DEL CAUCA","76001","CALI","ARTICULO 168. SECUESTRO SIMPLE","1"
"03/04/2011","70","SUCRE","70235","GALERAS","ARTICULO 169. SECUESTRO EXTORSIVO","1"
"02/04/2011","76","VALLE DEL CAUCA","76001","CALI","ARTICULO 169. SECUESTRO EXTORSIVO","1"
"29/03/2011","18","CAQUETA","18001","FLORENCIA","ARTICULO 168. SECUESTRO SIMPLE","1"
"27/03/2011","81","ARAUCA","81065","ARAUQUITA","ARTICULO 168. SECUESTRO SIMPLE","1"
"26/03/2011","50","META","50001","VILLAVICENCIO","ARTICULO 169. SECUESTRO EXTORSIVO","1"
"25/03/2011","76","VALLE DEL CAUCA","76001","CALI","ARTICULO 168. SECUESTRO SIMPLE","1"
"25/03/2011","52","NARIÑO","52317","GUACHUCAL","ARTICULO 169. SECUESTRO EXTORSIVO","1"
"23/03/2011","86","PUTUMAYO","86573","PUERTO LEGUIZAMO","ARTICULO 169. SECUESTRO EXTORSIVO","1"
"20/03/2011","85","CASANARE","85410","TAURAMENA","ARTICULO 169. SECUESTRO EXTORSIVO","1"
"19/03/2011","18","CAQUETA","18001","FLORENCIA","ARTICULO 168. SECUESTRO SIMPLE","1"
"17/03/2011","86","PUTUMAYO","86568","PUERTO ASIS","ARTICULO 169. SECUESTRO EXTORSIVO","1"
"16/03/2011","11","BOGOTA D.C.","11001","BOGOTA D.C.","ARTICULO 169. SECUESTRO EXTORSIVO","1"
"16/03/2011","76","VALLE DEL CAUCA","76403","LA VICTORIA","ARTICULO 169. SECUESTRO EXTORSIVO","1"
"16/03/2011","20","CESAR","20517","PAILITAS","ARTICULO 169. SECUESTRO EXTORSIVO","1"
"13/03/2011","25","CUNDINAMARCA","25290","FUSAGASUGA","ARTICULO 169. SECUESTRO EXTORSIVO","1"
"13/03/2011","52","NARIÑO","52240","CHACHAGÜI","ARTICULO 169. SECUESTRO EXTORSIVO","1"
"13/03/2011","52","NARIÑO","52240","CHACHAGÜI","ARTICULO 169. SECUESTRO EXTORSIVO","1"
"13/03/2011","05","ANTIOQUIA","05129","CALDAS","ARTICULO 168. SECUESTRO SIMPLE","1"
"12/03/2011","11","BOGOTA D.C.","11001","BOGOTA D.C.","ARTICULO 169. SECUESTRO EXTORSIVO","1"
"10/03/2011","76","VALLE DEL CAUCA","76001","CALI","ARTICULO 168. SECUESTRO SIMPLE","1"
"09/03/2011","05","ANTIOQUIA","05310","GOMEZ PLATA","ARTICULO 169. SECUESTRO EXTORSIVO","1"
"08/03/2011","99","VICHADA","99773","CUMARIBO","ARTICULO 169. SECUESTRO EXTORSIVO","1"
"05/03/2011","19","CAUCA","19824","TOTORO","ARTICULO 168. SECUESTRO SIMPLE","1"
"04/03/2011","76","VALLE DEL CAUCA","76111","GUADALAJARA DE BUGA","ARTICULO 169. SECUESTRO EXTORSIVO","1"
"04/03/2011","54","NORTE DE SANTANDER","54261","EL ZULIA","ARTICULO 169. SECUESTRO EXTORSIVO","1"
"03/03/2011","52","NARIÑO","52696","SANTA BARBARA","ARTICULO 168. SECUESTRO SIMPLE","1"
"03/03/2011","86","PUTUMAYO","86001","MOCOA","ARTICULO 169. SECUESTRO EXTORSIVO","1"
"03/03/2011","11","BOGOTA D.C.","11001","BOGOTA D.C.","ARTICULO 169. SECUESTRO EXTORSIVO","1"
"02/03/2011","08","ATLANTICO","08001","BARRANQUILLA","ARTICULO 168. SECUESTRO SIMPLE","1"
"02/03/2011","52","NARIÑO","52788","TANGUA","ARTICULO 169. SECUESTRO EXTORSIVO","1"
"01/03/2011","95","GUAVIARE","95015","CALAMAR","ARTICULO 169. SECUESTRO EXTORSIVO","1"
"25/02/2011","86","PUTUMAYO","86001","MOCOA","ARTICULO 168. SECUESTRO SIMPLE","1"
"25/02/2011","17","CALDAS","17001","MANIZALES","ARTICULO 168. SECUESTRO SIMPLE","1"
"23/02/2011","41","HUILA","41001","NEIVA","ARTICULO 168. SECUESTRO SIMPLE","1"
"23/02/2011","05","ANTIOQUIA","05001","MEDELLIN","ARTICULO 168. SECUESTRO SIMPLE","1"
"22/02/2011","52","NARIÑO","52788","TANGUA","ARTICULO 168. SECUESTRO SIMPLE","1"
"20/02/2011","41","HUILA","41001","NEIVA","ARTICULO 169. SECUESTRO EXTORSIVO","1"
"19/02/2011","81","ARAUCA","81300","FORTUL","ARTICULO 168. SECUESTRO SIMPLE","1"
"12/02/2011","52","NARIÑO","52227","CUMBAL","ARTICULO 169. SECUESTRO EXTORSIVO","1"
"12/02/2011","76","VALLE DEL CAUCA","76001","CALI","ARTICULO 168. SECUESTRO SIMPLE","1"
"10/02/2011","81","ARAUCA","81001","ARAUCA","ARTICULO 169. SECUESTRO EXTORSIVO","1"
"09/02/2011","19","CAUCA","19001","POPAYAN","ARTICULO 169. SECUESTRO EXTORSIVO","1"
"08/02/2011","19","CAUCA","19256","EL TAMBO","ARTICULO 169. SECUESTRO EXTORSIVO","1"
"08/02/2011","19","CAUCA","19256","EL TAMBO","ARTICULO 169. SECUESTRO EXTORSIVO","1"
"07/02/2011","76","VALLE DEL CAUCA","76001","CALI","ARTICULO 169. SECUESTRO EXTORSIVO","1"
"05/02/2011","11","BOGOTA D.C.","11001","BOGOTA D.C.","ARTICULO 169. SECUESTRO EXTORSIVO","1"
"04/02/2011","19","CAUCA","19693","SAN SEBASTIAN","ARTICULO 168. SECUESTRO SIMPLE","1"
"01/02/2011","52","NARIÑO","52001","PASTO","ARTICULO 168. SECUESTRO SIMPLE","1"
"30/01/2011","76","VALLE DEL CAUCA","76001","CALI","ARTICULO 168. SECUESTRO SIMPLE","1"
"29/01/2011","52","NARIÑO","52001","PASTO","ARTICULO 169. SECUESTRO EXTORSIVO","1"
"29/01/2011","25","CUNDINAMARCA","25269","FACATATIVA","ARTICULO 168. SECUESTRO SIMPLE","1"
"29/01/2011","27","CHOCO","27160","CERTEGUI","ARTICULO 169. SECUESTRO EXTORSIVO","1"
"29/01/2011","27","CHOCO","27160","CERTEGUI","ARTICULO 169. SECUESTRO EXTORSIVO","1"
"28/01/2011","81","ARAUCA","81065","ARAUQUITA","ARTICULO 169. SECUESTRO EXTORSIVO","1"
"28/01/2011","23","CORDOBA","23555","PLANETA RICA","ARTICULO 168. SECUESTRO SIMPLE","1"
"27/01/2011","23","CORDOBA","23001","MONTERIA","ARTICULO 168. SECUESTRO SIMPLE","1"
"24/01/2011","19","CAUCA","19001","POPAYAN","ARTICULO 169. SECUESTRO EXTORSIVO","1"
"24/01/2011","18","CAQUETA","18785","SOLITA","ARTICULO 169. SECUESTRO EXTORSIVO","1"
"24/01/2011","20","CESAR","20383","LA GLORIA","ARTICULO 169. SECUESTRO EXTORSIVO","1"
"24/01/2011","25","CUNDINAMARCA","25769","SUBACHOQUE","ARTICULO 168. SECUESTRO SIMPLE","1"
"22/01/2011","23","CORDOBA","23162","CERETE","ARTICULO 168. SECUESTRO SIMPLE","1"
"22/01/2011","85","CASANARE","85001","YOPAL","ARTICULO 169. SECUESTRO EXTORSIVO","1"
"21/01/2011","41","HUILA","41020","ALGECIRAS","ARTICULO 169. SECUESTRO EXTORSIVO","1"
"20/01/2011","50","META","50001","VILLAVICENCIO","ARTICULO 169. SECUESTRO EXTORSIVO","1"
"17/01/2011","86","PUTUMAYO","86885","VILLAGARZON","ARTICULO 169. SECUESTRO EXTORSIVO","1"
"16/01/2011","05","ANTIOQUIA","05001","MEDELLIN","ARTICULO 169. SECUESTRO EXTORSIVO","1"
"16/01/2011","23","CORDOBA","23001","MONTERIA","ARTICULO 168. SECUESTRO SIMPLE","1"
"15/01/2011","52","NARIÑO","52835","SAN ANDRES DE TUMACO","ARTICULO 169. SECUESTRO EXTORSIVO","1"
"13/01/2011","54","NORTE DE SANTANDER","54001","CUCUTA","ARTICULO 169. SECUESTRO EXTORSIVO","1"
"13/01/2011","54","NORTE DE SANTANDER","54001","CUCUTA","ARTICULO 169. SECUESTRO EXTORSIVO","1"
"13/01/2011","11","BOGOTA D.C.","11001","BOGOTA D.C.","ARTICULO 168. SECUESTRO SIMPLE","1"
"12/01/2011","81","ARAUCA","81794","TAME","ARTICULO 169. SECUESTRO EXTORSIVO","1"
"08/01/2011","17","CALDAS","17001","MANIZALES","ARTICULO 168. SECUESTRO SIMPLE","1"
"06/01/2011","41","HUILA","41551","PITALITO","ARTICULO 169. SECUESTRO EXTORSIVO","1"
"04/01/2011","19","CAUCA","19698","SANTANDER DE QUILICHAO","ARTICULO 168. SECUESTRO SIMPLE","1"
"27/12/2010","73","TOLIMA","73168","CHAPARRAL","ARTICULO 168. SECUESTRO SIMPLE","1"
"24/12/2010","19","CAUCA","19256","EL TAMBO","ARTICULO 169. SECUESTRO EXTORSIVO","1"
"23/12/2010","76","VALLE DEL CAUCA","76001","CALI","ARTICULO 169. SECUESTRO EXTORSIVO","1"
"23/12/2010","11","BOGOTA D.C.","11001","BOGOTA D.C.","ARTICULO 169. SECUESTRO EXTORSIVO","1"
"23/12/2010","20","CESAR","20710","SAN ALBERTO","ARTICULO 169. SECUESTRO EXTORSIVO","1"
"22/12/2010","73","TOLIMA","73001","IBAGUE","ARTICULO 168. SECUESTRO SIMPLE","1"
"22/12/2010","76","VALLE DEL CAUCA","76001","CALI","ARTICULO 168. SECUESTRO SIMPLE","1"
"22/12/2010","20","CESAR","20710","SAN ALBERTO","ARTICULO 169. SECUESTRO EXTORSIVO","1"
"19/12/2010","19","CAUCA","19001","POPAYAN","ARTICULO 168. SECUESTRO SIMPLE","1"
"19/12/2010","20","CESAR","20001","VALLEDUPAR","ARTICULO 169. SECUESTRO EXTORSIVO","1"
"18/12/2010","70","SUCRE","70670","SAMPUES","ARTICULO 168. SECUESTRO SIMPLE","1"
"16/12/2010","05","ANTIOQUIA","05001","MEDELLIN","ARTICULO 169. SECUESTRO EXTORSIVO","1"
"13/12/2010","11","BOGOTA D.C.","11001","BOGOTA D.C.","ARTICULO 168. SECUESTRO SIMPLE","1"
"12/12/2010","52","NARIÑO","52356","IPIALES","ARTICULO 168. SECUESTRO SIMPLE","1"
"12/12/2010","05","ANTIOQUIA","05674","SAN VICENTE FERRER","ARTICULO 168. SECUESTRO SIMPLE","1"
"09/12/2010","76","VALLE DEL CAUCA","76001","CALI","ARTICULO 168. SECUESTRO SIMPLE","1"
"08/12/2010","19","CAUCA","19075","BALBOA","ARTICULO 168. SECUESTRO SIMPLE","1"
"07/12/2010","86","PUTUMAYO","86568","PUERTO ASIS","ARTICULO 169. SECUESTRO EXTORSIVO","1"
"29/11/2010","52","NARIÑO","52001","PASTO","ARTICULO 168. SECUESTRO SIMPLE","1"
"29/11/2010","41","HUILA","41668","SAN AGUSTIN","ARTICULO 168. SECUESTRO SIMPLE","1"
"29/11/2010","76","VALLE DEL CAUCA","76109","BUENAVENTURA","ARTICULO 169. SECUESTRO EXTORSIVO","1"
"28/11/2010","81","ARAUCA","81794","TAME","ARTICULO 169. SECUESTRO EXTORSIVO","1"
"27/11/2010","76","VALLE DEL CAUCA","76001","CALI","ARTICULO 169. SECUESTRO EXTORSIVO","1"
"27/11/2010","52","NARIÑO","52250","EL CHARCO","ARTICULO 169. SECUESTRO EXTORSIVO","1"
"25/11/2010","08","ATLANTICO","08078","BARANOA","ARTICULO 168. SECUESTRO SIMPLE","1"
"24/11/2010","76","VALLE DEL CAUCA","76377","LA CUMBRE","ARTICULO 169. SECUESTRO EXTORSIVO","1"
"24/11/2010","76","VALLE DEL CAUCA","76377","LA CUMBRE","ARTICULO 169. SECUESTRO EXTORSIVO","1"
"24/11/2010","76","VALLE DEL CAUCA","76377","LA CUMBRE","ARTICULO 169. SECUESTRO EXTORSIVO","1"
"24/11/2010","76","VALLE DEL CAUCA","76377","LA CUMBRE","ARTICULO 169. SECUESTRO EXTORSIVO","1"
"24/11/2010","76","VALLE DEL CAUCA","76377","LA CUMBRE","ARTICULO 169. SECUESTRO EXTORSIVO","1"
"22/11/2010","05","ANTIOQUIA","05001","MEDELLIN","ARTICULO 169. SECUESTRO EXTORSIVO","1"
"22/11/2010","19","CAUCA","19130","CAJIBIO","ARTICULO 168. SECUESTRO SIMPLE","1"
"19/11/2010","52","NARIÑO","52435","MALLAMA","ARTICULO 169. SECUESTRO EXTORSIVO","1"
"17/11/2010","19","CAUCA","19548","PIENDAMO - TUNIA","ARTICULO 168. SECUESTRO SIMPLE","1"
"16/11/2010","19","CAUCA","19698","SANTANDER DE QUILICHAO","ARTICULO 168. SECUESTRO SIMPLE","1"
"12/11/2010","52","NARIÑO","52399","LA UNION","ARTICULO 169. SECUESTRO EXTORSIVO","1"
"11/11/2010","76","VALLE DEL CAUCA","76001","CALI","ARTICULO 169. SECUESTRO EXTORSIVO","1"
"11/11/2010","81","ARAUCA","81001","ARAUCA","ARTICULO 168. SECUESTRO SIMPLE","1"
"08/11/2010","05","ANTIOQUIA","05615","RIONEGRO","ARTICULO 168. SECUESTRO SIMPLE","1"
"07/11/2010","11","BOGOTA D.C.","11001","BOGOTA D.C.","ARTICULO 169. SECUESTRO EXTORSIVO","1"
"07/11/2010","41","HUILA","41359","ISNOS","ARTICULO 169. SECUESTRO EXTORSIVO","1"
"06/11/2010","52","NARIÑO","52835","SAN ANDRES DE TUMACO","ARTICULO 169. SECUESTRO EXTORSIVO","1"
"06/11/2010","52","NARIÑO","52835","SAN ANDRES DE TUMACO","ARTICULO 169. SECUESTRO EXTORSIVO","1"
"05/11/2010","81","ARAUCA","81736","SARAVENA","ARTICULO 168. SECUESTRO SIMPLE","1"
"05/11/2010","68","SANTANDER","68001","BUCARAMANGA","ARTICULO 168. SECUESTRO SIMPLE","1"
"04/11/2010","95","GUAVIARE","95001","SAN JOSE DEL GUAVIARE","ARTICULO 168. SECUESTRO SIMPLE","1"
"04/11/2010","81","ARAUCA","81001","ARAUCA","ARTICULO 168. SECUESTRO SIMPLE","1"
"03/11/2010","47","MAGDALENA","47555","PLATO","ARTICULO 168. SECUESTRO SIMPLE","1"
"03/11/2010","86","PUTUMAYO","86568","PUERTO ASIS","ARTICULO 169. SECUESTRO EXTORSIVO","1"
"03/11/2010","76","VALLE DEL CAUCA","76834","TULUA","ARTICULO 168. SECUESTRO SIMPLE","1"
"02/11/2010","54","NORTE DE SANTANDER","54003","ABREGO","ARTICULO 168. SECUESTRO SIMPLE","1"
"02/11/2010","76","VALLE DEL CAUCA","76001","CALI","ARTICULO 169. SECUESTRO EXTORSIVO","1"
"27/10/2010","86","PUTUMAYO","86885","VILLAGARZON","ARTICULO 169. SECUESTRO EXTORSIVO","1"
"23/10/2010","85","CASANARE","85010","AGUAZUL","ARTICULO 168. SECUESTRO SIMPLE","1"
"22/10/2010","17","CALDAS","17174","CHINCHINA","ARTICULO 169. SECUESTRO EXTORSIVO","1"
"21/10/2010","44","LA GUAJIRA","44035","ALBANIA","ARTICULO 168. SECUESTRO SIMPLE","1"
"20/10/2010","18","CAQUETA","18001","FLORENCIA","ARTICULO 168. SECUESTRO SIMPLE","1"
"19/10/2010","19","CAUCA","19001","POPAYAN","ARTICULO 169. SECUESTRO EXTORSIVO","1"
"19/10/2010","68","SANTANDER","68655","SABANA DE TORRES","ARTICULO 169. SECUESTRO EXTORSIVO","1"
"18/10/2010","52","NARIÑO","52435","MALLAMA","ARTICULO 169. SECUESTRO EXTORSIVO","1"
"17/10/2010","50","META","50450","PUERTO CONCORDIA","ARTICULO 169. SECUESTRO EXTORSIVO","1"
"15/10/2010","81","ARAUCA","81736","SARAVENA","ARTICULO 169. SECUESTRO EXTORSIVO","1"
"14/10/2010","76","VALLE DEL CAUCA","76109","BUENAVENTURA","ARTICULO 169. SECUESTRO EXTORSIVO","1"
"13/10/2010","23","CORDOBA","23807","TIERRALTA","ARTICULO 169. SECUESTRO EXTORSIVO","1"
"09/10/2010","68","SANTANDER","68547","PIEDECUESTA","ARTICULO 169. SECUESTRO EXTORSIVO","1"
"09/10/2010","19","CAUCA","19075","BALBOA","ARTICULO 169. SECUESTRO EXTORSIVO","1"
"07/10/2010","95","GUAVIARE","95001","SAN JOSE DEL GUAVIARE","ARTICULO 169. SECUESTRO EXTORSIVO","1"
"06/10/2010","52","NARIÑO","52835","SAN ANDRES DE TUMACO","ARTICULO 168. SECUESTRO SIMPLE","1"
"05/10/2010","18","CAQUETA","18479","MORELIA","ARTICULO 169. SECUESTRO EXTORSIVO","1"
"03/10/2010","20","CESAR","20614","RIO DE ORO","ARTICULO 169. SECUESTRO EXTORSIVO","1"
"01/10/2010","50","META","50577","PUERTO LLERAS","ARTICULO 169. SECUESTRO EXTORSIVO","1"
"30/09/2010","54","NORTE DE SANTANDER","54553","PUERTO SANTANDER","ARTICULO 169. SECUESTRO EXTORSIVO","1"
"29/09/2010","47","MAGDALENA","47001","SANTA MARTA","ARTICULO 168. SECUESTRO SIMPLE","1"
"25/09/2010","11","BOGOTA D.C.","11001","BOGOTA D.C.","ARTICULO 169. SECUESTRO EXTORSIVO","1"
"22/09/2010","81","ARAUCA","81065","ARAUQUITA","ARTICULO 169. SECUESTRO EXTORSIVO","1"
"22/09/2010","81","ARAUCA","81065","ARAUQUITA","ARTICULO 169. SECUESTRO EXTORSIVO","1"
"22/09/2010","81","ARAUCA","81065","ARAUQUITA","ARTICULO 169. SECUESTRO EXTORSIVO","1"
"21/09/2010","11","BOGOTA D.C.","11001","BOGOTA D.C.","ARTICULO 169. SECUESTRO EXTORSIVO","1"
"21/09/2010","11","BOGOTA D.C.","11001","BOGOTA D.C.","ARTICULO 169. SECUESTRO EXTORSIVO","1"
"20/09/2010","41","HUILA","41001","NEIVA","ARTICULO 168. SECUESTRO SIMPLE","1"
"20/09/2010","20","CESAR","20011","AGUACHICA","ARTICULO 169. SECUESTRO EXTORSIVO","1"
"19/09/2010","19","CAUCA","19807","TIMBIO","ARTICULO 168. SECUESTRO SIMPLE","1"
"17/09/2010","81","ARAUCA","81736","SARAVENA","ARTICULO 168. SECUESTRO SIMPLE","1"
"17/09/2010","11","BOGOTA D.C.","11001","BOGOTA D.C.","ARTICULO 169. SECUESTRO EXTORSIVO","1"
"16/09/2010","19","CAUCA","19532","PATIA","ARTICULO 168. SECUESTRO SIMPLE","1"
"15/09/2010","76","VALLE DEL CAUCA","76001","CALI","ARTICULO 168. SECUESTRO SIMPLE","1"
"15/09/2010","19","CAUCA","19533","PIAMONTE","ARTICULO 169. SECUESTRO EXTORSIVO","1"
"14/09/2010","81","ARAUCA","81001","ARAUCA","ARTICULO 169. SECUESTRO EXTORSIVO","1"
"14/09/2010","50","META","50287","FUENTE DE ORO","ARTICULO 168. SECUESTRO SIMPLE","1"
"14/09/2010","54","NORTE DE SANTANDER","54001","CUCUTA","ARTICULO 168. SECUESTRO SIMPLE","1"
"10/09/2010","66","RISARALDA","66001","PEREIRA","ARTICULO 169. SECUESTRO EXTORSIVO","1"
"09/09/2010","81","ARAUCA","81001","ARAUCA","ARTICULO 168. SECUESTRO SIMPLE","1"
"08/09/2010","73","TOLIMA","73043","ANZOATEGUI","ARTICULO 169. SECUESTRO EXTORSIVO","1"
"06/09/2010","76","VALLE DEL CAUCA","76001","CALI","ARTICULO 169. SECUESTRO EXTORSIVO","1"
"02/09/2010","68","SANTANDER","68190","CIMITARRA","ARTICULO 169. SECUESTRO EXTORSIVO","1"
"31/08/2010","18","CAQUETA","18610","SAN JOSE DEL FRAGUA","ARTICULO 169. SECUESTRO EXTORSIVO","1"
"28/08/2010","19","CAUCA","19698","SANTANDER DE QUILICHAO","ARTICULO 168. SECUESTRO SIMPLE","1"
"28/08/2010","19","CAUCA","19698","SANTANDER DE QUILICHAO","ARTICULO 168. SECUESTRO SIMPLE","1"
"28/08/2010","19","CAUCA","19698","SANTANDER DE QUILICHAO","ARTICULO 168. SECUESTRO SIMPLE","1"
"28/08/2010","19","CAUCA","19698","SANTANDER DE QUILICHAO","ARTICULO 168. SECUESTRO SIMPLE","1"
"26/08/2010","76","VALLE DEL CAUCA","76001","CALI","ARTICULO 169. SECUESTRO EXTORSIVO","1"
"26/08/2010","76","VALLE DEL CAUCA","76001","CALI","ARTICULO 169. SECUESTRO EXTORSIVO","1"
"25/08/2010","11","BOGOTA D.C.","11001","BOGOTA D.C.","ARTICULO 169. SECUESTRO EXTORSIVO","1"
"24/08/2010","85","CASANARE","85250","PAZ DE ARIPORO","ARTICULO 169. SECUESTRO EXTORSIVO","1"
"24/08/2010","41","HUILA","41668","SAN AGUSTIN","ARTICULO 169. SECUESTRO EXTORSIVO","1"
"24/08/2010","41","HUILA","41668","SAN AGUSTIN","ARTICULO 168. SECUESTRO SIMPLE","1"
"23/08/2010","05","ANTIOQUIA","05120","CACERES","ARTICULO 169. SECUESTRO EXTORSIVO","1"
"22/08/2010","81","ARAUCA","81794","TAME","ARTICULO 168. SECUESTRO SIMPLE","1"
"21/08/2010","27","CHOCO","27001","QUIBDO","ARTICULO 169. SECUESTRO EXTORSIVO","1"
"21/08/2010","05","ANTIOQUIA","05147","CAREPA","ARTICULO 169. SECUESTRO EXTORSIVO","1"
"21/08/2010","05","ANTIOQUIA","05147","CAREPA","ARTICULO 169. SECUESTRO EXTORSIVO","1"
"21/08/2010","05","ANTIOQUIA","05001","MEDELLIN","ARTICULO 168. SECUESTRO SIMPLE","1"
"18/08/2010","52","NARIÑO","52520","FRANCISCO PIZARRO","ARTICULO 169. SECUESTRO EXTORSIVO","1"
"18/08/2010","52","NARIÑO","52520","FRANCISCO PIZARRO","ARTICULO 169. SECUESTRO EXTORSIVO","1"
"18/08/2010","73","TOLIMA","73001","IBAGUE","ARTICULO 168. SECUESTRO SIMPLE","1"
"16/08/2010","81","ARAUCA","81001","ARAUCA","ARTICULO 169. SECUESTRO EXTORSIVO","1"
"13/08/2010","86","PUTUMAYO","86571","PUERTO GUZMAN","ARTICULO 169. SECUESTRO EXTORSIVO","1"
"10/08/2010","86","PUTUMAYO","86569","PUERTO CAICEDO","ARTICULO 169. SECUESTRO EXTORSIVO","1"
"10/08/2010","86","PUTUMAYO","86569","PUERTO CAICEDO","ARTICULO 169. SECUESTRO EXTORSIVO","1"
"07/08/2010","81","ARAUCA","81001","ARAUCA","ARTICULO 169. SECUESTRO EXTORSIVO","1"
"05/08/2010","18","CAQUETA","18150","CARTAGENA DEL CHAIRA","ARTICULO 168. SECUESTRO SIMPLE","1"
"05/08/2010","18","CAQUETA","18150","CARTAGENA DEL CHAIRA","ARTICULO 168. SECUESTRO SIMPLE","1"
"04/08/2010","81","ARAUCA","81794","TAME","ARTICULO 169. SECUESTRO EXTORSIVO","1"
"03/08/2010","18","CAQUETA","18001","FLORENCIA","ARTICULO 169. SECUESTRO EXTORSIVO","1"
"02/08/2010","19","CAUCA","19698","SANTANDER DE QUILICHAO","ARTICULO 169. SECUESTRO EXTORSIVO","1"
"02/08/2010","76","VALLE DEL CAUCA","76892","YUMBO","ARTICULO 169. SECUESTRO EXTORSIVO","1"
"02/08/2010","19","CAUCA","19533","PIAMONTE","ARTICULO 169. SECUESTRO EXTORSIVO","1"
"02/08/2010","52","NARIÑO","52356","IPIALES","ARTICULO 169. SECUESTRO EXTORSIVO","1"
"31/07/2010","44","LA GUAJIRA","44430","MAICAO","ARTICULO 169. SECUESTRO EXTORSIVO","1"
"24/07/2010","15","BOYACA","15162","CERINZA","ARTICULO 168. SECUESTRO SIMPLE","1"
"24/07/2010","85","CASANARE","85001","YOPAL","ARTICULO 169. SECUESTRO EXTORSIVO","1"
"24/07/2010","85","CASANARE","85001","YOPAL","ARTICULO 169. SECUESTRO EXTORSIVO","1"
"24/07/2010","41","HUILA","41551","PITALITO","ARTICULO 169. SECUESTRO EXTORSIVO","1"
"23/07/2010","05","ANTIOQUIA","05088","BELLO","ARTICULO 169. SECUESTRO EXTORSIVO","1"
"23/07/2010","05","ANTIOQUIA","05045","APARTADO","ARTICULO 169. SECUESTRO EXTORSIVO","1"
"22/07/2010","19","CAUCA","19698","SANTANDER DE QUILICHAO","ARTICULO 168. SECUESTRO SIMPLE","1"
"22/07/2010","76","VALLE DEL CAUCA","76001","CALI","ARTICULO 169. SECUESTRO EXTORSIVO","1"
"19/07/2010","81","ARAUCA","81794","TAME","ARTICULO 168. SECUESTRO SIMPLE","1"
"18/07/2010","76","VALLE DEL CAUCA","76001","CALI","ARTICULO 169. SECUESTRO EXTORSIVO","1"
"17/07/2010","54","NORTE DE SANTANDER","54001","CUCUTA","ARTICULO 169. SECUESTRO EXTORSIVO","1"
"14/07/2010","20","CESAR","20011","AGUACHICA","ARTICULO 168. SECUESTRO SIMPLE","1"
"10/07/2010","17","CALDAS","17174","CHINCHINA","ARTICULO 168. SECUESTRO SIMPLE","1"
"09/07/2010","54","NORTE DE SANTANDER","54800","TEORAMA","ARTICULO 168. SECUESTRO SIMPLE","1"
"09/07/2010","54","NORTE DE SANTANDER","54800","TEORAMA","ARTICULO 168. SECUESTRO SIMPLE","1"
"09/07/2010","54","NORTE DE SANTANDER","54800","TEORAMA","ARTICULO 168. SECUESTRO SIMPLE","1"
"09/07/2010","54","NORTE DE SANTANDER","54800","TEORAMA","ARTICULO 168. SECUESTRO SIMPLE","1"
"07/07/2010","52","NARIÑO","52838","TUQUERRES","ARTICULO 169. SECUESTRO EXTORSIVO","1"
"07/07/2010","52","NARIÑO","52838","TUQUERRES","ARTICULO 169. SECUESTRO EXTORSIVO","1"
"06/07/2010","25","CUNDINAMARCA","25438","MEDINA","ARTICULO 169. SECUESTRO EXTORSIVO","1"
"05/07/2010","27","CHOCO","27077","BAJO BAUDO","ARTICULO 169. SECUESTRO EXTORSIVO","1"
"01/07/2010","05","ANTIOQUIA","05001","MEDELLIN","ARTICULO 169. SECUESTRO EXTORSIVO","1"
"28/06/2010","19","CAUCA","19698","SANTANDER DE QUILICHAO","ARTICULO 169. SECUESTRO EXTORSIVO","1"
"27/06/2010","27","CHOCO","27001","QUIBDO","ARTICULO 169. SECUESTRO EXTORSIVO","1"
"26/06/2010","19","CAUCA","19548","PIENDAMO - TUNIA","ARTICULO 169. SECUESTRO EXTORSIVO","1"
"26/06/2010","17","CALDAS","17001","MANIZALES","ARTICULO 169. SECUESTRO EXTORSIVO","1"
"25/06/2010","76","VALLE DEL CAUCA","76834","TULUA","ARTICULO 169. SECUESTRO EXTORSIVO","1"
"25/06/2010","47","MAGDALENA","47001","SANTA MARTA","ARTICULO 168. SECUESTRO SIMPLE","1"
"24/06/2010","76","VALLE DEL CAUCA","76109","BUENAVENTURA","ARTICULO 168. SECUESTRO SIMPLE","1"
"23/06/2010","15","BOYACA","15109","BUENAVISTA","ARTICULO 169. SECUESTRO EXTORSIVO","1"
"23/06/2010","86","PUTUMAYO","86571","PUERTO GUZMAN","ARTICULO 169. SECUESTRO EXTORSIVO","1"
"22/06/2010","05","ANTIOQUIA","05001","MEDELLIN","ARTICULO 169. SECUESTRO EXTORSIVO","1"
"19/06/2010","17","CALDAS","17042","ANSERMA","ARTICULO 168. SECUESTRO SIMPLE","1"
"18/06/2010","19","CAUCA","19824","TOTORO","ARTICULO 169. SECUESTRO EXTORSIVO","1"
"16/06/2010","54","NORTE DE SANTANDER","54001","CUCUTA","ARTICULO 169. SECUESTRO EXTORSIVO","1"
"15/06/2010","50","META","50001","VILLAVICENCIO","ARTICULO 168. SECUESTRO SIMPLE","1"
"12/06/2010","76","VALLE DEL CAUCA","76001","CALI","ARTICULO 168. SECUESTRO SIMPLE","1"
"10/06/2010","05","ANTIOQUIA","05001","MEDELLIN","ARTICULO 168. SECUESTRO SIMPLE","1"
"08/06/2010","27","CHOCO","27787","TADO","ARTICULO 169. SECUESTRO EXTORSIVO","1"
"08/06/2010","27","CHOCO","27787","TADO","ARTICULO 169. SECUESTRO EXTORSIVO","1"
"08/06/2010","27","CHOCO","27787","TADO","ARTICULO 169. SECUESTRO EXTORSIVO","1"
"07/06/2010","11","BOGOTA D.C.","11001","BOGOTA D.C.","ARTICULO 169. SECUESTRO EXTORSIVO","1"
"03/06/2010","52","NARIÑO","52079","BARBACOAS","ARTICULO 169. SECUESTRO EXTORSIVO","1"
"02/06/2010","81","ARAUCA","81736","SARAVENA","ARTICULO 169. SECUESTRO EXTORSIVO","1"
"02/06/2010","11","BOGOTA D.C.","11001","BOGOTA D.C.","ARTICULO 169. SECUESTRO EXTORSIVO","1"
"31/05/2010","41","HUILA","41359","ISNOS","ARTICULO 169. SECUESTRO EXTORSIVO","1"
"28/05/2010","76","VALLE DEL CAUCA","76001","CALI","ARTICULO 169. SECUESTRO EXTORSIVO","1"
"25/05/2010","76","VALLE DEL CAUCA","76622","ROLDANILLO","ARTICULO 168. SECUESTRO SIMPLE","1"
"23/05/2010","18","CAQUETA","18756","SOLANO","ARTICULO 169. SECUESTRO EXTORSIVO","1"
"22/05/2010","68","SANTANDER","68780","SURATA","ARTICULO 169. SECUESTRO EXTORSIVO","1"
"20/05/2010","68","SANTANDER","68655","SABANA DE TORRES","ARTICULO 169. SECUESTRO EXTORSIVO","1"
"17/05/2010","11","BOGOTA D.C.","11001","BOGOTA D.C.","ARTICULO 169. SECUESTRO EXTORSIVO","1"
"16/05/2010","11","BOGOTA D.C.","11001","BOGOTA D.C.","ARTICULO 169. SECUESTRO EXTORSIVO","1"
"08/05/2010","19","CAUCA","19693","SAN SEBASTIAN","ARTICULO 169. SECUESTRO EXTORSIVO","1"
"08/05/2010","44","LA GUAJIRA","44430","MAICAO","ARTICULO 169. SECUESTRO EXTORSIVO","1"
"08/05/2010","25","CUNDINAMARCA","25290","FUSAGASUGA","ARTICULO 168. SECUESTRO SIMPLE","1"
"05/05/2010","05","ANTIOQUIA","05138","CAÑASGORDAS","ARTICULO 169. SECUESTRO EXTORSIVO","1"
"05/05/2010","05","ANTIOQUIA","05138","CAÑASGORDAS","ARTICULO 169. SECUESTRO EXTORSIVO","1"
"02/05/2010","81","ARAUCA","81001","ARAUCA","ARTICULO 169. SECUESTRO EXTORSIVO","1"
"02/05/2010","73","TOLIMA","73001","IBAGUE","ARTICULO 169. SECUESTRO EXTORSIVO","1"
"28/04/2010","86","PUTUMAYO","86885","VILLAGARZON","ARTICULO 169. SECUESTRO EXTORSIVO","1"
"22/04/2010","70","SUCRE","70713","SAN ONOFRE","ARTICULO 169. SECUESTRO EXTORSIVO","1"
"22/04/2010","05","ANTIOQUIA","05101","CIUDAD BOLIVAR","ARTICULO 169. SECUESTRO EXTORSIVO","1"
"21/04/2010","85","CASANARE","85410","TAURAMENA","ARTICULO 169. SECUESTRO EXTORSIVO","1"
"20/04/2010","05","ANTIOQUIA","05790","TARAZA","ARTICULO 168. SECUESTRO SIMPLE","1"
"19/04/2010","11","BOGOTA D.C.","11001","BOGOTA D.C.","ARTICULO 169. SECUESTRO EXTORSIVO","1"
"18/04/2010","86","PUTUMAYO","86885","VILLAGARZON","ARTICULO 169. SECUESTRO EXTORSIVO","1"
"18/04/2010","81","ARAUCA","81065","ARAUQUITA","ARTICULO 168. SECUESTRO SIMPLE","1"
"18/04/2010","81","ARAUCA","81065","ARAUQUITA","ARTICULO 168. SECUESTRO SIMPLE","1"
"17/04/2010","81","ARAUCA","81794","TAME","ARTICULO 168. SECUESTRO SIMPLE","1"
"17/04/2010","19","CAUCA","19397","LA VEGA","ARTICULO 169. SECUESTRO EXTORSIVO","1"
"16/04/2010","85","CASANARE","85010","AGUAZUL","ARTICULO 169. SECUESTRO EXTORSIVO","1"
"15/04/2010","66","RISARALDA","66001","PEREIRA","ARTICULO 169. SECUESTRO EXTORSIVO","1"
"14/04/2010","76","VALLE DEL CAUCA","76670","SAN PEDRO","ARTICULO 168. SECUESTRO SIMPLE","1"
"13/04/2010","47","MAGDALENA","47170","CHIVOLO","ARTICULO 169. SECUESTRO EXTORSIVO","1"
"13/04/2010","47","MAGDALENA","47170","CHIVOLO","ARTICULO 169. SECUESTRO EXTORSIVO","1"
"13/04/2010","47","MAGDALENA","47170","CHIVOLO","ARTICULO 169. SECUESTRO EXTORSIVO","1"
"13/04/2010","47","MAGDALENA","47170","CHIVOLO","ARTICULO 169. SECUESTRO EXTORSIVO","1"
"08/04/2010","27","CHOCO","27787","TADO","ARTICULO 169. SECUESTRO EXTORSIVO","1"
"07/04/2010","86","PUTUMAYO","86571","PUERTO GUZMAN","ARTICULO 169. SECUESTRO EXTORSIVO","1"
"07/04/2010","23","CORDOBA","23001","MONTERIA","ARTICULO 169. SECUESTRO EXTORSIVO","1"
"07/04/2010","23","CORDOBA","23001","MONTERIA","ARTICULO 169. SECUESTRO EXTORSIVO","1"
"07/04/2010","54","NORTE DE SANTANDER","54820","TOLEDO","ARTICULO 169. SECUESTRO EXTORSIVO","1"
"30/03/2010","85","CASANARE","85230","OROCUE","ARTICULO 169. SECUESTRO EXTORSIVO","1"
"30/03/2010","54","NORTE DE SANTANDER","54001","CUCUTA","ARTICULO 169. SECUESTRO EXTORSIVO","1"
"29/03/2010","05","ANTIOQUIA","05579","PUERTO BERRIO","ARTICULO 169. SECUESTRO EXTORSIVO","1"
"29/03/2010","85","CASANARE","85225","NUNCHIA","ARTICULO 169. SECUESTRO EXTORSIVO","1"
"29/03/2010","85","CASANARE","85410","TAURAMENA","ARTICULO 169. SECUESTRO EXTORSIVO","1"
"27/03/2010","19","CAUCA","19256","EL TAMBO","ARTICULO 169. SECUESTRO EXTORSIVO","1"
"26/03/2010","05","ANTIOQUIA","05001","MEDELLIN","ARTICULO 169. SECUESTRO EXTORSIVO","1"
"26/03/2010","05","ANTIOQUIA","05266","ENVIGADO","ARTICULO 169. SECUESTRO EXTORSIVO","1"
"25/03/2010","20","CESAR","20011","AGUACHICA","ARTICULO 169. SECUESTRO EXTORSIVO","1"
"24/03/2010","05","ANTIOQUIA","05736","SEGOVIA","ARTICULO 169. SECUESTRO EXTORSIVO","1"
"23/03/2010","76","VALLE DEL CAUCA","76130","CANDELARIA","ARTICULO 169. SECUESTRO EXTORSIVO","1"
"20/03/2010","52","NARIÑO","52001","PASTO","ARTICULO 169. SECUESTRO EXTORSIVO","1"
"20/03/2010","52","NARIÑO","52001","PASTO","ARTICULO 169. SECUESTRO EXTORSIVO","1"
"19/03/2010","81","ARAUCA","81065","ARAUQUITA","ARTICULO 168. SECUESTRO SIMPLE","1"
"19/03/2010","81","ARAUCA","81065","ARAUQUITA","ARTICULO 168. SECUESTRO SIMPLE","1"
"19/03/2010","81","ARAUCA","81065","ARAUQUITA","ARTICULO 168. SECUESTRO SIMPLE","1"
"19/03/2010","81","ARAUCA","81065","ARAUQUITA","ARTICULO 168. SECUESTRO SIMPLE","1"
"19/03/2010","81","ARAUCA","81065","ARAUQUITA","ARTICULO 168. SECUESTRO SIMPLE","1"
"19/03/2010","81","ARAUCA","81065","ARAUQUITA","ARTICULO 168. SECUESTRO SIMPLE","1"
"19/03/2010","76","VALLE DEL CAUCA","76001","CALI","ARTICULO 169. SECUESTRO EXTORSIVO","1"
"17/03/2010","66","RISARALDA","66170","DOSQUEBRADAS","ARTICULO 168. SECUESTRO SIMPLE","1"
"13/03/2010","76","VALLE DEL CAUCA","76001","CALI","ARTICULO 169. SECUESTRO EXTORSIVO","1"
"12/03/2010","81","ARAUCA","81736","SARAVENA","ARTICULO 168. SECUESTRO SIMPLE","1"
"12/03/2010","81","ARAUCA","81736","SARAVENA","ARTICULO 168. SECUESTRO SIMPLE","1"
"12/03/2010","81","ARAUCA","81736","SARAVENA","ARTICULO 168. SECUESTRO SIMPLE","1"
"08/03/2010","05","ANTIOQUIA","05284","FRONTINO","ARTICULO 169. SECUESTRO EXTORSIVO","1"
"07/03/2010","50","META","50577","PUERTO LLERAS","ARTICULO 168. SECUESTRO SIMPLE","1"
"06/03/2010","19","CAUCA","19137","CALDONO","ARTICULO 168. SECUESTRO SIMPLE","1"
"05/03/2010","54","NORTE DE SANTANDER","54174","CHITAGA","ARTICULO 169. SECUESTRO EXTORSIVO","1"
"05/03/2010","25","CUNDINAMARCA","25290","FUSAGASUGA","ARTICULO 169. SECUESTRO EXTORSIVO","1"
"04/03/2010","05","ANTIOQUIA","05088","BELLO","ARTICULO 169. SECUESTRO EXTORSIVO","1"
"03/03/2010","18","CAQUETA","18610","SAN JOSE DEL FRAGUA","ARTICULO 169. SECUESTRO EXTORSIVO","1"
"28/02/2010","81","ARAUCA","81300","FORTUL","ARTICULO 169. SECUESTRO EXTORSIVO","1"
"26/02/2010","81","ARAUCA","81736","SARAVENA","ARTICULO 169. SECUESTRO EXTORSIVO","1"
"25/02/2010","68","SANTANDER","68101","BOLIVAR","ARTICULO 169. SECUESTRO EXTORSIVO","1"
"22/02/2010","76","VALLE DEL CAUCA","76001","CALI","ARTICULO 169. SECUESTRO EXTORSIVO","1"
"22/02/2010","85","CASANARE","85125","HATO COROZAL","ARTICULO 169. SECUESTRO EXTORSIVO","1"
"19/02/2010","81","ARAUCA","81065","ARAUQUITA","ARTICULO 169. SECUESTRO EXTORSIVO","1"
"18/02/2010","13","BOLIVAR","13458","MONTECRISTO","ARTICULO 169. SECUESTRO EXTORSIVO","1"
"18/02/2010","76","VALLE DEL CAUCA","76001","CALI","ARTICULO 169. SECUESTRO EXTORSIVO","1"
"18/02/2010","25","CUNDINAMARCA","25290","FUSAGASUGA","ARTICULO 169. SECUESTRO EXTORSIVO","1"
"18/02/2010","47","MAGDALENA","47001","SANTA MARTA","ARTICULO 168. SECUESTRO SIMPLE","1"
"18/02/2010","20","CESAR","20228","CURUMANI","ARTICULO 169. SECUESTRO EXTORSIVO","1"
"18/02/2010","20","CESAR","20228","CURUMANI","ARTICULO 169. SECUESTRO EXTORSIVO","1"
"15/02/2010","19","CAUCA","19001","POPAYAN","ARTICULO 169. SECUESTRO EXTORSIVO","1"
"15/02/2010","73","TOLIMA","73461","MURILLO","ARTICULO 169. SECUESTRO EXTORSIVO","1"
"11/02/2010","05","ANTIOQUIA","05501","OLAYA","ARTICULO 168. SECUESTRO SIMPLE","1"
"08/02/2010","17","CALDAS","17001","MANIZALES","ARTICULO 168. SECUESTRO SIMPLE","1"
"04/02/2010","19","CAUCA","19256","EL TAMBO","ARTICULO 169. SECUESTRO EXTORSIVO","1"
"29/01/2010","68","SANTANDER","68001","BUCARAMANGA","ARTICULO 169. SECUESTRO EXTORSIVO","1"
"29/01/2010","68","SANTANDER","68001","BUCARAMANGA","ARTICULO 169. SECUESTRO EXTORSIVO","1"
"28/01/2010","05","ANTIOQUIA","05660","SAN LUIS","ARTICULO 169. SECUESTRO EXTORSIVO","1"
"23/01/2010","52","NARIÑO","52585","PUPIALES","ARTICULO 169. SECUESTRO EXTORSIVO","1"
"23/01/2010","81","ARAUCA","81736","SARAVENA","ARTICULO 169. SECUESTRO EXTORSIVO","1"
"22/01/2010","15","BOYACA","15759","SOGAMOSO","ARTICULO 168. SECUESTRO SIMPLE","1"
"21/01/2010","05","ANTIOQUIA","05001","MEDELLIN","ARTICULO 169. SECUESTRO EXTORSIVO","1"
"21/01/2010","85","CASANARE","85400","TAMARA","ARTICULO 169. SECUESTRO EXTORSIVO","1"
"19/01/2010","66","RISARALDA","66001","PEREIRA","ARTICULO 168. SECUESTRO SIMPLE","1"
"18/01/2010","68","SANTANDER","68077","BARBOSA","ARTICULO 169. SECUESTRO EXTORSIVO","1"
"17/01/2010","81","ARAUCA","81794","TAME","ARTICULO 169. SECUESTRO EXTORSIVO","1"
"16/01/2010","76","VALLE DEL CAUCA","76109","BUENAVENTURA","ARTICULO 169. SECUESTRO EXTORSIVO","1"
"13/01/2010","44","LA GUAJIRA","44001","RIOHACHA","ARTICULO 169. SECUESTRO EXTORSIVO","1"
"13/01/2010","44","LA GUAJIRA","44001","RIOHACHA","ARTICULO 169. SECUESTRO EXTORSIVO","1"
"11/01/2010","20","CESAR","20228","CURUMANI","ARTICULO 169. SECUESTRO EXTORSIVO","1"
"11/01/2010","05","ANTIOQUIA","05107","BRICEÑO","ARTICULO 168. SECUESTRO SIMPLE","1"
"09/01/2010","44","LA GUAJIRA","44090","DIBULLA","ARTICULO 169. SECUESTRO EXTORSIVO","1"
"08/01/2010","20","CESAR","20011","AGUACHICA","ARTICULO 169. SECUESTRO EXTORSIVO","1"
"05/01/2010","81","ARAUCA","81794","TAME","ARTICULO 168. SECUESTRO SIMPLE","1"
"05/01/2010","05","ANTIOQUIA","05107","BRICEÑO","ARTICULO 169. SECUESTRO EXTORSIVO","1"
"03/01/2010","85","CASANARE","85001","YOPAL","ARTICULO 168. SECUESTRO SIMPLE","1"
"21/12/2009","18","CAQUETA","18001","FLORENCIA","ARTICULO 169. SECUESTRO EXTORSIVO","1"
"20/12/2009","41","HUILA","41676","SANTA MARIA","ARTICULO 169. SECUESTRO EXTORSIVO","1"
"18/12/2009","20","CESAR","20011","AGUACHICA","ARTICULO 169. SECUESTRO EXTORSIVO","1"
"18/12/2009","18","CAQUETA","18001","FLORENCIA","ARTICULO 169. SECUESTRO EXTORSIVO","1"
"17/12/2009","54","NORTE DE SANTANDER","54498","OCAÑA","ARTICULO 169. SECUESTRO EXTORSIVO","1"
"15/12/2009","50","META","50689","SAN MARTIN","ARTICULO 168. SECUESTRO SIMPLE","1"
"14/12/2009","52","NARIÑO","52835","SAN ANDRES DE TUMACO","ARTICULO 169. SECUESTRO EXTORSIVO","1"
"14/12/2009","52","NARIÑO","52835","SAN ANDRES DE TUMACO","ARTICULO 169. SECUESTRO EXTORSIVO","1"
"14/12/2009","18","CAQUETA","18001","FLORENCIA","ARTICULO 168. SECUESTRO SIMPLE","1"
"10/12/2009","25","CUNDINAMARCA","25394","LA PALMA","ARTICULO 169. SECUESTRO EXTORSIVO","1"
"09/12/2009","68","SANTANDER","68001","BUCARAMANGA","ARTICULO 169. SECUESTRO EXTORSIVO","1"
"08/12/2009","19","CAUCA","19698","SANTANDER DE QUILICHAO","ARTICULO 168. SECUESTRO SIMPLE","1"
"07/12/2009","27","CHOCO","27135","EL CANTON DEL SAN PABLO","ARTICULO 169. SECUESTRO EXTORSIVO","1"
"07/12/2009","27","CHOCO","27135","EL CANTON DEL SAN PABLO","ARTICULO 169. SECUESTRO EXTORSIVO","1"
"04/12/2009","86","PUTUMAYO","86571","PUERTO GUZMAN","ARTICULO 169. SECUESTRO EXTORSIVO","1"
"30/11/2009","11","BOGOTA D.C.","11001","BOGOTA D.C.","ARTICULO 169. SECUESTRO EXTORSIVO","1"
"29/11/2009","18","CAQUETA","18479","MORELIA","ARTICULO 169. SECUESTRO EXTORSIVO","1"
"28/11/2009","86","PUTUMAYO","86568","PUERTO ASIS","ARTICULO 169. SECUESTRO EXTORSIVO","1"
"28/11/2009","19","CAUCA","19137","CALDONO","ARTICULO 169. SECUESTRO EXTORSIVO","1"
"27/11/2009","25","CUNDINAMARCA","25513","PACHO","ARTICULO 169. SECUESTRO EXTORSIVO","1"
"25/11/2009","25","CUNDINAMARCA","25120","CABRERA","ARTICULO 168. SECUESTRO SIMPLE","1"
"24/11/2009","76","VALLE DEL CAUCA","76892","YUMBO","ARTICULO 168. SECUESTRO SIMPLE","1"
"19/11/2009","66","RISARALDA","66572","PUEBLO RICO","ARTICULO 169. SECUESTRO EXTORSIVO","1"
"18/11/2009","19","CAUCA","19256","EL TAMBO","ARTICULO 169. SECUESTRO EXTORSIVO","1"
"18/11/2009","19","CAUCA","19256","EL TAMBO","ARTICULO 169. SECUESTRO EXTORSIVO","1"
"18/11/2009","68","SANTANDER","68001","BUCARAMANGA","ARTICULO 168. SECUESTRO SIMPLE","1"
"14/11/2009","54","NORTE DE SANTANDER","54001","CUCUTA","ARTICULO 169. SECUESTRO EXTORSIVO","1"
"10/11/2009","54","NORTE DE SANTANDER","54001","CUCUTA","ARTICULO 169. SECUESTRO EXTORSIVO","1"
"07/11/2009","19","CAUCA","19532","PATIA","ARTICULO 168. SECUESTRO SIMPLE","1"
"06/11/2009","85","CASANARE","85250","PAZ DE ARIPORO","ARTICULO 169. SECUESTRO EXTORSIVO","1"
"04/11/2009","19","CAUCA","19760","SOTARA PAISPAMBA","ARTICULO 169. SECUESTRO EXTORSIVO","1"
"04/11/2009","05","ANTIOQUIA","05001","MEDELLIN","ARTICULO 169. SECUESTRO EXTORSIVO","1"
"04/11/2009","11","BOGOTA D.C.","11001","BOGOTA D.C.","ARTICULO 168. SECUESTRO SIMPLE","1"
"30/10/2009","86","PUTUMAYO","86568","PUERTO ASIS","ARTICULO 169. SECUESTRO EXTORSIVO","1"
"30/10/2009","86","PUTUMAYO","86568","PUERTO ASIS","ARTICULO 169. SECUESTRO EXTORSIVO","1"
"28/10/2009","05","ANTIOQUIA","05001","MEDELLIN","ARTICULO 169. SECUESTRO EXTORSIVO","1"
"28/10/2009","20","CESAR","20770","SAN MARTIN","ARTICULO 168. SECUESTRO SIMPLE","1"
"26/10/2009","19","CAUCA","19473","MORALES","ARTICULO 169. SECUESTRO EXTORSIVO","1"
"25/10/2009","20","CESAR","20001","VALLEDUPAR","ARTICULO 169. SECUESTRO EXTORSIVO","1"
"22/10/2009","05","ANTIOQUIA","05001","MEDELLIN","ARTICULO 169. SECUESTRO EXTORSIVO","1"
"21/10/2009","52","NARIÑO","52835","SAN ANDRES DE TUMACO","ARTICULO 169. SECUESTRO EXTORSIVO","1"
"18/10/2009","18","CAQUETA","18410","LA MONTAÑITA","ARTICULO 169. SECUESTRO EXTORSIVO","1"
"17/10/2009","81","ARAUCA","81736","SARAVENA","ARTICULO 168. SECUESTRO SIMPLE","1"
"13/10/2009","41","HUILA","41319","GUADALUPE","ARTICULO 169. SECUESTRO EXTORSIVO","1"
"11/10/2009","52","NARIÑO","52399","LA UNION","ARTICULO 168. SECUESTRO SIMPLE","1"
"11/10/2009","52","NARIÑO","52399","LA UNION","ARTICULO 168. SECUESTRO SIMPLE","1"
"11/10/2009","08","ATLANTICO","08001","BARRANQUILLA","ARTICULO 168. SECUESTRO SIMPLE","1"
"09/10/2009","54","NORTE DE SANTANDER","54820","TOLEDO","ARTICULO 168. SECUESTRO SIMPLE","1"
"09/10/2009","19","CAUCA","19533","PIAMONTE","ARTICULO 169. SECUESTRO EXTORSIVO","1"
"09/10/2009","19","CAUCA","19533","PIAMONTE","ARTICULO 169. SECUESTRO EXTORSIVO","1"
"08/10/2009","18","CAQUETA","18410","LA MONTAÑITA","ARTICULO 169. SECUESTRO EXTORSIVO","1"
"07/10/2009","54","NORTE DE SANTANDER","54174","CHITAGA","ARTICULO 169. SECUESTRO EXTORSIVO","1"
"04/10/2009","76","VALLE DEL CAUCA","76364","JAMUNDI","ARTICULO 169. SECUESTRO EXTORSIVO","1"
"04/10/2009","76","VALLE DEL CAUCA","76364","JAMUNDI","ARTICULO 169. SECUESTRO EXTORSIVO","1"
"01/10/2009","41","HUILA","41396","LA PLATA","ARTICULO 169. SECUESTRO EXTORSIVO","1"
"30/09/2009","81","ARAUCA","81065","ARAUQUITA","ARTICULO 169. SECUESTRO EXTORSIVO","1"
"30/09/2009","41","HUILA","41801","TERUEL","ARTICULO 169. SECUESTRO EXTORSIVO","1"
"28/09/2009","50","META","50325","MAPIRIPAN","ARTICULO 168. SECUESTRO SIMPLE","1"
"26/09/2009","50","META","50001","VILLAVICENCIO","ARTICULO 169. SECUESTRO EXTORSIVO","1"
"26/09/2009","50","META","50001","VILLAVICENCIO","ARTICULO 169. SECUESTRO EXTORSIVO","1"
"25/09/2009","85","CASANARE","85001","YOPAL","ARTICULO 168. SECUESTRO SIMPLE","1"
"25/09/2009","85","CASANARE","85001","YOPAL","ARTICULO 168. SECUESTRO SIMPLE","1"
"25/09/2009","85","CASANARE","85001","YOPAL","ARTICULO 168. SECUESTRO SIMPLE","1"
"19/09/2009","52","NARIÑO","52001","PASTO","ARTICULO 169. SECUESTRO EXTORSIVO","1"
"15/09/2009","11","BOGOTA D.C.","11001","BOGOTA D.C.","ARTICULO 169. SECUESTRO EXTORSIVO","1"
"14/09/2009","11","BOGOTA D.C.","11001","BOGOTA D.C.","ARTICULO 169. SECUESTRO EXTORSIVO","1"
"14/09/2009","47","MAGDALENA","47189","CIENAGA","ARTICULO 168. SECUESTRO SIMPLE","1"
"12/09/2009","08","ATLANTICO","08001","BARRANQUILLA","ARTICULO 169. SECUESTRO EXTORSIVO","1"
"12/09/2009","19","CAUCA","19001","POPAYAN","ARTICULO 169. SECUESTRO EXTORSIVO","1"
"11/09/2009","05","ANTIOQUIA","05756","SONSON","ARTICULO 169. SECUESTRO EXTORSIVO","1"
"05/09/2009","73","TOLIMA","73675","SAN ANTONIO","ARTICULO 169. SECUESTRO EXTORSIVO","1"
"02/09/2009","86","PUTUMAYO","86569","PUERTO CAICEDO","ARTICULO 169. SECUESTRO EXTORSIVO","1"
"31/08/2009","52","NARIÑO","52210","CONTADERO","ARTICULO 169. SECUESTRO EXTORSIVO","1"
"31/08/2009","52","NARIÑO","52210","CONTADERO","ARTICULO 169. SECUESTRO EXTORSIVO","1"
"31/08/2009","17","CALDAS","17174","CHINCHINA","ARTICULO 169. SECUESTRO EXTORSIVO","1"
"31/08/2009","54","NORTE DE SANTANDER","54405","LOS PATIOS","ARTICULO 169. SECUESTRO EXTORSIVO","1"
"30/08/2009","19","CAUCA","19532","PATIA","ARTICULO 169. SECUESTRO EXTORSIVO","1"
"25/08/2009","05","ANTIOQUIA","05088","BELLO","ARTICULO 169. SECUESTRO EXTORSIVO","1"
"25/08/2009","05","ANTIOQUIA","05088","BELLO","ARTICULO 169. SECUESTRO EXTORSIVO","1"
"24/08/2009","52","NARIÑO","52540","POLICARPA","ARTICULO 169. SECUESTRO EXTORSIVO","1"
"24/08/2009","52","NARIÑO","52385","LA LLANADA","ARTICULO 169. SECUESTRO EXTORSIVO","1"
"23/08/2009","52","NARIÑO","52352","ILES","ARTICULO 168. SECUESTRO SIMPLE","1"
"22/08/2009","11","BOGOTA D.C.","11001","BOGOTA D.C.","ARTICULO 169. SECUESTRO EXTORSIVO","1"
"21/08/2009","05","ANTIOQUIA","05001","MEDELLIN","ARTICULO 169. SECUESTRO EXTORSIVO","1"
"17/08/2009","27","CHOCO","27160","CERTEGUI","ARTICULO 169. SECUESTRO EXTORSIVO","1"
"17/08/2009","27","CHOCO","27160","CERTEGUI","ARTICULO 169. SECUESTRO EXTORSIVO","1"
"10/08/2009","15","BOYACA","15204","COMBITA","ARTICULO 169. SECUESTRO EXTORSIVO","1"
"10/08/2009","81","ARAUCA","81794","TAME","ARTICULO 168. SECUESTRO SIMPLE","1"
"10/08/2009","76","VALLE DEL CAUCA","76001","CALI","ARTICULO 168. SECUESTRO SIMPLE","1"
"10/08/2009","52","NARIÑO","52240","CHACHAGÜI","ARTICULO 169. SECUESTRO EXTORSIVO","1"
"06/08/2009","18","CAQUETA","18592","PUERTO RICO","ARTICULO 169. SECUESTRO EXTORSIVO","1"
"02/08/2009","76","VALLE DEL CAUCA","76001","CALI","ARTICULO 169. SECUESTRO EXTORSIVO","1"
"01/08/2009","85","CASANARE","85250","PAZ DE ARIPORO","ARTICULO 168. SECUESTRO SIMPLE","1"
"01/08/2009","85","CASANARE","85250","PAZ DE ARIPORO","ARTICULO 168. SECUESTRO SIMPLE","1"
"30/07/2009","11","BOGOTA D.C.","11001","BOGOTA D.C.","ARTICULO 169. SECUESTRO EXTORSIVO","1"
"30/07/2009","19","CAUCA","19532","PATIA","ARTICULO 169. SECUESTRO EXTORSIVO","1"
"30/07/2009","81","ARAUCA","81001","ARAUCA","ARTICULO 169. SECUESTRO EXTORSIVO","1"
"27/07/2009","52","NARIÑO","52490","OLAYA HERRERA","ARTICULO 169. SECUESTRO EXTORSIVO","1"
"27/07/2009","52","NARIÑO","52490","OLAYA HERRERA","ARTICULO 169. SECUESTRO EXTORSIVO","1"
"24/07/2009","27","CHOCO","27787","TADO","ARTICULO 169. SECUESTRO EXTORSIVO","1"
"24/07/2009","18","CAQUETA","18460","MILAN","ARTICULO 169. SECUESTRO EXTORSIVO","1"
"23/07/2009","11","BOGOTA D.C.","11001","BOGOTA D.C.","ARTICULO 169. SECUESTRO EXTORSIVO","1"
"20/07/2009","11","BOGOTA D.C.","11001","BOGOTA D.C.","ARTICULO 168. SECUESTRO SIMPLE","1"
"18/07/2009","86","PUTUMAYO","86885","VILLAGARZON","ARTICULO 169. SECUESTRO EXTORSIVO","1"
"17/07/2009","20","CESAR","20621","LA PAZ","ARTICULO 169. SECUESTRO EXTORSIVO","1"
"13/07/2009","50","META","50001","VILLAVICENCIO","ARTICULO 168. SECUESTRO SIMPLE","1"
"07/07/2009","05","ANTIOQUIA","05736","SEGOVIA","ARTICULO 169. SECUESTRO EXTORSIVO","1"
"01/07/2009","73","TOLIMA","73408","LERIDA","ARTICULO 169. SECUESTRO EXTORSIVO","1"
"01/07/2009","15","BOYACA","15223","CUBARA","ARTICULO 169. SECUESTRO EXTORSIVO","1"
"28/06/2009","95","GUAVIARE","95001","SAN JOSE DEL GUAVIARE","ARTICULO 169. SECUESTRO EXTORSIVO","1"
"26/06/2009","68","SANTANDER","68867","VETAS","ARTICULO 169. SECUESTRO EXTORSIVO","1"
"26/06/2009","68","SANTANDER","68867","VETAS","ARTICULO 169. SECUESTRO EXTORSIVO","1"
"22/06/2009","50","META","50400","LEJANIAS","ARTICULO 169. SECUESTRO EXTORSIVO","1"
"20/06/2009","47","MAGDALENA","47001","SANTA MARTA","ARTICULO 169. SECUESTRO EXTORSIVO","1"
"18/06/2009","27","CHOCO","27150","CARMEN DEL DARIEN","ARTICULO 169. SECUESTRO EXTORSIVO","1"
"15/06/2009","86","PUTUMAYO","86568","PUERTO ASIS","ARTICULO 169. SECUESTRO EXTORSIVO","1"
"15/06/2009","86","PUTUMAYO","86568","PUERTO ASIS","ARTICULO 169. SECUESTRO EXTORSIVO","1"
"03/06/2009","81","ARAUCA","81300","FORTUL","ARTICULO 168. SECUESTRO SIMPLE","1"
"30/05/2009","54","NORTE DE SANTANDER","54001","CUCUTA","ARTICULO 168. SECUESTRO SIMPLE","1"
"29/05/2009","41","HUILA","41298","GARZON","ARTICULO 169. SECUESTRO EXTORSIVO","1"
"22/05/2009","05","ANTIOQUIA","05001","MEDELLIN","ARTICULO 168. SECUESTRO SIMPLE","1"
"10/05/2009","73","TOLIMA","73870","VILLAHERMOSA","ARTICULO 169. SECUESTRO EXTORSIVO","1"
"08/05/2009","85","CASANARE","85300","SABANALARGA","ARTICULO 169. SECUESTRO EXTORSIVO","1"
"04/05/2009","47","MAGDALENA","47001","SANTA MARTA","ARTICULO 168. SECUESTRO SIMPLE","1"
"28/04/2009","50","META","50711","VISTAHERMOSA","ARTICULO 168. SECUESTRO SIMPLE","1"
"28/04/2009","05","ANTIOQUIA","05001","MEDELLIN","ARTICULO 168. SECUESTRO SIMPLE","1"
"26/04/2009","50","META","50251","EL CASTILLO","ARTICULO 169. SECUESTRO EXTORSIVO","1"
"25/04/2009","27","CHOCO","27787","TADO","ARTICULO 168. SECUESTRO SIMPLE","1"
"24/04/2009","11","BOGOTA D.C.","11001","BOGOTA D.C.","ARTICULO 169. SECUESTRO EXTORSIVO","1"
"21/04/2009","52","NARIÑO","52317","GUACHUCAL","ARTICULO 169. SECUESTRO EXTORSIVO","1"
"21/04/2009","44","LA GUAJIRA","44430","MAICAO","ARTICULO 169. SECUESTRO EXTORSIVO","1"
"20/04/2009","50","META","50711","VISTAHERMOSA","ARTICULO 169. SECUESTRO EXTORSIVO","1"
"20/04/2009","23","CORDOBA","23807","TIERRALTA","ARTICULO 168. SECUESTRO SIMPLE","1"
"20/04/2009","23","CORDOBA","23807","TIERRALTA","ARTICULO 168. SECUESTRO SIMPLE","1"
"18/04/2009","05","ANTIOQUIA","05631","SABANETA","ARTICULO 169. SECUESTRO EXTORSIVO","1"
"18/04/2009","15","BOYACA","15667","SAN LUIS DE GACENO","ARTICULO 169. SECUESTRO EXTORSIVO","1"
"18/04/2009","15","BOYACA","15667","SAN LUIS DE GACENO","ARTICULO 169. SECUESTRO EXTORSIVO","1"
"17/04/2009","66","RISARALDA","66383","LA CELIA","ARTICULO 169. SECUESTRO EXTORSIVO","1"
"14/04/2009","76","VALLE DEL CAUCA","76233","DAGUA","ARTICULO 169. SECUESTRO EXTORSIVO","1"
"11/04/2009","76","VALLE DEL CAUCA","76001","CALI","ARTICULO 169. SECUESTRO EXTORSIVO","1"
"07/04/2009","54","NORTE DE SANTANDER","54001","CUCUTA","ARTICULO 169. SECUESTRO EXTORSIVO","1"
"05/04/2009","73","TOLIMA","73854","VALLE DE SAN JUAN","ARTICULO 169. SECUESTRO EXTORSIVO","1"
"05/04/2009","76","VALLE DEL CAUCA","76130","CANDELARIA","ARTICULO 169. SECUESTRO EXTORSIVO","1"
"04/04/2009","08","ATLANTICO","08001","BARRANQUILLA","ARTICULO 169. SECUESTRO EXTORSIVO","1"
"02/04/2009","81","ARAUCA","81794","TAME","ARTICULO 169. SECUESTRO EXTORSIVO","1"
"31/03/2009","76","VALLE DEL CAUCA","76109","BUENAVENTURA","ARTICULO 169. SECUESTRO EXTORSIVO","1"
"31/03/2009","76","VALLE DEL CAUCA","76109","BUENAVENTURA","ARTICULO 169. SECUESTRO EXTORSIVO","1"
"31/03/2009","76","VALLE DEL CAUCA","76109","BUENAVENTURA","ARTICULO 169. SECUESTRO EXTORSIVO","1"
"28/03/2009","44","LA GUAJIRA","44279","FONSECA","ARTICULO 169. SECUESTRO EXTORSIVO","1"
"28/03/2009","76","VALLE DEL CAUCA","76001","CALI","ARTICULO 169. SECUESTRO EXTORSIVO","1"
"25/03/2009","54","NORTE DE SANTANDER","54820","TOLEDO","ARTICULO 169. SECUESTRO EXTORSIVO","1"
"22/03/2009","52","NARIÑO","52835","SAN ANDRES DE TUMACO","ARTICULO 168. SECUESTRO SIMPLE","1"
"22/03/2009","52","NARIÑO","52835","SAN ANDRES DE TUMACO","ARTICULO 168. SECUESTRO SIMPLE","1"
"21/03/2009","95","GUAVIARE","95200","MIRAFLORES","ARTICULO 169. SECUESTRO EXTORSIVO","1"
"19/03/2009","52","NARIÑO","52720","SAPUYES","ARTICULO 169. SECUESTRO EXTORSIVO","1"
"18/03/2009","86","PUTUMAYO","86568","PUERTO ASIS","ARTICULO 169. SECUESTRO EXTORSIVO","1"
"14/03/2009","52","NARIÑO","52678","SAMANIEGO","ARTICULO 169. SECUESTRO EXTORSIVO","1"
"14/03/2009","11","BOGOTA D.C.","11001","BOGOTA D.C.","ARTICULO 169. SECUESTRO EXTORSIVO","1"
"14/03/2009","11","BOGOTA D.C.","11001","BOGOTA D.C.","ARTICULO 169. SECUESTRO EXTORSIVO","1"
"12/03/2009","25","CUNDINAMARCA","25269","FACATATIVA","ARTICULO 169. SECUESTRO EXTORSIVO","1"
"11/03/2009","52","NARIÑO","52317","GUACHUCAL","ARTICULO 169. SECUESTRO EXTORSIVO","1"
"10/03/2009","11","BOGOTA D.C.","11001","BOGOTA D.C.","ARTICULO 169. SECUESTRO EXTORSIVO","1"
"10/03/2009","11","BOGOTA D.C.","11001","BOGOTA D.C.","ARTICULO 169. SECUESTRO EXTORSIVO","1"
"09/03/2009","44","LA GUAJIRA","44001","RIOHACHA","ARTICULO 168. SECUESTRO SIMPLE","1"
"08/03/2009","50","META","50001","VILLAVICENCIO","ARTICULO 168. SECUESTRO SIMPLE","1"
"04/03/2009","76","VALLE DEL CAUCA","76130","CANDELARIA","ARTICULO 169. SECUESTRO EXTORSIVO","1"
"03/03/2009","11","BOGOTA D.C.","11001","BOGOTA D.C.","ARTICULO 168. SECUESTRO SIMPLE","1"
"28/02/2009","50","META","50251","EL CASTILLO","ARTICULO 169. SECUESTRO EXTORSIVO","1"
"28/02/2009","19","CAUCA","19001","POPAYAN","ARTICULO 168. SECUESTRO SIMPLE","1"
"27/02/2009","73","TOLIMA","73043","ANZOATEGUI","ARTICULO 169. SECUESTRO EXTORSIVO","1"
"26/02/2009","08","ATLANTICO","08001","BARRANQUILLA","ARTICULO 168. SECUESTRO SIMPLE","1"
"25/02/2009","66","RISARALDA","66001","PEREIRA","ARTICULO 169. SECUESTRO EXTORSIVO","1"
"25/02/2009","54","NORTE DE SANTANDER","54810","TIBU","ARTICULO 169. SECUESTRO EXTORSIVO","1"
"25/02/2009","86","PUTUMAYO","86865","VALLE DEL GUAMUEZ","ARTICULO 168. SECUESTRO SIMPLE","1"
"24/02/2009","97","VAUPES","97666","TARAIRA","ARTICULO 169. SECUESTRO EXTORSIVO","1"
"22/02/2009","81","ARAUCA","81736","SARAVENA","ARTICULO 169. SECUESTRO EXTORSIVO","1"
"21/02/2009","70","SUCRE","70670","SAMPUES","ARTICULO 169. SECUESTRO EXTORSIVO","1"
"20/02/2009","20","CESAR","20011","AGUACHICA","ARTICULO 169. SECUESTRO EXTORSIVO","1"
"20/02/2009","11","BOGOTA D.C.","11001","BOGOTA D.C.","ARTICULO 168. SECUESTRO SIMPLE","1"
"19/02/2009","05","ANTIOQUIA","05854","VALDIVIA","ARTICULO 169. SECUESTRO EXTORSIVO","1"
"19/02/2009","44","LA GUAJIRA","44430","MAICAO","ARTICULO 169. SECUESTRO EXTORSIVO","1"
"19/02/2009","68","SANTANDER","68081","BARRANCABERMEJA","ARTICULO 169. SECUESTRO EXTORSIVO","1"
"18/02/2009","63","QUINDIO","63401","LA TEBAIDA","ARTICULO 168. SECUESTRO SIMPLE","1"
"17/02/2009","41","HUILA","41551","PITALITO","ARTICULO 169. SECUESTRO EXTORSIVO","1"
"16/02/2009","08","ATLANTICO","08758","SOLEDAD","ARTICULO 169. SECUESTRO EXTORSIVO","1"
"13/02/2009","86","PUTUMAYO","86755","SAN FRANCISCO","ARTICULO 169. SECUESTRO EXTORSIVO","1"
"11/02/2009","11","BOGOTA D.C.","11001","BOGOTA D.C.","ARTICULO 168. SECUESTRO SIMPLE","1"
"10/02/2009","52","NARIÑO","52699","SANTACRUZ","ARTICULO 168. SECUESTRO SIMPLE","1"
"09/02/2009","85","CASANARE","85250","PAZ DE ARIPORO","ARTICULO 169. SECUESTRO EXTORSIVO","1"
"09/02/2009","52","NARIÑO","52678","SAMANIEGO","ARTICULO 168. SECUESTRO SIMPLE","1"
"08/02/2009","73","TOLIMA","73678","SAN LUIS","ARTICULO 169. SECUESTRO EXTORSIVO","1"
"07/02/2009","73","TOLIMA","73861","VENADILLO","ARTICULO 169. SECUESTRO EXTORSIVO","1"
"06/02/2009","85","CASANARE","85230","OROCUE","ARTICULO 169. SECUESTRO EXTORSIVO","1"
"06/02/2009","76","VALLE DEL CAUCA","76001","CALI","ARTICULO 169. SECUESTRO EXTORSIVO","1"
"06/02/2009","76","VALLE DEL CAUCA","76001","CALI","ARTICULO 169. SECUESTRO EXTORSIVO","1"
"04/02/2009","50","META","50226","CUMARAL","ARTICULO 169. SECUESTRO EXTORSIVO","1"
"04/02/2009","81","ARAUCA","81794","TAME","ARTICULO 169. SECUESTRO EXTORSIVO","1"
"02/02/2009","20","CESAR","20228","CURUMANI","ARTICULO 168. SECUESTRO SIMPLE","1"
"02/02/2009","20","CESAR","20228","CURUMANI","ARTICULO 168. SECUESTRO SIMPLE","1"
"02/02/2009","11","BOGOTA D.C.","11001","BOGOTA D.C.","ARTICULO 169. SECUESTRO EXTORSIVO","1"
"01/02/2009","25","CUNDINAMARCA","25649","SAN BERNARDO","ARTICULO 169. SECUESTRO EXTORSIVO","1"
"28/01/2009","19","CAUCA","19698","SANTANDER DE QUILICHAO","ARTICULO 168. SECUESTRO SIMPLE","1"
"26/01/2009","50","META","50400","LEJANIAS","ARTICULO 169. SECUESTRO EXTORSIVO","1"
"26/01/2009","50","META","50001","VILLAVICENCIO","ARTICULO 169. SECUESTRO EXTORSIVO","1"
"24/01/2009","11","BOGOTA D.C.","11001","BOGOTA D.C.","ARTICULO 169. SECUESTRO EXTORSIVO","1"
"24/01/2009","73","TOLIMA","73449","MELGAR","ARTICULO 169. SECUESTRO EXTORSIVO","1"
"23/01/2009","66","RISARALDA","66001","PEREIRA","ARTICULO 168. SECUESTRO SIMPLE","1"
"16/01/2009","19","CAUCA","19455","MIRANDA","ARTICULO 169. SECUESTRO EXTORSIVO","1"
"15/01/2009","50","META","50606","RESTREPO","ARTICULO 169. SECUESTRO EXTORSIVO","1"
"15/01/2009","17","CALDAS","17662","SAMANA","ARTICULO 169. SECUESTRO EXTORSIVO","1"
"11/01/2009","41","HUILA","41799","TELLO","ARTICULO 168. SECUESTRO SIMPLE","1"
"02/01/2009","17","CALDAS","17614","RIOSUCIO","ARTICULO 169. SECUESTRO EXTORSIVO","1"
"02/01/2009","17","CALDAS","17614","RIOSUCIO","ARTICULO 169. SECUESTRO EXTORSIVO","1"
"29/12/2008","86","PUTUMAYO","86885","VILLAGARZON","ARTICULO 169. SECUESTRO EXTORSIVO","1"
"28/12/2008","41","HUILA","41132","CAMPOALEGRE","ARTICULO 168. SECUESTRO SIMPLE","1"
"28/12/2008","23","CORDOBA","23580","PUERTO LIBERTADOR","ARTICULO 168. SECUESTRO SIMPLE","1"
"26/12/2008","50","META","50313","GRANADA","ARTICULO 169. SECUESTRO EXTORSIVO","1"
"24/12/2008","20","CESAR","20013","AGUSTIN CODAZZI","ARTICULO 169. SECUESTRO EXTORSIVO","1"
"23/12/2008","11","BOGOTA D.C.","11001","BOGOTA D.C.","ARTICULO 168. SECUESTRO SIMPLE","1"
"23/12/2008","08","ATLANTICO","08832","TUBARA","ARTICULO 168. SECUESTRO SIMPLE","1"
"23/12/2008","11","BOGOTA D.C.","11001","BOGOTA D.C.","ARTICULO 169. SECUESTRO EXTORSIVO","1"
"23/12/2008","41","HUILA","41001","NEIVA","ARTICULO 168. SECUESTRO SIMPLE","1"
"22/12/2008","23","CORDOBA","23807","TIERRALTA","ARTICULO 169. SECUESTRO EXTORSIVO","1"
"21/12/2008","50","META","50251","EL CASTILLO","ARTICULO 169. SECUESTRO EXTORSIVO","1"
"20/12/2008","50","META","50223","CUBARRAL","ARTICULO 168. SECUESTRO SIMPLE","1"
"20/12/2008","50","META","50223","CUBARRAL","ARTICULO 168. SECUESTRO SIMPLE","1"
"20/12/2008","50","META","50223","CUBARRAL","ARTICULO 168. SECUESTRO SIMPLE","1"
"20/12/2008","50","META","50223","CUBARRAL","ARTICULO 168. SECUESTRO SIMPLE","1"
"20/12/2008","50","META","50223","CUBARRAL","ARTICULO 168. SECUESTRO SIMPLE","1"
"20/12/2008","50","META","50223","CUBARRAL","ARTICULO 168. SECUESTRO SIMPLE","1"
"20/12/2008","50","META","50223","CUBARRAL","ARTICULO 168. SECUESTRO SIMPLE","1"
"20/12/2008","50","META","50223","CUBARRAL","ARTICULO 168. SECUESTRO SIMPLE","1"
"20/12/2008","50","META","50223","CUBARRAL","ARTICULO 168. SECUESTRO SIMPLE","1"
"20/12/2008","50","META","50223","CUBARRAL","ARTICULO 168. SECUESTRO SIMPLE","1"
"19/12/2008","08","ATLANTICO","08001","BARRANQUILLA","ARTICULO 169. SECUESTRO EXTORSIVO","1"
"17/12/2008","27","CHOCO","27787","TADO","ARTICULO 169. SECUESTRO EXTORSIVO","1"
"17/12/2008","17","CALDAS","17013","AGUADAS","ARTICULO 168. SECUESTRO SIMPLE","1"
"16/12/2008","73","TOLIMA","73861","VENADILLO","ARTICULO 168. SECUESTRO SIMPLE","1"
"12/12/2008","52","NARIÑO","52835","SAN ANDRES DE TUMACO","ARTICULO 168. SECUESTRO SIMPLE","1"
"12/12/2008","76","VALLE DEL CAUCA","76233","DAGUA","ARTICULO 168. SECUESTRO SIMPLE","1"
"11/12/2008","19","CAUCA","19807","TIMBIO","ARTICULO 169. SECUESTRO EXTORSIVO","1"
"11/12/2008","20","CESAR","20175","CHIMICHAGUA","ARTICULO 169. SECUESTRO EXTORSIVO","1"
"11/12/2008","19","CAUCA","19807","TIMBIO","ARTICULO 169. SECUESTRO EXTORSIVO","1"
"09/12/2008","11","BOGOTA D.C.","11001","BOGOTA D.C.","ARTICULO 169. SECUESTRO EXTORSIVO","1"
"09/12/2008","11","BOGOTA D.C.","11001","BOGOTA D.C.","ARTICULO 169. SECUESTRO EXTORSIVO","1"
"08/12/2008","52","NARIÑO","52687","SAN LORENZO","ARTICULO 169. SECUESTRO EXTORSIVO","1"
"05/12/2008","76","VALLE DEL CAUCA","76520","PALMIRA","ARTICULO 169. SECUESTRO EXTORSIVO","1"
"04/12/2008","41","HUILA","41001","NEIVA","ARTICULO 169. SECUESTRO EXTORSIVO","1"
"04/12/2008","81","ARAUCA","81065","ARAUQUITA","ARTICULO 168. SECUESTRO SIMPLE","1"
"03/12/2008","05","ANTIOQUIA","05615","RIONEGRO","ARTICULO 169. SECUESTRO EXTORSIVO","1"
"03/12/2008","20","CESAR","20011","AGUACHICA","ARTICULO 168. SECUESTRO SIMPLE","1"
"02/12/2008","76","VALLE DEL CAUCA","76147","CARTAGO","ARTICULO 168. SECUESTRO SIMPLE","1"
"30/11/2008","86","PUTUMAYO","86885","VILLAGARZON","ARTICULO 169. SECUESTRO EXTORSIVO","1"
"28/11/2008","52","NARIÑO","52612","RICAURTE","ARTICULO 169. SECUESTRO EXTORSIVO","1"
"26/11/2008","86","PUTUMAYO","86755","SAN FRANCISCO","ARTICULO 169. SECUESTRO EXTORSIVO","1"
"26/11/2008","86","PUTUMAYO","86755","SAN FRANCISCO","ARTICULO 169. SECUESTRO EXTORSIVO","1"
"26/11/2008","76","VALLE DEL CAUCA","76001","CALI","ARTICULO 169. SECUESTRO EXTORSIVO","1"
"26/11/2008","05","ANTIOQUIA","05234","DABEIBA","ARTICULO 168. SECUESTRO SIMPLE","1"
"22/11/2008","52","NARIÑO","52540","POLICARPA","ARTICULO 169. SECUESTRO EXTORSIVO","1"
"20/11/2008","73","TOLIMA","73411","LIBANO","ARTICULO 168. SECUESTRO SIMPLE","1"
"20/11/2008","81","ARAUCA","81065","ARAUQUITA","ARTICULO 168. SECUESTRO SIMPLE","1"
"20/11/2008","81","ARAUCA","81065","ARAUQUITA","ARTICULO 168. SECUESTRO SIMPLE","1"
"15/11/2008","50","META","50330","MESETAS","ARTICULO 169. SECUESTRO EXTORSIVO","1"
"15/11/2008","11","BOGOTA D.C.","11001","BOGOTA D.C.","ARTICULO 168. SECUESTRO SIMPLE","1"
"14/11/2008","18","CAQUETA","18592","PUERTO RICO","ARTICULO 169. SECUESTRO EXTORSIVO","1"
"14/11/2008","85","CASANARE","85001","YOPAL","ARTICULO 169. SECUESTRO EXTORSIVO","1"
"13/11/2008","25","CUNDINAMARCA","25126","CAJICA","ARTICULO 169. SECUESTRO EXTORSIVO","1"
"12/11/2008","76","VALLE DEL CAUCA","76250","EL DOVIO","ARTICULO 169. SECUESTRO EXTORSIVO","1"
"06/11/2008","05","ANTIOQUIA","05697","EL SANTUARIO","ARTICULO 169. SECUESTRO EXTORSIVO","1"
"06/11/2008","52","NARIÑO","52320","GUAITARILLA","ARTICULO 169. SECUESTRO EXTORSIVO","1"
"01/11/2008","54","NORTE DE SANTANDER","54172","CHINACOTA","ARTICULO 169. SECUESTRO EXTORSIVO","1"
"22/10/2008","13","BOLIVAR","13473","MORALES","ARTICULO 168. SECUESTRO SIMPLE","1"
"19/10/2008","18","CAQUETA","18479","MORELIA","ARTICULO 169. SECUESTRO EXTORSIVO","1"
"18/10/2008","76","VALLE DEL CAUCA","76109","BUENAVENTURA","ARTICULO 169. SECUESTRO EXTORSIVO","1"
"14/10/2008","76","VALLE DEL CAUCA","76001","CALI","ARTICULO 169. SECUESTRO EXTORSIVO","1"
"14/10/2008","19","CAUCA","19548","PIENDAMO - TUNIA","ARTICULO 168. SECUESTRO SIMPLE","1"
"13/10/2008","50","META","50577","PUERTO LLERAS","ARTICULO 168. SECUESTRO SIMPLE","1"
"06/10/2008","68","SANTANDER","68160","CEPITA","ARTICULO 169. SECUESTRO EXTORSIVO","1"
"05/10/2008","25","CUNDINAMARCA","25769","SUBACHOQUE","ARTICULO 169. SECUESTRO EXTORSIVO","1"
"05/10/2008","27","CHOCO","27001","QUIBDO","ARTICULO 169. SECUESTRO EXTORSIVO","1"
"05/10/2008","27","CHOCO","27001","QUIBDO","ARTICULO 169. SECUESTRO EXTORSIVO","1"
"05/10/2008","27","CHOCO","27001","QUIBDO","ARTICULO 169. SECUESTRO EXTORSIVO","1"
"01/10/2008","54","NORTE DE SANTANDER","54498","OCAÑA","ARTICULO 169. SECUESTRO EXTORSIVO","1"
"01/10/2008","19","CAUCA","19001","POPAYAN","ARTICULO 169. SECUESTRO EXTORSIVO","1"
"29/09/2008","17","CALDAS","17001","MANIZALES","ARTICULO 169. SECUESTRO EXTORSIVO","1"
"28/09/2008","18","CAQUETA","18753","SAN VICENTE DEL CAGUAN","ARTICULO 169. SECUESTRO EXTORSIVO","1"
"25/09/2008","19","CAUCA","19075","BALBOA","ARTICULO 168. SECUESTRO SIMPLE","1"
"25/09/2008","11","BOGOTA D.C.","11001","BOGOTA D.C.","ARTICULO 168. SECUESTRO SIMPLE","1"
"24/09/2008","25","CUNDINAMARCA","25175","CHIA","ARTICULO 168. SECUESTRO SIMPLE","1"
"22/09/2008","20","CESAR","20011","AGUACHICA","ARTICULO 169. SECUESTRO EXTORSIVO","1"
"22/09/2008","11","BOGOTA D.C.","11001","BOGOTA D.C.","ARTICULO 168. SECUESTRO SIMPLE","1"
"21/09/2008","19","CAUCA","19532","PATIA","ARTICULO 168. SECUESTRO SIMPLE","1"
"21/09/2008","19","CAUCA","19532","PATIA","ARTICULO 168. SECUESTRO SIMPLE","1"
"21/09/2008","19","CAUCA","19532","PATIA","ARTICULO 168. SECUESTRO SIMPLE","1"
"19/09/2008","86","PUTUMAYO","86568","PUERTO ASIS","ARTICULO 168. SECUESTRO SIMPLE","1"
"19/09/2008","86","PUTUMAYO","86568","PUERTO ASIS","ARTICULO 168. SECUESTRO SIMPLE","1"
"19/09/2008","86","PUTUMAYO","86568","PUERTO ASIS","ARTICULO 168. SECUESTRO SIMPLE","1"
"19/09/2008","86","PUTUMAYO","86568","PUERTO ASIS","ARTICULO 168. SECUESTRO SIMPLE","1"
"18/09/2008","54","NORTE DE SANTANDER","54206","CONVENCION","ARTICULO 168. SECUESTRO SIMPLE","1"
"18/09/2008","54","NORTE DE SANTANDER","54206","CONVENCION","ARTICULO 168. SECUESTRO SIMPLE","1"
"18/09/2008","54","NORTE DE SANTANDER","54206","CONVENCION","ARTICULO 168. SECUESTRO SIMPLE","1"
"17/09/2008","52","NARIÑO","52838","TUQUERRES","ARTICULO 169. SECUESTRO EXTORSIVO","1"
"16/09/2008","11","BOGOTA D.C.","11001","BOGOTA D.C.","ARTICULO 168. SECUESTRO SIMPLE","1"
"13/09/2008","19","CAUCA","19256","EL TAMBO","ARTICULO 168. SECUESTRO SIMPLE","1"
"12/09/2008","19","CAUCA","19548","PIENDAMO - TUNIA","ARTICULO 169. SECUESTRO EXTORSIVO","1"
"12/09/2008","54","NORTE DE SANTANDER","54820","TOLEDO","ARTICULO 169. SECUESTRO EXTORSIVO","1"
"12/09/2008","05","ANTIOQUIA","05129","CALDAS","ARTICULO 169. SECUESTRO EXTORSIVO","1"
"11/09/2008","11","BOGOTA D.C.","11001","BOGOTA D.C.","ARTICULO 169. SECUESTRO EXTORSIVO","1"
"11/09/2008","54","NORTE DE SANTANDER","54001","CUCUTA","ARTICULO 169. SECUESTRO EXTORSIVO","1"
"11/09/2008","85","CASANARE","85001","YOPAL","ARTICULO 168. SECUESTRO SIMPLE","1"
"10/09/2008","44","LA GUAJIRA","44430","MAICAO","ARTICULO 168. SECUESTRO SIMPLE","1"
"10/09/2008","76","VALLE DEL CAUCA","76001","CALI","ARTICULO 168. SECUESTRO SIMPLE","1"
"09/09/2008","19","CAUCA","19050","ARGELIA","ARTICULO 169. SECUESTRO EXTORSIVO","1"
"07/09/2008","41","HUILA","41660","SALADOBLANCO","ARTICULO 169. SECUESTRO EXTORSIVO","1"
"06/09/2008","54","NORTE DE SANTANDER","54001","CUCUTA","ARTICULO 168. SECUESTRO SIMPLE","1"
"06/09/2008","54","NORTE DE SANTANDER","54001","CUCUTA","ARTICULO 168. SECUESTRO SIMPLE","1"
"05/09/2008","66","RISARALDA","66001","PEREIRA","ARTICULO 169. SECUESTRO EXTORSIVO","1"
"05/09/2008","27","CHOCO","27001","QUIBDO","ARTICULO 168. SECUESTRO SIMPLE","1"
"05/09/2008","27","CHOCO","27001","QUIBDO","ARTICULO 168. SECUESTRO SIMPLE","1"
"04/09/2008","05","ANTIOQUIA","05234","DABEIBA","ARTICULO 169. SECUESTRO EXTORSIVO","1"
"04/09/2008","05","ANTIOQUIA","05234","DABEIBA","ARTICULO 169. SECUESTRO EXTORSIVO","1"
"03/09/2008","13","BOLIVAR","13074","BARRANCO DE LOBA","ARTICULO 169. SECUESTRO EXTORSIVO","1"
"02/09/2008","66","RISARALDA","66001","PEREIRA","ARTICULO 168. SECUESTRO SIMPLE","1"
"01/09/2008","44","LA GUAJIRA","44078","BARRANCAS","ARTICULO 168. SECUESTRO SIMPLE","1"
"01/09/2008","18","CAQUETA","18247","EL DONCELLO","ARTICULO 169. SECUESTRO EXTORSIVO","1"
"31/08/2008","20","CESAR","20001","VALLEDUPAR","ARTICULO 168. SECUESTRO SIMPLE","1"
"29/08/2008","73","TOLIMA","73124","CAJAMARCA","ARTICULO 169. SECUESTRO EXTORSIVO","1"
"28/08/2008","20","CESAR","20228","CURUMANI","ARTICULO 169. SECUESTRO EXTORSIVO","1"
"24/08/2008","73","TOLIMA","73124","CAJAMARCA","ARTICULO 169. SECUESTRO EXTORSIVO","1"
"21/08/2008","13","BOLIVAR","13673","SANTA CATALINA","ARTICULO 169. SECUESTRO EXTORSIVO","1"
"21/08/2008","13","BOLIVAR","13673","SANTA CATALINA","ARTICULO 169. SECUESTRO EXTORSIVO","1"
"21/08/2008","76","VALLE DEL CAUCA","76001","CALI","ARTICULO 169. SECUESTRO EXTORSIVO","1"
"21/08/2008","81","ARAUCA","81794","TAME","ARTICULO 169. SECUESTRO EXTORSIVO","1"
"17/08/2008","08","ATLANTICO","08758","SOLEDAD","ARTICULO 168. SECUESTRO SIMPLE","1"
"15/08/2008","70","SUCRE","70429","MAJAGUAL","ARTICULO 169. SECUESTRO EXTORSIVO","1"
"14/08/2008","44","LA GUAJIRA","44001","RIOHACHA","ARTICULO 169. SECUESTRO EXTORSIVO","1"
"13/08/2008","19","CAUCA","19698","SANTANDER DE QUILICHAO","ARTICULO 169. SECUESTRO EXTORSIVO","1"
"12/08/2008","20","CESAR","20295","GAMARRA","ARTICULO 169. SECUESTRO EXTORSIVO","1"
"12/08/2008","66","RISARALDA","66456","MISTRATO","ARTICULO 169. SECUESTRO EXTORSIVO","1"
"11/08/2008","76","VALLE DEL CAUCA","76109","BUENAVENTURA","ARTICULO 168. SECUESTRO SIMPLE","1"
"10/08/2008","76","VALLE DEL CAUCA","76001","CALI","ARTICULO 168. SECUESTRO SIMPLE","1"
"10/08/2008","76","VALLE DEL CAUCA","76001","CALI","ARTICULO 168. SECUESTRO SIMPLE","1"
"09/08/2008","76","VALLE DEL CAUCA","76001","CALI","ARTICULO 169. SECUESTRO EXTORSIVO","1"
"06/08/2008","76","VALLE DEL CAUCA","76109","BUENAVENTURA","ARTICULO 168. SECUESTRO SIMPLE","1"
"06/08/2008","08","ATLANTICO","08001","BARRANQUILLA","ARTICULO 169. SECUESTRO EXTORSIVO","1"
"05/08/2008","05","ANTIOQUIA","05790","TARAZA","ARTICULO 168. SECUESTRO SIMPLE","1"
"05/08/2008","25","CUNDINAMARCA","25658","SAN FRANCISCO","ARTICULO 169. SECUESTRO EXTORSIVO","1"
"04/08/2008","47","MAGDALENA","47001","SANTA MARTA","ARTICULO 168. SECUESTRO SIMPLE","1"
"04/08/2008","63","QUINDIO","63548","PIJAO","ARTICULO 169. SECUESTRO EXTORSIVO","1"
"01/08/2008","76","VALLE DEL CAUCA","76001","CALI","ARTICULO 169. SECUESTRO EXTORSIVO","1"
"01/08/2008","76","VALLE DEL CAUCA","76001","CALI","ARTICULO 169. SECUESTRO EXTORSIVO","1"
"31/07/2008","54","NORTE DE SANTANDER","54810","TIBU","ARTICULO 168. SECUESTRO SIMPLE","1"
"31/07/2008","54","NORTE DE SANTANDER","54810","TIBU","ARTICULO 168. SECUESTRO SIMPLE","1"
"31/07/2008","54","NORTE DE SANTANDER","54810","TIBU","ARTICULO 168. SECUESTRO SIMPLE","1"
"31/07/2008","54","NORTE DE SANTANDER","54810","TIBU","ARTICULO 168. SECUESTRO SIMPLE","1"
"31/07/2008","54","NORTE DE SANTANDER","54810","TIBU","ARTICULO 168. SECUESTRO SIMPLE","1"
"29/07/2008","76","VALLE DEL CAUCA","76126","CALIMA","ARTICULO 168. SECUESTRO SIMPLE","1"
"29/07/2008","76","VALLE DEL CAUCA","76126","CALIMA","ARTICULO 168. SECUESTRO SIMPLE","1"
"29/07/2008","76","VALLE DEL CAUCA","76126","CALIMA","ARTICULO 168. SECUESTRO SIMPLE","1"
"29/07/2008","18","CAQUETA","18001","FLORENCIA","ARTICULO 168. SECUESTRO SIMPLE","1"
"28/07/2008","54","NORTE DE SANTANDER","54553","PUERTO SANTANDER","ARTICULO 168. SECUESTRO SIMPLE","1"
"28/07/2008","73","TOLIMA","73001","IBAGUE","ARTICULO 168. SECUESTRO SIMPLE","1"
"28/07/2008","54","NORTE DE SANTANDER","54206","CONVENCION","ARTICULO 168. SECUESTRO SIMPLE","1"
"25/07/2008","47","MAGDALENA","47001","SANTA MARTA","ARTICULO 168. SECUESTRO SIMPLE","1"
"23/07/2008","18","CAQUETA","18592","PUERTO RICO","ARTICULO 169. SECUESTRO EXTORSIVO","1"
"22/07/2008","47","MAGDALENA","47001","SANTA MARTA","ARTICULO 168. SECUESTRO SIMPLE","1"
"17/07/2008","27","CHOCO","27050","ATRATO","ARTICULO 169. SECUESTRO EXTORSIVO","1"
"17/07/2008","27","CHOCO","27050","ATRATO","ARTICULO 169. SECUESTRO EXTORSIVO","1"
"17/07/2008","27","CHOCO","27050","ATRATO","ARTICULO 169. SECUESTRO EXTORSIVO","1"
"17/07/2008","27","CHOCO","27050","ATRATO","ARTICULO 169. SECUESTRO EXTORSIVO","1"
"17/07/2008","27","CHOCO","27050","ATRATO","ARTICULO 169. SECUESTRO EXTORSIVO","1"
"17/07/2008","27","CHOCO","27050","ATRATO","ARTICULO 169. SECUESTRO EXTORSIVO","1"
"17/07/2008","27","CHOCO","27050","ATRATO","ARTICULO 169. SECUESTRO EXTORSIVO","1"
"17/07/2008","27","CHOCO","27050","ATRATO","ARTICULO 169. SECUESTRO EXTORSIVO","1"
"17/07/2008","27","CHOCO","27050","ATRATO","ARTICULO 169. SECUESTRO EXTORSIVO","1"
"17/07/2008","05","ANTIOQUIA","05670","SAN ROQUE","ARTICULO 169. SECUESTRO EXTORSIVO","1"
"16/07/2008","11","BOGOTA D.C.","11001","BOGOTA D.C.","ARTICULO 168. SECUESTRO SIMPLE","1"
"16/07/2008","86","PUTUMAYO","86568","PUERTO ASIS","ARTICULO 169. SECUESTRO EXTORSIVO","1"
"14/07/2008","18","CAQUETA","18753","SAN VICENTE DEL CAGUAN","ARTICULO 168. SECUESTRO SIMPLE","1"
"14/07/2008","27","CHOCO","27001","QUIBDO","ARTICULO 169. SECUESTRO EXTORSIVO","1"
"13/07/2008","50","META","50251","EL CASTILLO","ARTICULO 169. SECUESTRO EXTORSIVO","1"
"12/07/2008","73","TOLIMA","73168","CHAPARRAL","ARTICULO 169. SECUESTRO EXTORSIVO","1"
"10/07/2008","86","PUTUMAYO","86865","VALLE DEL GUAMUEZ","ARTICULO 169. SECUESTRO EXTORSIVO","1"
"09/07/2008","05","ANTIOQUIA","05001","MEDELLIN","ARTICULO 169. SECUESTRO EXTORSIVO","1"
"09/07/2008","52","NARIÑO","52250","EL CHARCO","ARTICULO 169. SECUESTRO EXTORSIVO","1"
"08/07/2008","68","SANTANDER","68406","LEBRIJA","ARTICULO 169. SECUESTRO EXTORSIVO","1"
"02/07/2008","25","CUNDINAMARCA","25845","UNE","ARTICULO 169. SECUESTRO EXTORSIVO","1"
"01/07/2008","27","CHOCO","27001","QUIBDO","ARTICULO 169. SECUESTRO EXTORSIVO","1"
"01/07/2008","27","CHOCO","27001","QUIBDO","ARTICULO 168. SECUESTRO SIMPLE","1"
"01/07/2008","27","CHOCO","27001","QUIBDO","ARTICULO 169. SECUESTRO EXTORSIVO","1"
"30/06/2008","76","VALLE DEL CAUCA","76834","TULUA","ARTICULO 168. SECUESTRO SIMPLE","1"
"29/06/2008","73","TOLIMA","73001","IBAGUE","ARTICULO 168. SECUESTRO SIMPLE","1"
"29/06/2008","73","TOLIMA","73001","IBAGUE","ARTICULO 168. SECUESTRO SIMPLE","1"
"28/06/2008","50","META","50251","EL CASTILLO","ARTICULO 169. SECUESTRO EXTORSIVO","1"
"26/06/2008","76","VALLE DEL CAUCA","76036","ANDALUCIA","ARTICULO 169. SECUESTRO EXTORSIVO","1"
"26/06/2008","76","VALLE DEL CAUCA","76036","ANDALUCIA","ARTICULO 169. SECUESTRO EXTORSIVO","1"
"24/06/2008","54","NORTE DE SANTANDER","54172","CHINACOTA","ARTICULO 169. SECUESTRO EXTORSIVO","1"
"22/06/2008","18","CAQUETA","18256","EL PAUJIL","ARTICULO 168. SECUESTRO SIMPLE","1"
"20/06/2008","47","MAGDALENA","47001","SANTA MARTA","ARTICULO 169. SECUESTRO EXTORSIVO","1"
"17/06/2008","54","NORTE DE SANTANDER","54001","CUCUTA","ARTICULO 169. SECUESTRO EXTORSIVO","1"
"17/06/2008","54","NORTE DE SANTANDER","54001","CUCUTA","ARTICULO 169. SECUESTRO EXTORSIVO","1"
"17/06/2008","54","NORTE DE SANTANDER","54001","CUCUTA","ARTICULO 169. SECUESTRO EXTORSIVO","1"
"17/06/2008","54","NORTE DE SANTANDER","54001","CUCUTA","ARTICULO 169. SECUESTRO EXTORSIVO","1"
"17/06/2008","19","CAUCA","19142","CALOTO","ARTICULO 168. SECUESTRO SIMPLE","1"
"17/06/2008","19","CAUCA","19001","POPAYAN","ARTICULO 169. SECUESTRO EXTORSIVO","1"
"17/06/2008","19","CAUCA","19142","CALOTO","ARTICULO 168. SECUESTRO SIMPLE","1"
"17/06/2008","19","CAUCA","19142","CALOTO","ARTICULO 168. SECUESTRO SIMPLE","1"
"17/06/2008","19","CAUCA","19142","CALOTO","ARTICULO 168. SECUESTRO SIMPLE","1"
"13/06/2008","73","TOLIMA","73555","PLANADAS","ARTICULO 169. SECUESTRO EXTORSIVO","1"
"13/06/2008","73","TOLIMA","73555","PLANADAS","ARTICULO 168. SECUESTRO SIMPLE","1"
"13/06/2008","73","TOLIMA","73555","PLANADAS","ARTICULO 168. SECUESTRO SIMPLE","1"
"13/06/2008","41","HUILA","41016","AIPE","ARTICULO 168. SECUESTRO SIMPLE","1"
"13/06/2008","41","HUILA","41016","AIPE","ARTICULO 168. SECUESTRO SIMPLE","1"
"13/06/2008","76","VALLE DEL CAUCA","76233","DAGUA","ARTICULO 169. SECUESTRO EXTORSIVO","1"
"12/06/2008","76","VALLE DEL CAUCA","76895","ZARZAL","ARTICULO 168. SECUESTRO SIMPLE","1"
"11/06/2008","50","META","50683","SAN JUAN DE ARAMA","ARTICULO 168. SECUESTRO SIMPLE","1"
"11/06/2008","11","BOGOTA D.C.","11001","BOGOTA D.C.","ARTICULO 168. SECUESTRO SIMPLE","1"
"10/06/2008","52","NARIÑO","52203","COLON","ARTICULO 169. SECUESTRO EXTORSIVO","1"
"09/06/2008","20","CESAR","20001","VALLEDUPAR","ARTICULO 168. SECUESTRO SIMPLE","1"
"09/06/2008","05","ANTIOQUIA","05585","PUERTO NARE","ARTICULO 169. SECUESTRO EXTORSIVO","1"
"08/06/2008","05","ANTIOQUIA","05030","AMAGA","ARTICULO 168. SECUESTRO SIMPLE","1"
"06/06/2008","11","BOGOTA D.C.","11001","BOGOTA D.C.","ARTICULO 169. SECUESTRO EXTORSIVO","1"
"06/06/2008","11","BOGOTA D.C.","11001","BOGOTA D.C.","ARTICULO 169. SECUESTRO EXTORSIVO","1"
"06/06/2008","11","BOGOTA D.C.","11001","BOGOTA D.C.","ARTICULO 169. SECUESTRO EXTORSIVO","1"
"05/06/2008","73","TOLIMA","73001","IBAGUE","ARTICULO 168. SECUESTRO SIMPLE","1"
"03/06/2008","18","CAQUETA","18592","PUERTO RICO","ARTICULO 169. SECUESTRO EXTORSIVO","1"
"02/06/2008","52","NARIÑO","52036","ANCUYA","ARTICULO 169. SECUESTRO EXTORSIVO","1"
"01/06/2008","52","NARIÑO","52565","PROVIDENCIA","ARTICULO 169. SECUESTRO EXTORSIVO","1"
"01/06/2008","76","VALLE DEL CAUCA","76001","CALI","ARTICULO 169. SECUESTRO EXTORSIVO","1"
"31/05/2008","23","CORDOBA","23807","TIERRALTA","ARTICULO 168. SECUESTRO SIMPLE","1"
"31/05/2008","73","TOLIMA","73217","COYAIMA","ARTICULO 168. SECUESTRO SIMPLE","1"
"29/05/2008","66","RISARALDA","66001","PEREIRA","ARTICULO 168. SECUESTRO SIMPLE","1"
"28/05/2008","11","BOGOTA D.C.","11001","BOGOTA D.C.","ARTICULO 169. SECUESTRO EXTORSIVO","1"
"24/05/2008","20","CESAR","20787","TAMALAMEQUE","ARTICULO 169. SECUESTRO EXTORSIVO","1"
"24/05/2008","76","VALLE DEL CAUCA","76248","EL CERRITO","ARTICULO 169. SECUESTRO EXTORSIVO","1"
"23/05/2008","73","TOLIMA","73001","IBAGUE","ARTICULO 169. SECUESTRO EXTORSIVO","1"
"22/05/2008","05","ANTIOQUIA","05234","DABEIBA","ARTICULO 168. SECUESTRO SIMPLE","1"
"22/05/2008","54","NORTE DE SANTANDER","54001","CUCUTA","ARTICULO 169. SECUESTRO EXTORSIVO","1"
"21/05/2008","11","BOGOTA D.C.","11001","BOGOTA D.C.","ARTICULO 169. SECUESTRO EXTORSIVO","1"
"21/05/2008","11","BOGOTA D.C.","11001","BOGOTA D.C.","ARTICULO 169. SECUESTRO EXTORSIVO","1"
"21/05/2008","11","BOGOTA D.C.","11001","BOGOTA D.C.","ARTICULO 169. SECUESTRO EXTORSIVO","1"
"19/05/2008","63","QUINDIO","63001","ARMENIA","ARTICULO 168. SECUESTRO SIMPLE","1"
"18/05/2008","73","TOLIMA","73443","SAN SEBASTIAN DE MARIQUITA","ARTICULO 168. SECUESTRO SIMPLE","1"
"18/05/2008","52","NARIÑO","52001","PASTO","ARTICULO 168. SECUESTRO SIMPLE","1"
"17/05/2008","73","TOLIMA","73236","DOLORES","ARTICULO 169. SECUESTRO EXTORSIVO","1"
"17/05/2008","73","TOLIMA","73236","DOLORES","ARTICULO 169. SECUESTRO EXTORSIVO","1"
"17/05/2008","73","TOLIMA","73236","DOLORES","ARTICULO 169. SECUESTRO EXTORSIVO","1"
"17/05/2008","73","TOLIMA","73236","DOLORES","ARTICULO 169. SECUESTRO EXTORSIVO","1"
"15/05/2008","66","RISARALDA","66001","PEREIRA","ARTICULO 168. SECUESTRO SIMPLE","1"
"11/05/2008","18","CAQUETA","18001","FLORENCIA","ARTICULO 168. SECUESTRO SIMPLE","1"
"10/05/2008","41","HUILA","41524","PALERMO","ARTICULO 168. SECUESTRO SIMPLE","1"
"10/05/2008","41","HUILA","41524","PALERMO","ARTICULO 168. SECUESTRO SIMPLE","1"
"10/05/2008","41","HUILA","41524","PALERMO","ARTICULO 168. SECUESTRO SIMPLE","1"
"10/05/2008","41","HUILA","41524","PALERMO","ARTICULO 168. SECUESTRO SIMPLE","1"
"10/05/2008","41","HUILA","41524","PALERMO","ARTICULO 168. SECUESTRO SIMPLE","1"
"10/05/2008","25","CUNDINAMARCA","25899","ZIPAQUIRA","ARTICULO 168. SECUESTRO SIMPLE","1"
"10/05/2008","50","META","50001","VILLAVICENCIO","ARTICULO 168. SECUESTRO SIMPLE","1"
"08/05/2008","05","ANTIOQUIA","05120","CACERES","ARTICULO 168. SECUESTRO SIMPLE","1"
"08/05/2008","05","ANTIOQUIA","05120","CACERES","ARTICULO 168. SECUESTRO SIMPLE","1"
"08/05/2008","54","NORTE DE SANTANDER","54720","SARDINATA","ARTICULO 169. SECUESTRO EXTORSIVO","1"
"05/05/2008","52","NARIÑO","52260","EL TAMBO","ARTICULO 168. SECUESTRO SIMPLE","1"
"03/05/2008","52","NARIÑO","52838","TUQUERRES","ARTICULO 168. SECUESTRO SIMPLE","1"
"01/05/2008","41","HUILA","41524","PALERMO","ARTICULO 168. SECUESTRO SIMPLE","1"
"30/04/2008","19","CAUCA","19001","POPAYAN","ARTICULO 169. SECUESTRO EXTORSIVO","1"
"28/04/2008","25","CUNDINAMARCA","25290","FUSAGASUGA","ARTICULO 168. SECUESTRO SIMPLE","1"
"27/04/2008","76","VALLE DEL CAUCA","76364","JAMUNDI","ARTICULO 168. SECUESTRO SIMPLE","1"
"25/04/2008","54","NORTE DE SANTANDER","54820","TOLEDO","ARTICULO 168. SECUESTRO SIMPLE","1"
"25/04/2008","47","MAGDALENA","47001","SANTA MARTA","ARTICULO 169. SECUESTRO EXTORSIVO","1"
"22/04/2008","68","SANTANDER","68575","PUERTO WILCHES","ARTICULO 169. SECUESTRO EXTORSIVO","1"
"22/04/2008","23","CORDOBA","23001","MONTERIA","ARTICULO 168. SECUESTRO SIMPLE","1"
"21/04/2008","50","META","50370","URIBE","ARTICULO 168. SECUESTRO SIMPLE","1"
"21/04/2008","50","META","50370","URIBE","ARTICULO 168. SECUESTRO SIMPLE","1"
"21/04/2008","50","META","50590","PUERTO RICO","ARTICULO 168. SECUESTRO SIMPLE","1"
"20/04/2008","20","CESAR","20614","RIO DE ORO","ARTICULO 168. SECUESTRO SIMPLE","1"
"20/04/2008","73","TOLIMA","73001","IBAGUE","ARTICULO 168. SECUESTRO SIMPLE","1"
"19/04/2008","18","CAQUETA","18753","SAN VICENTE DEL CAGUAN","ARTICULO 168. SECUESTRO SIMPLE","1"
"18/04/2008","41","HUILA","41306","GIGANTE","ARTICULO 168. SECUESTRO SIMPLE","1"
"16/04/2008","47","MAGDALENA","47001","SANTA MARTA","ARTICULO 168. SECUESTRO SIMPLE","1"
"16/04/2008","18","CAQUETA","18460","MILAN","ARTICULO 169. SECUESTRO EXTORSIVO","1"
"14/04/2008","11","BOGOTA D.C.","11001","BOGOTA D.C.","ARTICULO 169. SECUESTRO EXTORSIVO","1"
"14/04/2008","76","VALLE DEL CAUCA","76001","CALI","ARTICULO 168. SECUESTRO SIMPLE","1"
"12/04/2008","73","TOLIMA","73030","AMBALEMA","ARTICULO 168. SECUESTRO SIMPLE","1"
"12/04/2008","50","META","50001","VILLAVICENCIO","ARTICULO 168. SECUESTRO SIMPLE","1"
"12/04/2008","73","TOLIMA","73001","IBAGUE","ARTICULO 169. SECUESTRO EXTORSIVO","1"
"12/04/2008","73","TOLIMA","73001","IBAGUE","ARTICULO 169. SECUESTRO EXTORSIVO","1"
"10/04/2008","68","SANTANDER","68720","SANTA HELENA DEL OPON","ARTICULO 168. SECUESTRO SIMPLE","1"
"09/04/2008","11","BOGOTA D.C.","11001","BOGOTA D.C.","ARTICULO 169. SECUESTRO EXTORSIVO","1"
"08/04/2008","76","VALLE DEL CAUCA","76834","TULUA","ARTICULO 168. SECUESTRO SIMPLE","1"
"07/04/2008","70","SUCRE","70230","CHALAN","ARTICULO 168. SECUESTRO SIMPLE","1"
"06/04/2008","66","RISARALDA","66001","PEREIRA","ARTICULO 169. SECUESTRO EXTORSIVO","1"
"05/04/2008","50","META","50001","VILLAVICENCIO","ARTICULO 168. SECUESTRO SIMPLE","1"
"05/04/2008","85","CASANARE","85400","TAMARA","ARTICULO 169. SECUESTRO EXTORSIVO","1"
"04/04/2008","73","TOLIMA","73001","IBAGUE","ARTICULO 168. SECUESTRO SIMPLE","1"
"03/04/2008","76","VALLE DEL CAUCA","76109","BUENAVENTURA","ARTICULO 168. SECUESTRO SIMPLE","1"
"03/04/2008","86","PUTUMAYO","86885","VILLAGARZON","ARTICULO 169. SECUESTRO EXTORSIVO","1"
"31/03/2008","05","ANTIOQUIA","05088","BELLO","ARTICULO 168. SECUESTRO SIMPLE","1"
"29/03/2008","76","VALLE DEL CAUCA","76520","PALMIRA","ARTICULO 169. SECUESTRO EXTORSIVO","1"
"28/03/2008","08","ATLANTICO","08001","BARRANQUILLA","ARTICULO 168. SECUESTRO SIMPLE","1"
"28/03/2008","73","TOLIMA","73001","IBAGUE","ARTICULO 168. SECUESTRO SIMPLE","1"
"27/03/2008","73","TOLIMA","73861","VENADILLO","ARTICULO 168. SECUESTRO SIMPLE","1"
"25/03/2008","73","TOLIMA","73001","IBAGUE","ARTICULO 168. SECUESTRO SIMPLE","1"
"23/03/2008","73","TOLIMA","73461","MURILLO","ARTICULO 168. SECUESTRO SIMPLE","1"
"23/03/2008","18","CAQUETA","18460","MILAN","ARTICULO 168. SECUESTRO SIMPLE","1"
"22/03/2008","54","NORTE DE SANTANDER","54498","OCAÑA","ARTICULO 168. SECUESTRO SIMPLE","1"
"22/03/2008","54","NORTE DE SANTANDER","54498","OCAÑA","ARTICULO 169. SECUESTRO EXTORSIVO","1"
"21/03/2008","73","TOLIMA","73563","PRADO","ARTICULO 169. SECUESTRO EXTORSIVO","1"
"20/03/2008","05","ANTIOQUIA","05837","TURBO","ARTICULO 168. SECUESTRO SIMPLE","1"
"20/03/2008","05","ANTIOQUIA","05837","TURBO","ARTICULO 168. SECUESTRO SIMPLE","1"
"20/03/2008","05","ANTIOQUIA","05837","TURBO","ARTICULO 168. SECUESTRO SIMPLE","1"
"20/03/2008","05","ANTIOQUIA","05837","TURBO","ARTICULO 168. SECUESTRO SIMPLE","1"
"20/03/2008","05","ANTIOQUIA","05837","TURBO","ARTICULO 168. SECUESTRO SIMPLE","1"
"20/03/2008","05","ANTIOQUIA","05837","TURBO","ARTICULO 168. SECUESTRO SIMPLE","1"
"20/03/2008","05","ANTIOQUIA","05837","TURBO","ARTICULO 168. SECUESTRO SIMPLE","1"
"20/03/2008","05","ANTIOQUIA","05837","TURBO","ARTICULO 168. SECUESTRO SIMPLE","1"
"20/03/2008","05","ANTIOQUIA","05837","TURBO","ARTICULO 168. SECUESTRO SIMPLE","1"
"20/03/2008","05","ANTIOQUIA","05837","TURBO","ARTICULO 168. SECUESTRO SIMPLE","1"
"20/03/2008","05","ANTIOQUIA","05837","TURBO","ARTICULO 168. SECUESTRO SIMPLE","1"
"20/03/2008","05","ANTIOQUIA","05837","TURBO","ARTICULO 168. SECUESTRO SIMPLE","1"
"20/03/2008","05","ANTIOQUIA","05837","TURBO","ARTICULO 168. SECUESTRO SIMPLE","1"
"20/03/2008","05","ANTIOQUIA","05837","TURBO","ARTICULO 168. SECUESTRO SIMPLE","1"
"20/03/2008","05","ANTIOQUIA","05837","TURBO","ARTICULO 168. SECUESTRO SIMPLE","1"
"20/03/2008","05","ANTIOQUIA","05837","TURBO","ARTICULO 168. SECUESTRO SIMPLE","1"
"20/03/2008","05","ANTIOQUIA","05837","TURBO","ARTICULO 168. SECUESTRO SIMPLE","1"
"20/03/2008","05","ANTIOQUIA","05837","TURBO","ARTICULO 168. SECUESTRO SIMPLE","1"
"20/03/2008","05","ANTIOQUIA","05837","TURBO","ARTICULO 168. SECUESTRO SIMPLE","1"
"20/03/2008","05","ANTIOQUIA","05837","TURBO","ARTICULO 168. SECUESTRO SIMPLE","1"
"20/03/2008","05","ANTIOQUIA","05837","TURBO","ARTICULO 168. SECUESTRO SIMPLE","1"
"20/03/2008","05","ANTIOQUIA","05837","TURBO","ARTICULO 168. SECUESTRO SIMPLE","1"
"20/03/2008","05","ANTIOQUIA","05837","TURBO","ARTICULO 168. SECUESTRO SIMPLE","1"
"20/03/2008","05","ANTIOQUIA","05837","TURBO","ARTICULO 168. SECUESTRO SIMPLE","1"
"19/03/2008","25","CUNDINAMARCA","25290","FUSAGASUGA","ARTICULO 169. SECUESTRO EXTORSIVO","1"
"16/03/2008","18","CAQUETA","18610","SAN JOSE DEL FRAGUA","ARTICULO 169. SECUESTRO EXTORSIVO","1"
"16/03/2008","76","VALLE DEL CAUCA","76001","CALI","ARTICULO 168. SECUESTRO SIMPLE","1"
"15/03/2008","66","RISARALDA","66001","PEREIRA","ARTICULO 169. SECUESTRO EXTORSIVO","1"
"13/03/2008","27","CHOCO","27001","QUIBDO","ARTICULO 169. SECUESTRO EXTORSIVO","1"
"11/03/2008","27","CHOCO","27077","BAJO BAUDO","ARTICULO 168. SECUESTRO SIMPLE","1"
"10/03/2008","15","BOYACA","15759","SOGAMOSO","ARTICULO 168. SECUESTRO SIMPLE","1"
"09/03/2008","05","ANTIOQUIA","05250","EL BAGRE","ARTICULO 168. SECUESTRO SIMPLE","1"
"09/03/2008","05","ANTIOQUIA","05250","EL BAGRE","ARTICULO 168. SECUESTRO SIMPLE","1"
"09/03/2008","27","CHOCO","27001","QUIBDO","ARTICULO 169. SECUESTRO EXTORSIVO","1"
"09/03/2008","73","TOLIMA","73411","LIBANO","ARTICULO 169. SECUESTRO EXTORSIVO","1"
"07/03/2008","50","META","50001","VILLAVICENCIO","ARTICULO 168. SECUESTRO SIMPLE","1"
"07/03/2008","05","ANTIOQUIA","05234","DABEIBA","ARTICULO 169. SECUESTRO EXTORSIVO","1"
"07/03/2008","05","ANTIOQUIA","05001","MEDELLIN","ARTICULO 168. SECUESTRO SIMPLE","1"
"06/03/2008","73","TOLIMA","73686","SANTA ISABEL","ARTICULO 168. SECUESTRO SIMPLE","1"
"05/03/2008","11","BOGOTA D.C.","11001","BOGOTA D.C.","ARTICULO 169. SECUESTRO EXTORSIVO","1"
"05/03/2008","86","PUTUMAYO","86219","COLON","ARTICULO 169. SECUESTRO EXTORSIVO","1"
"03/03/2008","54","NORTE DE SANTANDER","54800","TEORAMA","ARTICULO 168. SECUESTRO SIMPLE","1"
"03/03/2008","54","NORTE DE SANTANDER","54800","TEORAMA","ARTICULO 168. SECUESTRO SIMPLE","1"
"01/03/2008","73","TOLIMA","73585","PURIFICACION","ARTICULO 169. SECUESTRO EXTORSIVO","1"
"29/02/2008","11","BOGOTA D.C.","11001","BOGOTA D.C.","ARTICULO 168. SECUESTRO SIMPLE","1"
"27/02/2008","20","CESAR","20001","VALLEDUPAR","ARTICULO 169. SECUESTRO EXTORSIVO","1"
"27/02/2008","66","RISARALDA","66001","PEREIRA","ARTICULO 168. SECUESTRO SIMPLE","1"
"27/02/2008","76","VALLE DEL CAUCA","76001","CALI","ARTICULO 169. SECUESTRO EXTORSIVO","1"
"25/02/2008","20","CESAR","20550","PELAYA","ARTICULO 169. SECUESTRO EXTORSIVO","1"
"25/02/2008","50","META","50001","VILLAVICENCIO","ARTICULO 168. SECUESTRO SIMPLE","1"
"23/02/2008","73","TOLIMA","73408","LERIDA","ARTICULO 168. SECUESTRO SIMPLE","1"
"23/02/2008","11","BOGOTA D.C.","11001","BOGOTA D.C.","ARTICULO 168. SECUESTRO SIMPLE","1"
"21/02/2008","11","BOGOTA D.C.","11001","BOGOTA D.C.","ARTICULO 168. SECUESTRO SIMPLE","1"
"21/02/2008","27","CHOCO","27001","QUIBDO","ARTICULO 169. SECUESTRO EXTORSIVO","1"
"21/02/2008","27","CHOCO","27001","QUIBDO","ARTICULO 169. SECUESTRO EXTORSIVO","1"
"21/02/2008","27","CHOCO","27001","QUIBDO","ARTICULO 169. SECUESTRO EXTORSIVO","1"
"18/02/2008","50","META","50001","VILLAVICENCIO","ARTICULO 168. SECUESTRO SIMPLE","1"
"17/02/2008","44","LA GUAJIRA","44090","DIBULLA","ARTICULO 168. SECUESTRO SIMPLE","1"
"17/02/2008","44","LA GUAJIRA","44090","DIBULLA","ARTICULO 168. SECUESTRO SIMPLE","1"
"17/02/2008","44","LA GUAJIRA","44090","DIBULLA","ARTICULO 168. SECUESTRO SIMPLE","1"
"17/02/2008","18","CAQUETA","18150","CARTAGENA DEL CHAIRA","ARTICULO 168. SECUESTRO SIMPLE","1"
"17/02/2008","18","CAQUETA","18753","SAN VICENTE DEL CAGUAN","ARTICULO 168. SECUESTRO SIMPLE","1"
"16/02/2008","81","ARAUCA","81794","TAME","ARTICULO 168. SECUESTRO SIMPLE","1"
"15/02/2008","50","META","50001","VILLAVICENCIO","ARTICULO 168. SECUESTRO SIMPLE","1"
"14/02/2008","11","BOGOTA D.C.","11001","BOGOTA D.C.","ARTICULO 168. SECUESTRO SIMPLE","1"
"14/02/2008","11","BOGOTA D.C.","11001","BOGOTA D.C.","ARTICULO 168. SECUESTRO SIMPLE","1"
"14/02/2008","11","BOGOTA D.C.","11001","BOGOTA D.C.","ARTICULO 168. SECUESTRO SIMPLE","1"
"14/02/2008","76","VALLE DEL CAUCA","76001","CALI","ARTICULO 169. SECUESTRO EXTORSIVO","1"
"11/02/2008","54","NORTE DE SANTANDER","54810","TIBU","ARTICULO 169. SECUESTRO EXTORSIVO","1"
"11/02/2008","54","NORTE DE SANTANDER","54810","TIBU","ARTICULO 169. SECUESTRO EXTORSIVO","1"
"11/02/2008","05","ANTIOQUIA","05001","MEDELLIN","ARTICULO 169. SECUESTRO EXTORSIVO","1"
"11/02/2008","50","META","50001","VILLAVICENCIO","ARTICULO 168. SECUESTRO SIMPLE","1"
"11/02/2008","73","TOLIMA","73001","IBAGUE","ARTICULO 168. SECUESTRO SIMPLE","1"
"11/02/2008","73","TOLIMA","73001","IBAGUE","ARTICULO 168. SECUESTRO SIMPLE","1"
"08/02/2008","25","CUNDINAMARCA","25178","CHIPAQUE","ARTICULO 168. SECUESTRO SIMPLE","1"
"07/02/2008","54","NORTE DE SANTANDER","54498","OCAÑA","ARTICULO 169. SECUESTRO EXTORSIVO","1"
"07/02/2008","11","BOGOTA D.C.","11001","BOGOTA D.C.","ARTICULO 168. SECUESTRO SIMPLE","1"
"07/02/2008","27","CHOCO","27075","BAHIA SOLANO","ARTICULO 168. SECUESTRO SIMPLE","1"
"06/02/2008","50","META","50001","VILLAVICENCIO","ARTICULO 168. SECUESTRO SIMPLE","1"
"06/02/2008","11","BOGOTA D.C.","11001","BOGOTA D.C.","ARTICULO 169. SECUESTRO EXTORSIVO","1"
"05/02/2008","19","CAUCA","19001","POPAYAN","ARTICULO 168. SECUESTRO SIMPLE","1"
"03/02/2008","11","BOGOTA D.C.","11001","BOGOTA D.C.","ARTICULO 168. SECUESTRO SIMPLE","1"
"03/02/2008","18","CAQUETA","18247","EL DONCELLO","ARTICULO 169. SECUESTRO EXTORSIVO","1"
"03/02/2008","18","CAQUETA","18247","EL DONCELLO","ARTICULO 169. SECUESTRO EXTORSIVO","1"
"03/02/2008","18","CAQUETA","18592","PUERTO RICO","ARTICULO 169. SECUESTRO EXTORSIVO","1"
"03/02/2008","18","CAQUETA","18592","PUERTO RICO","ARTICULO 169. SECUESTRO EXTORSIVO","1"
"01/02/2008","50","META","50001","VILLAVICENCIO","ARTICULO 168. SECUESTRO SIMPLE","1"
"01/02/2008","50","META","50001","VILLAVICENCIO","ARTICULO 168. SECUESTRO SIMPLE","1"
"31/01/2008","05","ANTIOQUIA","05001","MEDELLIN","ARTICULO 169. SECUESTRO EXTORSIVO","1"
"31/01/2008","68","SANTANDER","68207","CONCEPCION","ARTICULO 169. SECUESTRO EXTORSIVO","1"
"31/01/2008","68","SANTANDER","68207","CONCEPCION","ARTICULO 169. SECUESTRO EXTORSIVO","1"
"30/01/2008","50","META","50001","VILLAVICENCIO","ARTICULO 168. SECUESTRO SIMPLE","1"
"30/01/2008","50","META","50001","VILLAVICENCIO","ARTICULO 168. SECUESTRO SIMPLE","1"
"29/01/2008","54","NORTE DE SANTANDER","54245","EL CARMEN","ARTICULO 169. SECUESTRO EXTORSIVO","1"
"29/01/2008","54","NORTE DE SANTANDER","54245","EL CARMEN","ARTICULO 168. SECUESTRO SIMPLE","1"
"29/01/2008","54","NORTE DE SANTANDER","54245","EL CARMEN","ARTICULO 168. SECUESTRO SIMPLE","1"
"29/01/2008","54","NORTE DE SANTANDER","54245","EL CARMEN","ARTICULO 168. SECUESTRO SIMPLE","1"
"29/01/2008","54","NORTE DE SANTANDER","54245","EL CARMEN","ARTICULO 168. SECUESTRO SIMPLE","1"
"29/01/2008","19","CAUCA","19473","MORALES","ARTICULO 168. SECUESTRO SIMPLE","1"
"27/01/2008","20","CESAR","20621","LA PAZ","ARTICULO 169. SECUESTRO EXTORSIVO","1"
"26/01/2008","52","NARIÑO","52260","EL TAMBO","ARTICULO 168. SECUESTRO SIMPLE","1"
"26/01/2008","50","META","50287","FUENTE DE ORO","ARTICULO 168. SECUESTRO SIMPLE","1"
"25/01/2008","41","HUILA","41001","NEIVA","ARTICULO 169. SECUESTRO EXTORSIVO","1"
"25/01/2008","41","HUILA","41001","NEIVA","ARTICULO 169. SECUESTRO EXTORSIVO","1"
"23/01/2008","54","NORTE DE SANTANDER","54820","TOLEDO","ARTICULO 169. SECUESTRO EXTORSIVO","1"
"23/01/2008","68","SANTANDER","68190","CIMITARRA","ARTICULO 169. SECUESTRO EXTORSIVO","1"
"22/01/2008","50","META","50251","EL CASTILLO","ARTICULO 169. SECUESTRO EXTORSIVO","1"
"22/01/2008","73","TOLIMA","73349","HONDA","ARTICULO 168. SECUESTRO SIMPLE","1"
"22/01/2008","05","ANTIOQUIA","05895","ZARAGOZA","ARTICULO 168. SECUESTRO SIMPLE","1"
"20/01/2008","68","SANTANDER","68190","CIMITARRA","ARTICULO 169. SECUESTRO EXTORSIVO","1"
"20/01/2008","47","MAGDALENA","47058","ARIGUANI","ARTICULO 169. SECUESTRO EXTORSIVO","1"
"19/01/2008","52","NARIÑO","52683","SANDONA","ARTICULO 168. SECUESTRO SIMPLE","1"
"19/01/2008","50","META","50711","VISTAHERMOSA","ARTICULO 169. SECUESTRO EXTORSIVO","1"
"19/01/2008","73","TOLIMA","73408","LERIDA","ARTICULO 169. SECUESTRO EXTORSIVO","1"
"18/01/2008","50","META","50001","VILLAVICENCIO","ARTICULO 168. SECUESTRO SIMPLE","1"
"18/01/2008","47","MAGDALENA","47001","SANTA MARTA","ARTICULO 169. SECUESTRO EXTORSIVO","1"
"18/01/2008","52","NARIÑO","52250","EL CHARCO","ARTICULO 169. SECUESTRO EXTORSIVO","1"
"18/01/2008","05","ANTIOQUIA","05847","URRAO","ARTICULO 168. SECUESTRO SIMPLE","1"
"18/01/2008","05","ANTIOQUIA","05847","URRAO","ARTICULO 168. SECUESTRO SIMPLE","1"
"18/01/2008","19","CAUCA","19001","POPAYAN","ARTICULO 168. SECUESTRO SIMPLE","1"
"18/01/2008","52","NARIÑO","52683","SANDONA","ARTICULO 169. SECUESTRO EXTORSIVO","1"
"18/01/2008","52","NARIÑO","52250","EL CHARCO","ARTICULO 169. SECUESTRO EXTORSIVO","1"
"17/01/2008","50","META","50001","VILLAVICENCIO","ARTICULO 168. SECUESTRO SIMPLE","1"
"16/01/2008","50","META","50006","ACACIAS","ARTICULO 168. SECUESTRO SIMPLE","1"
"14/01/2008","50","META","50001","VILLAVICENCIO","ARTICULO 168. SECUESTRO SIMPLE","1"
"13/01/2008","27","CHOCO","27495","NUQUI","ARTICULO 169. SECUESTRO EXTORSIVO","1"
"13/01/2008","27","CHOCO","27495","NUQUI","ARTICULO 169. SECUESTRO EXTORSIVO","1"
"13/01/2008","27","CHOCO","27495","NUQUI","ARTICULO 169. SECUESTRO EXTORSIVO","1"
"13/01/2008","27","CHOCO","27495","NUQUI","ARTICULO 169. SECUESTRO EXTORSIVO","1"
"13/01/2008","27","CHOCO","27495","NUQUI","ARTICULO 169. SECUESTRO EXTORSIVO","1"
"13/01/2008","27","CHOCO","27495","NUQUI","ARTICULO 169. SECUESTRO EXTORSIVO","1"
"13/01/2008","18","CAQUETA","18592","PUERTO RICO","ARTICULO 169. SECUESTRO EXTORSIVO","1"
"13/01/2008","73","TOLIMA","73443","SAN SEBASTIAN DE MARIQUITA","ARTICULO 168. SECUESTRO SIMPLE","1"
"12/01/2008","50","META","50001","VILLAVICENCIO","ARTICULO 168. SECUESTRO SIMPLE","1"
"12/01/2008","13","BOLIVAR","13001","CARTAGENA DE INDIAS","ARTICULO 168. SECUESTRO SIMPLE","1"
"11/01/2008","76","VALLE DEL CAUCA","76823","TORO","ARTICULO 168. SECUESTRO SIMPLE","1"
"10/01/2008","05","ANTIOQUIA","05001","MEDELLIN","ARTICULO 169. SECUESTRO EXTORSIVO","1"
"09/01/2008","47","MAGDALENA","47001","SANTA MARTA","ARTICULO 168. SECUESTRO SIMPLE","1"
"05/01/2008","41","HUILA","41807","TIMANA","ARTICULO 169. SECUESTRO EXTORSIVO","1"
"04/01/2008","25","CUNDINAMARCA","25175","CHIA","ARTICULO 168. SECUESTRO SIMPLE","1"
"04/01/2008","25","CUNDINAMARCA","25175","CHIA","ARTICULO 168. SECUESTRO SIMPLE","1"
"04/01/2008","25","CUNDINAMARCA","25175","CHIA","ARTICULO 168. SECUESTRO SIMPLE","1"
"04/01/2008","25","CUNDINAMARCA","25175","CHIA","ARTICULO 168. SECUESTRO SIMPLE","1"
"01/01/2008","13","BOLIVAR","13001","CARTAGENA DE INDIAS","ARTICULO 168. SECUESTRO SIMPLE","1"
"28/12/2007","05","ANTIOQUIA","05001","MEDELLIN","ARTICULO 168. SECUESTRO SIMPLE","1"
"28/12/2007","05","ANTIOQUIA","05001","MEDELLIN","ARTICULO 168. SECUESTRO SIMPLE","1"
"28/12/2007","68","SANTANDER","68190","CIMITARRA","ARTICULO 169. SECUESTRO EXTORSIVO","1"
"20/12/2007","05","ANTIOQUIA","05480","MUTATA","ARTICULO 169. SECUESTRO EXTORSIVO","1"
"20/12/2007","73","TOLIMA","73055","ARMERO","ARTICULO 168. SECUESTRO SIMPLE","1"
"18/12/2007","05","ANTIOQUIA","05266","ENVIGADO","ARTICULO 168. SECUESTRO SIMPLE","1"
"15/12/2007","05","ANTIOQUIA","05306","GIRALDO","ARTICULO 169. SECUESTRO EXTORSIVO","1"
"13/12/2007","19","CAUCA","19001","POPAYAN","ARTICULO 169. SECUESTRO EXTORSIVO","1"
"13/12/2007","76","VALLE DEL CAUCA","76834","TULUA","ARTICULO 169. SECUESTRO EXTORSIVO","1"
"13/12/2007","18","CAQUETA","18592","PUERTO RICO","ARTICULO 169. SECUESTRO EXTORSIVO","1"
"09/12/2007","50","META","50683","SAN JUAN DE ARAMA","ARTICULO 168. SECUESTRO SIMPLE","1"
"09/12/2007","44","LA GUAJIRA","44001","RIOHACHA","ARTICULO 169. SECUESTRO EXTORSIVO","1"
"08/12/2007","41","HUILA","41359","ISNOS","ARTICULO 169. SECUESTRO EXTORSIVO","1"
"05/12/2007","73","TOLIMA","73854","VALLE DE SAN JUAN","ARTICULO 168. SECUESTRO SIMPLE","1"
"01/12/2007","52","NARIÑO","52001","PASTO","ARTICULO 168. SECUESTRO SIMPLE","1"
"29/11/2007","50","META","50577","PUERTO LLERAS","ARTICULO 168. SECUESTRO SIMPLE","1"
"29/11/2007","50","META","50577","PUERTO LLERAS","ARTICULO 168. SECUESTRO SIMPLE","1"
"29/11/2007","50","META","50577","PUERTO LLERAS","ARTICULO 168. SECUESTRO SIMPLE","1"
"29/11/2007","73","TOLIMA","73001","IBAGUE","ARTICULO 168. SECUESTRO SIMPLE","1"
"27/11/2007","27","CHOCO","27245","EL CARMEN DE ATRATO","ARTICULO 169. SECUESTRO EXTORSIVO","1"
"27/11/2007","27","CHOCO","27245","EL CARMEN DE ATRATO","ARTICULO 169. SECUESTRO EXTORSIVO","1"
"27/11/2007","50","META","50711","VISTAHERMOSA","ARTICULO 169. SECUESTRO EXTORSIVO","1"
"23/11/2007","18","CAQUETA","18753","SAN VICENTE DEL CAGUAN","ARTICULO 169. SECUESTRO EXTORSIVO","1"
"23/11/2007","18","CAQUETA","18753","SAN VICENTE DEL CAGUAN","ARTICULO 168. SECUESTRO SIMPLE","1"
"23/11/2007","05","ANTIOQUIA","05690","SANTO DOMINGO","ARTICULO 168. SECUESTRO SIMPLE","1"
"23/11/2007","27","CHOCO","27073","BAGADO","ARTICULO 168. SECUESTRO SIMPLE","1"
"22/11/2007","76","VALLE DEL CAUCA","76834","TULUA","ARTICULO 168. SECUESTRO SIMPLE","1"
"21/11/2007","81","ARAUCA","81794","TAME","ARTICULO 168. SECUESTRO SIMPLE","1"
"20/11/2007","05","ANTIOQUIA","05150","CAROLINA","ARTICULO 169. SECUESTRO EXTORSIVO","1"
"19/11/2007","23","CORDOBA","23580","PUERTO LIBERTADOR","ARTICULO 169. SECUESTRO EXTORSIVO","1"
"15/11/2007","05","ANTIOQUIA","05686","SANTA ROSA DE OSOS","ARTICULO 169. SECUESTRO EXTORSIVO","1"
"14/11/2007","73","TOLIMA","73168","CHAPARRAL","ARTICULO 169. SECUESTRO EXTORSIVO","1"
"13/11/2007","52","NARIÑO","52001","PASTO","ARTICULO 168. SECUESTRO SIMPLE","1"
"13/11/2007","86","PUTUMAYO","86568","PUERTO ASIS","ARTICULO 169. SECUESTRO EXTORSIVO","1"
"12/11/2007","73","TOLIMA","73001","IBAGUE","ARTICULO 168. SECUESTRO SIMPLE","1"
"10/11/2007","73","TOLIMA","73001","IBAGUE","ARTICULO 168. SECUESTRO SIMPLE","1"
"09/11/2007","54","NORTE DE SANTANDER","54001","CUCUTA","ARTICULO 168. SECUESTRO SIMPLE","1"
"08/11/2007","73","TOLIMA","73268","ESPINAL","ARTICULO 169. SECUESTRO EXTORSIVO","1"
"07/11/2007","27","CHOCO","27050","ATRATO","ARTICULO 168. SECUESTRO SIMPLE","1"
"06/11/2007","85","CASANARE","85010","AGUAZUL","ARTICULO 169. SECUESTRO EXTORSIVO","1"
"05/11/2007","05","ANTIOQUIA","05044","ANZA","ARTICULO 168. SECUESTRO SIMPLE","1"
"02/11/2007","73","TOLIMA","73443","SAN SEBASTIAN DE MARIQUITA","ARTICULO 168. SECUESTRO SIMPLE","1"
"27/10/2007","11","BOGOTA D.C.","11001","BOGOTA D.C.","ARTICULO 168. SECUESTRO SIMPLE","1"
"27/10/2007","11","BOGOTA D.C.","11001","BOGOTA D.C.","ARTICULO 168. SECUESTRO SIMPLE","1"
"26/10/2007","85","CASANARE","85001","YOPAL","ARTICULO 168. SECUESTRO SIMPLE","1"
"25/10/2007","50","META","50001","VILLAVICENCIO","ARTICULO 169. SECUESTRO EXTORSIVO","1"
"23/10/2007","73","TOLIMA","73408","LERIDA","ARTICULO 168. SECUESTRO SIMPLE","1"
"23/10/2007","73","TOLIMA","73001","IBAGUE","ARTICULO 168. SECUESTRO SIMPLE","1"
"23/10/2007","19","CAUCA","19001","POPAYAN","ARTICULO 169. SECUESTRO EXTORSIVO","1"
"23/10/2007","73","TOLIMA","73861","VENADILLO","ARTICULO 168. SECUESTRO SIMPLE","1"
"23/10/2007","73","TOLIMA","73408","LERIDA","ARTICULO 168. SECUESTRO SIMPLE","1"
"23/10/2007","73","TOLIMA","73001","IBAGUE","ARTICULO 168. SECUESTRO SIMPLE","1"
"23/10/2007","73","TOLIMA","73408","LERIDA","ARTICULO 168. SECUESTRO SIMPLE","1"
"23/10/2007","73","TOLIMA","73408","LERIDA","ARTICULO 168. SECUESTRO SIMPLE","1"
"21/10/2007","54","NORTE DE SANTANDER","54001","CUCUTA","ARTICULO 168. SECUESTRO SIMPLE","1"
"21/10/2007","25","CUNDINAMARCA","25772","SUESCA","ARTICULO 168. SECUESTRO SIMPLE","1"
"20/10/2007","66","RISARALDA","66594","QUINCHIA","ARTICULO 169. SECUESTRO EXTORSIVO","1"
"17/10/2007","11","BOGOTA D.C.","11001","BOGOTA D.C.","ARTICULO 169. SECUESTRO EXTORSIVO","1"
"16/10/2007","08","ATLANTICO","08001","BARRANQUILLA","ARTICULO 168. SECUESTRO SIMPLE","1"
"16/10/2007","76","VALLE DEL CAUCA","76520","PALMIRA","ARTICULO 168. SECUESTRO SIMPLE","1"
"15/10/2007","54","NORTE DE SANTANDER","54001","CUCUTA","ARTICULO 168. SECUESTRO SIMPLE","1"
"14/10/2007","05","ANTIOQUIA","05318","GUARNE","ARTICULO 169. SECUESTRO EXTORSIVO","1"
"14/10/2007","05","ANTIOQUIA","05318","GUARNE","ARTICULO 169. SECUESTRO EXTORSIVO","1"
"14/10/2007","50","META","50450","PUERTO CONCORDIA","ARTICULO 169. SECUESTRO EXTORSIVO","1"
"14/10/2007","05","ANTIOQUIA","05318","GUARNE","ARTICULO 169. SECUESTRO EXTORSIVO","1"
"14/10/2007","05","ANTIOQUIA","05318","GUARNE","ARTICULO 169. SECUESTRO EXTORSIVO","1"
"14/10/2007","05","ANTIOQUIA","05318","GUARNE","ARTICULO 169. SECUESTRO EXTORSIVO","1"
"13/10/2007","76","VALLE DEL CAUCA","76109","BUENAVENTURA","ARTICULO 168. SECUESTRO SIMPLE","1"
"13/10/2007","76","VALLE DEL CAUCA","76109","BUENAVENTURA","ARTICULO 168. SECUESTRO SIMPLE","1"
"12/10/2007","73","TOLIMA","73001","IBAGUE","ARTICULO 168. SECUESTRO SIMPLE","1"
"11/10/2007","50","META","50313","GRANADA","ARTICULO 169. SECUESTRO EXTORSIVO","1"
"11/10/2007","50","META","50313","GRANADA","ARTICULO 169. SECUESTRO EXTORSIVO","1"
"11/10/2007","66","RISARALDA","66001","PEREIRA","ARTICULO 168. SECUESTRO SIMPLE","1"
"11/10/2007","85","CASANARE","85001","YOPAL","ARTICULO 168. SECUESTRO SIMPLE","1"
"07/10/2007","52","NARIÑO","52699","SANTACRUZ","ARTICULO 169. SECUESTRO EXTORSIVO","1"
"06/10/2007","11","BOGOTA D.C.","11001","BOGOTA D.C.","ARTICULO 169. SECUESTRO EXTORSIVO","1"
"05/10/2007","76","VALLE DEL CAUCA","76001","CALI","ARTICULO 169. SECUESTRO EXTORSIVO","1"
"04/10/2007","25","CUNDINAMARCA","25754","SOACHA","ARTICULO 168. SECUESTRO SIMPLE","1"
"04/10/2007","66","RISARALDA","66001","PEREIRA","ARTICULO 168. SECUESTRO SIMPLE","1"
"04/10/2007","73","TOLIMA","73001","IBAGUE","ARTICULO 168. SECUESTRO SIMPLE","1"
"03/10/2007","73","TOLIMA","73001","IBAGUE","ARTICULO 169. SECUESTRO EXTORSIVO","1"
"03/10/2007","15","BOYACA","15764","SORACA","ARTICULO 169. SECUESTRO EXTORSIVO","1"
"02/10/2007","47","MAGDALENA","47001","SANTA MARTA","ARTICULO 168. SECUESTRO SIMPLE","1"
"28/09/2007","13","BOLIVAR","13001","CARTAGENA DE INDIAS","ARTICULO 168. SECUESTRO SIMPLE","1"
"23/09/2007","73","TOLIMA","73026","ALVARADO","ARTICULO 168. SECUESTRO SIMPLE","1"
"23/09/2007","05","ANTIOQUIA","05001","MEDELLIN","ARTICULO 168. SECUESTRO SIMPLE","1"
"20/09/2007","73","TOLIMA","73168","CHAPARRAL","ARTICULO 169. SECUESTRO EXTORSIVO","1"
"20/09/2007","25","CUNDINAMARCA","25377","LA CALERA","ARTICULO 168. SECUESTRO SIMPLE","1"
"20/09/2007","11","BOGOTA D.C.","11001","BOGOTA D.C.","ARTICULO 169. SECUESTRO EXTORSIVO","1"
"20/09/2007","25","CUNDINAMARCA","25377","LA CALERA","ARTICULO 168. SECUESTRO SIMPLE","1"
"19/09/2007","20","CESAR","20060","BOSCONIA","ARTICULO 169. SECUESTRO EXTORSIVO","1"
"18/09/2007","50","META","50001","VILLAVICENCIO","ARTICULO 168. SECUESTRO SIMPLE","1"
"17/09/2007","11","BOGOTA D.C.","11001","BOGOTA D.C.","ARTICULO 169. SECUESTRO EXTORSIVO","1"
"16/09/2007","73","TOLIMA","73671","SALDAÑA","ARTICULO 168. SECUESTRO SIMPLE","1"
"15/09/2007","47","MAGDALENA","47001","SANTA MARTA","ARTICULO 169. SECUESTRO EXTORSIVO","1"
"14/09/2007","54","NORTE DE SANTANDER","54001","CUCUTA","ARTICULO 168. SECUESTRO SIMPLE","1"
"14/09/2007","25","CUNDINAMARCA","25290","FUSAGASUGA","ARTICULO 168. SECUESTRO SIMPLE","1"
"13/09/2007","41","HUILA","41548","PITAL","ARTICULO 168. SECUESTRO SIMPLE","1"
"11/09/2007","47","MAGDALENA","47189","CIENAGA","ARTICULO 168. SECUESTRO SIMPLE","1"
"10/09/2007","25","CUNDINAMARCA","25572","PUERTO SALGAR","ARTICULO 168. SECUESTRO SIMPLE","1"
"08/09/2007","25","CUNDINAMARCA","25269","FACATATIVA","ARTICULO 168. SECUESTRO SIMPLE","1"
"08/09/2007","66","RISARALDA","66001","PEREIRA","ARTICULO 168. SECUESTRO SIMPLE","1"
"08/09/2007","86","PUTUMAYO","86885","VILLAGARZON","ARTICULO 169. SECUESTRO EXTORSIVO","1"
"07/09/2007","73","TOLIMA","73555","PLANADAS","ARTICULO 169. SECUESTRO EXTORSIVO","1"
"07/09/2007","73","TOLIMA","73555","PLANADAS","ARTICULO 169. SECUESTRO EXTORSIVO","1"
"07/09/2007","20","CESAR","20228","CURUMANI","ARTICULO 169. SECUESTRO EXTORSIVO","1"
"07/09/2007","76","VALLE DEL CAUCA","76892","YUMBO","ARTICULO 169. SECUESTRO EXTORSIVO","1"
"05/09/2007","11","BOGOTA D.C.","11001","BOGOTA D.C.","ARTICULO 169. SECUESTRO EXTORSIVO","1"
"05/09/2007","47","MAGDALENA","47058","ARIGUANI","ARTICULO 168. SECUESTRO SIMPLE","1"
"05/09/2007","19","CAUCA","19548","PIENDAMO - TUNIA","ARTICULO 169. SECUESTRO EXTORSIVO","1"
"04/09/2007","52","NARIÑO","52001","PASTO","ARTICULO 168. SECUESTRO SIMPLE","1"
"04/09/2007","76","VALLE DEL CAUCA","76109","BUENAVENTURA","ARTICULO 169. SECUESTRO EXTORSIVO","1"
"03/09/2007","73","TOLIMA","73870","VILLAHERMOSA","ARTICULO 169. SECUESTRO EXTORSIVO","1"
"02/09/2007","47","MAGDALENA","47555","PLATO","ARTICULO 168. SECUESTRO SIMPLE","1"
"31/08/2007","47","MAGDALENA","47001","SANTA MARTA","ARTICULO 169. SECUESTRO EXTORSIVO","1"
"31/08/2007","47","MAGDALENA","47001","SANTA MARTA","ARTICULO 168. SECUESTRO SIMPLE","1"
"31/08/2007","47","MAGDALENA","47001","SANTA MARTA","ARTICULO 168. SECUESTRO SIMPLE","1"
"30/08/2007","27","CHOCO","27001","QUIBDO","ARTICULO 168. SECUESTRO SIMPLE","1"
"30/08/2007","27","CHOCO","27001","QUIBDO","ARTICULO 169. SECUESTRO EXTORSIVO","1"
"29/08/2007","81","ARAUCA","81736","SARAVENA","ARTICULO 168. SECUESTRO SIMPLE","1"
"27/08/2007","76","VALLE DEL CAUCA","76001","CALI","ARTICULO 168. SECUESTRO SIMPLE","1"
"27/08/2007","05","ANTIOQUIA","05642","SALGAR","ARTICULO 169. SECUESTRO EXTORSIVO","1"
"27/08/2007","05","ANTIOQUIA","05642","SALGAR","ARTICULO 169. SECUESTRO EXTORSIVO","1"
"26/08/2007","05","ANTIOQUIA","05480","MUTATA","ARTICULO 169. SECUESTRO EXTORSIVO","1"
"26/08/2007","05","ANTIOQUIA","05480","MUTATA","ARTICULO 169. SECUESTRO EXTORSIVO","1"
"24/08/2007","05","ANTIOQUIA","05190","CISNEROS","ARTICULO 169. SECUESTRO EXTORSIVO","1"
"23/08/2007","70","SUCRE","70823","SAN JOSE DE TOLUVIEJO","ARTICULO 169. SECUESTRO EXTORSIVO","1"
"22/08/2007","73","TOLIMA","73001","IBAGUE","ARTICULO 168. SECUESTRO SIMPLE","1"
"20/08/2007","73","TOLIMA","73236","DOLORES","ARTICULO 169. SECUESTRO EXTORSIVO","1"
"20/08/2007","73","TOLIMA","73236","DOLORES","ARTICULO 169. SECUESTRO EXTORSIVO","1"
"20/08/2007","73","TOLIMA","73236","DOLORES","ARTICULO 169. SECUESTRO EXTORSIVO","1"
"20/08/2007","11","BOGOTA D.C.","11001","BOGOTA D.C.","ARTICULO 169. SECUESTRO EXTORSIVO","1"
"18/08/2007","86","PUTUMAYO","86865","VALLE DEL GUAMUEZ","ARTICULO 169. SECUESTRO EXTORSIVO","1"
"18/08/2007","52","NARIÑO","52540","POLICARPA","ARTICULO 168. SECUESTRO SIMPLE","1"
"17/08/2007","81","ARAUCA","81736","SARAVENA","ARTICULO 168. SECUESTRO SIMPLE","1"
"17/08/2007","73","TOLIMA","73411","LIBANO","ARTICULO 168. SECUESTRO SIMPLE","1"
"17/08/2007","08","ATLANTICO","08001","BARRANQUILLA","ARTICULO 168. SECUESTRO SIMPLE","1"
"16/08/2007","23","CORDOBA","23807","TIERRALTA","ARTICULO 169. SECUESTRO EXTORSIVO","1"
"15/08/2007","25","CUNDINAMARCA","25799","TENJO","ARTICULO 168. SECUESTRO SIMPLE","1"
"14/08/2007","05","ANTIOQUIA","05093","BETULIA","ARTICULO 169. SECUESTRO EXTORSIVO","1"
"14/08/2007","05","ANTIOQUIA","05093","BETULIA","ARTICULO 168. SECUESTRO SIMPLE","1"
"13/08/2007","76","VALLE DEL CAUCA","76001","CALI","ARTICULO 169. SECUESTRO EXTORSIVO","1"
"11/08/2007","68","SANTANDER","68406","LEBRIJA","ARTICULO 169. SECUESTRO EXTORSIVO","1"
"11/08/2007","73","TOLIMA","73001","IBAGUE","ARTICULO 169. SECUESTRO EXTORSIVO","1"
"10/08/2007","11","BOGOTA D.C.","11001","BOGOTA D.C.","ARTICULO 168. SECUESTRO SIMPLE","1"
"10/08/2007","76","VALLE DEL CAUCA","76020","ALCALA","ARTICULO 169. SECUESTRO EXTORSIVO","1"
"09/08/2007","66","RISARALDA","66001","PEREIRA","ARTICULO 168. SECUESTRO SIMPLE","1"
"09/08/2007","08","ATLANTICO","08758","SOLEDAD","ARTICULO 168. SECUESTRO SIMPLE","1"
"08/08/2007","81","ARAUCA","81736","SARAVENA","ARTICULO 168. SECUESTRO SIMPLE","1"
"08/08/2007","81","ARAUCA","81736","SARAVENA","ARTICULO 168. SECUESTRO SIMPLE","1"
"08/08/2007","54","NORTE DE SANTANDER","54001","CUCUTA","ARTICULO 169. SECUESTRO EXTORSIVO","1"
"08/08/2007","17","CALDAS","17614","RIOSUCIO","ARTICULO 169. SECUESTRO EXTORSIVO","1"
"07/08/2007","19","CAUCA","19001","POPAYAN","ARTICULO 169. SECUESTRO EXTORSIVO","1"
"05/08/2007","52","NARIÑO","52001","PASTO","ARTICULO 168. SECUESTRO SIMPLE","1"
"05/08/2007","54","NORTE DE SANTANDER","54518","PAMPLONA","ARTICULO 168. SECUESTRO SIMPLE","1"
"04/08/2007","25","CUNDINAMARCA","25035","ANAPOIMA","ARTICULO 169. SECUESTRO EXTORSIVO","1"
"03/08/2007","81","ARAUCA","81736","SARAVENA","ARTICULO 168. SECUESTRO SIMPLE","1"
"03/08/2007","81","ARAUCA","81736","SARAVENA","ARTICULO 168. SECUESTRO SIMPLE","1"
"03/08/2007","73","TOLIMA","73001","IBAGUE","ARTICULO 169. SECUESTRO EXTORSIVO","1"
"03/08/2007","08","ATLANTICO","08001","BARRANQUILLA","ARTICULO 168. SECUESTRO SIMPLE","1"
"03/08/2007","50","META","50400","LEJANIAS","ARTICULO 169. SECUESTRO EXTORSIVO","1"
"02/08/2007","94","GUAINIA","94001","INIRIDA","ARTICULO 168. SECUESTRO SIMPLE","1"
"02/08/2007","50","META","50001","VILLAVICENCIO","ARTICULO 168. SECUESTRO SIMPLE","1"
"30/07/2007","05","ANTIOQUIA","05040","ANORI","ARTICULO 168. SECUESTRO SIMPLE","1"
"29/07/2007","76","VALLE DEL CAUCA","76520","PALMIRA","ARTICULO 169. SECUESTRO EXTORSIVO","1"
"29/07/2007","13","BOLIVAR","13244","EL CARMEN DE BOLIVAR","ARTICULO 168. SECUESTRO SIMPLE","1"
"28/07/2007","11","BOGOTA D.C.","11001","BOGOTA D.C.","ARTICULO 168. SECUESTRO SIMPLE","1"
"28/07/2007","11","BOGOTA D.C.","11001","BOGOTA D.C.","ARTICULO 169. SECUESTRO EXTORSIVO","1"
"27/07/2007","73","TOLIMA","73001","IBAGUE","ARTICULO 168. SECUESTRO SIMPLE","1"
"27/07/2007","73","TOLIMA","73001","IBAGUE","ARTICULO 168. SECUESTRO SIMPLE","1"
"27/07/2007","23","CORDOBA","23001","MONTERIA","ARTICULO 168. SECUESTRO SIMPLE","1"
"25/07/2007","05","ANTIOQUIA","05001","MEDELLIN","ARTICULO 168. SECUESTRO SIMPLE","1"
"25/07/2007","81","ARAUCA","81300","FORTUL","ARTICULO 168. SECUESTRO SIMPLE","1"
"25/07/2007","73","TOLIMA","73055","ARMERO","ARTICULO 168. SECUESTRO SIMPLE","1"
"23/07/2007","81","ARAUCA","81736","SARAVENA","ARTICULO 168. SECUESTRO SIMPLE","1"
"23/07/2007","81","ARAUCA","81736","SARAVENA","ARTICULO 168. SECUESTRO SIMPLE","1"
"23/07/2007","81","ARAUCA","81736","SARAVENA","ARTICULO 168. SECUESTRO SIMPLE","1"
"23/07/2007","81","ARAUCA","81736","SARAVENA","ARTICULO 168. SECUESTRO SIMPLE","1"
"23/07/2007","81","ARAUCA","81736","SARAVENA","ARTICULO 168. SECUESTRO SIMPLE","1"
"23/07/2007","81","ARAUCA","81736","SARAVENA","ARTICULO 168. SECUESTRO SIMPLE","1"
"22/07/2007","81","ARAUCA","81300","FORTUL","ARTICULO 168. SECUESTRO SIMPLE","1"
"21/07/2007","50","META","50370","URIBE","ARTICULO 168. SECUESTRO SIMPLE","1"
"21/07/2007","23","CORDOBA","23001","MONTERIA","ARTICULO 168. SECUESTRO SIMPLE","1"
"20/07/2007","11","BOGOTA D.C.","11001","BOGOTA D.C.","ARTICULO 168. SECUESTRO SIMPLE","1"
"19/07/2007","52","NARIÑO","52678","SAMANIEGO","ARTICULO 169. SECUESTRO EXTORSIVO","1"
"19/07/2007","25","CUNDINAMARCA","25320","GUADUAS","ARTICULO 168. SECUESTRO SIMPLE","1"
"19/07/2007","25","CUNDINAMARCA","25320","GUADUAS","ARTICULO 168. SECUESTRO SIMPLE","1"
"19/07/2007","25","CUNDINAMARCA","25320","GUADUAS","ARTICULO 168. SECUESTRO SIMPLE","1"
"19/07/2007","66","RISARALDA","66682","SANTA ROSA DE CABAL","ARTICULO 168. SECUESTRO SIMPLE","1"
"19/07/2007","18","CAQUETA","18256","EL PAUJIL","ARTICULO 168. SECUESTRO SIMPLE","1"
"19/07/2007","81","ARAUCA","81300","FORTUL","ARTICULO 168. SECUESTRO SIMPLE","1"
"18/07/2007","11","BOGOTA D.C.","11001","BOGOTA D.C.","ARTICULO 169. SECUESTRO EXTORSIVO","1"
"18/07/2007","73","TOLIMA","73408","LERIDA","ARTICULO 168. SECUESTRO SIMPLE","1"
"17/07/2007","47","MAGDALENA","47001","SANTA MARTA","ARTICULO 169. SECUESTRO EXTORSIVO","1"
"16/07/2007","05","ANTIOQUIA","05091","BETANIA","ARTICULO 169. SECUESTRO EXTORSIVO","1"
"15/07/2007","13","BOLIVAR","13580","REGIDOR","ARTICULO 169. SECUESTRO EXTORSIVO","1"
"15/07/2007","13","BOLIVAR","13580","REGIDOR","ARTICULO 169. SECUESTRO EXTORSIVO","1"
"15/07/2007","73","TOLIMA","73001","IBAGUE","ARTICULO 168. SECUESTRO SIMPLE","1"
"15/07/2007","73","TOLIMA","73408","LERIDA","ARTICULO 169. SECUESTRO EXTORSIVO","1"
"14/07/2007","05","ANTIOQUIA","05376","LA CEJA","ARTICULO 168. SECUESTRO SIMPLE","1"
"14/07/2007","05","ANTIOQUIA","05376","LA CEJA","ARTICULO 168. SECUESTRO SIMPLE","1"
"14/07/2007","20","CESAR","20710","SAN ALBERTO","ARTICULO 169. SECUESTRO EXTORSIVO","1"
"14/07/2007","54","NORTE DE SANTANDER","54518","PAMPLONA","ARTICULO 168. SECUESTRO SIMPLE","1"
"13/07/2007","86","PUTUMAYO","86001","MOCOA","ARTICULO 169. SECUESTRO EXTORSIVO","1"
"12/07/2007","05","ANTIOQUIA","05044","ANZA","ARTICULO 169. SECUESTRO EXTORSIVO","1"
"12/07/2007","05","ANTIOQUIA","05001","MEDELLIN","ARTICULO 168. SECUESTRO SIMPLE","1"
"12/07/2007","41","HUILA","41001","NEIVA","ARTICULO 168. SECUESTRO SIMPLE","1"
"12/07/2007","19","CAUCA","19001","POPAYAN","ARTICULO 169. SECUESTRO EXTORSIVO","1"
"12/07/2007","76","VALLE DEL CAUCA","76001","CALI","ARTICULO 169. SECUESTRO EXTORSIVO","1"
"11/07/2007","73","TOLIMA","73001","IBAGUE","ARTICULO 168. SECUESTRO SIMPLE","1"
"11/07/2007","73","TOLIMA","73001","IBAGUE","ARTICULO 168. SECUESTRO SIMPLE","1"
"11/07/2007","73","TOLIMA","73001","IBAGUE","ARTICULO 168. SECUESTRO SIMPLE","1"
"10/07/2007","52","NARIÑO","52001","PASTO","ARTICULO 168. SECUESTRO SIMPLE","1"
"10/07/2007","76","VALLE DEL CAUCA","76834","TULUA","ARTICULO 168. SECUESTRO SIMPLE","1"
"10/07/2007","73","TOLIMA","73001","IBAGUE","ARTICULO 168. SECUESTRO SIMPLE","1"
"10/07/2007","73","TOLIMA","73001","IBAGUE","ARTICULO 168. SECUESTRO SIMPLE","1"
"10/07/2007","73","TOLIMA","73001","IBAGUE","ARTICULO 168. SECUESTRO SIMPLE","1"
"10/07/2007","73","TOLIMA","73001","IBAGUE","ARTICULO 168. SECUESTRO SIMPLE","1"
"10/07/2007","19","CAUCA","19001","POPAYAN","ARTICULO 168. SECUESTRO SIMPLE","1"
"10/07/2007","73","TOLIMA","73001","IBAGUE","ARTICULO 169. SECUESTRO EXTORSIVO","1"
"09/07/2007","81","ARAUCA","81065","ARAUQUITA","ARTICULO 168. SECUESTRO SIMPLE","1"
"07/07/2007","52","NARIÑO","52001","PASTO","ARTICULO 168. SECUESTRO SIMPLE","1"
"07/07/2007","20","CESAR","20383","LA GLORIA","ARTICULO 168. SECUESTRO SIMPLE","1"
"07/07/2007","41","HUILA","41001","NEIVA","ARTICULO 168. SECUESTRO SIMPLE","1"
"06/07/2007","08","ATLANTICO","08001","BARRANQUILLA","ARTICULO 168. SECUESTRO SIMPLE","1"
"06/07/2007","25","CUNDINAMARCA","25899","ZIPAQUIRA","ARTICULO 169. SECUESTRO EXTORSIVO","1"
"06/07/2007","25","CUNDINAMARCA","25899","ZIPAQUIRA","ARTICULO 169. SECUESTRO EXTORSIVO","1"
"06/07/2007","52","NARIÑO","52001","PASTO","ARTICULO 168. SECUESTRO SIMPLE","1"
"05/07/2007","54","NORTE DE SANTANDER","54398","LA PLAYA","ARTICULO 169. SECUESTRO EXTORSIVO","1"
"04/07/2007","18","CAQUETA","18001","FLORENCIA","ARTICULO 169. SECUESTRO EXTORSIVO","1"
"04/07/2007","18","CAQUETA","18001","FLORENCIA","ARTICULO 169. SECUESTRO EXTORSIVO","1"
"03/07/2007","52","NARIÑO","52001","PASTO","ARTICULO 168. SECUESTRO SIMPLE","1"
"03/07/2007","73","TOLIMA","73001","IBAGUE","ARTICULO 168. SECUESTRO SIMPLE","1"
"02/07/2007","73","TOLIMA","73319","GUAMO","ARTICULO 168. SECUESTRO SIMPLE","1"
"01/07/2007","44","LA GUAJIRA","44001","RIOHACHA","ARTICULO 169. SECUESTRO EXTORSIVO","1"
"01/07/2007","81","ARAUCA","81736","SARAVENA","ARTICULO 168. SECUESTRO SIMPLE","1"
"01/07/2007","50","META","50001","VILLAVICENCIO","ARTICULO 169. SECUESTRO EXTORSIVO","1"
"01/07/2007","25","CUNDINAMARCA","25718","SASAIMA","ARTICULO 168. SECUESTRO SIMPLE","1"
"01/07/2007","52","NARIÑO","52835","SAN ANDRES DE TUMACO","ARTICULO 169. SECUESTRO EXTORSIVO","1"
"30/06/2007","73","TOLIMA","73168","CHAPARRAL","ARTICULO 169. SECUESTRO EXTORSIVO","1"
"30/06/2007","81","ARAUCA","81001","ARAUCA","ARTICULO 168. SECUESTRO SIMPLE","1"
"29/06/2007","05","ANTIOQUIA","05138","CAÑASGORDAS","ARTICULO 169. SECUESTRO EXTORSIVO","1"
"28/06/2007","81","ARAUCA","81736","SARAVENA","ARTICULO 168. SECUESTRO SIMPLE","1"
"28/06/2007","76","VALLE DEL CAUCA","76520","PALMIRA","ARTICULO 168. SECUESTRO SIMPLE","1"
"27/06/2007","73","TOLIMA","73001","IBAGUE","ARTICULO 169. SECUESTRO EXTORSIVO","1"
"26/06/2007","73","TOLIMA","73411","LIBANO","ARTICULO 169. SECUESTRO EXTORSIVO","1"
"26/06/2007","81","ARAUCA","81736","SARAVENA","ARTICULO 168. SECUESTRO SIMPLE","1"
"26/06/2007","86","PUTUMAYO","86885","VILLAGARZON","ARTICULO 168. SECUESTRO SIMPLE","1"
"26/06/2007","86","PUTUMAYO","86885","VILLAGARZON","ARTICULO 168. SECUESTRO SIMPLE","1"
"26/06/2007","86","PUTUMAYO","86885","VILLAGARZON","ARTICULO 168. SECUESTRO SIMPLE","1"
"26/06/2007","86","PUTUMAYO","86885","VILLAGARZON","ARTICULO 168. SECUESTRO SIMPLE","1"
"26/06/2007","86","PUTUMAYO","86885","VILLAGARZON","ARTICULO 168. SECUESTRO SIMPLE","1"
"26/06/2007","86","PUTUMAYO","86885","VILLAGARZON","ARTICULO 168. SECUESTRO SIMPLE","1"
"26/06/2007","18","CAQUETA","18753","SAN VICENTE DEL CAGUAN","ARTICULO 168. SECUESTRO SIMPLE","1"
"24/06/2007","41","HUILA","41298","GARZON","ARTICULO 169. SECUESTRO EXTORSIVO","1"
"23/06/2007","73","TOLIMA","73001","IBAGUE","ARTICULO 168. SECUESTRO SIMPLE","1"
"22/06/2007","73","TOLIMA","73275","FLANDES","ARTICULO 168. SECUESTRO SIMPLE","1"
"22/06/2007","73","TOLIMA","73001","IBAGUE","ARTICULO 168. SECUESTRO SIMPLE","1"
"22/06/2007","76","VALLE DEL CAUCA","76001","CALI","ARTICULO 169. SECUESTRO EXTORSIVO","1"
"22/06/2007","81","ARAUCA","81001","ARAUCA","ARTICULO 168. SECUESTRO SIMPLE","1"
"21/06/2007","52","NARIÑO","52001","PASTO","ARTICULO 168. SECUESTRO SIMPLE","1"
"19/06/2007","81","ARAUCA","81300","FORTUL","ARTICULO 168. SECUESTRO SIMPLE","1"
"19/06/2007","25","CUNDINAMARCA","25269","FACATATIVA","ARTICULO 168. SECUESTRO SIMPLE","1"
"19/06/2007","11","BOGOTA D.C.","11001","BOGOTA D.C.","ARTICULO 169. SECUESTRO EXTORSIVO","1"
"18/06/2007","44","LA GUAJIRA","44090","DIBULLA","ARTICULO 169. SECUESTRO EXTORSIVO","1"
"17/06/2007","54","NORTE DE SANTANDER","54003","ABREGO","ARTICULO 169. SECUESTRO EXTORSIVO","1"
"17/06/2007","73","TOLIMA","73861","VENADILLO","ARTICULO 168. SECUESTRO SIMPLE","1"
"17/06/2007","05","ANTIOQUIA","05150","CAROLINA","ARTICULO 169. SECUESTRO EXTORSIVO","1"
"16/06/2007","44","LA GUAJIRA","44001","RIOHACHA","ARTICULO 168. SECUESTRO SIMPLE","1"
"15/06/2007","54","NORTE DE SANTANDER","54001","CUCUTA","ARTICULO 168. SECUESTRO SIMPLE","1"
"15/06/2007","52","NARIÑO","52317","GUACHUCAL","ARTICULO 169. SECUESTRO EXTORSIVO","1"
"15/06/2007","25","CUNDINAMARCA","25328","GUAYABAL DE SIQUIMA","ARTICULO 168. SECUESTRO SIMPLE","1"
"15/06/2007","11","BOGOTA D.C.","11001","BOGOTA D.C.","ARTICULO 169. SECUESTRO EXTORSIVO","1"
"14/06/2007","11","BOGOTA D.C.","11001","BOGOTA D.C.","ARTICULO 169. SECUESTRO EXTORSIVO","1"
"13/06/2007","15","BOYACA","15537","PAZ DE RIO","ARTICULO 169. SECUESTRO EXTORSIVO","1"
"12/06/2007","76","VALLE DEL CAUCA","76001","CALI","ARTICULO 168. SECUESTRO SIMPLE","1"
"12/06/2007","76","VALLE DEL CAUCA","76001","CALI","ARTICULO 168. SECUESTRO SIMPLE","1"
"12/06/2007","66","RISARALDA","66001","PEREIRA","ARTICULO 168. SECUESTRO SIMPLE","1"
"09/06/2007","18","CAQUETA","18150","CARTAGENA DEL CHAIRA","ARTICULO 169. SECUESTRO EXTORSIVO","1"
"09/06/2007","18","CAQUETA","18150","CARTAGENA DEL CHAIRA","ARTICULO 169. SECUESTRO EXTORSIVO","1"
"09/06/2007","18","CAQUETA","18150","CARTAGENA DEL CHAIRA","ARTICULO 169. SECUESTRO EXTORSIVO","1"
"09/06/2007","15","BOYACA","15776","SUTAMARCHAN","ARTICULO 169. SECUESTRO EXTORSIVO","1"
"07/06/2007","17","CALDAS","17001","MANIZALES","ARTICULO 169. SECUESTRO EXTORSIVO","1"
"06/06/2007","73","TOLIMA","73504","ORTEGA","ARTICULO 169. SECUESTRO EXTORSIVO","1"
"05/06/2007","52","NARIÑO","52001","PASTO","ARTICULO 168. SECUESTRO SIMPLE","1"
"05/06/2007","47","MAGDALENA","47245","EL BANCO","ARTICULO 169. SECUESTRO EXTORSIVO","1"
"04/06/2007","19","CAUCA","19455","MIRANDA","ARTICULO 168. SECUESTRO SIMPLE","1"
"04/06/2007","19","CAUCA","19455","MIRANDA","ARTICULO 168. SECUESTRO SIMPLE","1"
"04/06/2007","19","CAUCA","19455","MIRANDA","ARTICULO 168. SECUESTRO SIMPLE","1"
"04/06/2007","50","META","50568","PUERTO GAITAN","ARTICULO 168. SECUESTRO SIMPLE","1"
"02/06/2007","52","NARIÑO","52560","POTOSI","ARTICULO 168. SECUESTRO SIMPLE","1"
"02/06/2007","73","TOLIMA","73283","FRESNO","ARTICULO 168. SECUESTRO SIMPLE","1"
"02/06/2007","15","BOYACA","15814","TOCA","ARTICULO 169. SECUESTRO EXTORSIVO","1"
"02/06/2007","73","TOLIMA","73001","IBAGUE","ARTICULO 168. SECUESTRO SIMPLE","1"
"01/06/2007","73","TOLIMA","73001","IBAGUE","ARTICULO 168. SECUESTRO SIMPLE","1"
"01/06/2007","47","MAGDALENA","47001","SANTA MARTA","ARTICULO 168. SECUESTRO SIMPLE","1"
"31/05/2007","81","ARAUCA","81001","ARAUCA","ARTICULO 168. SECUESTRO SIMPLE","1"
"31/05/2007","05","ANTIOQUIA","05308","GIRARDOTA","ARTICULO 168. SECUESTRO SIMPLE","1"
"31/05/2007","05","ANTIOQUIA","05308","GIRARDOTA","ARTICULO 168. SECUESTRO SIMPLE","1"
"31/05/2007","05","ANTIOQUIA","05308","GIRARDOTA","ARTICULO 168. SECUESTRO SIMPLE","1"
"31/05/2007","05","ANTIOQUIA","05308","GIRARDOTA","ARTICULO 168. SECUESTRO SIMPLE","1"
"31/05/2007","05","ANTIOQUIA","05308","GIRARDOTA","ARTICULO 168. SECUESTRO SIMPLE","1"
"31/05/2007","05","ANTIOQUIA","05308","GIRARDOTA","ARTICULO 168. SECUESTRO SIMPLE","1"
"31/05/2007","76","VALLE DEL CAUCA","76109","BUENAVENTURA","ARTICULO 169. SECUESTRO EXTORSIVO","1"
"30/05/2007","05","ANTIOQUIA","05120","CACERES","ARTICULO 168. SECUESTRO SIMPLE","1"
"30/05/2007","05","ANTIOQUIA","05120","CACERES","ARTICULO 168. SECUESTRO SIMPLE","1"
"28/05/2007","54","NORTE DE SANTANDER","54001","CUCUTA","ARTICULO 169. SECUESTRO EXTORSIVO","1"
"28/05/2007","50","META","50226","CUMARAL","ARTICULO 168. SECUESTRO SIMPLE","1"
"28/05/2007","54","NORTE DE SANTANDER","54520","PAMPLONITA","ARTICULO 168. SECUESTRO SIMPLE","1"
"26/05/2007","19","CAUCA","19807","TIMBIO","ARTICULO 168. SECUESTRO SIMPLE","1"
"25/05/2007","54","NORTE DE SANTANDER","54001","CUCUTA","ARTICULO 169. SECUESTRO EXTORSIVO","1"
"25/05/2007","52","NARIÑO","52001","PASTO","ARTICULO 168. SECUESTRO SIMPLE","1"
"24/05/2007","68","SANTANDER","68575","PUERTO WILCHES","ARTICULO 168. SECUESTRO SIMPLE","1"
"24/05/2007","68","SANTANDER","68575","PUERTO WILCHES","ARTICULO 169. SECUESTRO EXTORSIVO","1"
"24/05/2007","52","NARIÑO","52418","LOS ANDES","ARTICULO 168. SECUESTRO SIMPLE","1"
"23/05/2007","73","TOLIMA","73283","FRESNO","ARTICULO 168. SECUESTRO SIMPLE","1"
"23/05/2007","73","TOLIMA","73283","FRESNO","ARTICULO 168. SECUESTRO SIMPLE","1"
"23/05/2007","25","CUNDINAMARCA","25769","SUBACHOQUE","ARTICULO 168. SECUESTRO SIMPLE","1"
"22/05/2007","52","NARIÑO","52317","GUACHUCAL","ARTICULO 168. SECUESTRO SIMPLE","1"
"21/05/2007","73","TOLIMA","73067","ATACO","ARTICULO 169. SECUESTRO EXTORSIVO","1"
"20/05/2007","25","CUNDINAMARCA","25019","ALBAN","ARTICULO 168. SECUESTRO SIMPLE","1"
"20/05/2007","86","PUTUMAYO","86568","PUERTO ASIS","ARTICULO 169. SECUESTRO EXTORSIVO","1"
"20/05/2007","86","PUTUMAYO","86568","PUERTO ASIS","ARTICULO 169. SECUESTRO EXTORSIVO","1"
"19/05/2007","08","ATLANTICO","08001","BARRANQUILLA","ARTICULO 168. SECUESTRO SIMPLE","1"
"18/05/2007","52","NARIÑO","52405","LEIVA","ARTICULO 168. SECUESTRO SIMPLE","1"
"17/05/2007","52","NARIÑO","52418","LOS ANDES","ARTICULO 168. SECUESTRO SIMPLE","1"
"17/05/2007","52","NARIÑO","52254","EL PEÑOL","ARTICULO 168. SECUESTRO SIMPLE","1"
"17/05/2007","54","NORTE DE SANTANDER","54720","SARDINATA","ARTICULO 169. SECUESTRO EXTORSIVO","1"
"16/05/2007","23","CORDOBA","23807","TIERRALTA","ARTICULO 168. SECUESTRO SIMPLE","1"
"16/05/2007","23","CORDOBA","23807","TIERRALTA","ARTICULO 168. SECUESTRO SIMPLE","1"
"15/05/2007","54","NORTE DE SANTANDER","54518","PAMPLONA","ARTICULO 168. SECUESTRO SIMPLE","1"
"15/05/2007","76","VALLE DEL CAUCA","76001","CALI","ARTICULO 169. SECUESTRO EXTORSIVO","1"
"14/05/2007","11","BOGOTA D.C.","11001","BOGOTA D.C.","ARTICULO 168. SECUESTRO SIMPLE","1"
"14/05/2007","25","CUNDINAMARCA","25718","SASAIMA","ARTICULO 168. SECUESTRO SIMPLE","1"
"13/05/2007","05","ANTIOQUIA","05756","SONSON","ARTICULO 169. SECUESTRO EXTORSIVO","1"
"13/05/2007","73","TOLIMA","73585","PURIFICACION","ARTICULO 169. SECUESTRO EXTORSIVO","1"
"13/05/2007","52","NARIÑO","52317","GUACHUCAL","ARTICULO 168. SECUESTRO SIMPLE","1"
"12/05/2007","76","VALLE DEL CAUCA","76520","PALMIRA","ARTICULO 169. SECUESTRO EXTORSIVO","1"
"12/05/2007","73","TOLIMA","73001","IBAGUE","ARTICULO 168. SECUESTRO SIMPLE","1"
"12/05/2007","52","NARIÑO","52411","LINARES","ARTICULO 168. SECUESTRO SIMPLE","1"
"09/05/2007","11","BOGOTA D.C.","11001","BOGOTA D.C.","ARTICULO 169. SECUESTRO EXTORSIVO","1"
"08/05/2007","66","RISARALDA","66400","LA VIRGINIA","ARTICULO 168. SECUESTRO SIMPLE","1"
"08/05/2007","76","VALLE DEL CAUCA","76001","CALI","ARTICULO 169. SECUESTRO EXTORSIVO","1"
"07/05/2007","25","CUNDINAMARCA","25322","GUASCA","ARTICULO 168. SECUESTRO SIMPLE","1"
"06/05/2007","23","CORDOBA","23417","LORICA","ARTICULO 168. SECUESTRO SIMPLE","1"
"05/05/2007","15","BOYACA","15842","UMBITA","ARTICULO 168. SECUESTRO SIMPLE","1"
"04/05/2007","20","CESAR","20238","EL COPEY","ARTICULO 168. SECUESTRO SIMPLE","1"
"04/05/2007","66","RISARALDA","66682","SANTA ROSA DE CABAL","ARTICULO 168. SECUESTRO SIMPLE","1"
"04/05/2007","11","BOGOTA D.C.","11001","BOGOTA D.C.","ARTICULO 169. SECUESTRO EXTORSIVO","1"
"03/05/2007","25","CUNDINAMARCA","25754","SOACHA","ARTICULO 168. SECUESTRO SIMPLE","1"
"02/05/2007","52","NARIÑO","52356","IPIALES","ARTICULO 168. SECUESTRO SIMPLE","1"
"01/05/2007","17","CALDAS","17001","MANIZALES","ARTICULO 169. SECUESTRO EXTORSIVO","1"
"28/04/2007","76","VALLE DEL CAUCA","76364","JAMUNDI","ARTICULO 169. SECUESTRO EXTORSIVO","1"
"27/04/2007","08","ATLANTICO","08001","BARRANQUILLA","ARTICULO 168. SECUESTRO SIMPLE","1"
"25/04/2007","66","RISARALDA","66001","PEREIRA","ARTICULO 169. SECUESTRO EXTORSIVO","1"
"24/04/2007","52","NARIÑO","52001","PASTO","ARTICULO 168. SECUESTRO SIMPLE","1"
"24/04/2007","25","CUNDINAMARCA","25530","PARATEBUENO","ARTICULO 169. SECUESTRO EXTORSIVO","1"
"23/04/2007","11","BOGOTA D.C.","11001","BOGOTA D.C.","ARTICULO 168. SECUESTRO SIMPLE","1"
"23/04/2007","73","TOLIMA","73861","VENADILLO","ARTICULO 168. SECUESTRO SIMPLE","1"
"23/04/2007","73","TOLIMA","73861","VENADILLO","ARTICULO 168. SECUESTRO SIMPLE","1"
"22/04/2007","52","NARIÑO","52317","GUACHUCAL","ARTICULO 169. SECUESTRO EXTORSIVO","1"
"22/04/2007","68","SANTANDER","68547","PIEDECUESTA","ARTICULO 169. SECUESTRO EXTORSIVO","1"
"20/04/2007","11","BOGOTA D.C.","11001","BOGOTA D.C.","ARTICULO 169. SECUESTRO EXTORSIVO","1"
"20/04/2007","66","RISARALDA","66682","SANTA ROSA DE CABAL","ARTICULO 169. SECUESTRO EXTORSIVO","1"
"20/04/2007","66","RISARALDA","66572","PUEBLO RICO","ARTICULO 168. SECUESTRO SIMPLE","1"
"19/04/2007","73","TOLIMA","73408","LERIDA","ARTICULO 168. SECUESTRO SIMPLE","1"
"17/04/2007","73","TOLIMA","73616","RIOBLANCO","ARTICULO 169. SECUESTRO EXTORSIVO","1"
"16/04/2007","76","VALLE DEL CAUCA","76834","TULUA","ARTICULO 169. SECUESTRO EXTORSIVO","1"
"14/04/2007","08","ATLANTICO","08001","BARRANQUILLA","ARTICULO 168. SECUESTRO SIMPLE","1"
"13/04/2007","25","CUNDINAMARCA","25286","FUNZA","ARTICULO 169. SECUESTRO EXTORSIVO","1"
"13/04/2007","18","CAQUETA","18753","SAN VICENTE DEL CAGUAN","ARTICULO 168. SECUESTRO SIMPLE","1"
"12/04/2007","73","TOLIMA","73861","VENADILLO","ARTICULO 168. SECUESTRO SIMPLE","1"
"11/04/2007","66","RISARALDA","66682","SANTA ROSA DE CABAL","ARTICULO 169. SECUESTRO EXTORSIVO","1"
"11/04/2007","73","TOLIMA","73861","VENADILLO","ARTICULO 168. SECUESTRO SIMPLE","1"
"11/04/2007","73","TOLIMA","73861","VENADILLO","ARTICULO 168. SECUESTRO SIMPLE","1"
"10/04/2007","25","CUNDINAMARCA","25599","APULO","ARTICULO 169. SECUESTRO EXTORSIVO","1"
"10/04/2007","47","MAGDALENA","47001","SANTA MARTA","ARTICULO 169. SECUESTRO EXTORSIVO","1"
"09/04/2007","19","CAUCA","19001","POPAYAN","ARTICULO 169. SECUESTRO EXTORSIVO","1"
"08/04/2007","05","ANTIOQUIA","05172","CHIGORODO","ARTICULO 169. SECUESTRO EXTORSIVO","1"
"08/04/2007","05","ANTIOQUIA","05172","CHIGORODO","ARTICULO 169. SECUESTRO EXTORSIVO","1"
"08/04/2007","05","ANTIOQUIA","05172","CHIGORODO","ARTICULO 169. SECUESTRO EXTORSIVO","1"
"08/04/2007","05","ANTIOQUIA","05172","CHIGORODO","ARTICULO 169. SECUESTRO EXTORSIVO","1"
"08/04/2007","05","ANTIOQUIA","05172","CHIGORODO","ARTICULO 169. SECUESTRO EXTORSIVO","1"
"03/04/2007","76","VALLE DEL CAUCA","76001","CALI","ARTICULO 168. SECUESTRO SIMPLE","1"
"03/04/2007","76","VALLE DEL CAUCA","76001","CALI","ARTICULO 168. SECUESTRO SIMPLE","1"
"03/04/2007","25","CUNDINAMARCA","25269","FACATATIVA","ARTICULO 168. SECUESTRO SIMPLE","1"
"03/04/2007","25","CUNDINAMARCA","25269","FACATATIVA","ARTICULO 168. SECUESTRO SIMPLE","1"
"01/04/2007","47","MAGDALENA","47001","SANTA MARTA","ARTICULO 168. SECUESTRO SIMPLE","1"
"30/03/2007","76","VALLE DEL CAUCA","76306","GINEBRA","ARTICULO 169. SECUESTRO EXTORSIVO","1"
"30/03/2007","11","BOGOTA D.C.","11001","BOGOTA D.C.","ARTICULO 169. SECUESTRO EXTORSIVO","1"
"30/03/2007","25","CUNDINAMARCA","25473","MOSQUERA","ARTICULO 168. SECUESTRO SIMPLE","1"
"30/03/2007","76","VALLE DEL CAUCA","76520","PALMIRA","ARTICULO 169. SECUESTRO EXTORSIVO","1"
"28/03/2007","05","ANTIOQUIA","05209","CONCORDIA","ARTICULO 168. SECUESTRO SIMPLE","1"
"28/03/2007","11","BOGOTA D.C.","11001","BOGOTA D.C.","ARTICULO 169. SECUESTRO EXTORSIVO","1"
"27/03/2007","05","ANTIOQUIA","05001","MEDELLIN","ARTICULO 169. SECUESTRO EXTORSIVO","1"
"27/03/2007","76","VALLE DEL CAUCA","76318","GUACARI","ARTICULO 169. SECUESTRO EXTORSIVO","1"
"26/03/2007","20","CESAR","20614","RIO DE ORO","ARTICULO 168. SECUESTRO SIMPLE","1"
"25/03/2007","08","ATLANTICO","08001","BARRANQUILLA","ARTICULO 168. SECUESTRO SIMPLE","1"
"22/03/2007","11","BOGOTA D.C.","11001","BOGOTA D.C.","ARTICULO 169. SECUESTRO EXTORSIVO","1"
"21/03/2007","11","BOGOTA D.C.","11001","BOGOTA D.C.","ARTICULO 169. SECUESTRO EXTORSIVO","1"
"21/03/2007","11","BOGOTA D.C.","11001","BOGOTA D.C.","ARTICULO 169. SECUESTRO EXTORSIVO","1"
"21/03/2007","11","BOGOTA D.C.","11001","BOGOTA D.C.","ARTICULO 169. SECUESTRO EXTORSIVO","1"
"21/03/2007","11","BOGOTA D.C.","11001","BOGOTA D.C.","ARTICULO 169. SECUESTRO EXTORSIVO","1"
"21/03/2007","11","BOGOTA D.C.","11001","BOGOTA D.C.","ARTICULO 169. SECUESTRO EXTORSIVO","1"
"21/03/2007","11","BOGOTA D.C.","11001","BOGOTA D.C.","ARTICULO 169. SECUESTRO EXTORSIVO","1"
"21/03/2007","11","BOGOTA D.C.","11001","BOGOTA D.C.","ARTICULO 169. SECUESTRO EXTORSIVO","1"
"20/03/2007","18","CAQUETA","18592","PUERTO RICO","ARTICULO 168. SECUESTRO SIMPLE","1"
"19/03/2007","54","NORTE DE SANTANDER","54518","PAMPLONA","ARTICULO 169. SECUESTRO EXTORSIVO","1"
"17/03/2007","85","CASANARE","85250","PAZ DE ARIPORO","ARTICULO 169. SECUESTRO EXTORSIVO","1"
"15/03/2007","81","ARAUCA","81794","TAME","ARTICULO 168. SECUESTRO SIMPLE","1"
"13/03/2007","27","CHOCO","27001","QUIBDO","ARTICULO 169. SECUESTRO EXTORSIVO","1"
"13/03/2007","27","CHOCO","27001","QUIBDO","ARTICULO 169. SECUESTRO EXTORSIVO","1"
"13/03/2007","27","CHOCO","27001","QUIBDO","ARTICULO 169. SECUESTRO EXTORSIVO","1"
"13/03/2007","27","CHOCO","27001","QUIBDO","ARTICULO 169. SECUESTRO EXTORSIVO","1"
"13/03/2007","27","CHOCO","27001","QUIBDO","ARTICULO 169. SECUESTRO EXTORSIVO","1"
"13/03/2007","27","CHOCO","27001","QUIBDO","ARTICULO 169. SECUESTRO EXTORSIVO","1"
"13/03/2007","27","CHOCO","27001","QUIBDO","ARTICULO 169. SECUESTRO EXTORSIVO","1"
"13/03/2007","27","CHOCO","27001","QUIBDO","ARTICULO 169. SECUESTRO EXTORSIVO","1"
"13/03/2007","27","CHOCO","27001","QUIBDO","ARTICULO 169. SECUESTRO EXTORSIVO","1"
"13/03/2007","73","TOLIMA","73026","ALVARADO","ARTICULO 169. SECUESTRO EXTORSIVO","1"
"12/03/2007","15","BOYACA","15223","CUBARA","ARTICULO 168. SECUESTRO SIMPLE","1"
"12/03/2007","15","BOYACA","15223","CUBARA","ARTICULO 168. SECUESTRO SIMPLE","1"
"12/03/2007","15","BOYACA","15223","CUBARA","ARTICULO 168. SECUESTRO SIMPLE","1"
"12/03/2007","15","BOYACA","15223","CUBARA","ARTICULO 168. SECUESTRO SIMPLE","1"
"09/03/2007","08","ATLANTICO","08001","BARRANQUILLA","ARTICULO 168. SECUESTRO SIMPLE","1"
"09/03/2007","17","CALDAS","17433","MANZANARES","ARTICULO 168. SECUESTRO SIMPLE","1"
"08/03/2007","68","SANTANDER","68377","LA BELLEZA","ARTICULO 169. SECUESTRO EXTORSIVO","1"
"06/03/2007","25","CUNDINAMARCA","25269","FACATATIVA","ARTICULO 168. SECUESTRO SIMPLE","1"
"03/03/2007","41","HUILA","41001","NEIVA","ARTICULO 168. SECUESTRO SIMPLE","1"
"03/03/2007","85","CASANARE","85125","HATO COROZAL","ARTICULO 169. SECUESTRO EXTORSIVO","1"
"03/03/2007","76","VALLE DEL CAUCA","76520","PALMIRA","ARTICULO 169. SECUESTRO EXTORSIVO","1"
"03/03/2007","11","BOGOTA D.C.","11001","BOGOTA D.C.","ARTICULO 169. SECUESTRO EXTORSIVO","1"
"02/03/2007","18","CAQUETA","18479","MORELIA","ARTICULO 168. SECUESTRO SIMPLE","1"
"01/03/2007","27","CHOCO","27001","QUIBDO","ARTICULO 168. SECUESTRO SIMPLE","1"
"28/02/2007","19","CAUCA","19212","CORINTO","ARTICULO 168. SECUESTRO SIMPLE","1"
"28/02/2007","19","CAUCA","19212","CORINTO","ARTICULO 168. SECUESTRO SIMPLE","1"
"28/02/2007","19","CAUCA","19212","CORINTO","ARTICULO 168. SECUESTRO SIMPLE","1"
"28/02/2007","18","CAQUETA","18001","FLORENCIA","ARTICULO 168. SECUESTRO SIMPLE","1"
"24/02/2007","17","CALDAS","17174","CHINCHINA","ARTICULO 169. SECUESTRO EXTORSIVO","1"
"24/02/2007","81","ARAUCA","81065","ARAUQUITA","ARTICULO 168. SECUESTRO SIMPLE","1"
"24/02/2007","81","ARAUCA","81065","ARAUQUITA","ARTICULO 168. SECUESTRO SIMPLE","1"
"22/02/2007","19","CAUCA","19001","POPAYAN","ARTICULO 168. SECUESTRO SIMPLE","1"
"21/02/2007","50","META","50711","VISTAHERMOSA","ARTICULO 169. SECUESTRO EXTORSIVO","1"
"20/02/2007","13","BOLIVAR","13001","CARTAGENA DE INDIAS","ARTICULO 169. SECUESTRO EXTORSIVO","1"
"19/02/2007","73","TOLIMA","73686","SANTA ISABEL","ARTICULO 168. SECUESTRO SIMPLE","1"
"19/02/2007","85","CASANARE","85250","PAZ DE ARIPORO","ARTICULO 168. SECUESTRO SIMPLE","1"
"17/02/2007","54","NORTE DE SANTANDER","54001","CUCUTA","ARTICULO 169. SECUESTRO EXTORSIVO","1"
"17/02/2007","54","NORTE DE SANTANDER","54518","PAMPLONA","ARTICULO 168. SECUESTRO SIMPLE","1"
"17/02/2007","41","HUILA","41349","HOBO","ARTICULO 169. SECUESTRO EXTORSIVO","1"
"16/02/2007","76","VALLE DEL CAUCA","76001","CALI","ARTICULO 168. SECUESTRO SIMPLE","1"
"16/02/2007","11","BOGOTA D.C.","11001","BOGOTA D.C.","ARTICULO 169. SECUESTRO EXTORSIVO","1"
"12/02/2007","81","ARAUCA","81065","ARAUQUITA","ARTICULO 168. SECUESTRO SIMPLE","1"
"11/02/2007","81","ARAUCA","81736","SARAVENA","ARTICULO 169. SECUESTRO EXTORSIVO","1"
"10/02/2007","52","NARIÑO","52621","ROBERTO PAYAN","ARTICULO 169. SECUESTRO EXTORSIVO","1"
"10/02/2007","52","NARIÑO","52621","ROBERTO PAYAN","ARTICULO 169. SECUESTRO EXTORSIVO","1"
"10/02/2007","52","NARIÑO","52621","ROBERTO PAYAN","ARTICULO 169. SECUESTRO EXTORSIVO","1"
"10/02/2007","52","NARIÑO","52621","ROBERTO PAYAN","ARTICULO 169. SECUESTRO EXTORSIVO","1"
"10/02/2007","11","BOGOTA D.C.","11001","BOGOTA D.C.","ARTICULO 169. SECUESTRO EXTORSIVO","1"
"10/02/2007","52","NARIÑO","52256","EL ROSARIO","ARTICULO 169. SECUESTRO EXTORSIVO","1"
"07/02/2007","11","BOGOTA D.C.","11001","BOGOTA D.C.","ARTICULO 168. SECUESTRO SIMPLE","1"
"07/02/2007","73","TOLIMA","73168","CHAPARRAL","ARTICULO 169. SECUESTRO EXTORSIVO","1"
"07/02/2007","73","TOLIMA","73168","CHAPARRAL","ARTICULO 169. SECUESTRO EXTORSIVO","1"
"06/02/2007","27","CHOCO","27001","QUIBDO","ARTICULO 169. SECUESTRO EXTORSIVO","1"
"06/02/2007","27","CHOCO","27001","QUIBDO","ARTICULO 169. SECUESTRO EXTORSIVO","1"
"06/02/2007","19","CAUCA","19256","EL TAMBO","ARTICULO 168. SECUESTRO SIMPLE","1"
"05/02/2007","11","BOGOTA D.C.","11001","BOGOTA D.C.","ARTICULO 169. SECUESTRO EXTORSIVO","1"
"05/02/2007","11","BOGOTA D.C.","11001","BOGOTA D.C.","ARTICULO 169. SECUESTRO EXTORSIVO","1"
"05/02/2007","11","BOGOTA D.C.","11001","BOGOTA D.C.","ARTICULO 169. SECUESTRO EXTORSIVO","1"
"03/02/2007","85","CASANARE","85139","MANI","ARTICULO 169. SECUESTRO EXTORSIVO","1"
"02/02/2007","11","BOGOTA D.C.","11001","BOGOTA D.C.","ARTICULO 168. SECUESTRO SIMPLE","1"
"01/02/2007","54","NORTE DE SANTANDER","54245","EL CARMEN","ARTICULO 169. SECUESTRO EXTORSIVO","1"
"01/02/2007","11","BOGOTA D.C.","11001","BOGOTA D.C.","ARTICULO 169. SECUESTRO EXTORSIVO","1"
"01/02/2007","44","LA GUAJIRA","44430","MAICAO","ARTICULO 169. SECUESTRO EXTORSIVO","1"
"01/02/2007","52","NARIÑO","52256","EL ROSARIO","ARTICULO 169. SECUESTRO EXTORSIVO","1"
"31/01/2007","19","CAUCA","19698","SANTANDER DE QUILICHAO","ARTICULO 168. SECUESTRO SIMPLE","1"
"31/01/2007","81","ARAUCA","81001","ARAUCA","ARTICULO 168. SECUESTRO SIMPLE","1"
"31/01/2007","52","NARIÑO","52001","PASTO","ARTICULO 169. SECUESTRO EXTORSIVO","1"
"31/01/2007","81","ARAUCA","81001","ARAUCA","ARTICULO 168. SECUESTRO SIMPLE","1"
"30/01/2007","76","VALLE DEL CAUCA","76109","BUENAVENTURA","ARTICULO 169. SECUESTRO EXTORSIVO","1"
"29/01/2007","05","ANTIOQUIA","05234","DABEIBA","ARTICULO 169. SECUESTRO EXTORSIVO","1"
"28/01/2007","18","CAQUETA","18001","FLORENCIA","ARTICULO 169. SECUESTRO EXTORSIVO","1"
"27/01/2007","25","CUNDINAMARCA","25743","SILVANIA","ARTICULO 168. SECUESTRO SIMPLE","1"
"27/01/2007","13","BOLIVAR","13683","SANTA ROSA","ARTICULO 168. SECUESTRO SIMPLE","1"
"26/01/2007","68","SANTANDER","68271","FLORIAN","ARTICULO 169. SECUESTRO EXTORSIVO","1"
"24/01/2007","66","RISARALDA","66001","PEREIRA","ARTICULO 168. SECUESTRO SIMPLE","1"
"24/01/2007","11","BOGOTA D.C.","11001","BOGOTA D.C.","ARTICULO 169. SECUESTRO EXTORSIVO","1"
"24/01/2007","11","BOGOTA D.C.","11001","BOGOTA D.C.","ARTICULO 169. SECUESTRO EXTORSIVO","1"
"24/01/2007","11","BOGOTA D.C.","11001","BOGOTA D.C.","ARTICULO 169. SECUESTRO EXTORSIVO","1"
"23/01/2007","11","BOGOTA D.C.","11001","BOGOTA D.C.","ARTICULO 168. SECUESTRO SIMPLE","1"
"23/01/2007","11","BOGOTA D.C.","11001","BOGOTA D.C.","ARTICULO 168. SECUESTRO SIMPLE","1"
"22/01/2007","47","MAGDALENA","47001","SANTA MARTA","ARTICULO 168. SECUESTRO SIMPLE","1"
"20/01/2007","18","CAQUETA","18860","VALPARAISO","ARTICULO 168. SECUESTRO SIMPLE","1"
"20/01/2007","47","MAGDALENA","47001","SANTA MARTA","ARTICULO 168. SECUESTRO SIMPLE","1"
"19/01/2007","11","BOGOTA D.C.","11001","BOGOTA D.C.","ARTICULO 168. SECUESTRO SIMPLE","1"
"19/01/2007","19","CAUCA","19548","PIENDAMO - TUNIA","ARTICULO 169. SECUESTRO EXTORSIVO","1"
"19/01/2007","18","CAQUETA","18460","MILAN","ARTICULO 169. SECUESTRO EXTORSIVO","1"
"18/01/2007","05","ANTIOQUIA","05234","DABEIBA","ARTICULO 169. SECUESTRO EXTORSIVO","1"
"18/01/2007","11","BOGOTA D.C.","11001","BOGOTA D.C.","ARTICULO 168. SECUESTRO SIMPLE","1"
"18/01/2007","13","BOLIVAR","13442","MARIA LA BAJA","ARTICULO 168. SECUESTRO SIMPLE","1"
"18/01/2007","76","VALLE DEL CAUCA","76520","PALMIRA","ARTICULO 169. SECUESTRO EXTORSIVO","1"
"18/01/2007","76","VALLE DEL CAUCA","76520","PALMIRA","ARTICULO 169. SECUESTRO EXTORSIVO","1"
"18/01/2007","76","VALLE DEL CAUCA","76520","PALMIRA","ARTICULO 169. SECUESTRO EXTORSIVO","1"
"18/01/2007","76","VALLE DEL CAUCA","76520","PALMIRA","ARTICULO 169. SECUESTRO EXTORSIVO","1"
"18/01/2007","18","CAQUETA","18460","MILAN","ARTICULO 169. SECUESTRO EXTORSIVO","1"
"18/01/2007","76","VALLE DEL CAUCA","76520","PALMIRA","ARTICULO 169. SECUESTRO EXTORSIVO","1"
"17/01/2007","54","NORTE DE SANTANDER","54261","EL ZULIA","ARTICULO 169. SECUESTRO EXTORSIVO","1"
"14/01/2007","68","SANTANDER","68001","BUCARAMANGA","ARTICULO 168. SECUESTRO SIMPLE","1"
"14/01/2007","47","MAGDALENA","47555","PLATO","ARTICULO 168. SECUESTRO SIMPLE","1"
"12/01/2007","05","ANTIOQUIA","05234","DABEIBA","ARTICULO 169. SECUESTRO EXTORSIVO","1"
"12/01/2007","11","BOGOTA D.C.","11001","BOGOTA D.C.","ARTICULO 168. SECUESTRO SIMPLE","1"
"11/01/2007","18","CAQUETA","18479","MORELIA","ARTICULO 168. SECUESTRO SIMPLE","1"
"10/01/2007","68","SANTANDER","68575","PUERTO WILCHES","ARTICULO 168. SECUESTRO SIMPLE","1"
"10/01/2007","68","SANTANDER","68575","PUERTO WILCHES","ARTICULO 168. SECUESTRO SIMPLE","1"
"10/01/2007","76","VALLE DEL CAUCA","76520","PALMIRA","ARTICULO 168. SECUESTRO SIMPLE","1"
"10/01/2007","15","BOYACA","15861","VENTAQUEMADA","ARTICULO 169. SECUESTRO EXTORSIVO","1"
"09/01/2007","41","HUILA","41551","PITALITO","ARTICULO 168. SECUESTRO SIMPLE","1"
"09/01/2007","11","BOGOTA D.C.","11001","BOGOTA D.C.","ARTICULO 168. SECUESTRO SIMPLE","1"
"06/01/2007","05","ANTIOQUIA","05842","URAMITA","ARTICULO 169. SECUESTRO EXTORSIVO","1"
"06/01/2007","11","BOGOTA D.C.","11001","BOGOTA D.C.","ARTICULO 168. SECUESTRO SIMPLE","1"
"02/01/2007","11","BOGOTA D.C.","11001","BOGOTA D.C.","ARTICULO 168. SECUESTRO SIMPLE","1"
"01/01/2007","17","CALDAS","17777","SUPIA","ARTICULO 168. SECUESTRO SIMPLE","1"
"31/12/2006","73","TOLIMA","73226","CUNDAY","ARTICULO 168. SECUESTRO SIMPLE","1"
"29/12/2006","50","META","50590","PUERTO RICO","ARTICULO 169. SECUESTRO EXTORSIVO","1"
"28/12/2006","19","CAUCA","19256","EL TAMBO","ARTICULO 169. SECUESTRO EXTORSIVO","1"
"26/12/2006","05","ANTIOQUIA","05001","MEDELLIN","ARTICULO 168. SECUESTRO SIMPLE","1"
"21/12/2006","73","TOLIMA","73200","COELLO","ARTICULO 168. SECUESTRO SIMPLE","1"
"21/12/2006","41","HUILA","41551","PITALITO","ARTICULO 169. SECUESTRO EXTORSIVO","1"
"19/12/2006","25","CUNDINAMARCA","25530","PARATEBUENO","ARTICULO 168. SECUESTRO SIMPLE","1"
"19/12/2006","11","BOGOTA D.C.","11001","BOGOTA D.C.","ARTICULO 168. SECUESTRO SIMPLE","1"
"19/12/2006","41","HUILA","41001","NEIVA","ARTICULO 168. SECUESTRO SIMPLE","1"
"18/12/2006","50","META","50400","LEJANIAS","ARTICULO 169. SECUESTRO EXTORSIVO","1"
"18/12/2006","76","VALLE DEL CAUCA","76001","CALI","ARTICULO 169. SECUESTRO EXTORSIVO","1"
"17/12/2006","52","NARIÑO","52001","PASTO","ARTICULO 168. SECUESTRO SIMPLE","1"
"17/12/2006","52","NARIÑO","52001","PASTO","ARTICULO 168. SECUESTRO SIMPLE","1"
"16/12/2006","25","CUNDINAMARCA","25175","CHIA","ARTICULO 169. SECUESTRO EXTORSIVO","1"
"15/12/2006","05","ANTIOQUIA","05541","PEÑOL","ARTICULO 168. SECUESTRO SIMPLE","1"
"14/12/2006","73","TOLIMA","73001","IBAGUE","ARTICULO 169. SECUESTRO EXTORSIVO","1"
"14/12/2006","73","TOLIMA","73001","IBAGUE","ARTICULO 169. SECUESTRO EXTORSIVO","1"
"13/12/2006","73","TOLIMA","73001","IBAGUE","ARTICULO 168. SECUESTRO SIMPLE","1"
"13/12/2006","11","BOGOTA D.C.","11001","BOGOTA D.C.","ARTICULO 169. SECUESTRO EXTORSIVO","1"
"13/12/2006","70","SUCRE","70713","SAN ONOFRE","ARTICULO 168. SECUESTRO SIMPLE","1"
"12/12/2006","66","RISARALDA","66001","PEREIRA","ARTICULO 168. SECUESTRO SIMPLE","1"
"12/12/2006","66","RISARALDA","66001","PEREIRA","ARTICULO 168. SECUESTRO SIMPLE","1"
"11/12/2006","86","PUTUMAYO","86885","VILLAGARZON","ARTICULO 169. SECUESTRO EXTORSIVO","1"
"08/12/2006","76","VALLE DEL CAUCA","76670","SAN PEDRO","ARTICULO 169. SECUESTRO EXTORSIVO","1"
"06/12/2006","44","LA GUAJIRA","44090","DIBULLA","ARTICULO 168. SECUESTRO SIMPLE","1"
"05/12/2006","76","VALLE DEL CAUCA","76109","BUENAVENTURA","ARTICULO 169. SECUESTRO EXTORSIVO","1"
"04/12/2006","13","BOLIVAR","13001","CARTAGENA DE INDIAS","ARTICULO 168. SECUESTRO SIMPLE","1"
"04/12/2006","11","BOGOTA D.C.","11001","BOGOTA D.C.","ARTICULO 169. SECUESTRO EXTORSIVO","1"
"03/12/2006","85","CASANARE","85001","YOPAL","ARTICULO 169. SECUESTRO EXTORSIVO","1"
"02/12/2006","18","CAQUETA","18150","CARTAGENA DEL CHAIRA","ARTICULO 169. SECUESTRO EXTORSIVO","1"
"02/12/2006","70","SUCRE","70508","OVEJAS","ARTICULO 169. SECUESTRO EXTORSIVO","1"
"01/12/2006","18","CAQUETA","18256","EL PAUJIL","ARTICULO 168. SECUESTRO SIMPLE","1"
"29/11/2006","27","CHOCO","27001","QUIBDO","ARTICULO 168. SECUESTRO SIMPLE","1"
"29/11/2006","73","TOLIMA","73001","IBAGUE","ARTICULO 168. SECUESTRO SIMPLE","1"
"27/11/2006","18","CAQUETA","18001","FLORENCIA","ARTICULO 169. SECUESTRO EXTORSIVO","1"
"24/11/2006","19","CAUCA","19050","ARGELIA","ARTICULO 169. SECUESTRO EXTORSIVO","1"
"24/11/2006","23","CORDOBA","23068","AYAPEL","ARTICULO 169. SECUESTRO EXTORSIVO","1"
"23/11/2006","50","META","50001","VILLAVICENCIO","ARTICULO 168. SECUESTRO SIMPLE","1"
"23/11/2006","73","TOLIMA","73408","LERIDA","ARTICULO 168. SECUESTRO SIMPLE","1"
"21/11/2006","73","TOLIMA","73555","PLANADAS","ARTICULO 168. SECUESTRO SIMPLE","1"
"20/11/2006","73","TOLIMA","73001","IBAGUE","ARTICULO 169. SECUESTRO EXTORSIVO","1"
"20/11/2006","50","META","50711","VISTAHERMOSA","ARTICULO 168. SECUESTRO SIMPLE","1"
"20/11/2006","50","META","50711","VISTAHERMOSA","ARTICULO 168. SECUESTRO SIMPLE","1"
"20/11/2006","68","SANTANDER","68001","BUCARAMANGA","ARTICULO 168. SECUESTRO SIMPLE","1"
"19/11/2006","76","VALLE DEL CAUCA","76233","DAGUA","ARTICULO 169. SECUESTRO EXTORSIVO","1"
"18/11/2006","17","CALDAS","17380","LA DORADA","ARTICULO 168. SECUESTRO SIMPLE","1"
"17/11/2006","08","ATLANTICO","08001","BARRANQUILLA","ARTICULO 168. SECUESTRO SIMPLE","1"
"17/11/2006","50","META","50001","VILLAVICENCIO","ARTICULO 168. SECUESTRO SIMPLE","1"
"17/11/2006","11","BOGOTA D.C.","11001","BOGOTA D.C.","ARTICULO 168. SECUESTRO SIMPLE","1"
"17/11/2006","11","BOGOTA D.C.","11001","BOGOTA D.C.","ARTICULO 168. SECUESTRO SIMPLE","1"
"16/11/2006","73","TOLIMA","73200","COELLO","ARTICULO 168. SECUESTRO SIMPLE","1"
"16/11/2006","76","VALLE DEL CAUCA","76001","CALI","ARTICULO 168. SECUESTRO SIMPLE","1"
"15/11/2006","19","CAUCA","19001","POPAYAN","ARTICULO 169. SECUESTRO EXTORSIVO","1"
"15/11/2006","11","BOGOTA D.C.","11001","BOGOTA D.C.","ARTICULO 169. SECUESTRO EXTORSIVO","1"
"15/11/2006","25","CUNDINAMARCA","25148","CAPARRAPI","ARTICULO 169. SECUESTRO EXTORSIVO","1"
"14/11/2006","50","META","50226","CUMARAL","ARTICULO 168. SECUESTRO SIMPLE","1"
"14/11/2006","18","CAQUETA","18001","FLORENCIA","ARTICULO 169. SECUESTRO EXTORSIVO","1"
"14/11/2006","50","META","50313","GRANADA","ARTICULO 169. SECUESTRO EXTORSIVO","1"
"13/11/2006","05","ANTIOQUIA","05044","ANZA","ARTICULO 169. SECUESTRO EXTORSIVO","1"
"13/11/2006","73","TOLIMA","73347","HERVEO","ARTICULO 169. SECUESTRO EXTORSIVO","1"
"11/11/2006","50","META","50001","VILLAVICENCIO","ARTICULO 168. SECUESTRO SIMPLE","1"
"10/11/2006","25","CUNDINAMARCA","25530","PARATEBUENO","ARTICULO 168. SECUESTRO SIMPLE","1"
"10/11/2006","86","PUTUMAYO","86885","VILLAGARZON","ARTICULO 168. SECUESTRO SIMPLE","1"
"10/11/2006","76","VALLE DEL CAUCA","76400","LA UNION","ARTICULO 169. SECUESTRO EXTORSIVO","1"
"10/11/2006","11","BOGOTA D.C.","11001","BOGOTA D.C.","ARTICULO 168. SECUESTRO SIMPLE","1"
"09/11/2006","73","TOLIMA","73001","IBAGUE","ARTICULO 168. SECUESTRO SIMPLE","1"
"09/11/2006","47","MAGDALENA","47605","REMOLINO","ARTICULO 168. SECUESTRO SIMPLE","1"
"09/11/2006","11","BOGOTA D.C.","11001","BOGOTA D.C.","ARTICULO 169. SECUESTRO EXTORSIVO","1"
"08/11/2006","44","LA GUAJIRA","44430","MAICAO","ARTICULO 169. SECUESTRO EXTORSIVO","1"
"05/11/2006","50","META","50001","VILLAVICENCIO","ARTICULO 168. SECUESTRO SIMPLE","1"
"04/11/2006","47","MAGDALENA","47001","SANTA MARTA","ARTICULO 169. SECUESTRO EXTORSIVO","1"
"04/11/2006","47","MAGDALENA","47001","SANTA MARTA","ARTICULO 169. SECUESTRO EXTORSIVO","1"
"04/11/2006","50","META","50001","VILLAVICENCIO","ARTICULO 169. SECUESTRO EXTORSIVO","1"
"04/11/2006","76","VALLE DEL CAUCA","76248","EL CERRITO","ARTICULO 169. SECUESTRO EXTORSIVO","1"
"04/11/2006","11","BOGOTA D.C.","11001","BOGOTA D.C.","ARTICULO 168. SECUESTRO SIMPLE","1"
"03/11/2006","81","ARAUCA","81001","ARAUCA","ARTICULO 169. SECUESTRO EXTORSIVO","1"
"03/11/2006","81","ARAUCA","81001","ARAUCA","ARTICULO 169. SECUESTRO EXTORSIVO","1"
"02/11/2006","27","CHOCO","27413","LLORO","ARTICULO 169. SECUESTRO EXTORSIVO","1"
"02/11/2006","19","CAUCA","19001","POPAYAN","ARTICULO 168. SECUESTRO SIMPLE","1"
"02/11/2006","25","CUNDINAMARCA","25290","FUSAGASUGA","ARTICULO 168. SECUESTRO SIMPLE","1"
"31/10/2006","76","VALLE DEL CAUCA","76109","BUENAVENTURA","ARTICULO 169. SECUESTRO EXTORSIVO","1"
"31/10/2006","76","VALLE DEL CAUCA","76109","BUENAVENTURA","ARTICULO 169. SECUESTRO EXTORSIVO","1"
"29/10/2006","73","TOLIMA","73001","IBAGUE","ARTICULO 168. SECUESTRO SIMPLE","1"
"27/10/2006","76","VALLE DEL CAUCA","76001","CALI","ARTICULO 168. SECUESTRO SIMPLE","1"
"27/10/2006","76","VALLE DEL CAUCA","76001","CALI","ARTICULO 168. SECUESTRO SIMPLE","1"
"26/10/2006","41","HUILA","41001","NEIVA","ARTICULO 168. SECUESTRO SIMPLE","1"
"25/10/2006","05","ANTIOQUIA","05093","BETULIA","ARTICULO 169. SECUESTRO EXTORSIVO","1"
"24/10/2006","19","CAUCA","19142","CALOTO","ARTICULO 169. SECUESTRO EXTORSIVO","1"
"23/10/2006","76","VALLE DEL CAUCA","76111","GUADALAJARA DE BUGA","ARTICULO 169. SECUESTRO EXTORSIVO","1"
"23/10/2006","50","META","50689","SAN MARTIN","ARTICULO 168. SECUESTRO SIMPLE","1"
"22/10/2006","73","TOLIMA","73268","ESPINAL","ARTICULO 168. SECUESTRO SIMPLE","1"
"22/10/2006","54","NORTE DE SANTANDER","54518","PAMPLONA","ARTICULO 168. SECUESTRO SIMPLE","1"
"21/10/2006","85","CASANARE","85001","YOPAL","ARTICULO 169. SECUESTRO EXTORSIVO","1"
"21/10/2006","08","ATLANTICO","08001","BARRANQUILLA","ARTICULO 169. SECUESTRO EXTORSIVO","1"
"21/10/2006","05","ANTIOQUIA","05034","ANDES","ARTICULO 168. SECUESTRO SIMPLE","1"
"21/10/2006","05","ANTIOQUIA","05034","ANDES","ARTICULO 168. SECUESTRO SIMPLE","1"
"21/10/2006","05","ANTIOQUIA","05034","ANDES","ARTICULO 168. SECUESTRO SIMPLE","1"
"20/10/2006","11","BOGOTA D.C.","11001","BOGOTA D.C.","ARTICULO 169. SECUESTRO EXTORSIVO","1"
"20/10/2006","11","BOGOTA D.C.","11001","BOGOTA D.C.","ARTICULO 169. SECUESTRO EXTORSIVO","1"
"20/10/2006","11","BOGOTA D.C.","11001","BOGOTA D.C.","ARTICULO 169. SECUESTRO EXTORSIVO","1"
"20/10/2006","73","TOLIMA","73001","IBAGUE","ARTICULO 168. SECUESTRO SIMPLE","1"
"19/10/2006","19","CAUCA","19698","SANTANDER DE QUILICHAO","ARTICULO 169. SECUESTRO EXTORSIVO","1"
"19/10/2006","19","CAUCA","19698","SANTANDER DE QUILICHAO","ARTICULO 169. SECUESTRO EXTORSIVO","1"
"19/10/2006","50","META","50001","VILLAVICENCIO","ARTICULO 168. SECUESTRO SIMPLE","1"
"19/10/2006","47","MAGDALENA","47001","SANTA MARTA","ARTICULO 168. SECUESTRO SIMPLE","1"
"19/10/2006","76","VALLE DEL CAUCA","76001","CALI","ARTICULO 169. SECUESTRO EXTORSIVO","1"
"19/10/2006","15","BOYACA","15238","DUITAMA","ARTICULO 169. SECUESTRO EXTORSIVO","1"
"18/10/2006","76","VALLE DEL CAUCA","76233","DAGUA","ARTICULO 169. SECUESTRO EXTORSIVO","1"
"18/10/2006","52","NARIÑO","52001","PASTO","ARTICULO 168. SECUESTRO SIMPLE","1"
"17/10/2006","54","NORTE DE SANTANDER","54001","CUCUTA","ARTICULO 168. SECUESTRO SIMPLE","1"
"16/10/2006","05","ANTIOQUIA","05480","MUTATA","ARTICULO 169. SECUESTRO EXTORSIVO","1"
"16/10/2006","05","ANTIOQUIA","05480","MUTATA","ARTICULO 169. SECUESTRO EXTORSIVO","1"
"16/10/2006","70","SUCRE","70508","OVEJAS","ARTICULO 168. SECUESTRO SIMPLE","1"
"13/10/2006","50","META","50001","VILLAVICENCIO","ARTICULO 168. SECUESTRO SIMPLE","1"
"13/10/2006","19","CAUCA","19532","PATIA","ARTICULO 168. SECUESTRO SIMPLE","1"
"11/10/2006","05","ANTIOQUIA","05854","VALDIVIA","ARTICULO 169. SECUESTRO EXTORSIVO","1"
"11/10/2006","73","TOLIMA","73555","PLANADAS","ARTICULO 168. SECUESTRO SIMPLE","1"
"10/10/2006","11","BOGOTA D.C.","11001","BOGOTA D.C.","ARTICULO 169. SECUESTRO EXTORSIVO","1"
"10/10/2006","20","CESAR","20060","BOSCONIA","ARTICULO 168. SECUESTRO SIMPLE","1"
"10/10/2006","73","TOLIMA","73030","AMBALEMA","ARTICULO 168. SECUESTRO SIMPLE","1"
"09/10/2006","11","BOGOTA D.C.","11001","BOGOTA D.C.","ARTICULO 169. SECUESTRO EXTORSIVO","1"
"09/10/2006","11","BOGOTA D.C.","11001","BOGOTA D.C.","ARTICULO 169. SECUESTRO EXTORSIVO","1"
"09/10/2006","73","TOLIMA","73268","ESPINAL","ARTICULO 168. SECUESTRO SIMPLE","1"
"08/10/2006","73","TOLIMA","73770","SUAREZ","ARTICULO 168. SECUESTRO SIMPLE","1"
"08/10/2006","73","TOLIMA","73770","SUAREZ","ARTICULO 168. SECUESTRO SIMPLE","1"
"07/10/2006","54","NORTE DE SANTANDER","54518","PAMPLONA","ARTICULO 168. SECUESTRO SIMPLE","1"
"06/10/2006","54","NORTE DE SANTANDER","54250","EL TARRA","ARTICULO 169. SECUESTRO EXTORSIVO","1"
"05/10/2006","19","CAUCA","19760","SOTARA PAISPAMBA","ARTICULO 168. SECUESTRO SIMPLE","1"
"05/10/2006","25","CUNDINAMARCA","25754","SOACHA","ARTICULO 168. SECUESTRO SIMPLE","1"
"04/10/2006","50","META","50001","VILLAVICENCIO","ARTICULO 169. SECUESTRO EXTORSIVO","1"
"04/10/2006","11","BOGOTA D.C.","11001","BOGOTA D.C.","ARTICULO 168. SECUESTRO SIMPLE","1"
"02/10/2006","50","META","50287","FUENTE DE ORO","ARTICULO 168. SECUESTRO SIMPLE","1"
"02/10/2006","05","ANTIOQUIA","05642","SALGAR","ARTICULO 169. SECUESTRO EXTORSIVO","1"
"01/10/2006","50","META","50001","VILLAVICENCIO","ARTICULO 169. SECUESTRO EXTORSIVO","1"
"01/10/2006","08","ATLANTICO","08001","BARRANQUILLA","ARTICULO 168. SECUESTRO SIMPLE","1"
"30/09/2006","95","GUAVIARE","95001","SAN JOSE DEL GUAVIARE","ARTICULO 168. SECUESTRO SIMPLE","1"
"30/09/2006","52","NARIÑO","52835","SAN ANDRES DE TUMACO","ARTICULO 168. SECUESTRO SIMPLE","1"
"30/09/2006","54","NORTE DE SANTANDER","54518","PAMPLONA","ARTICULO 168. SECUESTRO SIMPLE","1"
"30/09/2006","52","NARIÑO","52835","SAN ANDRES DE TUMACO","ARTICULO 169. SECUESTRO EXTORSIVO","1"
"30/09/2006","41","HUILA","41483","NATAGA","ARTICULO 168. SECUESTRO SIMPLE","1"
"30/09/2006","95","GUAVIARE","95001","SAN JOSE DEL GUAVIARE","ARTICULO 168. SECUESTRO SIMPLE","1"
"28/09/2006","11","BOGOTA D.C.","11001","BOGOTA D.C.","ARTICULO 168. SECUESTRO SIMPLE","1"
"27/09/2006","25","CUNDINAMARCA","25530","PARATEBUENO","ARTICULO 168. SECUESTRO SIMPLE","1"
"27/09/2006","11","BOGOTA D.C.","11001","BOGOTA D.C.","ARTICULO 169. SECUESTRO EXTORSIVO","1"
"27/09/2006","25","CUNDINAMARCA","25530","PARATEBUENO","ARTICULO 168. SECUESTRO SIMPLE","1"
"27/09/2006","25","CUNDINAMARCA","25530","PARATEBUENO","ARTICULO 168. SECUESTRO SIMPLE","1"
"27/09/2006","05","ANTIOQUIA","05040","ANORI","ARTICULO 169. SECUESTRO EXTORSIVO","1"
"27/09/2006","05","ANTIOQUIA","05040","ANORI","ARTICULO 169. SECUESTRO EXTORSIVO","1"
"27/09/2006","41","HUILA","41524","PALERMO","ARTICULO 168. SECUESTRO SIMPLE","1"
"27/09/2006","76","VALLE DEL CAUCA","76109","BUENAVENTURA","ARTICULO 169. SECUESTRO EXTORSIVO","1"
"27/09/2006","41","HUILA","41524","PALERMO","ARTICULO 168. SECUESTRO SIMPLE","1"
"26/09/2006","73","TOLIMA","73319","GUAMO","ARTICULO 168. SECUESTRO SIMPLE","1"
"25/09/2006","52","NARIÑO","52835","SAN ANDRES DE TUMACO","ARTICULO 169. SECUESTRO EXTORSIVO","1"
"25/09/2006","52","NARIÑO","52835","SAN ANDRES DE TUMACO","ARTICULO 169. SECUESTRO EXTORSIVO","1"
"25/09/2006","25","CUNDINAMARCA","25754","SOACHA","ARTICULO 168. SECUESTRO SIMPLE","1"
"24/09/2006","05","ANTIOQUIA","05837","TURBO","ARTICULO 168. SECUESTRO SIMPLE","1"
"23/09/2006","11","BOGOTA D.C.","11001","BOGOTA D.C.","ARTICULO 169. SECUESTRO EXTORSIVO","1"
"22/09/2006","73","TOLIMA","73001","IBAGUE","ARTICULO 168. SECUESTRO SIMPLE","1"
"21/09/2006","11","BOGOTA D.C.","11001","BOGOTA D.C.","ARTICULO 169. SECUESTRO EXTORSIVO","1"
"20/09/2006","11","BOGOTA D.C.","11001","BOGOTA D.C.","ARTICULO 169. SECUESTRO EXTORSIVO","1"
"19/09/2006","19","CAUCA","19760","SOTARA PAISPAMBA","ARTICULO 168. SECUESTRO SIMPLE","1"
"19/09/2006","19","CAUCA","19760","SOTARA PAISPAMBA","ARTICULO 168. SECUESTRO SIMPLE","1"
"19/09/2006","19","CAUCA","19760","SOTARA PAISPAMBA","ARTICULO 168. SECUESTRO SIMPLE","1"
"19/09/2006","05","ANTIOQUIA","05854","VALDIVIA","ARTICULO 169. SECUESTRO EXTORSIVO","1"
"19/09/2006","27","CHOCO","27001","QUIBDO","ARTICULO 169. SECUESTRO EXTORSIVO","1"
"18/09/2006","73","TOLIMA","73067","ATACO","ARTICULO 168. SECUESTRO SIMPLE","1"
"17/09/2006","73","TOLIMA","73349","HONDA","ARTICULO 168. SECUESTRO SIMPLE","1"
"17/09/2006","05","ANTIOQUIA","05234","DABEIBA","ARTICULO 168. SECUESTRO SIMPLE","1"
"17/09/2006","05","ANTIOQUIA","05234","DABEIBA","ARTICULO 168. SECUESTRO SIMPLE","1"
"17/09/2006","11","BOGOTA D.C.","11001","BOGOTA D.C.","ARTICULO 168. SECUESTRO SIMPLE","1"
"16/09/2006","73","TOLIMA","73349","HONDA","ARTICULO 168. SECUESTRO SIMPLE","1"
"15/09/2006","11","BOGOTA D.C.","11001","BOGOTA D.C.","ARTICULO 168. SECUESTRO SIMPLE","1"
"15/09/2006","11","BOGOTA D.C.","11001","BOGOTA D.C.","ARTICULO 168. SECUESTRO SIMPLE","1"
"12/09/2006","05","ANTIOQUIA","05172","CHIGORODO","ARTICULO 169. SECUESTRO EXTORSIVO","1"
"12/09/2006","73","TOLIMA","73001","IBAGUE","ARTICULO 168. SECUESTRO SIMPLE","1"
"12/09/2006","05","ANTIOQUIA","05736","SEGOVIA","ARTICULO 168. SECUESTRO SIMPLE","1"
"11/09/2006","99","VICHADA","99773","CUMARIBO","ARTICULO 168. SECUESTRO SIMPLE","1"
"11/09/2006","11","BOGOTA D.C.","11001","BOGOTA D.C.","ARTICULO 168. SECUESTRO SIMPLE","1"
"11/09/2006","11","BOGOTA D.C.","11001","BOGOTA D.C.","ARTICULO 168. SECUESTRO SIMPLE","1"
"11/09/2006","11","BOGOTA D.C.","11001","BOGOTA D.C.","ARTICULO 168. SECUESTRO SIMPLE","1"
"09/09/2006","54","NORTE DE SANTANDER","54720","SARDINATA","ARTICULO 168. SECUESTRO SIMPLE","1"
"08/09/2006","52","NARIÑO","52036","ANCUYA","ARTICULO 168. SECUESTRO SIMPLE","1"
"08/09/2006","73","TOLIMA","73043","ANZOATEGUI","ARTICULO 168. SECUESTRO SIMPLE","1"
"08/09/2006","11","BOGOTA D.C.","11001","BOGOTA D.C.","ARTICULO 168. SECUESTRO SIMPLE","1"
"08/09/2006","15","BOYACA","15001","TUNJA","ARTICULO 168. SECUESTRO SIMPLE","1"
"08/09/2006","54","NORTE DE SANTANDER","54001","CUCUTA","ARTICULO 168. SECUESTRO SIMPLE","1"
"08/09/2006","47","MAGDALENA","47001","SANTA MARTA","ARTICULO 168. SECUESTRO SIMPLE","1"
"08/09/2006","68","SANTANDER","68081","BARRANCABERMEJA","ARTICULO 168. SECUESTRO SIMPLE","1"
"07/09/2006","25","CUNDINAMARCA","25878","VIOTA","ARTICULO 169. SECUESTRO EXTORSIVO","1"
"06/09/2006","11","BOGOTA D.C.","11001","BOGOTA D.C.","ARTICULO 168. SECUESTRO SIMPLE","1"
"06/09/2006","52","NARIÑO","52356","IPIALES","ARTICULO 168. SECUESTRO SIMPLE","1"
"06/09/2006","50","META","50001","VILLAVICENCIO","ARTICULO 168. SECUESTRO SIMPLE","1"
"05/09/2006","50","META","50001","VILLAVICENCIO","ARTICULO 168. SECUESTRO SIMPLE","1"
"05/09/2006","47","MAGDALENA","47001","SANTA MARTA","ARTICULO 169. SECUESTRO EXTORSIVO","1"
"04/09/2006","54","NORTE DE SANTANDER","54518","PAMPLONA","ARTICULO 168. SECUESTRO SIMPLE","1"
"04/09/2006","05","ANTIOQUIA","05001","MEDELLIN","ARTICULO 169. SECUESTRO EXTORSIVO","1"
"03/09/2006","41","HUILA","41206","COLOMBIA","ARTICULO 168. SECUESTRO SIMPLE","1"
"03/09/2006","25","CUNDINAMARCA","25290","FUSAGASUGA","ARTICULO 168. SECUESTRO SIMPLE","1"
"03/09/2006","54","NORTE DE SANTANDER","54001","CUCUTA","ARTICULO 168. SECUESTRO SIMPLE","1"
"03/09/2006","19","CAUCA","19137","CALDONO","ARTICULO 168. SECUESTRO SIMPLE","1"
"03/09/2006","25","CUNDINAMARCA","25594","QUETAME","ARTICULO 168. SECUESTRO SIMPLE","1"
"03/09/2006","25","CUNDINAMARCA","25594","QUETAME","ARTICULO 168. SECUESTRO SIMPLE","1"
"03/09/2006","05","ANTIOQUIA","05579","PUERTO BERRIO","ARTICULO 168. SECUESTRO SIMPLE","1"
"02/09/2006","66","RISARALDA","66075","BALBOA","ARTICULO 169. SECUESTRO EXTORSIVO","1"
"02/09/2006","76","VALLE DEL CAUCA","76109","BUENAVENTURA","ARTICULO 168. SECUESTRO SIMPLE","1"
"02/09/2006","76","VALLE DEL CAUCA","76109","BUENAVENTURA","ARTICULO 168. SECUESTRO SIMPLE","1"
"02/09/2006","76","VALLE DEL CAUCA","76109","BUENAVENTURA","ARTICULO 168. SECUESTRO SIMPLE","1"
"02/09/2006","05","ANTIOQUIA","05756","SONSON","ARTICULO 169. SECUESTRO EXTORSIVO","1"
"01/09/2006","73","TOLIMA","73349","HONDA","ARTICULO 168. SECUESTRO SIMPLE","1"
"01/09/2006","86","PUTUMAYO","86568","PUERTO ASIS","ARTICULO 168. SECUESTRO SIMPLE","1"
"01/09/2006","86","PUTUMAYO","86568","PUERTO ASIS","ARTICULO 168. SECUESTRO SIMPLE","1"
"31/08/2006","54","NORTE DE SANTANDER","54518","PAMPLONA","ARTICULO 169. SECUESTRO EXTORSIVO","1"
"31/08/2006","05","ANTIOQUIA","05172","CHIGORODO","ARTICULO 169. SECUESTRO EXTORSIVO","1"
"31/08/2006","20","CESAR","20011","AGUACHICA","ARTICULO 169. SECUESTRO EXTORSIVO","1"
"31/08/2006","50","META","50313","GRANADA","ARTICULO 168. SECUESTRO SIMPLE","1"
"31/08/2006","05","ANTIOQUIA","05172","CHIGORODO","ARTICULO 169. SECUESTRO EXTORSIVO","1"
"31/08/2006","05","ANTIOQUIA","05172","CHIGORODO","ARTICULO 169. SECUESTRO EXTORSIVO","1"
"30/08/2006","05","ANTIOQUIA","05138","CAÑASGORDAS","ARTICULO 168. SECUESTRO SIMPLE","1"
"29/08/2006","76","VALLE DEL CAUCA","76001","CALI","ARTICULO 169. SECUESTRO EXTORSIVO","1"
"29/08/2006","73","TOLIMA","73001","IBAGUE","ARTICULO 168. SECUESTRO SIMPLE","1"
"29/08/2006","50","META","50313","GRANADA","ARTICULO 169. SECUESTRO EXTORSIVO","1"
"28/08/2006","05","ANTIOQUIA","05736","SEGOVIA","ARTICULO 169. SECUESTRO EXTORSIVO","1"
"28/08/2006","11","BOGOTA D.C.","11001","BOGOTA D.C.","ARTICULO 169. SECUESTRO EXTORSIVO","1"
"28/08/2006","50","META","50689","SAN MARTIN","ARTICULO 168. SECUESTRO SIMPLE","1"
"28/08/2006","05","ANTIOQUIA","05736","SEGOVIA","ARTICULO 169. SECUESTRO EXTORSIVO","1"
"27/08/2006","73","TOLIMA","73001","IBAGUE","ARTICULO 169. SECUESTRO EXTORSIVO","1"
"27/08/2006","11","BOGOTA D.C.","11001","BOGOTA D.C.","ARTICULO 168. SECUESTRO SIMPLE","1"
"26/08/2006","20","CESAR","20001","VALLEDUPAR","ARTICULO 169. SECUESTRO EXTORSIVO","1"
"26/08/2006","73","TOLIMA","73055","ARMERO","ARTICULO 168. SECUESTRO SIMPLE","1"
"25/08/2006","68","SANTANDER","68307","GIRON","ARTICULO 169. SECUESTRO EXTORSIVO","1"
"25/08/2006","54","NORTE DE SANTANDER","54245","EL CARMEN","ARTICULO 169. SECUESTRO EXTORSIVO","1"
"24/08/2006","66","RISARALDA","66001","PEREIRA","ARTICULO 169. SECUESTRO EXTORSIVO","1"
"23/08/2006","54","NORTE DE SANTANDER","54261","EL ZULIA","ARTICULO 169. SECUESTRO EXTORSIVO","1"
"22/08/2006","81","ARAUCA","81794","TAME","ARTICULO 168. SECUESTRO SIMPLE","1"
"21/08/2006","73","TOLIMA","73347","HERVEO","ARTICULO 169. SECUESTRO EXTORSIVO","1"
"20/08/2006","73","TOLIMA","73226","CUNDAY","ARTICULO 169. SECUESTRO EXTORSIVO","1"
"20/08/2006","25","CUNDINAMARCA","25290","FUSAGASUGA","ARTICULO 168. SECUESTRO SIMPLE","1"
"20/08/2006","25","CUNDINAMARCA","25290","FUSAGASUGA","ARTICULO 168. SECUESTRO SIMPLE","1"
"19/08/2006","11","BOGOTA D.C.","11001","BOGOTA D.C.","ARTICULO 169. SECUESTRO EXTORSIVO","1"
"19/08/2006","11","BOGOTA D.C.","11001","BOGOTA D.C.","ARTICULO 169. SECUESTRO EXTORSIVO","1"
"19/08/2006","11","BOGOTA D.C.","11001","BOGOTA D.C.","ARTICULO 169. SECUESTRO EXTORSIVO","1"
"19/08/2006","11","BOGOTA D.C.","11001","BOGOTA D.C.","ARTICULO 169. SECUESTRO EXTORSIVO","1"
"19/08/2006","19","CAUCA","19760","SOTARA PAISPAMBA","ARTICULO 168. SECUESTRO SIMPLE","1"
"18/08/2006","50","META","50001","VILLAVICENCIO","ARTICULO 168. SECUESTRO SIMPLE","1"
"18/08/2006","17","CALDAS","17662","SAMANA","ARTICULO 169. SECUESTRO EXTORSIVO","1"
"18/08/2006","50","META","50001","VILLAVICENCIO","ARTICULO 168. SECUESTRO SIMPLE","1"
"18/08/2006","47","MAGDALENA","47001","SANTA MARTA","ARTICULO 168. SECUESTRO SIMPLE","1"
"17/08/2006","05","ANTIOQUIA","05652","SAN FRANCISCO","ARTICULO 169. SECUESTRO EXTORSIVO","1"
"17/08/2006","50","META","50573","PUERTO LOPEZ","ARTICULO 168. SECUESTRO SIMPLE","1"
"17/08/2006","73","TOLIMA","73168","CHAPARRAL","ARTICULO 169. SECUESTRO EXTORSIVO","1"
"16/08/2006","68","SANTANDER","68001","BUCARAMANGA","ARTICULO 169. SECUESTRO EXTORSIVO","1"
"16/08/2006","73","TOLIMA","73408","LERIDA","ARTICULO 168. SECUESTRO SIMPLE","1"
"15/08/2006","50","META","50223","CUBARRAL","ARTICULO 168. SECUESTRO SIMPLE","1"
"15/08/2006","11","BOGOTA D.C.","11001","BOGOTA D.C.","ARTICULO 169. SECUESTRO EXTORSIVO","1"
"15/08/2006","54","NORTE DE SANTANDER","54001","CUCUTA","ARTICULO 169. SECUESTRO EXTORSIVO","1"
"15/08/2006","18","CAQUETA","18150","CARTAGENA DEL CHAIRA","ARTICULO 169. SECUESTRO EXTORSIVO","1"
"14/08/2006","15","BOYACA","15753","SOATA","ARTICULO 168. SECUESTRO SIMPLE","1"
"12/08/2006","05","ANTIOQUIA","05480","MUTATA","ARTICULO 169. SECUESTRO EXTORSIVO","1"
"12/08/2006","50","META","50001","VILLAVICENCIO","ARTICULO 168. SECUESTRO SIMPLE","1"
"12/08/2006","50","META","50001","VILLAVICENCIO","ARTICULO 168. SECUESTRO SIMPLE","1"
"11/08/2006","27","CHOCO","27787","TADO","ARTICULO 169. SECUESTRO EXTORSIVO","1"
"11/08/2006","13","BOLIVAR","13442","MARIA LA BAJA","ARTICULO 169. SECUESTRO EXTORSIVO","1"
"11/08/2006","73","TOLIMA","73275","FLANDES","ARTICULO 168. SECUESTRO SIMPLE","1"
"11/08/2006","73","TOLIMA","73275","FLANDES","ARTICULO 168. SECUESTRO SIMPLE","1"
"11/08/2006","73","TOLIMA","73275","FLANDES","ARTICULO 168. SECUESTRO SIMPLE","1"
"11/08/2006","73","TOLIMA","73283","FRESNO","ARTICULO 168. SECUESTRO SIMPLE","1"
"11/08/2006","76","VALLE DEL CAUCA","76001","CALI","ARTICULO 168. SECUESTRO SIMPLE","1"
"10/08/2006","11","BOGOTA D.C.","11001","BOGOTA D.C.","ARTICULO 168. SECUESTRO SIMPLE","1"
"09/08/2006","27","CHOCO","27430","MEDIO BAUDO","ARTICULO 168. SECUESTRO SIMPLE","1"
"09/08/2006","27","CHOCO","27430","MEDIO BAUDO","ARTICULO 168. SECUESTRO SIMPLE","1"
"09/08/2006","27","CHOCO","27430","MEDIO BAUDO","ARTICULO 168. SECUESTRO SIMPLE","1"
"08/08/2006","47","MAGDALENA","47001","SANTA MARTA","ARTICULO 168. SECUESTRO SIMPLE","1"
"08/08/2006","50","META","50313","GRANADA","ARTICULO 168. SECUESTRO SIMPLE","1"
"07/08/2006","50","META","50313","GRANADA","ARTICULO 168. SECUESTRO SIMPLE","1"
"07/08/2006","54","NORTE DE SANTANDER","54001","CUCUTA","ARTICULO 168. SECUESTRO SIMPLE","1"
"06/08/2006","05","ANTIOQUIA","05541","PEÑOL","ARTICULO 169. SECUESTRO EXTORSIVO","1"
"05/08/2006","50","META","50287","FUENTE DE ORO","ARTICULO 169. SECUESTRO EXTORSIVO","1"
"05/08/2006","54","NORTE DE SANTANDER","54518","PAMPLONA","ARTICULO 169. SECUESTRO EXTORSIVO","1"
"05/08/2006","11","BOGOTA D.C.","11001","BOGOTA D.C.","ARTICULO 168. SECUESTRO SIMPLE","1"
"03/08/2006","27","CHOCO","27050","ATRATO","ARTICULO 169. SECUESTRO EXTORSIVO","1"
"03/08/2006","27","CHOCO","27050","ATRATO","ARTICULO 169. SECUESTRO EXTORSIVO","1"
"03/08/2006","11","BOGOTA D.C.","11001","BOGOTA D.C.","ARTICULO 169. SECUESTRO EXTORSIVO","1"
"03/08/2006","13","BOLIVAR","13001","CARTAGENA DE INDIAS","ARTICULO 168. SECUESTRO SIMPLE","1"
"02/08/2006","73","TOLIMA","73555","PLANADAS","ARTICULO 168. SECUESTRO SIMPLE","1"
"01/08/2006","85","CASANARE","85430","TRINIDAD","ARTICULO 169. SECUESTRO EXTORSIVO","1"
"01/08/2006","85","CASANARE","85430","TRINIDAD","ARTICULO 169. SECUESTRO EXTORSIVO","1"
"01/08/2006","85","CASANARE","85430","TRINIDAD","ARTICULO 169. SECUESTRO EXTORSIVO","1"
"01/08/2006","85","CASANARE","85430","TRINIDAD","ARTICULO 169. SECUESTRO EXTORSIVO","1"
"29/07/2006","20","CESAR","20011","AGUACHICA","ARTICULO 169. SECUESTRO EXTORSIVO","1"
"29/07/2006","05","ANTIOQUIA","05480","MUTATA","ARTICULO 168. SECUESTRO SIMPLE","1"
"29/07/2006","47","MAGDALENA","47001","SANTA MARTA","ARTICULO 168. SECUESTRO SIMPLE","1"
"28/07/2006","05","ANTIOQUIA","05147","CAREPA","ARTICULO 169. SECUESTRO EXTORSIVO","1"
"27/07/2006","66","RISARALDA","66572","PUEBLO RICO","ARTICULO 169. SECUESTRO EXTORSIVO","1"
"27/07/2006","50","META","50001","VILLAVICENCIO","ARTICULO 168. SECUESTRO SIMPLE","1"
"26/07/2006","50","META","50001","VILLAVICENCIO","ARTICULO 168. SECUESTRO SIMPLE","1"
"25/07/2006","18","CAQUETA","18094","BELEN DE LOS ANDAQUIES","ARTICULO 168. SECUESTRO SIMPLE","1"
"25/07/2006","47","MAGDALENA","47288","FUNDACION","ARTICULO 168. SECUESTRO SIMPLE","1"
"24/07/2006","66","RISARALDA","66682","SANTA ROSA DE CABAL","ARTICULO 169. SECUESTRO EXTORSIVO","1"
"24/07/2006","66","RISARALDA","66682","SANTA ROSA DE CABAL","ARTICULO 169. SECUESTRO EXTORSIVO","1"
"23/07/2006","76","VALLE DEL CAUCA","76248","EL CERRITO","ARTICULO 168. SECUESTRO SIMPLE","1"
"23/07/2006","54","NORTE DE SANTANDER","54518","PAMPLONA","ARTICULO 168. SECUESTRO SIMPLE","1"
"21/07/2006","50","META","50313","GRANADA","ARTICULO 168. SECUESTRO SIMPLE","1"
"21/07/2006","86","PUTUMAYO","86568","PUERTO ASIS","ARTICULO 168. SECUESTRO SIMPLE","1"
"21/07/2006","11","BOGOTA D.C.","11001","BOGOTA D.C.","ARTICULO 168. SECUESTRO SIMPLE","1"
"20/07/2006","05","ANTIOQUIA","05659","SAN JUAN DE URABA","ARTICULO 169. SECUESTRO EXTORSIVO","1"
"20/07/2006","44","LA GUAJIRA","44430","MAICAO","ARTICULO 168. SECUESTRO SIMPLE","1"
"19/07/2006","54","NORTE DE SANTANDER","54820","TOLEDO","ARTICULO 169. SECUESTRO EXTORSIVO","1"
"19/07/2006","73","TOLIMA","73268","ESPINAL","ARTICULO 169. SECUESTRO EXTORSIVO","1"
"18/07/2006","41","HUILA","41885","YAGUARA","ARTICULO 169. SECUESTRO EXTORSIVO","1"
"17/07/2006","73","TOLIMA","73124","CAJAMARCA","ARTICULO 168. SECUESTRO SIMPLE","1"
"17/07/2006","73","TOLIMA","73124","CAJAMARCA","ARTICULO 168. SECUESTRO SIMPLE","1"
"16/07/2006","25","CUNDINAMARCA","25530","PARATEBUENO","ARTICULO 168. SECUESTRO SIMPLE","1"
"16/07/2006","50","META","50568","PUERTO GAITAN","ARTICULO 169. SECUESTRO EXTORSIVO","1"
"16/07/2006","50","META","50568","PUERTO GAITAN","ARTICULO 169. SECUESTRO EXTORSIVO","1"
"15/07/2006","13","BOLIVAR","13052","ARJONA","ARTICULO 169. SECUESTRO EXTORSIVO","1"
"15/07/2006","18","CAQUETA","18094","BELEN DE LOS ANDAQUIES","ARTICULO 169. SECUESTRO EXTORSIVO","1"
"15/07/2006","50","META","50350","LA MACARENA","ARTICULO 168. SECUESTRO SIMPLE","1"
"15/07/2006","54","NORTE DE SANTANDER","54720","SARDINATA","ARTICULO 168. SECUESTRO SIMPLE","1"
"15/07/2006","47","MAGDALENA","47001","SANTA MARTA","ARTICULO 168. SECUESTRO SIMPLE","1"
"14/07/2006","19","CAUCA","19001","POPAYAN","ARTICULO 168. SECUESTRO SIMPLE","1"
"13/07/2006","41","HUILA","41001","NEIVA","ARTICULO 168. SECUESTRO SIMPLE","1"
"12/07/2006","41","HUILA","41524","PALERMO","ARTICULO 168. SECUESTRO SIMPLE","1"
"10/07/2006","25","CUNDINAMARCA","25594","QUETAME","ARTICULO 168. SECUESTRO SIMPLE","1"
"09/07/2006","17","CALDAS","17442","MARMATO","ARTICULO 169. SECUESTRO EXTORSIVO","1"
"08/07/2006","11","BOGOTA D.C.","11001","BOGOTA D.C.","ARTICULO 168. SECUESTRO SIMPLE","1"
"08/07/2006","19","CAUCA","19100","BOLIVAR","ARTICULO 168. SECUESTRO SIMPLE","1"
"05/07/2006","11","BOGOTA D.C.","11001","BOGOTA D.C.","ARTICULO 169. SECUESTRO EXTORSIVO","1"
"05/07/2006","50","META","50606","RESTREPO","ARTICULO 168. SECUESTRO SIMPLE","1"
"05/07/2006","50","META","50606","RESTREPO","ARTICULO 168. SECUESTRO SIMPLE","1"
"05/07/2006","15","BOYACA","15176","CHIQUINQUIRA","ARTICULO 168. SECUESTRO SIMPLE","1"
"04/07/2006","50","META","50001","VILLAVICENCIO","ARTICULO 168. SECUESTRO SIMPLE","1"
"03/07/2006","76","VALLE DEL CAUCA","76020","ALCALA","ARTICULO 168. SECUESTRO SIMPLE","1"
"01/07/2006","76","VALLE DEL CAUCA","76892","YUMBO","ARTICULO 169. SECUESTRO EXTORSIVO","1"
"30/06/2006","66","RISARALDA","66001","PEREIRA","ARTICULO 168. SECUESTRO SIMPLE","1"
"30/06/2006","19","CAUCA","19780","SUAREZ","ARTICULO 168. SECUESTRO SIMPLE","1"
"29/06/2006","50","META","50001","VILLAVICENCIO","ARTICULO 168. SECUESTRO SIMPLE","1"
"29/06/2006","25","CUNDINAMARCA","25754","SOACHA","ARTICULO 168. SECUESTRO SIMPLE","1"
"27/06/2006","50","META","50450","PUERTO CONCORDIA","ARTICULO 169. SECUESTRO EXTORSIVO","1"
"27/06/2006","25","CUNDINAMARCA","25878","VIOTA","ARTICULO 168. SECUESTRO SIMPLE","1"
"26/06/2006","05","ANTIOQUIA","05042","SANTA FE DE ANTIOQUIA","ARTICULO 169. SECUESTRO EXTORSIVO","1"
"26/06/2006","18","CAQUETA","18610","SAN JOSE DEL FRAGUA","ARTICULO 169. SECUESTRO EXTORSIVO","1"
"26/06/2006","18","CAQUETA","18610","SAN JOSE DEL FRAGUA","ARTICULO 169. SECUESTRO EXTORSIVO","1"
"26/06/2006","05","ANTIOQUIA","05042","SANTA FE DE ANTIOQUIA","ARTICULO 169. SECUESTRO EXTORSIVO","1"
"25/06/2006","11","BOGOTA D.C.","11001","BOGOTA D.C.","ARTICULO 168. SECUESTRO SIMPLE","1"
"25/06/2006","11","BOGOTA D.C.","11001","BOGOTA D.C.","ARTICULO 168. SECUESTRO SIMPLE","1"
"24/06/2006","54","NORTE DE SANTANDER","54720","SARDINATA","ARTICULO 169. SECUESTRO EXTORSIVO","1"
"24/06/2006","17","CALDAS","17873","VILLAMARIA","ARTICULO 168. SECUESTRO SIMPLE","1"
"24/06/2006","17","CALDAS","17873","VILLAMARIA","ARTICULO 168. SECUESTRO SIMPLE","1"
"23/06/2006","11","BOGOTA D.C.","11001","BOGOTA D.C.","ARTICULO 169. SECUESTRO EXTORSIVO","1"
"23/06/2006","25","CUNDINAMARCA","25740","SIBATE","ARTICULO 168. SECUESTRO SIMPLE","1"
"22/06/2006","50","META","50001","VILLAVICENCIO","ARTICULO 168. SECUESTRO SIMPLE","1"
"22/06/2006","81","ARAUCA","81736","SARAVENA","ARTICULO 169. SECUESTRO EXTORSIVO","1"
"21/06/2006","11","BOGOTA D.C.","11001","BOGOTA D.C.","ARTICULO 169. SECUESTRO EXTORSIVO","1"
"21/06/2006","50","META","50001","VILLAVICENCIO","ARTICULO 168. SECUESTRO SIMPLE","1"
"20/06/2006","47","MAGDALENA","47001","SANTA MARTA","ARTICULO 168. SECUESTRO SIMPLE","1"
"16/06/2006","05","ANTIOQUIA","05679","SANTA BARBARA","ARTICULO 168. SECUESTRO SIMPLE","1"
"16/06/2006","52","NARIÑO","52001","PASTO","ARTICULO 168. SECUESTRO SIMPLE","1"
"16/06/2006","11","BOGOTA D.C.","11001","BOGOTA D.C.","ARTICULO 168. SECUESTRO SIMPLE","1"
"15/06/2006","08","ATLANTICO","08001","BARRANQUILLA","ARTICULO 169. SECUESTRO EXTORSIVO","1"
"15/06/2006","19","CAUCA","19130","CAJIBIO","ARTICULO 169. SECUESTRO EXTORSIVO","1"
"15/06/2006","27","CHOCO","27495","NUQUI","ARTICULO 169. SECUESTRO EXTORSIVO","1"
"15/06/2006","73","TOLIMA","73675","SAN ANTONIO","ARTICULO 169. SECUESTRO EXTORSIVO","1"
"15/06/2006","25","CUNDINAMARCA","25307","GIRARDOT","ARTICULO 168. SECUESTRO SIMPLE","1"
"15/06/2006","76","VALLE DEL CAUCA","76109","BUENAVENTURA","ARTICULO 169. SECUESTRO EXTORSIVO","1"
"15/06/2006","76","VALLE DEL CAUCA","76109","BUENAVENTURA","ARTICULO 169. SECUESTRO EXTORSIVO","1"
"14/06/2006","15","BOYACA","15238","DUITAMA","ARTICULO 169. SECUESTRO EXTORSIVO","1"
"14/06/2006","41","HUILA","41006","ACEVEDO","ARTICULO 169. SECUESTRO EXTORSIVO","1"
"14/06/2006","25","CUNDINAMARCA","25307","GIRARDOT","ARTICULO 168. SECUESTRO SIMPLE","1"
"13/06/2006","68","SANTANDER","68081","BARRANCABERMEJA","ARTICULO 168. SECUESTRO SIMPLE","1"
"13/06/2006","70","SUCRE","70001","SINCELEJO","ARTICULO 169. SECUESTRO EXTORSIVO","1"
"13/06/2006","70","SUCRE","70001","SINCELEJO","ARTICULO 168. SECUESTRO SIMPLE","1"
"13/06/2006","44","LA GUAJIRA","44090","DIBULLA","ARTICULO 168. SECUESTRO SIMPLE","1"
"12/06/2006","70","SUCRE","70400","LA UNION","ARTICULO 168. SECUESTRO SIMPLE","1"
"10/06/2006","50","META","50001","VILLAVICENCIO","ARTICULO 168. SECUESTRO SIMPLE","1"
"10/06/2006","86","PUTUMAYO","86885","VILLAGARZON","ARTICULO 169. SECUESTRO EXTORSIVO","1"
"10/06/2006","19","CAUCA","19807","TIMBIO","ARTICULO 168. SECUESTRO SIMPLE","1"
"09/06/2006","19","CAUCA","19001","POPAYAN","ARTICULO 168. SECUESTRO SIMPLE","1"
"08/06/2006","11","BOGOTA D.C.","11001","BOGOTA D.C.","ARTICULO 168. SECUESTRO SIMPLE","1"
"08/06/2006","52","NARIÑO","52001","PASTO","ARTICULO 168. SECUESTRO SIMPLE","1"
"07/06/2006","05","ANTIOQUIA","05093","BETULIA","ARTICULO 169. SECUESTRO EXTORSIVO","1"
"06/06/2006","47","MAGDALENA","47001","SANTA MARTA","ARTICULO 169. SECUESTRO EXTORSIVO","1"
"06/06/2006","47","MAGDALENA","47001","SANTA MARTA","ARTICULO 169. SECUESTRO EXTORSIVO","1"
"05/06/2006","50","META","50313","GRANADA","ARTICULO 168. SECUESTRO SIMPLE","1"
"04/06/2006","85","CASANARE","85250","PAZ DE ARIPORO","ARTICULO 168. SECUESTRO SIMPLE","1"
"04/06/2006","85","CASANARE","85250","PAZ DE ARIPORO","ARTICULO 168. SECUESTRO SIMPLE","1"
"04/06/2006","85","CASANARE","85250","PAZ DE ARIPORO","ARTICULO 168. SECUESTRO SIMPLE","1"
"04/06/2006","85","CASANARE","85250","PAZ DE ARIPORO","ARTICULO 168. SECUESTRO SIMPLE","1"
"04/06/2006","11","BOGOTA D.C.","11001","BOGOTA D.C.","ARTICULO 168. SECUESTRO SIMPLE","1"
"02/06/2006","52","NARIÑO","52001","PASTO","ARTICULO 168. SECUESTRO SIMPLE","1"
"01/06/2006","13","BOLIVAR","13001","CARTAGENA DE INDIAS","ARTICULO 168. SECUESTRO SIMPLE","1"
"01/06/2006","05","ANTIOQUIA","05107","BRICEÑO","ARTICULO 168. SECUESTRO SIMPLE","1"
"31/05/2006","54","NORTE DE SANTANDER","54001","CUCUTA","ARTICULO 169. SECUESTRO EXTORSIVO","1"
"31/05/2006","73","TOLIMA","73001","IBAGUE","ARTICULO 168. SECUESTRO SIMPLE","1"
"31/05/2006","85","CASANARE","85162","MONTERREY","ARTICULO 168. SECUESTRO SIMPLE","1"
"29/05/2006","20","CESAR","20550","PELAYA","ARTICULO 169. SECUESTRO EXTORSIVO","1"
"24/05/2006","13","BOLIVAR","13001","CARTAGENA DE INDIAS","ARTICULO 169. SECUESTRO EXTORSIVO","1"
"24/05/2006","05","ANTIOQUIA","05887","YARUMAL","ARTICULO 169. SECUESTRO EXTORSIVO","1"
"23/05/2006","95","GUAVIARE","95001","SAN JOSE DEL GUAVIARE","ARTICULO 168. SECUESTRO SIMPLE","1"
"22/05/2006","05","ANTIOQUIA","05001","MEDELLIN","ARTICULO 169. SECUESTRO EXTORSIVO","1"
"22/05/2006","11","BOGOTA D.C.","11001","BOGOTA D.C.","ARTICULO 168. SECUESTRO SIMPLE","1"
"22/05/2006","11","BOGOTA D.C.","11001","BOGOTA D.C.","ARTICULO 168. SECUESTRO SIMPLE","1"
"22/05/2006","50","META","50226","CUMARAL","ARTICULO 168. SECUESTRO SIMPLE","1"
"22/05/2006","18","CAQUETA","18001","FLORENCIA","ARTICULO 168. SECUESTRO SIMPLE","1"
"21/05/2006","73","TOLIMA","73443","SAN SEBASTIAN DE MARIQUITA","ARTICULO 168. SECUESTRO SIMPLE","1"
"21/05/2006","05","ANTIOQUIA","05284","FRONTINO","ARTICULO 169. SECUESTRO EXTORSIVO","1"
"21/05/2006","73","TOLIMA","73443","SAN SEBASTIAN DE MARIQUITA","ARTICULO 168. SECUESTRO SIMPLE","1"
"21/05/2006","05","ANTIOQUIA","05284","FRONTINO","ARTICULO 169. SECUESTRO EXTORSIVO","1"
"21/05/2006","05","ANTIOQUIA","05284","FRONTINO","ARTICULO 169. SECUESTRO EXTORSIVO","1"
"21/05/2006","05","ANTIOQUIA","05284","FRONTINO","ARTICULO 168. SECUESTRO SIMPLE","1"
"20/05/2006","76","VALLE DEL CAUCA","76109","BUENAVENTURA","ARTICULO 168. SECUESTRO SIMPLE","1"
"20/05/2006","76","VALLE DEL CAUCA","76377","LA CUMBRE","ARTICULO 169. SECUESTRO EXTORSIVO","1"
"20/05/2006","23","CORDOBA","23580","PUERTO LIBERTADOR","ARTICULO 168. SECUESTRO SIMPLE","1"
"20/05/2006","73","TOLIMA","73443","SAN SEBASTIAN DE MARIQUITA","ARTICULO 168. SECUESTRO SIMPLE","1"
"20/05/2006","76","VALLE DEL CAUCA","76109","BUENAVENTURA","ARTICULO 168. SECUESTRO SIMPLE","1"
"19/05/2006","76","VALLE DEL CAUCA","76001","CALI","ARTICULO 169. SECUESTRO EXTORSIVO","1"
"19/05/2006","25","CUNDINAMARCA","25214","COTA","ARTICULO 168. SECUESTRO SIMPLE","1"
"19/05/2006","05","ANTIOQUIA","05042","SANTA FE DE ANTIOQUIA","ARTICULO 169. SECUESTRO EXTORSIVO","1"
"19/05/2006","50","META","50001","VILLAVICENCIO","ARTICULO 168. SECUESTRO SIMPLE","1"
"18/05/2006","19","CAUCA","19455","MIRANDA","ARTICULO 169. SECUESTRO EXTORSIVO","1"
"18/05/2006","50","META","50001","VILLAVICENCIO","ARTICULO 168. SECUESTRO SIMPLE","1"
"17/05/2006","73","TOLIMA","73408","LERIDA","ARTICULO 169. SECUESTRO EXTORSIVO","1"
"16/05/2006","85","CASANARE","85010","AGUAZUL","ARTICULO 169. SECUESTRO EXTORSIVO","1"
"16/05/2006","41","HUILA","41551","PITALITO","ARTICULO 169. SECUESTRO EXTORSIVO","1"
"15/05/2006","50","META","50001","VILLAVICENCIO","ARTICULO 168. SECUESTRO SIMPLE","1"
"14/05/2006","85","CASANARE","85001","YOPAL","ARTICULO 168. SECUESTRO SIMPLE","1"
"14/05/2006","85","CASANARE","85001","YOPAL","ARTICULO 168. SECUESTRO SIMPLE","1"
"14/05/2006","85","CASANARE","85001","YOPAL","ARTICULO 168. SECUESTRO SIMPLE","1"
"14/05/2006","85","CASANARE","85001","YOPAL","ARTICULO 168. SECUESTRO SIMPLE","1"
"13/05/2006","73","TOLIMA","73504","ORTEGA","ARTICULO 169. SECUESTRO EXTORSIVO","1"
"13/05/2006","73","TOLIMA","73504","ORTEGA","ARTICULO 168. SECUESTRO SIMPLE","1"
"13/05/2006","41","HUILA","41001","NEIVA","ARTICULO 168. SECUESTRO SIMPLE","1"
"12/05/2006","50","META","50001","VILLAVICENCIO","ARTICULO 168. SECUESTRO SIMPLE","1"
"12/05/2006","85","CASANARE","85250","PAZ DE ARIPORO","ARTICULO 168. SECUESTRO SIMPLE","1"
"12/05/2006","73","TOLIMA","73483","NATAGAIMA","ARTICULO 169. SECUESTRO EXTORSIVO","1"
"11/05/2006","76","VALLE DEL CAUCA","76001","CALI","ARTICULO 169. SECUESTRO EXTORSIVO","1"
"09/05/2006","76","VALLE DEL CAUCA","76126","CALIMA","ARTICULO 169. SECUESTRO EXTORSIVO","1"
"07/05/2006","41","HUILA","41001","NEIVA","ARTICULO 169. SECUESTRO EXTORSIVO","1"
"07/05/2006","50","META","50287","FUENTE DE ORO","ARTICULO 168. SECUESTRO SIMPLE","1"
"05/05/2006","73","TOLIMA","73268","ESPINAL","ARTICULO 168. SECUESTRO SIMPLE","1"
"05/05/2006","50","META","50573","PUERTO LOPEZ","ARTICULO 168. SECUESTRO SIMPLE","1"
"04/05/2006","70","SUCRE","70678","SAN BENITO ABAD","ARTICULO 168. SECUESTRO SIMPLE","1"
"03/05/2006","19","CAUCA","19517","PAEZ","ARTICULO 169. SECUESTRO EXTORSIVO","1"
"03/05/2006","47","MAGDALENA","47001","SANTA MARTA","ARTICULO 168. SECUESTRO SIMPLE","1"
"03/05/2006","54","NORTE DE SANTANDER","54405","LOS PATIOS","ARTICULO 169. SECUESTRO EXTORSIVO","1"
"02/05/2006","18","CAQUETA","18753","SAN VICENTE DEL CAGUAN","ARTICULO 169. SECUESTRO EXTORSIVO","1"
"02/05/2006","18","CAQUETA","18753","SAN VICENTE DEL CAGUAN","ARTICULO 168. SECUESTRO SIMPLE","1"
"02/05/2006","52","NARIÑO","52520","FRANCISCO PIZARRO","ARTICULO 169. SECUESTRO EXTORSIVO","1"
"02/05/2006","47","MAGDALENA","47001","SANTA MARTA","ARTICULO 168. SECUESTRO SIMPLE","1"
"02/05/2006","52","NARIÑO","52250","EL CHARCO","ARTICULO 169. SECUESTRO EXTORSIVO","1"
"01/05/2006","25","CUNDINAMARCA","25290","FUSAGASUGA","ARTICULO 168. SECUESTRO SIMPLE","1"
"01/05/2006","25","CUNDINAMARCA","25290","FUSAGASUGA","ARTICULO 168. SECUESTRO SIMPLE","1"
"01/05/2006","20","CESAR","20001","VALLEDUPAR","ARTICULO 168. SECUESTRO SIMPLE","1"
"01/05/2006","08","ATLANTICO","08001","BARRANQUILLA","ARTICULO 168. SECUESTRO SIMPLE","1"
"01/05/2006","20","CESAR","20228","CURUMANI","ARTICULO 169. SECUESTRO EXTORSIVO","1"
"29/04/2006","18","CAQUETA","18001","FLORENCIA","ARTICULO 168. SECUESTRO SIMPLE","1"
"29/04/2006","27","CHOCO","27001","QUIBDO","ARTICULO 169. SECUESTRO EXTORSIVO","1"
"29/04/2006","11","BOGOTA D.C.","11001","BOGOTA D.C.","ARTICULO 168. SECUESTRO SIMPLE","1"
"29/04/2006","13","BOLIVAR","13873","VILLANUEVA","ARTICULO 169. SECUESTRO EXTORSIVO","1"
"29/04/2006","27","CHOCO","27001","QUIBDO","ARTICULO 169. SECUESTRO EXTORSIVO","1"
"28/04/2006","66","RISARALDA","66594","QUINCHIA","ARTICULO 169. SECUESTRO EXTORSIVO","1"
"28/04/2006","66","RISARALDA","66594","QUINCHIA","ARTICULO 169. SECUESTRO EXTORSIVO","1"
"27/04/2006","47","MAGDALENA","47053","ARACATACA","ARTICULO 169. SECUESTRO EXTORSIVO","1"
"27/04/2006","50","META","50287","FUENTE DE ORO","ARTICULO 169. SECUESTRO EXTORSIVO","1"
"26/04/2006","19","CAUCA","19760","SOTARA PAISPAMBA","ARTICULO 168. SECUESTRO SIMPLE","1"
"26/04/2006","76","VALLE DEL CAUCA","76109","BUENAVENTURA","ARTICULO 168. SECUESTRO SIMPLE","1"
"26/04/2006","11","BOGOTA D.C.","11001","BOGOTA D.C.","ARTICULO 168. SECUESTRO SIMPLE","1"
"24/04/2006","73","TOLIMA","73236","DOLORES","ARTICULO 168. SECUESTRO SIMPLE","1"
"24/04/2006","50","META","50001","VILLAVICENCIO","ARTICULO 168. SECUESTRO SIMPLE","1"
"23/04/2006","52","NARIÑO","52356","IPIALES","ARTICULO 169. SECUESTRO EXTORSIVO","1"
"23/04/2006","25","CUNDINAMARCA","25290","FUSAGASUGA","ARTICULO 169. SECUESTRO EXTORSIVO","1"
"23/04/2006","52","NARIÑO","52885","YACUANQUER","ARTICULO 168. SECUESTRO SIMPLE","1"
"22/04/2006","25","CUNDINAMARCA","25875","VILLETA","ARTICULO 168. SECUESTRO SIMPLE","1"
"22/04/2006","11","BOGOTA D.C.","11001","BOGOTA D.C.","ARTICULO 168. SECUESTRO SIMPLE","1"
"20/04/2006","76","VALLE DEL CAUCA","76001","CALI","ARTICULO 169. SECUESTRO EXTORSIVO","1"
"18/04/2006","47","MAGDALENA","47189","CIENAGA","ARTICULO 168. SECUESTRO SIMPLE","1"
"17/04/2006","13","BOLIVAR","13001","CARTAGENA DE INDIAS","ARTICULO 168. SECUESTRO SIMPLE","1"
"17/04/2006","18","CAQUETA","18001","FLORENCIA","ARTICULO 168. SECUESTRO SIMPLE","1"
"17/04/2006","73","TOLIMA","73001","IBAGUE","ARTICULO 168. SECUESTRO SIMPLE","1"
"15/04/2006","50","META","50577","PUERTO LLERAS","ARTICULO 168. SECUESTRO SIMPLE","1"
"15/04/2006","68","SANTANDER","68101","BOLIVAR","ARTICULO 168. SECUESTRO SIMPLE","1"
"15/04/2006","81","ARAUCA","81065","ARAUQUITA","ARTICULO 168. SECUESTRO SIMPLE","1"
"15/04/2006","47","MAGDALENA","47001","SANTA MARTA","ARTICULO 168. SECUESTRO SIMPLE","1"
"14/04/2006","11","BOGOTA D.C.","11001","BOGOTA D.C.","ARTICULO 168. SECUESTRO SIMPLE","1"
"12/04/2006","41","HUILA","41615","RIVERA","ARTICULO 169. SECUESTRO EXTORSIVO","1"
"10/04/2006","15","BOYACA","15480","MUZO","ARTICULO 168. SECUESTRO SIMPLE","1"
"10/04/2006","52","NARIÑO","52001","PASTO","ARTICULO 168. SECUESTRO SIMPLE","1"
"09/04/2006","54","NORTE DE SANTANDER","54670","SAN CALIXTO","ARTICULO 169. SECUESTRO EXTORSIVO","1"
"09/04/2006","05","ANTIOQUIA","05001","MEDELLIN","ARTICULO 169. SECUESTRO EXTORSIVO","1"
"08/04/2006","15","BOYACA","15223","CUBARA","ARTICULO 169. SECUESTRO EXTORSIVO","1"
"08/04/2006","76","VALLE DEL CAUCA","76233","DAGUA","ARTICULO 169. SECUESTRO EXTORSIVO","1"
"08/04/2006","76","VALLE DEL CAUCA","76036","ANDALUCIA","ARTICULO 169. SECUESTRO EXTORSIVO","1"
"08/04/2006","52","NARIÑO","52678","SAMANIEGO","ARTICULO 168. SECUESTRO SIMPLE","1"
"08/04/2006","15","BOYACA","15223","CUBARA","ARTICULO 168. SECUESTRO SIMPLE","1"
"08/04/2006","11","BOGOTA D.C.","11001","BOGOTA D.C.","ARTICULO 168. SECUESTRO SIMPLE","1"
"07/04/2006","47","MAGDALENA","47001","SANTA MARTA","ARTICULO 169. SECUESTRO EXTORSIVO","1"
"07/04/2006","73","TOLIMA","73124","CAJAMARCA","ARTICULO 169. SECUESTRO EXTORSIVO","1"
"06/04/2006","68","SANTANDER","68307","GIRON","ARTICULO 168. SECUESTRO SIMPLE","1"
"06/04/2006","68","SANTANDER","68307","GIRON","ARTICULO 168. SECUESTRO SIMPLE","1"
"06/04/2006","47","MAGDALENA","47001","SANTA MARTA","ARTICULO 168. SECUESTRO SIMPLE","1"
"06/04/2006","19","CAUCA","19585","PURACE","ARTICULO 168. SECUESTRO SIMPLE","1"
"06/04/2006","19","CAUCA","19585","PURACE","ARTICULO 168. SECUESTRO SIMPLE","1"
"05/04/2006","47","MAGDALENA","47745","SITIONUEVO","ARTICULO 168. SECUESTRO SIMPLE","1"
"05/04/2006","20","CESAR","20045","BECERRIL","ARTICULO 168. SECUESTRO SIMPLE","1"
"05/04/2006","20","CESAR","20045","BECERRIL","ARTICULO 168. SECUESTRO SIMPLE","1"
"05/04/2006","20","CESAR","20045","BECERRIL","ARTICULO 168. SECUESTRO SIMPLE","1"
"04/04/2006","19","CAUCA","19001","POPAYAN","ARTICULO 169. SECUESTRO EXTORSIVO","1"
"03/04/2006","11","BOGOTA D.C.","11001","BOGOTA D.C.","ARTICULO 168. SECUESTRO SIMPLE","1"
"03/04/2006","66","RISARALDA","66383","LA CELIA","ARTICULO 168. SECUESTRO SIMPLE","1"
"03/04/2006","76","VALLE DEL CAUCA","76243","EL AGUILA","ARTICULO 169. SECUESTRO EXTORSIVO","1"
"03/04/2006","66","RISARALDA","66383","LA CELIA","ARTICULO 169. SECUESTRO EXTORSIVO","1"
"01/04/2006","54","NORTE DE SANTANDER","54003","ABREGO","ARTICULO 168. SECUESTRO SIMPLE","1"
"01/04/2006","50","META","50711","VISTAHERMOSA","ARTICULO 168. SECUESTRO SIMPLE","1"
"31/03/2006","70","SUCRE","70713","SAN ONOFRE","ARTICULO 168. SECUESTRO SIMPLE","1"
"30/03/2006","05","ANTIOQUIA","05031","AMALFI","ARTICULO 169. SECUESTRO EXTORSIVO","1"
"30/03/2006","86","PUTUMAYO","86755","SAN FRANCISCO","ARTICULO 168. SECUESTRO SIMPLE","1"
"30/03/2006","27","CHOCO","27075","BAHIA SOLANO","ARTICULO 169. SECUESTRO EXTORSIVO","1"
"29/03/2006","19","CAUCA","19256","EL TAMBO","ARTICULO 168. SECUESTRO SIMPLE","1"
"29/03/2006","19","CAUCA","19256","EL TAMBO","ARTICULO 168. SECUESTRO SIMPLE","1"
"29/03/2006","11","BOGOTA D.C.","11001","BOGOTA D.C.","ARTICULO 169. SECUESTRO EXTORSIVO","1"
"29/03/2006","05","ANTIOQUIA","05847","URRAO","ARTICULO 168. SECUESTRO SIMPLE","1"
"29/03/2006","52","NARIÑO","52356","IPIALES","ARTICULO 169. SECUESTRO EXTORSIVO","1"
"28/03/2006","11","BOGOTA D.C.","11001","BOGOTA D.C.","ARTICULO 168. SECUESTRO SIMPLE","1"
"27/03/2006","25","CUNDINAMARCA","25875","VILLETA","ARTICULO 168. SECUESTRO SIMPLE","1"
"27/03/2006","05","ANTIOQUIA","05040","ANORI","ARTICULO 169. SECUESTRO EXTORSIVO","1"
"25/03/2006","44","LA GUAJIRA","44001","RIOHACHA","ARTICULO 168. SECUESTRO SIMPLE","1"
"23/03/2006","50","META","50400","LEJANIAS","ARTICULO 169. SECUESTRO EXTORSIVO","1"
"22/03/2006","11","BOGOTA D.C.","11001","BOGOTA D.C.","ARTICULO 169. SECUESTRO EXTORSIVO","1"
"21/03/2006","13","BOLIVAR","13670","SAN PABLO","ARTICULO 169. SECUESTRO EXTORSIVO","1"
"21/03/2006","13","BOLIVAR","13670","SAN PABLO","ARTICULO 169. SECUESTRO EXTORSIVO","1"
"21/03/2006","13","BOLIVAR","13670","SAN PABLO","ARTICULO 169. SECUESTRO EXTORSIVO","1"
"21/03/2006","50","META","50001","VILLAVICENCIO","ARTICULO 168. SECUESTRO SIMPLE","1"
"20/03/2006","11","BOGOTA D.C.","11001","BOGOTA D.C.","ARTICULO 168. SECUESTRO SIMPLE","1"
"19/03/2006","52","NARIÑO","52233","CUMBITARA","ARTICULO 168. SECUESTRO SIMPLE","1"
"19/03/2006","52","NARIÑO","52233","CUMBITARA","ARTICULO 168. SECUESTRO SIMPLE","1"
"19/03/2006","05","ANTIOQUIA","05541","PEÑOL","ARTICULO 169. SECUESTRO EXTORSIVO","1"
"18/03/2006","11","BOGOTA D.C.","11001","BOGOTA D.C.","ARTICULO 168. SECUESTRO SIMPLE","1"
"17/03/2006","11","BOGOTA D.C.","11001","BOGOTA D.C.","ARTICULO 168. SECUESTRO SIMPLE","1"
"17/03/2006","76","VALLE DEL CAUCA","76834","TULUA","ARTICULO 169. SECUESTRO EXTORSIVO","1"
"16/03/2006","76","VALLE DEL CAUCA","76834","TULUA","ARTICULO 169. SECUESTRO EXTORSIVO","1"
"16/03/2006","76","VALLE DEL CAUCA","76834","TULUA","ARTICULO 169. SECUESTRO EXTORSIVO","1"
"16/03/2006","76","VALLE DEL CAUCA","76834","TULUA","ARTICULO 169. SECUESTRO EXTORSIVO","1"
"15/03/2006","11","BOGOTA D.C.","11001","BOGOTA D.C.","ARTICULO 169. SECUESTRO EXTORSIVO","1"
"13/03/2006","11","BOGOTA D.C.","11001","BOGOTA D.C.","ARTICULO 168. SECUESTRO SIMPLE","1"
"13/03/2006","11","BOGOTA D.C.","11001","BOGOTA D.C.","ARTICULO 168. SECUESTRO SIMPLE","1"
"10/03/2006","20","CESAR","20228","CURUMANI","ARTICULO 168. SECUESTRO SIMPLE","1"
"10/03/2006","85","CASANARE","85010","AGUAZUL","ARTICULO 168. SECUESTRO SIMPLE","1"
"08/03/2006","05","ANTIOQUIA","05001","MEDELLIN","ARTICULO 169. SECUESTRO EXTORSIVO","1"
"08/03/2006","76","VALLE DEL CAUCA","76233","DAGUA","ARTICULO 169. SECUESTRO EXTORSIVO","1"
"07/03/2006","05","ANTIOQUIA","05030","AMAGA","ARTICULO 168. SECUESTRO SIMPLE","1"
"07/03/2006","19","CAUCA","19100","BOLIVAR","ARTICULO 168. SECUESTRO SIMPLE","1"
"06/03/2006","76","VALLE DEL CAUCA","76736","SEVILLA","ARTICULO 169. SECUESTRO EXTORSIVO","1"
"05/03/2006","25","CUNDINAMARCA","25772","SUESCA","ARTICULO 168. SECUESTRO SIMPLE","1"
"05/03/2006","52","NARIÑO","52678","SAMANIEGO","ARTICULO 169. SECUESTRO EXTORSIVO","1"
"05/03/2006","52","NARIÑO","52678","SAMANIEGO","ARTICULO 169. SECUESTRO EXTORSIVO","1"
"05/03/2006","52","NARIÑO","52678","SAMANIEGO","ARTICULO 169. SECUESTRO EXTORSIVO","1"
"05/03/2006","20","CESAR","20383","LA GLORIA","ARTICULO 169. SECUESTRO EXTORSIVO","1"
"05/03/2006","05","ANTIOQUIA","05250","EL BAGRE","ARTICULO 169. SECUESTRO EXTORSIVO","1"
"05/03/2006","47","MAGDALENA","47001","SANTA MARTA","ARTICULO 168. SECUESTRO SIMPLE","1"
"05/03/2006","05","ANTIOQUIA","05250","EL BAGRE","ARTICULO 169. SECUESTRO EXTORSIVO","1"
"05/03/2006","25","CUNDINAMARCA","25772","SUESCA","ARTICULO 168. SECUESTRO SIMPLE","1"
"04/03/2006","73","TOLIMA","73148","CARMEN DE APICALA","ARTICULO 169. SECUESTRO EXTORSIVO","1"
"03/03/2006","73","TOLIMA","73483","NATAGAIMA","ARTICULO 168. SECUESTRO SIMPLE","1"
"02/03/2006","76","VALLE DEL CAUCA","76001","CALI","ARTICULO 169. SECUESTRO EXTORSIVO","1"
"02/03/2006","41","HUILA","41524","PALERMO","ARTICULO 168. SECUESTRO SIMPLE","1"
"01/03/2006","66","RISARALDA","66594","QUINCHIA","ARTICULO 169. SECUESTRO EXTORSIVO","1"
"01/03/2006","66","RISARALDA","66594","QUINCHIA","ARTICULO 169. SECUESTRO EXTORSIVO","1"
"01/03/2006","18","CAQUETA","18205","CURILLO","ARTICULO 168. SECUESTRO SIMPLE","1"
"01/03/2006","18","CAQUETA","18205","CURILLO","ARTICULO 168. SECUESTRO SIMPLE","1"
"28/02/2006","18","CAQUETA","18205","CURILLO","ARTICULO 168. SECUESTRO SIMPLE","1"
"28/02/2006","19","CAUCA","19698","SANTANDER DE QUILICHAO","ARTICULO 168. SECUESTRO SIMPLE","1"
"28/02/2006","19","CAUCA","19698","SANTANDER DE QUILICHAO","ARTICULO 168. SECUESTRO SIMPLE","1"
"27/02/2006","20","CESAR","20614","RIO DE ORO","ARTICULO 168. SECUESTRO SIMPLE","1"
"27/02/2006","25","CUNDINAMARCA","25290","FUSAGASUGA","ARTICULO 168. SECUESTRO SIMPLE","1"
"27/02/2006","52","NARIÑO","52399","LA UNION","ARTICULO 169. SECUESTRO EXTORSIVO","1"
"26/02/2006","52","NARIÑO","52001","PASTO","ARTICULO 168. SECUESTRO SIMPLE","1"
"25/02/2006","95","GUAVIARE","95025","EL RETORNO","ARTICULO 169. SECUESTRO EXTORSIVO","1"
"25/02/2006","73","TOLIMA","73347","HERVEO","ARTICULO 169. SECUESTRO EXTORSIVO","1"
"25/02/2006","13","BOLIVAR","13473","MORALES","ARTICULO 169. SECUESTRO EXTORSIVO","1"
"24/02/2006","50","META","50006","ACACIAS","ARTICULO 168. SECUESTRO SIMPLE","1"
"24/02/2006","54","NORTE DE SANTANDER","54720","SARDINATA","ARTICULO 168. SECUESTRO SIMPLE","1"
"24/02/2006","76","VALLE DEL CAUCA","76126","CALIMA","ARTICULO 168. SECUESTRO SIMPLE","1"
"24/02/2006","76","VALLE DEL CAUCA","76126","CALIMA","ARTICULO 168. SECUESTRO SIMPLE","1"
"23/02/2006","11","BOGOTA D.C.","11001","BOGOTA D.C.","ARTICULO 169. SECUESTRO EXTORSIVO","1"
"23/02/2006","25","CUNDINAMARCA","25743","SILVANIA","ARTICULO 168. SECUESTRO SIMPLE","1"
"23/02/2006","25","CUNDINAMARCA","25743","SILVANIA","ARTICULO 168. SECUESTRO SIMPLE","1"
"23/02/2006","52","NARIÑO","52001","PASTO","ARTICULO 169. SECUESTRO EXTORSIVO","1"
"23/02/2006","68","SANTANDER","68655","SABANA DE TORRES","ARTICULO 169. SECUESTRO EXTORSIVO","1"
"21/02/2006","41","HUILA","41524","PALERMO","ARTICULO 169. SECUESTRO EXTORSIVO","1"
"20/02/2006","50","META","50001","VILLAVICENCIO","ARTICULO 169. SECUESTRO EXTORSIVO","1"
"20/02/2006","25","CUNDINAMARCA","25320","GUADUAS","ARTICULO 168. SECUESTRO SIMPLE","1"
"20/02/2006","11","BOGOTA D.C.","11001","BOGOTA D.C.","ARTICULO 168. SECUESTRO SIMPLE","1"
"20/02/2006","50","META","50226","CUMARAL","ARTICULO 168. SECUESTRO SIMPLE","1"
"20/02/2006","50","META","50226","CUMARAL","ARTICULO 168. SECUESTRO SIMPLE","1"
"19/02/2006","19","CAUCA","19585","PURACE","ARTICULO 169. SECUESTRO EXTORSIVO","1"
"19/02/2006","19","CAUCA","19585","PURACE","ARTICULO 169. SECUESTRO EXTORSIVO","1"
"17/02/2006","76","VALLE DEL CAUCA","76001","CALI","ARTICULO 169. SECUESTRO EXTORSIVO","1"
"17/02/2006","70","SUCRE","70713","SAN ONOFRE","ARTICULO 169. SECUESTRO EXTORSIVO","1"
"17/02/2006","18","CAQUETA","18592","PUERTO RICO","ARTICULO 169. SECUESTRO EXTORSIVO","1"
"16/02/2006","25","CUNDINAMARCA","25530","PARATEBUENO","ARTICULO 169. SECUESTRO EXTORSIVO","1"
"16/02/2006","13","BOLIVAR","13657","SAN JUAN NEPOMUCENO","ARTICULO 169. SECUESTRO EXTORSIVO","1"
"16/02/2006","05","ANTIOQUIA","05044","ANZA","ARTICULO 169. SECUESTRO EXTORSIVO","1"
"13/02/2006","05","ANTIOQUIA","05789","TAMESIS","ARTICULO 168. SECUESTRO SIMPLE","1"
"12/02/2006","47","MAGDALENA","47001","SANTA MARTA","ARTICULO 168. SECUESTRO SIMPLE","1"
"12/02/2006","47","MAGDALENA","47001","SANTA MARTA","ARTICULO 168. SECUESTRO SIMPLE","1"
"12/02/2006","50","META","50001","VILLAVICENCIO","ARTICULO 168. SECUESTRO SIMPLE","1"
"12/02/2006","50","META","50001","VILLAVICENCIO","ARTICULO 168. SECUESTRO SIMPLE","1"
"11/02/2006","18","CAQUETA","18753","SAN VICENTE DEL CAGUAN","ARTICULO 169. SECUESTRO EXTORSIVO","1"
"10/02/2006","13","BOLIVAR","13248","EL GUAMO","ARTICULO 169. SECUESTRO EXTORSIVO","1"
"10/02/2006","73","TOLIMA","73124","CAJAMARCA","ARTICULO 169. SECUESTRO EXTORSIVO","1"
"10/02/2006","76","VALLE DEL CAUCA","76520","PALMIRA","ARTICULO 168. SECUESTRO SIMPLE","1"
"10/02/2006","18","CAQUETA","18410","LA MONTAÑITA","ARTICULO 169. SECUESTRO EXTORSIVO","1"
"09/02/2006","54","NORTE DE SANTANDER","54498","OCAÑA","ARTICULO 168. SECUESTRO SIMPLE","1"
"09/02/2006","05","ANTIOQUIA","05250","EL BAGRE","ARTICULO 168. SECUESTRO SIMPLE","1"
"08/02/2006","52","NARIÑO","52354","IMUES","ARTICULO 168. SECUESTRO SIMPLE","1"
"07/02/2006","11","BOGOTA D.C.","11001","BOGOTA D.C.","ARTICULO 168. SECUESTRO SIMPLE","1"
"07/02/2006","25","CUNDINAMARCA","25279","FOMEQUE","ARTICULO 168. SECUESTRO SIMPLE","1"
"06/02/2006","52","NARIÑO","52356","IPIALES","ARTICULO 169. SECUESTRO EXTORSIVO","1"
"06/02/2006","54","NORTE DE SANTANDER","54001","CUCUTA","ARTICULO 168. SECUESTRO SIMPLE","1"
"05/02/2006","13","BOLIVAR","13670","SAN PABLO","ARTICULO 169. SECUESTRO EXTORSIVO","1"
"05/02/2006","13","BOLIVAR","13670","SAN PABLO","ARTICULO 169. SECUESTRO EXTORSIVO","1"
"05/02/2006","13","BOLIVAR","13670","SAN PABLO","ARTICULO 169. SECUESTRO EXTORSIVO","1"
"04/02/2006","05","ANTIOQUIA","05858","VEGACHI","ARTICULO 168. SECUESTRO SIMPLE","1"
"04/02/2006","13","BOLIVAR","13683","SANTA ROSA","ARTICULO 169. SECUESTRO EXTORSIVO","1"
"04/02/2006","13","BOLIVAR","13683","SANTA ROSA","ARTICULO 169. SECUESTRO EXTORSIVO","1"
"04/02/2006","54","NORTE DE SANTANDER","54498","OCAÑA","ARTICULO 169. SECUESTRO EXTORSIVO","1"
"04/02/2006","50","META","50226","CUMARAL","ARTICULO 168. SECUESTRO SIMPLE","1"
"02/02/2006","99","VICHADA","99524","LA PRIMAVERA","ARTICULO 168. SECUESTRO SIMPLE","1"
"01/02/2006","05","ANTIOQUIA","05893","YONDO","ARTICULO 168. SECUESTRO SIMPLE","1"
"01/02/2006","05","ANTIOQUIA","05893","YONDO","ARTICULO 168. SECUESTRO SIMPLE","1"
"01/02/2006","11","BOGOTA D.C.","11001","BOGOTA D.C.","ARTICULO 168. SECUESTRO SIMPLE","1"
"01/02/2006","11","BOGOTA D.C.","11001","BOGOTA D.C.","ARTICULO 168. SECUESTRO SIMPLE","1"
"01/02/2006","05","ANTIOQUIA","05893","YONDO","ARTICULO 169. SECUESTRO EXTORSIVO","1"
"31/01/2006","19","CAUCA","19698","SANTANDER DE QUILICHAO","ARTICULO 168. SECUESTRO SIMPLE","1"
"31/01/2006","52","NARIÑO","52001","PASTO","ARTICULO 169. SECUESTRO EXTORSIVO","1"
"31/01/2006","19","CAUCA","19698","SANTANDER DE QUILICHAO","ARTICULO 168. SECUESTRO SIMPLE","1"
"31/01/2006","86","PUTUMAYO","86001","MOCOA","ARTICULO 169. SECUESTRO EXTORSIVO","1"
"30/01/2006","05","ANTIOQUIA","05615","RIONEGRO","ARTICULO 168. SECUESTRO SIMPLE","1"
"30/01/2006","11","BOGOTA D.C.","11001","BOGOTA D.C.","ARTICULO 168. SECUESTRO SIMPLE","1"
"29/01/2006","05","ANTIOQUIA","05854","VALDIVIA","ARTICULO 168. SECUESTRO SIMPLE","1"
"29/01/2006","54","NORTE DE SANTANDER","54385","LA ESPERANZA","ARTICULO 169. SECUESTRO EXTORSIVO","1"
"28/01/2006","18","CAQUETA","18001","FLORENCIA","ARTICULO 169. SECUESTRO EXTORSIVO","1"
"28/01/2006","18","CAQUETA","18001","FLORENCIA","ARTICULO 169. SECUESTRO EXTORSIVO","1"
"28/01/2006","05","ANTIOQUIA","05679","SANTA BARBARA","ARTICULO 168. SECUESTRO SIMPLE","1"
"28/01/2006","18","CAQUETA","18001","FLORENCIA","ARTICULO 169. SECUESTRO EXTORSIVO","1"
"27/01/2006","50","META","50287","FUENTE DE ORO","ARTICULO 168. SECUESTRO SIMPLE","1"
"27/01/2006","50","META","50287","FUENTE DE ORO","ARTICULO 168. SECUESTRO SIMPLE","1"
"27/01/2006","70","SUCRE","70820","SANTIAGO DE TOLU","ARTICULO 168. SECUESTRO SIMPLE","1"
"25/01/2006","76","VALLE DEL CAUCA","76001","CALI","ARTICULO 168. SECUESTRO SIMPLE","1"
"23/01/2006","54","NORTE DE SANTANDER","54001","CUCUTA","ARTICULO 168. SECUESTRO SIMPLE","1"
"22/01/2006","25","CUNDINAMARCA","25053","ARBELAEZ","ARTICULO 168. SECUESTRO SIMPLE","1"
"22/01/2006","25","CUNDINAMARCA","25053","ARBELAEZ","ARTICULO 168. SECUESTRO SIMPLE","1"
"21/01/2006","19","CAUCA","19622","ROSAS","ARTICULO 169. SECUESTRO EXTORSIVO","1"
"21/01/2006","19","CAUCA","19622","ROSAS","ARTICULO 169. SECUESTRO EXTORSIVO","1"
"21/01/2006","05","ANTIOQUIA","05893","YONDO","ARTICULO 168. SECUESTRO SIMPLE","1"
"20/01/2006","20","CESAR","20011","AGUACHICA","ARTICULO 169. SECUESTRO EXTORSIVO","1"
"20/01/2006","19","CAUCA","19001","POPAYAN","ARTICULO 169. SECUESTRO EXTORSIVO","1"
"20/01/2006","50","META","50001","VILLAVICENCIO","ARTICULO 168. SECUESTRO SIMPLE","1"
"20/01/2006","47","MAGDALENA","47001","SANTA MARTA","ARTICULO 169. SECUESTRO EXTORSIVO","1"
"20/01/2006","11","BOGOTA D.C.","11001","BOGOTA D.C.","ARTICULO 169. SECUESTRO EXTORSIVO","1"
"20/01/2006","52","NARIÑO","52001","PASTO","ARTICULO 168. SECUESTRO SIMPLE","1"
"20/01/2006","15","BOYACA","15180","CHISCAS","ARTICULO 169. SECUESTRO EXTORSIVO","1"
"19/01/2006","68","SANTANDER","68615","RIONEGRO","ARTICULO 169. SECUESTRO EXTORSIVO","1"
"17/01/2006","50","META","50001","VILLAVICENCIO","ARTICULO 168. SECUESTRO SIMPLE","1"
"17/01/2006","52","NARIÑO","52001","PASTO","ARTICULO 168. SECUESTRO SIMPLE","1"
"17/01/2006","25","CUNDINAMARCA","25269","FACATATIVA","ARTICULO 168. SECUESTRO SIMPLE","1"
"16/01/2006","81","ARAUCA","81001","ARAUCA","ARTICULO 168. SECUESTRO SIMPLE","1"
"16/01/2006","81","ARAUCA","81001","ARAUCA","ARTICULO 168. SECUESTRO SIMPLE","1"
"16/01/2006","81","ARAUCA","81001","ARAUCA","ARTICULO 168. SECUESTRO SIMPLE","1"
"15/01/2006","81","ARAUCA","81065","ARAUQUITA","ARTICULO 169. SECUESTRO EXTORSIVO","1"
"15/01/2006","66","RISARALDA","66318","GUATICA","ARTICULO 169. SECUESTRO EXTORSIVO","1"
"15/01/2006","73","TOLIMA","73001","IBAGUE","ARTICULO 168. SECUESTRO SIMPLE","1"
"14/01/2006","08","ATLANTICO","08001","BARRANQUILLA","ARTICULO 169. SECUESTRO EXTORSIVO","1"
"14/01/2006","19","CAUCA","19743","SILVIA","ARTICULO 168. SECUESTRO SIMPLE","1"
"14/01/2006","19","CAUCA","19743","SILVIA","ARTICULO 168. SECUESTRO SIMPLE","1"
"13/01/2006","05","ANTIOQUIA","05001","MEDELLIN","ARTICULO 169. SECUESTRO EXTORSIVO","1"
"13/01/2006","25","CUNDINAMARCA","25845","UNE","ARTICULO 168. SECUESTRO SIMPLE","1"
"13/01/2006","25","CUNDINAMARCA","25175","CHIA","ARTICULO 169. SECUESTRO EXTORSIVO","1"
"12/01/2006","19","CAUCA","19698","SANTANDER DE QUILICHAO","ARTICULO 169. SECUESTRO EXTORSIVO","1"
"11/01/2006","50","META","50001","VILLAVICENCIO","ARTICULO 168. SECUESTRO SIMPLE","1"
"11/01/2006","25","CUNDINAMARCA","25120","CABRERA","ARTICULO 169. SECUESTRO EXTORSIVO","1"
"11/01/2006","11","BOGOTA D.C.","11001","BOGOTA D.C.","ARTICULO 168. SECUESTRO SIMPLE","1"
"10/01/2006","19","CAUCA","19450","MERCADERES","ARTICULO 169. SECUESTRO EXTORSIVO","1"
"10/01/2006","05","ANTIOQUIA","05040","ANORI","ARTICULO 169. SECUESTRO EXTORSIVO","1"
"10/01/2006","50","META","50001","VILLAVICENCIO","ARTICULO 168. SECUESTRO SIMPLE","1"
"08/01/2006","76","VALLE DEL CAUCA","76233","DAGUA","ARTICULO 169. SECUESTRO EXTORSIVO","1"
"06/01/2006","11","BOGOTA D.C.","11001","BOGOTA D.C.","ARTICULO 168. SECUESTRO SIMPLE","1"
"05/01/2006","52","NARIÑO","52621","ROBERTO PAYAN","ARTICULO 169. SECUESTRO EXTORSIVO","1"
"29/12/2005","68","SANTANDER","68655","SABANA DE TORRES","ARTICULO 169. SECUESTRO EXTORSIVO","1"
"25/12/2005","85","CASANARE","85300","SABANALARGA","ARTICULO 169. SECUESTRO EXTORSIVO","1"
"24/12/2005","41","HUILA","41298","GARZON","ARTICULO 168. SECUESTRO SIMPLE","1"
"22/12/2005","11","BOGOTA D.C.","11001","BOGOTA D.C.","ARTICULO 169. SECUESTRO EXTORSIVO","1"
"20/12/2005","05","ANTIOQUIA","05093","BETULIA","ARTICULO 169. SECUESTRO EXTORSIVO","1"
"20/12/2005","73","TOLIMA","73268","ESPINAL","ARTICULO 168. SECUESTRO SIMPLE","1"
"19/12/2005","76","VALLE DEL CAUCA","76001","CALI","ARTICULO 168. SECUESTRO SIMPLE","1"
"17/12/2005","25","CUNDINAMARCA","25438","MEDINA","ARTICULO 169. SECUESTRO EXTORSIVO","1"
"17/12/2005","25","CUNDINAMARCA","25438","MEDINA","ARTICULO 169. SECUESTRO EXTORSIVO","1"
"15/12/2005","54","NORTE DE SANTANDER","54720","SARDINATA","ARTICULO 168. SECUESTRO SIMPLE","1"
"15/12/2005","54","NORTE DE SANTANDER","54720","SARDINATA","ARTICULO 168. SECUESTRO SIMPLE","1"
"15/12/2005","54","NORTE DE SANTANDER","54720","SARDINATA","ARTICULO 168. SECUESTRO SIMPLE","1"
"15/12/2005","54","NORTE DE SANTANDER","54720","SARDINATA","ARTICULO 168. SECUESTRO SIMPLE","1"
"14/12/2005","52","NARIÑO","52001","PASTO","ARTICULO 168. SECUESTRO SIMPLE","1"
"12/12/2005","41","HUILA","41548","PITAL","ARTICULO 169. SECUESTRO EXTORSIVO","1"
"12/12/2005","54","NORTE DE SANTANDER","54001","CUCUTA","ARTICULO 169. SECUESTRO EXTORSIVO","1"
"12/12/2005","73","TOLIMA","73055","ARMERO","ARTICULO 168. SECUESTRO SIMPLE","1"
"10/12/2005","73","TOLIMA","73001","IBAGUE","ARTICULO 168. SECUESTRO SIMPLE","1"
"07/12/2005","73","TOLIMA","73001","IBAGUE","ARTICULO 168. SECUESTRO SIMPLE","1"
"06/12/2005","05","ANTIOQUIA","05887","YARUMAL","ARTICULO 169. SECUESTRO EXTORSIVO","1"
"06/12/2005","68","SANTANDER","68547","PIEDECUESTA","ARTICULO 169. SECUESTRO EXTORSIVO","1"
"06/12/2005","68","SANTANDER","68547","PIEDECUESTA","ARTICULO 169. SECUESTRO EXTORSIVO","1"
"05/12/2005","95","GUAVIARE","95001","SAN JOSE DEL GUAVIARE","ARTICULO 168. SECUESTRO SIMPLE","1"
"05/12/2005","95","GUAVIARE","95001","SAN JOSE DEL GUAVIARE","ARTICULO 168. SECUESTRO SIMPLE","1"
"05/12/2005","95","GUAVIARE","95001","SAN JOSE DEL GUAVIARE","ARTICULO 168. SECUESTRO SIMPLE","1"
"04/12/2005","52","NARIÑO","52835","SAN ANDRES DE TUMACO","ARTICULO 169. SECUESTRO EXTORSIVO","1"
"04/12/2005","52","NARIÑO","52835","SAN ANDRES DE TUMACO","ARTICULO 169. SECUESTRO EXTORSIVO","1"
"04/12/2005","52","NARIÑO","52835","SAN ANDRES DE TUMACO","ARTICULO 169. SECUESTRO EXTORSIVO","1"
"04/12/2005","52","NARIÑO","52835","SAN ANDRES DE TUMACO","ARTICULO 169. SECUESTRO EXTORSIVO","1"
"04/12/2005","73","TOLIMA","73001","IBAGUE","ARTICULO 168. SECUESTRO SIMPLE","1"
"03/12/2005","52","NARIÑO","52079","BARBACOAS","ARTICULO 168. SECUESTRO SIMPLE","1"
"03/12/2005","52","NARIÑO","52079","BARBACOAS","ARTICULO 168. SECUESTRO SIMPLE","1"
"01/12/2005","19","CAUCA","19001","POPAYAN","ARTICULO 169. SECUESTRO EXTORSIVO","1"
"01/12/2005","19","CAUCA","19001","POPAYAN","ARTICULO 168. SECUESTRO SIMPLE","1"
"01/12/2005","68","SANTANDER","68655","SABANA DE TORRES","ARTICULO 169. SECUESTRO EXTORSIVO","1"
"01/12/2005","68","SANTANDER","68655","SABANA DE TORRES","ARTICULO 169. SECUESTRO EXTORSIVO","1"
"30/11/2005","85","CASANARE","85001","YOPAL","ARTICULO 169. SECUESTRO EXTORSIVO","1"
"29/11/2005","08","ATLANTICO","08001","BARRANQUILLA","ARTICULO 168. SECUESTRO SIMPLE","1"
"28/11/2005","95","GUAVIARE","95001","SAN JOSE DEL GUAVIARE","ARTICULO 168. SECUESTRO SIMPLE","1"
"28/11/2005","95","GUAVIARE","95001","SAN JOSE DEL GUAVIARE","ARTICULO 168. SECUESTRO SIMPLE","1"
"28/11/2005","66","RISARALDA","66088","BELEN DE UMBRIA","ARTICULO 169. SECUESTRO EXTORSIVO","1"
"28/11/2005","95","GUAVIARE","95001","SAN JOSE DEL GUAVIARE","ARTICULO 168. SECUESTRO SIMPLE","1"
"28/11/2005","95","GUAVIARE","95001","SAN JOSE DEL GUAVIARE","ARTICULO 168. SECUESTRO SIMPLE","1"
"28/11/2005","95","GUAVIARE","95001","SAN JOSE DEL GUAVIARE","ARTICULO 168. SECUESTRO SIMPLE","1"
"28/11/2005","95","GUAVIARE","95001","SAN JOSE DEL GUAVIARE","ARTICULO 168. SECUESTRO SIMPLE","1"
"28/11/2005","95","GUAVIARE","95001","SAN JOSE DEL GUAVIARE","ARTICULO 168. SECUESTRO SIMPLE","1"
"28/11/2005","95","GUAVIARE","95001","SAN JOSE DEL GUAVIARE","ARTICULO 168. SECUESTRO SIMPLE","1"
"26/11/2005","50","META","50001","VILLAVICENCIO","ARTICULO 168. SECUESTRO SIMPLE","1"
"25/11/2005","52","NARIÑO","52001","PASTO","ARTICULO 168. SECUESTRO SIMPLE","1"
"25/11/2005","11","BOGOTA D.C.","11001","BOGOTA D.C.","ARTICULO 168. SECUESTRO SIMPLE","1"
"24/11/2005","52","NARIÑO","52835","SAN ANDRES DE TUMACO","ARTICULO 168. SECUESTRO SIMPLE","1"
"23/11/2005","50","META","50001","VILLAVICENCIO","ARTICULO 168. SECUESTRO SIMPLE","1"
"22/11/2005","52","NARIÑO","52001","PASTO","ARTICULO 168. SECUESTRO SIMPLE","1"
"22/11/2005","13","BOLIVAR","13042","ARENAL","ARTICULO 169. SECUESTRO EXTORSIVO","1"
"21/11/2005","11","BOGOTA D.C.","11001","BOGOTA D.C.","ARTICULO 168. SECUESTRO SIMPLE","1"
"20/11/2005","19","CAUCA","19001","POPAYAN","ARTICULO 168. SECUESTRO SIMPLE","1"
"19/11/2005","47","MAGDALENA","47288","FUNDACION","ARTICULO 169. SECUESTRO EXTORSIVO","1"
"19/11/2005","52","NARIÑO","52227","CUMBAL","ARTICULO 168. SECUESTRO SIMPLE","1"
"18/11/2005","19","CAUCA","19698","SANTANDER DE QUILICHAO","ARTICULO 168. SECUESTRO SIMPLE","1"
"18/11/2005","73","TOLIMA","73055","ARMERO","ARTICULO 168. SECUESTRO SIMPLE","1"
"18/11/2005","52","NARIÑO","52835","SAN ANDRES DE TUMACO","ARTICULO 169. SECUESTRO EXTORSIVO","1"
"18/11/2005","54","NORTE DE SANTANDER","54498","OCAÑA","ARTICULO 168. SECUESTRO SIMPLE","1"
"17/11/2005","50","META","50683","SAN JUAN DE ARAMA","ARTICULO 168. SECUESTRO SIMPLE","1"
"15/11/2005","11","BOGOTA D.C.","11001","BOGOTA D.C.","ARTICULO 168. SECUESTRO SIMPLE","1"
"15/11/2005","73","TOLIMA","73349","HONDA","ARTICULO 168. SECUESTRO SIMPLE","1"
"13/11/2005","73","TOLIMA","73349","HONDA","ARTICULO 168. SECUESTRO SIMPLE","1"
"13/11/2005","76","VALLE DEL CAUCA","76606","RESTREPO","ARTICULO 169. SECUESTRO EXTORSIVO","1"
"12/11/2005","19","CAUCA","19698","SANTANDER DE QUILICHAO","ARTICULO 169. SECUESTRO EXTORSIVO","1"
"12/11/2005","73","TOLIMA","73563","PRADO","ARTICULO 169. SECUESTRO EXTORSIVO","1"
"12/11/2005","11","BOGOTA D.C.","11001","BOGOTA D.C.","ARTICULO 169. SECUESTRO EXTORSIVO","1"
"10/11/2005","73","TOLIMA","73200","COELLO","ARTICULO 168. SECUESTRO SIMPLE","1"
"10/11/2005","68","SANTANDER","68077","BARBOSA","ARTICULO 169. SECUESTRO EXTORSIVO","1"
"09/11/2005","52","NARIÑO","52001","PASTO","ARTICULO 169. SECUESTRO EXTORSIVO","1"
"08/11/2005","11","BOGOTA D.C.","11001","BOGOTA D.C.","ARTICULO 169. SECUESTRO EXTORSIVO","1"
"08/11/2005","70","SUCRE","70508","OVEJAS","ARTICULO 169. SECUESTRO EXTORSIVO","1"
"08/11/2005","44","LA GUAJIRA","44001","RIOHACHA","ARTICULO 169. SECUESTRO EXTORSIVO","1"
"08/11/2005","44","LA GUAJIRA","44001","RIOHACHA","ARTICULO 169. SECUESTRO EXTORSIVO","1"
"07/11/2005","05","ANTIOQUIA","05467","MONTEBELLO","ARTICULO 169. SECUESTRO EXTORSIVO","1"
"07/11/2005","05","ANTIOQUIA","05467","MONTEBELLO","ARTICULO 169. SECUESTRO EXTORSIVO","1"
"07/11/2005","73","TOLIMA","73461","MURILLO","ARTICULO 168. SECUESTRO SIMPLE","1"
"06/11/2005","52","NARIÑO","52835","SAN ANDRES DE TUMACO","ARTICULO 169. SECUESTRO EXTORSIVO","1"
"06/11/2005","52","NARIÑO","52835","SAN ANDRES DE TUMACO","ARTICULO 169. SECUESTRO EXTORSIVO","1"
"06/11/2005","52","NARIÑO","52036","ANCUYA","ARTICULO 169. SECUESTRO EXTORSIVO","1"
"06/11/2005","52","NARIÑO","52835","SAN ANDRES DE TUMACO","ARTICULO 169. SECUESTRO EXTORSIVO","1"
"05/11/2005","50","META","50001","VILLAVICENCIO","ARTICULO 168. SECUESTRO SIMPLE","1"
"04/11/2005","66","RISARALDA","66001","PEREIRA","ARTICULO 168. SECUESTRO SIMPLE","1"
"04/11/2005","70","SUCRE","70713","SAN ONOFRE","ARTICULO 169. SECUESTRO EXTORSIVO","1"
"01/11/2005","54","NORTE DE SANTANDER","54720","SARDINATA","ARTICULO 169. SECUESTRO EXTORSIVO","1"
"01/11/2005","20","CESAR","20750","SAN DIEGO","ARTICULO 169. SECUESTRO EXTORSIVO","1"
"31/10/2005","41","HUILA","41872","VILLAVIEJA","ARTICULO 169. SECUESTRO EXTORSIVO","1"
"31/10/2005","70","SUCRE","70230","CHALAN","ARTICULO 168. SECUESTRO SIMPLE","1"
"31/10/2005","70","SUCRE","70230","CHALAN","ARTICULO 168. SECUESTRO SIMPLE","1"
"28/10/2005","66","RISARALDA","66001","PEREIRA","ARTICULO 169. SECUESTRO EXTORSIVO","1"
"27/10/2005","54","NORTE DE SANTANDER","54001","CUCUTA","ARTICULO 169. SECUESTRO EXTORSIVO","1"
"25/10/2005","52","NARIÑO","52001","PASTO","ARTICULO 168. SECUESTRO SIMPLE","1"
"25/10/2005","68","SANTANDER","68615","RIONEGRO","ARTICULO 168. SECUESTRO SIMPLE","1"
"23/10/2005","25","CUNDINAMARCA","25290","FUSAGASUGA","ARTICULO 168. SECUESTRO SIMPLE","1"
"22/10/2005","05","ANTIOQUIA","05079","BARBOSA","ARTICULO 169. SECUESTRO EXTORSIVO","1"
"21/10/2005","54","NORTE DE SANTANDER","54480","MUTISCUA","ARTICULO 168. SECUESTRO SIMPLE","1"
"20/10/2005","73","TOLIMA","73124","CAJAMARCA","ARTICULO 168. SECUESTRO SIMPLE","1"
"20/10/2005","11","BOGOTA D.C.","11001","BOGOTA D.C.","ARTICULO 169. SECUESTRO EXTORSIVO","1"
"20/10/2005","20","CESAR","20570","PUEBLO BELLO","ARTICULO 168. SECUESTRO SIMPLE","1"
"19/10/2005","50","META","50001","VILLAVICENCIO","ARTICULO 168. SECUESTRO SIMPLE","1"
"19/10/2005","13","BOLIVAR","13442","MARIA LA BAJA","ARTICULO 169. SECUESTRO EXTORSIVO","1"
"19/10/2005","73","TOLIMA","73124","CAJAMARCA","ARTICULO 168. SECUESTRO SIMPLE","1"
"19/10/2005","25","CUNDINAMARCA","25899","ZIPAQUIRA","ARTICULO 168. SECUESTRO SIMPLE","1"
"18/10/2005","50","META","50001","VILLAVICENCIO","ARTICULO 169. SECUESTRO EXTORSIVO","1"
"18/10/2005","25","CUNDINAMARCA","25297","GACHETA","ARTICULO 169. SECUESTRO EXTORSIVO","1"
"17/10/2005","18","CAQUETA","18753","SAN VICENTE DEL CAGUAN","ARTICULO 169. SECUESTRO EXTORSIVO","1"
"17/10/2005","18","CAQUETA","18753","SAN VICENTE DEL CAGUAN","ARTICULO 169. SECUESTRO EXTORSIVO","1"
"17/10/2005","18","CAQUETA","18753","SAN VICENTE DEL CAGUAN","ARTICULO 169. SECUESTRO EXTORSIVO","1"
"17/10/2005","18","CAQUETA","18753","SAN VICENTE DEL CAGUAN","ARTICULO 169. SECUESTRO EXTORSIVO","1"
"17/10/2005","25","CUNDINAMARCA","25260","EL ROSAL","ARTICULO 169. SECUESTRO EXTORSIVO","1"
"17/10/2005","18","CAQUETA","18753","SAN VICENTE DEL CAGUAN","ARTICULO 169. SECUESTRO EXTORSIVO","1"
"17/10/2005","76","VALLE DEL CAUCA","76275","FLORIDA","ARTICULO 169. SECUESTRO EXTORSIVO","1"
"17/10/2005","52","NARIÑO","52079","BARBACOAS","ARTICULO 169. SECUESTRO EXTORSIVO","1"
"17/10/2005","52","NARIÑO","52079","BARBACOAS","ARTICULO 169. SECUESTRO EXTORSIVO","1"
"17/10/2005","18","CAQUETA","18753","SAN VICENTE DEL CAGUAN","ARTICULO 169. SECUESTRO EXTORSIVO","1"
"16/10/2005","05","ANTIOQUIA","05674","SAN VICENTE FERRER","ARTICULO 169. SECUESTRO EXTORSIVO","1"
"16/10/2005","05","ANTIOQUIA","05579","PUERTO BERRIO","ARTICULO 169. SECUESTRO EXTORSIVO","1"
"14/10/2005","73","TOLIMA","73443","SAN SEBASTIAN DE MARIQUITA","ARTICULO 168. SECUESTRO SIMPLE","1"
"14/10/2005","76","VALLE DEL CAUCA","76869","VIJES","ARTICULO 169. SECUESTRO EXTORSIVO","1"
"14/10/2005","73","TOLIMA","73268","ESPINAL","ARTICULO 168. SECUESTRO SIMPLE","1"
"14/10/2005","73","TOLIMA","73624","ROVIRA","ARTICULO 168. SECUESTRO SIMPLE","1"
"13/10/2005","05","ANTIOQUIA","05615","RIONEGRO","ARTICULO 169. SECUESTRO EXTORSIVO","1"
"13/10/2005","73","TOLIMA","73352","ICONONZO","ARTICULO 168. SECUESTRO SIMPLE","1"
"12/10/2005","18","CAQUETA","18205","CURILLO","ARTICULO 168. SECUESTRO SIMPLE","1"
"12/10/2005","73","TOLIMA","73001","IBAGUE","ARTICULO 168. SECUESTRO SIMPLE","1"
"12/10/2005","05","ANTIOQUIA","05670","SAN ROQUE","ARTICULO 168. SECUESTRO SIMPLE","1"
"11/10/2005","11","BOGOTA D.C.","11001","BOGOTA D.C.","ARTICULO 169. SECUESTRO EXTORSIVO","1"
"10/10/2005","18","CAQUETA","18150","CARTAGENA DEL CHAIRA","ARTICULO 168. SECUESTRO SIMPLE","1"
"10/10/2005","73","TOLIMA","73283","FRESNO","ARTICULO 168. SECUESTRO SIMPLE","1"
"09/10/2005","76","VALLE DEL CAUCA","76147","CARTAGO","ARTICULO 169. SECUESTRO EXTORSIVO","1"
"09/10/2005","76","VALLE DEL CAUCA","76147","CARTAGO","ARTICULO 169. SECUESTRO EXTORSIVO","1"
"08/10/2005","73","TOLIMA","73411","LIBANO","ARTICULO 168. SECUESTRO SIMPLE","1"
"07/10/2005","13","BOLIVAR","13001","CARTAGENA DE INDIAS","ARTICULO 169. SECUESTRO EXTORSIVO","1"
"07/10/2005","11","BOGOTA D.C.","11001","BOGOTA D.C.","ARTICULO 168. SECUESTRO SIMPLE","1"
"06/10/2005","08","ATLANTICO","08001","BARRANQUILLA","ARTICULO 168. SECUESTRO SIMPLE","1"
"04/10/2005","19","CAUCA","19001","POPAYAN","ARTICULO 169. SECUESTRO EXTORSIVO","1"
"03/10/2005","44","LA GUAJIRA","44001","RIOHACHA","ARTICULO 168. SECUESTRO SIMPLE","1"
"03/10/2005","66","RISARALDA","66594","QUINCHIA","ARTICULO 169. SECUESTRO EXTORSIVO","1"
"01/10/2005","73","TOLIMA","73275","FLANDES","ARTICULO 168. SECUESTRO SIMPLE","1"
"29/09/2005","68","SANTANDER","68001","BUCARAMANGA","ARTICULO 168. SECUESTRO SIMPLE","1"
"29/09/2005","15","BOYACA","15600","RAQUIRA","ARTICULO 168. SECUESTRO SIMPLE","1"
"28/09/2005","27","CHOCO","27050","ATRATO","ARTICULO 168. SECUESTRO SIMPLE","1"
"28/09/2005","27","CHOCO","27050","ATRATO","ARTICULO 168. SECUESTRO SIMPLE","1"
"28/09/2005","27","CHOCO","27050","ATRATO","ARTICULO 168. SECUESTRO SIMPLE","1"
"27/09/2005","68","SANTANDER","68001","BUCARAMANGA","ARTICULO 169. SECUESTRO EXTORSIVO","1"
"27/09/2005","05","ANTIOQUIA","05579","PUERTO BERRIO","ARTICULO 168. SECUESTRO SIMPLE","1"
"26/09/2005","52","NARIÑO","52418","LOS ANDES","ARTICULO 169. SECUESTRO EXTORSIVO","1"
"26/09/2005","13","BOLIVAR","13442","MARIA LA BAJA","ARTICULO 169. SECUESTRO EXTORSIVO","1"
"26/09/2005","17","CALDAS","17446","MARULANDA","ARTICULO 169. SECUESTRO EXTORSIVO","1"
"26/09/2005","73","TOLIMA","73319","GUAMO","ARTICULO 169. SECUESTRO EXTORSIVO","1"
"24/09/2005","44","LA GUAJIRA","44874","VILLANUEVA","ARTICULO 169. SECUESTRO EXTORSIVO","1"
"24/09/2005","44","LA GUAJIRA","44874","VILLANUEVA","ARTICULO 169. SECUESTRO EXTORSIVO","1"
"24/09/2005","68","SANTANDER","68547","PIEDECUESTA","ARTICULO 168. SECUESTRO SIMPLE","1"
"23/09/2005","11","BOGOTA D.C.","11001","BOGOTA D.C.","ARTICULO 169. SECUESTRO EXTORSIVO","1"
"23/09/2005","68","SANTANDER","68077","BARBOSA","ARTICULO 169. SECUESTRO EXTORSIVO","1"
"23/09/2005","68","SANTANDER","68077","BARBOSA","ARTICULO 169. SECUESTRO EXTORSIVO","1"
"23/09/2005","52","NARIÑO","52001","PASTO","ARTICULO 169. SECUESTRO EXTORSIVO","1"
"23/09/2005","11","BOGOTA D.C.","11001","BOGOTA D.C.","ARTICULO 169. SECUESTRO EXTORSIVO","1"
"22/09/2005","50","META","50577","PUERTO LLERAS","ARTICULO 169. SECUESTRO EXTORSIVO","1"
"22/09/2005","50","META","50577","PUERTO LLERAS","ARTICULO 169. SECUESTRO EXTORSIVO","1"
"22/09/2005","66","RISARALDA","66400","LA VIRGINIA","ARTICULO 169. SECUESTRO EXTORSIVO","1"
"21/09/2005","20","CESAR","20621","LA PAZ","ARTICULO 169. SECUESTRO EXTORSIVO","1"
"20/09/2005","70","SUCRE","70235","GALERAS","ARTICULO 168. SECUESTRO SIMPLE","1"
"20/09/2005","05","ANTIOQUIA","05234","DABEIBA","ARTICULO 169. SECUESTRO EXTORSIVO","1"
"20/09/2005","18","CAQUETA","18001","FLORENCIA","ARTICULO 169. SECUESTRO EXTORSIVO","1"
"20/09/2005","05","ANTIOQUIA","05234","DABEIBA","ARTICULO 169. SECUESTRO EXTORSIVO","1"
"20/09/2005","54","NORTE DE SANTANDER","54874","VILLA DEL ROSARIO","ARTICULO 169. SECUESTRO EXTORSIVO","1"
"19/09/2005","11","BOGOTA D.C.","11001","BOGOTA D.C.","ARTICULO 169. SECUESTRO EXTORSIVO","1"
"18/09/2005","50","META","50001","VILLAVICENCIO","ARTICULO 168. SECUESTRO SIMPLE","1"
"18/09/2005","13","BOLIVAR","13670","SAN PABLO","ARTICULO 169. SECUESTRO EXTORSIVO","1"
"17/09/2005","76","VALLE DEL CAUCA","76364","JAMUNDI","ARTICULO 168. SECUESTRO SIMPLE","1"
"17/09/2005","17","CALDAS","17001","MANIZALES","ARTICULO 169. SECUESTRO EXTORSIVO","1"
"17/09/2005","17","CALDAS","17001","MANIZALES","ARTICULO 169. SECUESTRO EXTORSIVO","1"
"17/09/2005","17","CALDAS","17001","MANIZALES","ARTICULO 169. SECUESTRO EXTORSIVO","1"
"16/09/2005","81","ARAUCA","81736","SARAVENA","ARTICULO 168. SECUESTRO SIMPLE","1"
"16/09/2005","81","ARAUCA","81736","SARAVENA","ARTICULO 168. SECUESTRO SIMPLE","1"
"16/09/2005","81","ARAUCA","81736","SARAVENA","ARTICULO 168. SECUESTRO SIMPLE","1"
"15/09/2005","05","ANTIOQUIA","05480","MUTATA","ARTICULO 169. SECUESTRO EXTORSIVO","1"
"15/09/2005","05","ANTIOQUIA","05480","MUTATA","ARTICULO 168. SECUESTRO SIMPLE","1"
"15/09/2005","70","SUCRE","70001","SINCELEJO","ARTICULO 168. SECUESTRO SIMPLE","1"
"15/09/2005","73","TOLIMA","73449","MELGAR","ARTICULO 168. SECUESTRO SIMPLE","1"
"14/09/2005","68","SANTANDER","68307","GIRON","ARTICULO 168. SECUESTRO SIMPLE","1"
"14/09/2005","76","VALLE DEL CAUCA","76250","EL DOVIO","ARTICULO 169. SECUESTRO EXTORSIVO","1"
"13/09/2005","08","ATLANTICO","08001","BARRANQUILLA","ARTICULO 168. SECUESTRO SIMPLE","1"
"13/09/2005","08","ATLANTICO","08001","BARRANQUILLA","ARTICULO 168. SECUESTRO SIMPLE","1"
"13/09/2005","05","ANTIOQUIA","05125","CAICEDO","ARTICULO 169. SECUESTRO EXTORSIVO","1"
"13/09/2005","44","LA GUAJIRA","44430","MAICAO","ARTICULO 168. SECUESTRO SIMPLE","1"
"13/09/2005","85","CASANARE","85001","YOPAL","ARTICULO 169. SECUESTRO EXTORSIVO","1"
"13/09/2005","85","CASANARE","85001","YOPAL","ARTICULO 169. SECUESTRO EXTORSIVO","1"
"13/09/2005","85","CASANARE","85001","YOPAL","ARTICULO 169. SECUESTRO EXTORSIVO","1"
"12/09/2005","18","CAQUETA","18001","FLORENCIA","ARTICULO 169. SECUESTRO EXTORSIVO","1"
"12/09/2005","20","CESAR","20001","VALLEDUPAR","ARTICULO 168. SECUESTRO SIMPLE","1"
"11/09/2005","08","ATLANTICO","08001","BARRANQUILLA","ARTICULO 168. SECUESTRO SIMPLE","1"
"11/09/2005","13","BOLIVAR","13654","SAN JACINTO","ARTICULO 169. SECUESTRO EXTORSIVO","1"
"10/09/2005","13","BOLIVAR","13473","MORALES","ARTICULO 169. SECUESTRO EXTORSIVO","1"
"10/09/2005","13","BOLIVAR","13473","MORALES","ARTICULO 169. SECUESTRO EXTORSIVO","1"
"09/09/2005","05","ANTIOQUIA","05642","SALGAR","ARTICULO 169. SECUESTRO EXTORSIVO","1"
"09/09/2005","19","CAUCA","19517","PAEZ","ARTICULO 168. SECUESTRO SIMPLE","1"
"09/09/2005","44","LA GUAJIRA","44078","BARRANCAS","ARTICULO 168. SECUESTRO SIMPLE","1"
"07/09/2005","50","META","50001","VILLAVICENCIO","ARTICULO 168. SECUESTRO SIMPLE","1"
"07/09/2005","73","TOLIMA","73168","CHAPARRAL","ARTICULO 168. SECUESTRO SIMPLE","1"
"07/09/2005","11","BOGOTA D.C.","11001","BOGOTA D.C.","ARTICULO 168. SECUESTRO SIMPLE","1"
"06/09/2005","17","CALDAS","17001","MANIZALES","ARTICULO 168. SECUESTRO SIMPLE","1"
"05/09/2005","50","META","50590","PUERTO RICO","ARTICULO 168. SECUESTRO SIMPLE","1"
"05/09/2005","05","ANTIOQUIA","05088","BELLO","ARTICULO 169. SECUESTRO EXTORSIVO","1"
"03/09/2005","73","TOLIMA","73861","VENADILLO","ARTICULO 168. SECUESTRO SIMPLE","1"
"03/09/2005","68","SANTANDER","68001","BUCARAMANGA","ARTICULO 169. SECUESTRO EXTORSIVO","1"
"03/09/2005","19","CAUCA","19130","CAJIBIO","ARTICULO 168. SECUESTRO SIMPLE","1"
"01/09/2005","68","SANTANDER","68276","FLORIDABLANCA","ARTICULO 168. SECUESTRO SIMPLE","1"
"01/09/2005","47","MAGDALENA","47001","SANTA MARTA","ARTICULO 169. SECUESTRO EXTORSIVO","1"
"01/09/2005","50","META","50330","MESETAS","ARTICULO 168. SECUESTRO SIMPLE","1"
"01/09/2005","27","CHOCO","27787","TADO","ARTICULO 169. SECUESTRO EXTORSIVO","1"
"01/09/2005","27","CHOCO","27787","TADO","ARTICULO 169. SECUESTRO EXTORSIVO","1"
"01/09/2005","85","CASANARE","85001","YOPAL","ARTICULO 169. SECUESTRO EXTORSIVO","1"
"31/08/2005","73","TOLIMA","73319","GUAMO","ARTICULO 168. SECUESTRO SIMPLE","1"
"31/08/2005","05","ANTIOQUIA","05679","SANTA BARBARA","ARTICULO 168. SECUESTRO SIMPLE","1"
"31/08/2005","25","CUNDINAMARCA","25377","LA CALERA","ARTICULO 168. SECUESTRO SIMPLE","1"
"31/08/2005","47","MAGDALENA","47001","SANTA MARTA","ARTICULO 168. SECUESTRO SIMPLE","1"
"31/08/2005","08","ATLANTICO","08001","BARRANQUILLA","ARTICULO 168. SECUESTRO SIMPLE","1"
"30/08/2005","73","TOLIMA","73319","GUAMO","ARTICULO 168. SECUESTRO SIMPLE","1"
"30/08/2005","13","BOLIVAR","13244","EL CARMEN DE BOLIVAR","ARTICULO 169. SECUESTRO EXTORSIVO","1"
"30/08/2005","19","CAUCA","19548","PIENDAMO - TUNIA","ARTICULO 168. SECUESTRO SIMPLE","1"
"29/08/2005","50","META","50001","VILLAVICENCIO","ARTICULO 168. SECUESTRO SIMPLE","1"
"29/08/2005","50","META","50001","VILLAVICENCIO","ARTICULO 168. SECUESTRO SIMPLE","1"
"28/08/2005","50","META","50689","SAN MARTIN","ARTICULO 168. SECUESTRO SIMPLE","1"
"28/08/2005","85","CASANARE","85250","PAZ DE ARIPORO","ARTICULO 168. SECUESTRO SIMPLE","1"
"28/08/2005","13","BOLIVAR","13657","SAN JUAN NEPOMUCENO","ARTICULO 169. SECUESTRO EXTORSIVO","1"
"27/08/2005","68","SANTANDER","68307","GIRON","ARTICULO 168. SECUESTRO SIMPLE","1"
"27/08/2005","73","TOLIMA","73168","CHAPARRAL","ARTICULO 168. SECUESTRO SIMPLE","1"
"27/08/2005","47","MAGDALENA","47030","ALGARROBO","ARTICULO 168. SECUESTRO SIMPLE","1"
"27/08/2005","41","HUILA","41001","NEIVA","ARTICULO 168. SECUESTRO SIMPLE","1"
"26/08/2005","13","BOLIVAR","13670","SAN PABLO","ARTICULO 168. SECUESTRO SIMPLE","1"
"26/08/2005","76","VALLE DEL CAUCA","76834","TULUA","ARTICULO 169. SECUESTRO EXTORSIVO","1"
"25/08/2005","05","ANTIOQUIA","05264","ENTRERRIOS","ARTICULO 169. SECUESTRO EXTORSIVO","1"
"24/08/2005","25","CUNDINAMARCA","25178","CHIPAQUE","ARTICULO 169. SECUESTRO EXTORSIVO","1"
"23/08/2005","41","HUILA","41001","NEIVA","ARTICULO 168. SECUESTRO SIMPLE","1"
"23/08/2005","68","SANTANDER","68001","BUCARAMANGA","ARTICULO 168. SECUESTRO SIMPLE","1"
"22/08/2005","73","TOLIMA","73449","MELGAR","ARTICULO 168. SECUESTRO SIMPLE","1"
"22/08/2005","81","ARAUCA","81300","FORTUL","ARTICULO 169. SECUESTRO EXTORSIVO","1"
"22/08/2005","19","CAUCA","19807","TIMBIO","ARTICULO 168. SECUESTRO SIMPLE","1"
"21/08/2005","50","META","50001","VILLAVICENCIO","ARTICULO 168. SECUESTRO SIMPLE","1"
"19/08/2005","73","TOLIMA","73001","IBAGUE","ARTICULO 169. SECUESTRO EXTORSIVO","1"
"19/08/2005","73","TOLIMA","73001","IBAGUE","ARTICULO 168. SECUESTRO SIMPLE","1"
"18/08/2005","47","MAGDALENA","47001","SANTA MARTA","ARTICULO 168. SECUESTRO SIMPLE","1"
"17/08/2005","50","META","50001","VILLAVICENCIO","ARTICULO 168. SECUESTRO SIMPLE","1"
"17/08/2005","54","NORTE DE SANTANDER","54810","TIBU","ARTICULO 168. SECUESTRO SIMPLE","1"
"17/08/2005","73","TOLIMA","73585","PURIFICACION","ARTICULO 168. SECUESTRO SIMPLE","1"
"16/08/2005","66","RISARALDA","66001","PEREIRA","ARTICULO 169. SECUESTRO EXTORSIVO","1"
"16/08/2005","68","SANTANDER","68092","BETULIA","ARTICULO 169. SECUESTRO EXTORSIVO","1"
"16/08/2005","11","BOGOTA D.C.","11001","BOGOTA D.C.","ARTICULO 169. SECUESTRO EXTORSIVO","1"
"15/08/2005","13","BOLIVAR","13001","CARTAGENA DE INDIAS","ARTICULO 169. SECUESTRO EXTORSIVO","1"
"15/08/2005","11","BOGOTA D.C.","11001","BOGOTA D.C.","ARTICULO 169. SECUESTRO EXTORSIVO","1"
"14/08/2005","17","CALDAS","17877","VITERBO","ARTICULO 168. SECUESTRO SIMPLE","1"
"13/08/2005","19","CAUCA","19256","EL TAMBO","ARTICULO 168. SECUESTRO SIMPLE","1"
"13/08/2005","41","HUILA","41378","LA ARGENTINA","ARTICULO 169. SECUESTRO EXTORSIVO","1"
"13/08/2005","50","META","50001","VILLAVICENCIO","ARTICULO 168. SECUESTRO SIMPLE","1"
"11/08/2005","73","TOLIMA","73268","ESPINAL","ARTICULO 168. SECUESTRO SIMPLE","1"
"11/08/2005","25","CUNDINAMARCA","25407","LENGUAZAQUE","ARTICULO 168. SECUESTRO SIMPLE","1"
"10/08/2005","19","CAUCA","19698","SANTANDER DE QUILICHAO","ARTICULO 168. SECUESTRO SIMPLE","1"
"10/08/2005","05","ANTIOQUIA","05045","APARTADO","ARTICULO 169. SECUESTRO EXTORSIVO","1"
"10/08/2005","20","CESAR","20001","VALLEDUPAR","ARTICULO 169. SECUESTRO EXTORSIVO","1"
"09/08/2005","73","TOLIMA","73443","SAN SEBASTIAN DE MARIQUITA","ARTICULO 168. SECUESTRO SIMPLE","1"
"08/08/2005","18","CAQUETA","18479","MORELIA","ARTICULO 168. SECUESTRO SIMPLE","1"
"08/08/2005","66","RISARALDA","66001","PEREIRA","ARTICULO 169. SECUESTRO EXTORSIVO","1"
"08/08/2005","73","TOLIMA","73226","CUNDAY","ARTICULO 169. SECUESTRO EXTORSIVO","1"
"08/08/2005","52","NARIÑO","52001","PASTO","ARTICULO 168. SECUESTRO SIMPLE","1"
"07/08/2005","47","MAGDALENA","47189","CIENAGA","ARTICULO 169. SECUESTRO EXTORSIVO","1"
"06/08/2005","15","BOYACA","15223","CUBARA","ARTICULO 169. SECUESTRO EXTORSIVO","1"
"06/08/2005","15","BOYACA","15223","CUBARA","ARTICULO 168. SECUESTRO SIMPLE","1"
"06/08/2005","19","CAUCA","19050","ARGELIA","ARTICULO 169. SECUESTRO EXTORSIVO","1"
"06/08/2005","19","CAUCA","19050","ARGELIA","ARTICULO 169. SECUESTRO EXTORSIVO","1"
"05/08/2005","50","META","50001","VILLAVICENCIO","ARTICULO 168. SECUESTRO SIMPLE","1"
"05/08/2005","50","META","50001","VILLAVICENCIO","ARTICULO 168. SECUESTRO SIMPLE","1"
"05/08/2005","66","RISARALDA","66456","MISTRATO","ARTICULO 169. SECUESTRO EXTORSIVO","1"
"05/08/2005","66","RISARALDA","66456","MISTRATO","ARTICULO 169. SECUESTRO EXTORSIVO","1"
"05/08/2005","52","NARIÑO","52835","SAN ANDRES DE TUMACO","ARTICULO 169. SECUESTRO EXTORSIVO","1"
"05/08/2005","52","NARIÑO","52835","SAN ANDRES DE TUMACO","ARTICULO 169. SECUESTRO EXTORSIVO","1"
"05/08/2005","52","NARIÑO","52835","SAN ANDRES DE TUMACO","ARTICULO 169. SECUESTRO EXTORSIVO","1"
"04/08/2005","19","CAUCA","19100","BOLIVAR","ARTICULO 169. SECUESTRO EXTORSIVO","1"
"02/08/2005","73","TOLIMA","73449","MELGAR","ARTICULO 168. SECUESTRO SIMPLE","1"
"01/08/2005","25","CUNDINAMARCA","25175","CHIA","ARTICULO 169. SECUESTRO EXTORSIVO","1"
"31/07/2005","17","CALDAS","17877","VITERBO","ARTICULO 168. SECUESTRO SIMPLE","1"
"31/07/2005","50","META","50251","EL CASTILLO","ARTICULO 168. SECUESTRO SIMPLE","1"
"31/07/2005","68","SANTANDER","68575","PUERTO WILCHES","ARTICULO 168. SECUESTRO SIMPLE","1"
"31/07/2005","19","CAUCA","19130","CAJIBIO","ARTICULO 168. SECUESTRO SIMPLE","1"
"31/07/2005","19","CAUCA","19130","CAJIBIO","ARTICULO 168. SECUESTRO SIMPLE","1"
"30/07/2005","17","CALDAS","17877","VITERBO","ARTICULO 168. SECUESTRO SIMPLE","1"
"29/07/2005","13","BOLIVAR","13001","CARTAGENA DE INDIAS","ARTICULO 169. SECUESTRO EXTORSIVO","1"
"28/07/2005","85","CASANARE","85001","YOPAL","ARTICULO 168. SECUESTRO SIMPLE","1"
"27/07/2005","23","CORDOBA","23807","TIERRALTA","ARTICULO 168. SECUESTRO SIMPLE","1"
"27/07/2005","23","CORDOBA","23807","TIERRALTA","ARTICULO 168. SECUESTRO SIMPLE","1"
"27/07/2005","73","TOLIMA","73043","ANZOATEGUI","ARTICULO 169. SECUESTRO EXTORSIVO","1"
"26/07/2005","50","META","50573","PUERTO LOPEZ","ARTICULO 168. SECUESTRO SIMPLE","1"
"26/07/2005","41","HUILA","41396","LA PLATA","ARTICULO 168. SECUESTRO SIMPLE","1"
"26/07/2005","18","CAQUETA","18001","FLORENCIA","ARTICULO 169. SECUESTRO EXTORSIVO","1"
"25/07/2005","19","CAUCA","19698","SANTANDER DE QUILICHAO","ARTICULO 168. SECUESTRO SIMPLE","1"
"24/07/2005","52","NARIÑO","52001","PASTO","ARTICULO 168. SECUESTRO SIMPLE","1"
"23/07/2005","25","CUNDINAMARCA","25269","FACATATIVA","ARTICULO 168. SECUESTRO SIMPLE","1"
"23/07/2005","66","RISARALDA","66170","DOSQUEBRADAS","ARTICULO 169. SECUESTRO EXTORSIVO","1"
"23/07/2005","25","CUNDINAMARCA","25530","PARATEBUENO","ARTICULO 168. SECUESTRO SIMPLE","1"
"23/07/2005","25","CUNDINAMARCA","25530","PARATEBUENO","ARTICULO 168. SECUESTRO SIMPLE","1"
"22/07/2005","13","BOLIVAR","13430","MAGANGUE","ARTICULO 168. SECUESTRO SIMPLE","1"
"22/07/2005","13","BOLIVAR","13430","MAGANGUE","ARTICULO 169. SECUESTRO EXTORSIVO","1"
"22/07/2005","76","VALLE DEL CAUCA","76233","DAGUA","ARTICULO 169. SECUESTRO EXTORSIVO","1"
"21/07/2005","17","CALDAS","17042","ANSERMA","ARTICULO 168. SECUESTRO SIMPLE","1"
"21/07/2005","50","META","50318","GUAMAL","ARTICULO 169. SECUESTRO EXTORSIVO","1"
"21/07/2005","50","META","50318","GUAMAL","ARTICULO 169. SECUESTRO EXTORSIVO","1"
"21/07/2005","44","LA GUAJIRA","44430","MAICAO","ARTICULO 169. SECUESTRO EXTORSIVO","1"
"20/07/2005","54","NORTE DE SANTANDER","54518","PAMPLONA","ARTICULO 168. SECUESTRO SIMPLE","1"
"20/07/2005","19","CAUCA","19585","PURACE","ARTICULO 169. SECUESTRO EXTORSIVO","1"
"20/07/2005","19","CAUCA","19585","PURACE","ARTICULO 169. SECUESTRO EXTORSIVO","1"
"20/07/2005","19","CAUCA","19585","PURACE","ARTICULO 169. SECUESTRO EXTORSIVO","1"
"20/07/2005","19","CAUCA","19585","PURACE","ARTICULO 169. SECUESTRO EXTORSIVO","1"
"20/07/2005","19","CAUCA","19585","PURACE","ARTICULO 169. SECUESTRO EXTORSIVO","1"
"20/07/2005","27","CHOCO","27372","JURADO","ARTICULO 168. SECUESTRO SIMPLE","1"
"20/07/2005","27","CHOCO","27372","JURADO","ARTICULO 168. SECUESTRO SIMPLE","1"
"20/07/2005","27","CHOCO","27372","JURADO","ARTICULO 168. SECUESTRO SIMPLE","1"
"20/07/2005","27","CHOCO","27372","JURADO","ARTICULO 168. SECUESTRO SIMPLE","1"
"19/07/2005","18","CAQUETA","18001","FLORENCIA","ARTICULO 169. SECUESTRO EXTORSIVO","1"
"19/07/2005","47","MAGDALENA","47001","SANTA MARTA","ARTICULO 168. SECUESTRO SIMPLE","1"
"18/07/2005","17","CALDAS","17877","VITERBO","ARTICULO 168. SECUESTRO SIMPLE","1"
"17/07/2005","73","TOLIMA","73347","HERVEO","ARTICULO 169. SECUESTRO EXTORSIVO","1"
"16/07/2005","76","VALLE DEL CAUCA","76828","TRUJILLO","ARTICULO 169. SECUESTRO EXTORSIVO","1"
"16/07/2005","25","CUNDINAMARCA","25386","LA MESA","ARTICULO 168. SECUESTRO SIMPLE","1"
"15/07/2005","05","ANTIOQUIA","05890","YOLOMBO","ARTICULO 169. SECUESTRO EXTORSIVO","1"
"15/07/2005","20","CESAR","20011","AGUACHICA","ARTICULO 169. SECUESTRO EXTORSIVO","1"
"15/07/2005","52","NARIÑO","52835","SAN ANDRES DE TUMACO","ARTICULO 168. SECUESTRO SIMPLE","1"
"14/07/2005","18","CAQUETA","18001","FLORENCIA","ARTICULO 169. SECUESTRO EXTORSIVO","1"
"12/07/2005","50","META","50330","MESETAS","ARTICULO 169. SECUESTRO EXTORSIVO","1"
"12/07/2005","76","VALLE DEL CAUCA","76622","ROLDANILLO","ARTICULO 168. SECUESTRO SIMPLE","1"
"12/07/2005","85","CASANARE","85139","MANI","ARTICULO 168. SECUESTRO SIMPLE","1"
"12/07/2005","25","CUNDINAMARCA","25200","COGUA","ARTICULO 168. SECUESTRO SIMPLE","1"
"11/07/2005","68","SANTANDER","68001","BUCARAMANGA","ARTICULO 168. SECUESTRO SIMPLE","1"
"11/07/2005","52","NARIÑO","52786","TAMINANGO","ARTICULO 168. SECUESTRO SIMPLE","1"
"11/07/2005","52","NARIÑO","52399","LA UNION","ARTICULO 168. SECUESTRO SIMPLE","1"
"10/07/2005","68","SANTANDER","68001","BUCARAMANGA","ARTICULO 168. SECUESTRO SIMPLE","1"
"10/07/2005","68","SANTANDER","68001","BUCARAMANGA","ARTICULO 168. SECUESTRO SIMPLE","1"
"09/07/2005","15","BOYACA","15861","VENTAQUEMADA","ARTICULO 169. SECUESTRO EXTORSIVO","1"
"09/07/2005","25","CUNDINAMARCA","25612","RICAURTE","ARTICULO 168. SECUESTRO SIMPLE","1"
"09/07/2005","54","NORTE DE SANTANDER","54660","SALAZAR","ARTICULO 169. SECUESTRO EXTORSIVO","1"
"08/07/2005","52","NARIÑO","52399","LA UNION","ARTICULO 169. SECUESTRO EXTORSIVO","1"
"08/07/2005","19","CAUCA","19256","EL TAMBO","ARTICULO 169. SECUESTRO EXTORSIVO","1"
"08/07/2005","19","CAUCA","19256","EL TAMBO","ARTICULO 169. SECUESTRO EXTORSIVO","1"
"07/07/2005","73","TOLIMA","73268","ESPINAL","ARTICULO 168. SECUESTRO SIMPLE","1"
"07/07/2005","66","RISARALDA","66001","PEREIRA","ARTICULO 168. SECUESTRO SIMPLE","1"
"07/07/2005","54","NORTE DE SANTANDER","54261","EL ZULIA","ARTICULO 168. SECUESTRO SIMPLE","1"
"07/07/2005","54","NORTE DE SANTANDER","54261","EL ZULIA","ARTICULO 168. SECUESTRO SIMPLE","1"
"07/07/2005","54","NORTE DE SANTANDER","54261","EL ZULIA","ARTICULO 168. SECUESTRO SIMPLE","1"
"06/07/2005","73","TOLIMA","73352","ICONONZO","ARTICULO 169. SECUESTRO EXTORSIVO","1"
"06/07/2005","05","ANTIOQUIA","05890","YOLOMBO","ARTICULO 169. SECUESTRO EXTORSIVO","1"
"06/07/2005","05","ANTIOQUIA","05890","YOLOMBO","ARTICULO 169. SECUESTRO EXTORSIVO","1"
"05/07/2005","70","SUCRE","70001","SINCELEJO","ARTICULO 168. SECUESTRO SIMPLE","1"
"04/07/2005","13","BOLIVAR","13001","CARTAGENA DE INDIAS","ARTICULO 169. SECUESTRO EXTORSIVO","1"
"03/07/2005","13","BOLIVAR","13683","SANTA ROSA","ARTICULO 168. SECUESTRO SIMPLE","1"
"03/07/2005","05","ANTIOQUIA","05001","MEDELLIN","ARTICULO 168. SECUESTRO SIMPLE","1"
"03/07/2005","68","SANTANDER","68001","BUCARAMANGA","ARTICULO 168. SECUESTRO SIMPLE","1"
"03/07/2005","44","LA GUAJIRA","44035","ALBANIA","ARTICULO 169. SECUESTRO EXTORSIVO","1"
"02/07/2005","50","META","50590","PUERTO RICO","ARTICULO 168. SECUESTRO SIMPLE","1"
"02/07/2005","50","META","50590","PUERTO RICO","ARTICULO 168. SECUESTRO SIMPLE","1"
"02/07/2005","50","META","50590","PUERTO RICO","ARTICULO 168. SECUESTRO SIMPLE","1"
"02/07/2005","13","BOLIVAR","13473","MORALES","ARTICULO 169. SECUESTRO EXTORSIVO","1"
"02/07/2005","66","RISARALDA","66045","APIA","ARTICULO 169. SECUESTRO EXTORSIVO","1"
"02/07/2005","66","RISARALDA","66045","APIA","ARTICULO 169. SECUESTRO EXTORSIVO","1"
"02/07/2005","08","ATLANTICO","08001","BARRANQUILLA","ARTICULO 169. SECUESTRO EXTORSIVO","1"
"01/07/2005","73","TOLIMA","73870","VILLAHERMOSA","ARTICULO 168. SECUESTRO SIMPLE","1"
"01/07/2005","52","NARIÑO","52079","BARBACOAS","ARTICULO 168. SECUESTRO SIMPLE","1"
"30/06/2005","50","META","50711","VISTAHERMOSA","ARTICULO 168. SECUESTRO SIMPLE","1"
"30/06/2005","50","META","50689","SAN MARTIN","ARTICULO 168. SECUESTRO SIMPLE","1"
"29/06/2005","76","VALLE DEL CAUCA","76001","CALI","ARTICULO 169. SECUESTRO EXTORSIVO","1"
"28/06/2005","54","NORTE DE SANTANDER","54498","OCAÑA","ARTICULO 169. SECUESTRO EXTORSIVO","1"
"27/06/2005","73","TOLIMA","73055","ARMERO","ARTICULO 169. SECUESTRO EXTORSIVO","1"
"27/06/2005","25","CUNDINAMARCA","25491","NOCAIMA","ARTICULO 168. SECUESTRO SIMPLE","1"
"26/06/2005","99","VICHADA","99773","CUMARIBO","ARTICULO 168. SECUESTRO SIMPLE","1"
"26/06/2005","68","SANTANDER","68615","RIONEGRO","ARTICULO 169. SECUESTRO EXTORSIVO","1"
"25/06/2005","47","MAGDALENA","47001","SANTA MARTA","ARTICULO 168. SECUESTRO SIMPLE","1"
"25/06/2005","05","ANTIOQUIA","05890","YOLOMBO","ARTICULO 169. SECUESTRO EXTORSIVO","1"
"25/06/2005","17","CALDAS","17873","VILLAMARIA","ARTICULO 169. SECUESTRO EXTORSIVO","1"
"25/06/2005","11","BOGOTA D.C.","11001","BOGOTA D.C.","ARTICULO 169. SECUESTRO EXTORSIVO","1"
"25/06/2005","86","PUTUMAYO","86568","PUERTO ASIS","ARTICULO 169. SECUESTRO EXTORSIVO","1"
"24/06/2005","66","RISARALDA","66001","PEREIRA","ARTICULO 169. SECUESTRO EXTORSIVO","1"
"23/06/2005","41","HUILA","41020","ALGECIRAS","ARTICULO 169. SECUESTRO EXTORSIVO","1"
"23/06/2005","73","TOLIMA","73217","COYAIMA","ARTICULO 168. SECUESTRO SIMPLE","1"
"23/06/2005","73","TOLIMA","73026","ALVARADO","ARTICULO 168. SECUESTRO SIMPLE","1"
"22/06/2005","66","RISARALDA","66318","GUATICA","ARTICULO 169. SECUESTRO EXTORSIVO","1"
"21/06/2005","73","TOLIMA","73349","HONDA","ARTICULO 168. SECUESTRO SIMPLE","1"
"21/06/2005","73","TOLIMA","73043","ANZOATEGUI","ARTICULO 169. SECUESTRO EXTORSIVO","1"
"21/06/2005","66","RISARALDA","66682","SANTA ROSA DE CABAL","ARTICULO 168. SECUESTRO SIMPLE","1"
"21/06/2005","19","CAUCA","19807","TIMBIO","ARTICULO 168. SECUESTRO SIMPLE","1"
"21/06/2005","19","CAUCA","19807","TIMBIO","ARTICULO 168. SECUESTRO SIMPLE","1"
"21/06/2005","19","CAUCA","19807","TIMBIO","ARTICULO 169. SECUESTRO EXTORSIVO","1"
"19/06/2005","76","VALLE DEL CAUCA","76001","CALI","ARTICULO 168. SECUESTRO SIMPLE","1"
"18/06/2005","18","CAQUETA","18753","SAN VICENTE DEL CAGUAN","ARTICULO 169. SECUESTRO EXTORSIVO","1"
"18/06/2005","73","TOLIMA","73168","CHAPARRAL","ARTICULO 168. SECUESTRO SIMPLE","1"
"18/06/2005","73","TOLIMA","73001","IBAGUE","ARTICULO 168. SECUESTRO SIMPLE","1"
"16/06/2005","50","META","50577","PUERTO LLERAS","ARTICULO 169. SECUESTRO EXTORSIVO","1"
"15/06/2005","13","BOLIVAR","13042","ARENAL","ARTICULO 169. SECUESTRO EXTORSIVO","1"
"14/06/2005","25","CUNDINAMARCA","25772","SUESCA","ARTICULO 168. SECUESTRO SIMPLE","1"
"13/06/2005","52","NARIÑO","52678","SAMANIEGO","ARTICULO 168. SECUESTRO SIMPLE","1"
"12/06/2005","76","VALLE DEL CAUCA","76001","CALI","ARTICULO 169. SECUESTRO EXTORSIVO","1"
"12/06/2005","17","CALDAS","17042","ANSERMA","ARTICULO 169. SECUESTRO EXTORSIVO","1"
"12/06/2005","17","CALDAS","17614","RIOSUCIO","ARTICULO 168. SECUESTRO SIMPLE","1"
"11/06/2005","11","BOGOTA D.C.","11001","BOGOTA D.C.","ARTICULO 168. SECUESTRO SIMPLE","1"
"11/06/2005","73","TOLIMA","73043","ANZOATEGUI","ARTICULO 168. SECUESTRO SIMPLE","1"
"11/06/2005","19","CAUCA","19807","TIMBIO","ARTICULO 169. SECUESTRO EXTORSIVO","1"
"10/06/2005","05","ANTIOQUIA","05001","MEDELLIN","ARTICULO 169. SECUESTRO EXTORSIVO","1"
"10/06/2005","05","ANTIOQUIA","05887","YARUMAL","ARTICULO 169. SECUESTRO EXTORSIVO","1"
"10/06/2005","73","TOLIMA","73408","LERIDA","ARTICULO 168. SECUESTRO SIMPLE","1"
"09/06/2005","76","VALLE DEL CAUCA","76001","CALI","ARTICULO 169. SECUESTRO EXTORSIVO","1"
"09/06/2005","41","HUILA","41001","NEIVA","ARTICULO 168. SECUESTRO SIMPLE","1"
"08/06/2005","73","TOLIMA","73443","SAN SEBASTIAN DE MARIQUITA","ARTICULO 168. SECUESTRO SIMPLE","1"
"08/06/2005","76","VALLE DEL CAUCA","76520","PALMIRA","ARTICULO 169. SECUESTRO EXTORSIVO","1"
"08/06/2005","11","BOGOTA D.C.","11001","BOGOTA D.C.","ARTICULO 169. SECUESTRO EXTORSIVO","1"
"08/06/2005","76","VALLE DEL CAUCA","76001","CALI","ARTICULO 168. SECUESTRO SIMPLE","1"
"07/06/2005","25","CUNDINAMARCA","25799","TENJO","ARTICULO 169. SECUESTRO EXTORSIVO","1"
"06/06/2005","68","SANTANDER","68406","LEBRIJA","ARTICULO 169. SECUESTRO EXTORSIVO","1"
"06/06/2005","73","TOLIMA","73585","PURIFICACION","ARTICULO 169. SECUESTRO EXTORSIVO","1"
"05/06/2005","76","VALLE DEL CAUCA","76109","BUENAVENTURA","ARTICULO 169. SECUESTRO EXTORSIVO","1"
"04/06/2005","44","LA GUAJIRA","44001","RIOHACHA","ARTICULO 169. SECUESTRO EXTORSIVO","1"
"04/06/2005","44","LA GUAJIRA","44001","RIOHACHA","ARTICULO 169. SECUESTRO EXTORSIVO","1"
"04/06/2005","44","LA GUAJIRA","44001","RIOHACHA","ARTICULO 169. SECUESTRO EXTORSIVO","1"
"04/06/2005","44","LA GUAJIRA","44001","RIOHACHA","ARTICULO 169. SECUESTRO EXTORSIVO","1"
"03/06/2005","19","CAUCA","19001","POPAYAN","ARTICULO 168. SECUESTRO SIMPLE","1"
"01/06/2005","81","ARAUCA","81065","ARAUQUITA","ARTICULO 168. SECUESTRO SIMPLE","1"
"30/05/2005","52","NARIÑO","52110","BUESACO","ARTICULO 168. SECUESTRO SIMPLE","1"
"29/05/2005","25","CUNDINAMARCA","25718","SASAIMA","ARTICULO 168. SECUESTRO SIMPLE","1"
"29/05/2005","19","CAUCA","19698","SANTANDER DE QUILICHAO","ARTICULO 169. SECUESTRO EXTORSIVO","1"
"29/05/2005","85","CASANARE","85139","MANI","ARTICULO 169. SECUESTRO EXTORSIVO","1"
"28/05/2005","05","ANTIOQUIA","05042","SANTA FE DE ANTIOQUIA","ARTICULO 169. SECUESTRO EXTORSIVO","1"
"27/05/2005","11","BOGOTA D.C.","11001","BOGOTA D.C.","ARTICULO 169. SECUESTRO EXTORSIVO","1"
"27/05/2005","41","HUILA","41001","NEIVA","ARTICULO 168. SECUESTRO SIMPLE","1"
"27/05/2005","41","HUILA","41001","NEIVA","ARTICULO 168. SECUESTRO SIMPLE","1"
"26/05/2005","25","CUNDINAMARCA","25743","SILVANIA","ARTICULO 169. SECUESTRO EXTORSIVO","1"
"26/05/2005","66","RISARALDA","66594","QUINCHIA","ARTICULO 169. SECUESTRO EXTORSIVO","1"
"26/05/2005","52","NARIÑO","52356","IPIALES","ARTICULO 168. SECUESTRO SIMPLE","1"
"25/05/2005","70","SUCRE","70508","OVEJAS","ARTICULO 168. SECUESTRO SIMPLE","1"
"25/05/2005","25","CUNDINAMARCA","25718","SASAIMA","ARTICULO 168. SECUESTRO SIMPLE","1"
"24/05/2005","73","TOLIMA","73671","SALDAÑA","ARTICULO 168. SECUESTRO SIMPLE","1"
"22/05/2005","17","CALDAS","17873","VILLAMARIA","ARTICULO 169. SECUESTRO EXTORSIVO","1"
"22/05/2005","17","CALDAS","17873","VILLAMARIA","ARTICULO 169. SECUESTRO EXTORSIVO","1"
"22/05/2005","18","CAQUETA","18753","SAN VICENTE DEL CAGUAN","ARTICULO 168. SECUESTRO SIMPLE","1"
"22/05/2005","18","CAQUETA","18753","SAN VICENTE DEL CAGUAN","ARTICULO 168. SECUESTRO SIMPLE","1"
"22/05/2005","52","NARIÑO","52001","PASTO","ARTICULO 168. SECUESTRO SIMPLE","1"
"21/05/2005","05","ANTIOQUIA","05642","SALGAR","ARTICULO 168. SECUESTRO SIMPLE","1"
"21/05/2005","52","NARIÑO","52001","PASTO","ARTICULO 168. SECUESTRO SIMPLE","1"
"20/05/2005","05","ANTIOQUIA","05890","YOLOMBO","ARTICULO 169. SECUESTRO EXTORSIVO","1"
"20/05/2005","05","ANTIOQUIA","05642","SALGAR","ARTICULO 169. SECUESTRO EXTORSIVO","1"
"20/05/2005","70","SUCRE","70708","SAN MARCOS","ARTICULO 168. SECUESTRO SIMPLE","1"
"19/05/2005","41","HUILA","41524","PALERMO","ARTICULO 168. SECUESTRO SIMPLE","1"
"18/05/2005","05","ANTIOQUIA","05607","RETIRO","ARTICULO 169. SECUESTRO EXTORSIVO","1"
"18/05/2005","50","META","50251","EL CASTILLO","ARTICULO 168. SECUESTRO SIMPLE","1"
"18/05/2005","17","CALDAS","17777","SUPIA","ARTICULO 169. SECUESTRO EXTORSIVO","1"
"18/05/2005","19","CAUCA","19355","INZA","ARTICULO 168. SECUESTRO SIMPLE","1"
"17/05/2005","25","CUNDINAMARCA","25035","ANAPOIMA","ARTICULO 168. SECUESTRO SIMPLE","1"
"16/05/2005","76","VALLE DEL CAUCA","76001","CALI","ARTICULO 169. SECUESTRO EXTORSIVO","1"
"15/05/2005","73","TOLIMA","73217","COYAIMA","ARTICULO 168. SECUESTRO SIMPLE","1"
"13/05/2005","68","SANTANDER","68081","BARRANCABERMEJA","ARTICULO 168. SECUESTRO SIMPLE","1"
"13/05/2005","99","VICHADA","99524","LA PRIMAVERA","ARTICULO 168. SECUESTRO SIMPLE","1"
"13/05/2005","41","HUILA","41001","NEIVA","ARTICULO 168. SECUESTRO SIMPLE","1"
"13/05/2005","08","ATLANTICO","08001","BARRANQUILLA","ARTICULO 168. SECUESTRO SIMPLE","1"
"11/05/2005","85","CASANARE","85263","PORE","ARTICULO 168. SECUESTRO SIMPLE","1"
"11/05/2005","73","TOLIMA","73319","GUAMO","ARTICULO 168. SECUESTRO SIMPLE","1"
"10/05/2005","47","MAGDALENA","47001","SANTA MARTA","ARTICULO 168. SECUESTRO SIMPLE","1"
"07/05/2005","25","CUNDINAMARCA","25322","GUASCA","ARTICULO 168. SECUESTRO SIMPLE","1"
"07/05/2005","76","VALLE DEL CAUCA","76364","JAMUNDI","ARTICULO 169. SECUESTRO EXTORSIVO","1"
"07/05/2005","17","CALDAS","17001","MANIZALES","ARTICULO 168. SECUESTRO SIMPLE","1"
"07/05/2005","52","NARIÑO","52001","PASTO","ARTICULO 168. SECUESTRO SIMPLE","1"
"06/05/2005","19","CAUCA","19001","POPAYAN","ARTICULO 168. SECUESTRO SIMPLE","1"
"06/05/2005","19","CAUCA","19001","POPAYAN","ARTICULO 168. SECUESTRO SIMPLE","1"
"06/05/2005","25","CUNDINAMARCA","25183","CHOCONTA","ARTICULO 168. SECUESTRO SIMPLE","1"
"04/05/2005","66","RISARALDA","66088","BELEN DE UMBRIA","ARTICULO 169. SECUESTRO EXTORSIVO","1"
"04/05/2005","73","TOLIMA","73001","IBAGUE","ARTICULO 168. SECUESTRO SIMPLE","1"
"04/05/2005","17","CALDAS","17616","RISARALDA","ARTICULO 169. SECUESTRO EXTORSIVO","1"
"03/05/2005","76","VALLE DEL CAUCA","76520","PALMIRA","ARTICULO 169. SECUESTRO EXTORSIVO","1"
"03/05/2005","76","VALLE DEL CAUCA","76834","TULUA","ARTICULO 168. SECUESTRO SIMPLE","1"
"02/05/2005","50","META","50313","GRANADA","ARTICULO 169. SECUESTRO EXTORSIVO","1"
"02/05/2005","50","META","50313","GRANADA","ARTICULO 169. SECUESTRO EXTORSIVO","1"
"01/05/2005","52","NARIÑO","52001","PASTO","ARTICULO 168. SECUESTRO SIMPLE","1"
"29/04/2005","73","TOLIMA","73352","ICONONZO","ARTICULO 169. SECUESTRO EXTORSIVO","1"
"29/04/2005","11","BOGOTA D.C.","11001","BOGOTA D.C.","ARTICULO 169. SECUESTRO EXTORSIVO","1"
"29/04/2005","54","NORTE DE SANTANDER","54518","PAMPLONA","ARTICULO 168. SECUESTRO SIMPLE","1"
"28/04/2005","68","SANTANDER","68001","BUCARAMANGA","ARTICULO 169. SECUESTRO EXTORSIVO","1"
"28/04/2005","05","ANTIOQUIA","05001","MEDELLIN","ARTICULO 168. SECUESTRO SIMPLE","1"
"28/04/2005","18","CAQUETA","18753","SAN VICENTE DEL CAGUAN","ARTICULO 169. SECUESTRO EXTORSIVO","1"
"28/04/2005","18","CAQUETA","18753","SAN VICENTE DEL CAGUAN","ARTICULO 169. SECUESTRO EXTORSIVO","1"
"28/04/2005","25","CUNDINAMARCA","25743","SILVANIA","ARTICULO 168. SECUESTRO SIMPLE","1"
"27/04/2005","19","CAUCA","19001","POPAYAN","ARTICULO 168. SECUESTRO SIMPLE","1"
"26/04/2005","52","NARIÑO","52720","SAPUYES","ARTICULO 169. SECUESTRO EXTORSIVO","1"
"26/04/2005","52","NARIÑO","52585","PUPIALES","ARTICULO 168. SECUESTRO SIMPLE","1"
"25/04/2005","52","NARIÑO","52356","IPIALES","ARTICULO 169. SECUESTRO EXTORSIVO","1"
"25/04/2005","52","NARIÑO","52356","IPIALES","ARTICULO 169. SECUESTRO EXTORSIVO","1"
"25/04/2005","25","CUNDINAMARCA","25269","FACATATIVA","ARTICULO 169. SECUESTRO EXTORSIVO","1"
"25/04/2005","11","BOGOTA D.C.","11001","BOGOTA D.C.","ARTICULO 169. SECUESTRO EXTORSIVO","1"
"22/04/2005","47","MAGDALENA","47001","SANTA MARTA","ARTICULO 168. SECUESTRO SIMPLE","1"
"22/04/2005","19","CAUCA","19001","POPAYAN","ARTICULO 168. SECUESTRO SIMPLE","1"
"21/04/2005","52","NARIÑO","52001","PASTO","ARTICULO 168. SECUESTRO SIMPLE","1"
"20/04/2005","20","CESAR","20228","CURUMANI","ARTICULO 169. SECUESTRO EXTORSIVO","1"
"20/04/2005","52","NARIÑO","52490","OLAYA HERRERA","ARTICULO 169. SECUESTRO EXTORSIVO","1"
"20/04/2005","52","NARIÑO","52490","OLAYA HERRERA","ARTICULO 169. SECUESTRO EXTORSIVO","1"
"19/04/2005","54","NORTE DE SANTANDER","54001","CUCUTA","ARTICULO 169. SECUESTRO EXTORSIVO","1"
"19/04/2005","50","META","50001","VILLAVICENCIO","ARTICULO 168. SECUESTRO SIMPLE","1"
"19/04/2005","05","ANTIOQUIA","05652","SAN FRANCISCO","ARTICULO 169. SECUESTRO EXTORSIVO","1"
"19/04/2005","68","SANTANDER","68001","BUCARAMANGA","ARTICULO 168. SECUESTRO SIMPLE","1"
"18/04/2005","05","ANTIOQUIA","05679","SANTA BARBARA","ARTICULO 169. SECUESTRO EXTORSIVO","1"
"17/04/2005","68","SANTANDER","68001","BUCARAMANGA","ARTICULO 169. SECUESTRO EXTORSIVO","1"
"17/04/2005","05","ANTIOQUIA","05038","ANGOSTURA","ARTICULO 168. SECUESTRO SIMPLE","1"
"16/04/2005","19","CAUCA","19001","POPAYAN","ARTICULO 169. SECUESTRO EXTORSIVO","1"
"15/04/2005","13","BOLIVAR","13248","EL GUAMO","ARTICULO 169. SECUESTRO EXTORSIVO","1"
"14/04/2005","25","CUNDINAMARCA","25473","MOSQUERA","ARTICULO 168. SECUESTRO SIMPLE","1"
"14/04/2005","25","CUNDINAMARCA","25899","ZIPAQUIRA","ARTICULO 168. SECUESTRO SIMPLE","1"
"14/04/2005","25","CUNDINAMARCA","25899","ZIPAQUIRA","ARTICULO 168. SECUESTRO SIMPLE","1"
"14/04/2005","25","CUNDINAMARCA","25899","ZIPAQUIRA","ARTICULO 168. SECUESTRO SIMPLE","1"
"13/04/2005","50","META","50370","URIBE","ARTICULO 168. SECUESTRO SIMPLE","1"
"13/04/2005","50","META","50370","URIBE","ARTICULO 168. SECUESTRO SIMPLE","1"
"13/04/2005","50","META","50370","URIBE","ARTICULO 168. SECUESTRO SIMPLE","1"
"13/04/2005","50","META","50370","URIBE","ARTICULO 168. SECUESTRO SIMPLE","1"
"13/04/2005","50","META","50370","URIBE","ARTICULO 168. SECUESTRO SIMPLE","1"
"13/04/2005","52","NARIÑO","52001","PASTO","ARTICULO 168. SECUESTRO SIMPLE","1"
"13/04/2005","50","META","50370","URIBE","ARTICULO 169. SECUESTRO EXTORSIVO","1"
"12/04/2005","41","HUILA","41078","BARAYA","ARTICULO 169. SECUESTRO EXTORSIVO","1"
"12/04/2005","05","ANTIOQUIA","05628","SABANALARGA","ARTICULO 168. SECUESTRO SIMPLE","1"
"12/04/2005","25","CUNDINAMARCA","25772","SUESCA","ARTICULO 168. SECUESTRO SIMPLE","1"
"11/04/2005","76","VALLE DEL CAUCA","76275","FLORIDA","ARTICULO 169. SECUESTRO EXTORSIVO","1"
"11/04/2005","47","MAGDALENA","47001","SANTA MARTA","ARTICULO 168. SECUESTRO SIMPLE","1"
"10/04/2005","41","HUILA","41357","IQUIRA","ARTICULO 168. SECUESTRO SIMPLE","1"
"09/04/2005","27","CHOCO","27413","LLORO","ARTICULO 169. SECUESTRO EXTORSIVO","1"
"09/04/2005","76","VALLE DEL CAUCA","76130","CANDELARIA","ARTICULO 168. SECUESTRO SIMPLE","1"
"08/04/2005","13","BOLIVAR","13001","CARTAGENA DE INDIAS","ARTICULO 169. SECUESTRO EXTORSIVO","1"
"08/04/2005","13","BOLIVAR","13001","CARTAGENA DE INDIAS","ARTICULO 169. SECUESTRO EXTORSIVO","1"
"07/04/2005","50","META","50001","VILLAVICENCIO","ARTICULO 168. SECUESTRO SIMPLE","1"
"07/04/2005","44","LA GUAJIRA","44001","RIOHACHA","ARTICULO 169. SECUESTRO EXTORSIVO","1"
"07/04/2005","81","ARAUCA","81736","SARAVENA","ARTICULO 169. SECUESTRO EXTORSIVO","1"
"06/04/2005","52","NARIÑO","52001","PASTO","ARTICULO 168. SECUESTRO SIMPLE","1"
"06/04/2005","81","ARAUCA","81001","ARAUCA","ARTICULO 168. SECUESTRO SIMPLE","1"
"06/04/2005","25","CUNDINAMARCA","25019","ALBAN","ARTICULO 168. SECUESTRO SIMPLE","1"
"05/04/2005","76","VALLE DEL CAUCA","76001","CALI","ARTICULO 169. SECUESTRO EXTORSIVO","1"
"05/04/2005","76","VALLE DEL CAUCA","76001","CALI","ARTICULO 169. SECUESTRO EXTORSIVO","1"
"04/04/2005","25","CUNDINAMARCA","25258","EL PEÑON","ARTICULO 168. SECUESTRO SIMPLE","1"
"03/04/2005","52","NARIÑO","52381","LA FLORIDA","ARTICULO 168. SECUESTRO SIMPLE","1"
"03/04/2005","52","NARIÑO","52381","LA FLORIDA","ARTICULO 169. SECUESTRO EXTORSIVO","1"
"03/04/2005","52","NARIÑO","52381","LA FLORIDA","ARTICULO 169. SECUESTRO EXTORSIVO","1"
"02/04/2005","11","BOGOTA D.C.","11001","BOGOTA D.C.","ARTICULO 168. SECUESTRO SIMPLE","1"
"02/04/2005","11","BOGOTA D.C.","11001","BOGOTA D.C.","ARTICULO 168. SECUESTRO SIMPLE","1"
"02/04/2005","52","NARIÑO","52001","PASTO","ARTICULO 168. SECUESTRO SIMPLE","1"
"02/04/2005","20","CESAR","20750","SAN DIEGO","ARTICULO 168. SECUESTRO SIMPLE","1"
"02/04/2005","44","LA GUAJIRA","44001","RIOHACHA","ARTICULO 169. SECUESTRO EXTORSIVO","1"
"02/04/2005","25","CUNDINAMARCA","25438","MEDINA","ARTICULO 169. SECUESTRO EXTORSIVO","1"
"01/04/2005","08","ATLANTICO","08001","BARRANQUILLA","ARTICULO 168. SECUESTRO SIMPLE","1"
"01/04/2005","15","BOYACA","15176","CHIQUINQUIRA","ARTICULO 168. SECUESTRO SIMPLE","1"
"01/04/2005","17","CALDAS","17174","CHINCHINA","ARTICULO 168. SECUESTRO SIMPLE","1"
"01/04/2005","17","CALDAS","17174","CHINCHINA","ARTICULO 168. SECUESTRO SIMPLE","1"
"01/04/2005","76","VALLE DEL CAUCA","76001","CALI","ARTICULO 168. SECUESTRO SIMPLE","1"
"31/03/2005","41","HUILA","41001","NEIVA","ARTICULO 168. SECUESTRO SIMPLE","1"
"31/03/2005","41","HUILA","41001","NEIVA","ARTICULO 168. SECUESTRO SIMPLE","1"
"31/03/2005","41","HUILA","41001","NEIVA","ARTICULO 168. SECUESTRO SIMPLE","1"
"31/03/2005","05","ANTIOQUIA","05001","MEDELLIN","ARTICULO 168. SECUESTRO SIMPLE","1"
"30/03/2005","27","CHOCO","27150","CARMEN DEL DARIEN","ARTICULO 168. SECUESTRO SIMPLE","1"
"30/03/2005","27","CHOCO","27150","CARMEN DEL DARIEN","ARTICULO 168. SECUESTRO SIMPLE","1"
"30/03/2005","27","CHOCO","27150","CARMEN DEL DARIEN","ARTICULO 168. SECUESTRO SIMPLE","1"
"30/03/2005","27","CHOCO","27150","CARMEN DEL DARIEN","ARTICULO 168. SECUESTRO SIMPLE","1"
"30/03/2005","50","META","50001","VILLAVICENCIO","ARTICULO 168. SECUESTRO SIMPLE","1"
"30/03/2005","27","CHOCO","27150","CARMEN DEL DARIEN","ARTICULO 168. SECUESTRO SIMPLE","1"
"30/03/2005","50","META","50001","VILLAVICENCIO","ARTICULO 169. SECUESTRO EXTORSIVO","1"
"29/03/2005","50","META","50313","GRANADA","ARTICULO 169. SECUESTRO EXTORSIVO","1"
"29/03/2005","11","BOGOTA D.C.","11001","BOGOTA D.C.","ARTICULO 169. SECUESTRO EXTORSIVO","1"
"28/03/2005","73","TOLIMA","73217","COYAIMA","ARTICULO 168. SECUESTRO SIMPLE","1"
"28/03/2005","85","CASANARE","85162","MONTERREY","ARTICULO 168. SECUESTRO SIMPLE","1"
"28/03/2005","85","CASANARE","85162","MONTERREY","ARTICULO 168. SECUESTRO SIMPLE","1"
"28/03/2005","85","CASANARE","85162","MONTERREY","ARTICULO 168. SECUESTRO SIMPLE","1"
"28/03/2005","41","HUILA","41483","NATAGA","ARTICULO 168. SECUESTRO SIMPLE","1"
"28/03/2005","05","ANTIOQUIA","05001","MEDELLIN","ARTICULO 168. SECUESTRO SIMPLE","1"
"28/03/2005","70","SUCRE","70001","SINCELEJO","ARTICULO 168. SECUESTRO SIMPLE","1"
"27/03/2005","11","BOGOTA D.C.","11001","BOGOTA D.C.","ARTICULO 169. SECUESTRO EXTORSIVO","1"
"27/03/2005","50","META","50001","VILLAVICENCIO","ARTICULO 168. SECUESTRO SIMPLE","1"
"26/03/2005","50","META","50001","VILLAVICENCIO","ARTICULO 168. SECUESTRO SIMPLE","1"
"26/03/2005","76","VALLE DEL CAUCA","76126","CALIMA","ARTICULO 169. SECUESTRO EXTORSIVO","1"
"26/03/2005","76","VALLE DEL CAUCA","76126","CALIMA","ARTICULO 169. SECUESTRO EXTORSIVO","1"
"26/03/2005","76","VALLE DEL CAUCA","76126","CALIMA","ARTICULO 169. SECUESTRO EXTORSIVO","1"
"25/03/2005","50","META","50568","PUERTO GAITAN","ARTICULO 169. SECUESTRO EXTORSIVO","1"
"25/03/2005","25","CUNDINAMARCA","25307","GIRARDOT","ARTICULO 168. SECUESTRO SIMPLE","1"
"25/03/2005","25","CUNDINAMARCA","25307","GIRARDOT","ARTICULO 168. SECUESTRO SIMPLE","1"
"24/03/2005","05","ANTIOQUIA","05642","SALGAR","ARTICULO 169. SECUESTRO EXTORSIVO","1"
"24/03/2005","18","CAQUETA","18001","FLORENCIA","ARTICULO 168. SECUESTRO SIMPLE","1"
"24/03/2005","19","CAUCA","19548","PIENDAMO - TUNIA","ARTICULO 169. SECUESTRO EXTORSIVO","1"
"24/03/2005","19","CAUCA","19548","PIENDAMO - TUNIA","ARTICULO 169. SECUESTRO EXTORSIVO","1"
"24/03/2005","19","CAUCA","19548","PIENDAMO - TUNIA","ARTICULO 169. SECUESTRO EXTORSIVO","1"
"24/03/2005","05","ANTIOQUIA","05642","SALGAR","ARTICULO 169. SECUESTRO EXTORSIVO","1"
"24/03/2005","05","ANTIOQUIA","05642","SALGAR","ARTICULO 169. SECUESTRO EXTORSIVO","1"
"24/03/2005","05","ANTIOQUIA","05642","SALGAR","ARTICULO 169. SECUESTRO EXTORSIVO","1"
"23/03/2005","50","META","50001","VILLAVICENCIO","ARTICULO 168. SECUESTRO SIMPLE","1"
"23/03/2005","25","CUNDINAMARCA","25245","EL COLEGIO","ARTICULO 168. SECUESTRO SIMPLE","1"
"23/03/2005","25","CUNDINAMARCA","25335","GUAYABETAL","ARTICULO 168. SECUESTRO SIMPLE","1"
"23/03/2005","25","CUNDINAMARCA","25335","GUAYABETAL","ARTICULO 168. SECUESTRO SIMPLE","1"
"23/03/2005","05","ANTIOQUIA","05664","SAN PEDRO DE LOS MILAGROS","ARTICULO 168. SECUESTRO SIMPLE","1"
"22/03/2005","50","META","50001","VILLAVICENCIO","ARTICULO 168. SECUESTRO SIMPLE","1"
"22/03/2005","50","META","50001","VILLAVICENCIO","ARTICULO 169. SECUESTRO EXTORSIVO","1"
"22/03/2005","13","BOLIVAR","13744","SIMITI","ARTICULO 169. SECUESTRO EXTORSIVO","1"
"21/03/2005","73","TOLIMA","73675","SAN ANTONIO","ARTICULO 169. SECUESTRO EXTORSIVO","1"
"20/03/2005","50","META","50006","ACACIAS","ARTICULO 168. SECUESTRO SIMPLE","1"
"20/03/2005","50","META","50577","PUERTO LLERAS","ARTICULO 168. SECUESTRO SIMPLE","1"
"19/03/2005","05","ANTIOQUIA","05264","ENTRERRIOS","ARTICULO 168. SECUESTRO SIMPLE","1"
"18/03/2005","50","META","50001","VILLAVICENCIO","ARTICULO 168. SECUESTRO SIMPLE","1"
"18/03/2005","05","ANTIOQUIA","05885","YALI","ARTICULO 169. SECUESTRO EXTORSIVO","1"
"17/03/2005","13","BOLIVAR","13001","CARTAGENA DE INDIAS","ARTICULO 168. SECUESTRO SIMPLE","1"
"17/03/2005","19","CAUCA","19001","POPAYAN","ARTICULO 169. SECUESTRO EXTORSIVO","1"
"17/03/2005","05","ANTIOQUIA","05001","MEDELLIN","ARTICULO 169. SECUESTRO EXTORSIVO","1"
"16/03/2005","70","SUCRE","70429","MAJAGUAL","ARTICULO 168. SECUESTRO SIMPLE","1"
"14/03/2005","81","ARAUCA","81065","ARAUQUITA","ARTICULO 169. SECUESTRO EXTORSIVO","1"
"14/03/2005","81","ARAUCA","81065","ARAUQUITA","ARTICULO 169. SECUESTRO EXTORSIVO","1"
"14/03/2005","05","ANTIOQUIA","05854","VALDIVIA","ARTICULO 169. SECUESTRO EXTORSIVO","1"
"14/03/2005","25","CUNDINAMARCA","25772","SUESCA","ARTICULO 168. SECUESTRO SIMPLE","1"
"11/03/2005","73","TOLIMA","73001","IBAGUE","ARTICULO 168. SECUESTRO SIMPLE","1"
"09/03/2005","50","META","50370","URIBE","ARTICULO 168. SECUESTRO SIMPLE","1"
"09/03/2005","50","META","50370","URIBE","ARTICULO 168. SECUESTRO SIMPLE","1"
"08/03/2005","50","META","50001","VILLAVICENCIO","ARTICULO 168. SECUESTRO SIMPLE","1"
"08/03/2005","50","META","50577","PUERTO LLERAS","ARTICULO 169. SECUESTRO EXTORSIVO","1"
"07/03/2005","76","VALLE DEL CAUCA","76147","CARTAGO","ARTICULO 168. SECUESTRO SIMPLE","1"
"06/03/2005","50","META","50313","GRANADA","ARTICULO 169. SECUESTRO EXTORSIVO","1"
"06/03/2005","50","META","50313","GRANADA","ARTICULO 169. SECUESTRO EXTORSIVO","1"
"06/03/2005","50","META","50313","GRANADA","ARTICULO 169. SECUESTRO EXTORSIVO","1"
"04/03/2005","41","HUILA","41615","RIVERA","ARTICULO 169. SECUESTRO EXTORSIVO","1"
"04/03/2005","41","HUILA","41615","RIVERA","ARTICULO 169. SECUESTRO EXTORSIVO","1"
"04/03/2005","47","MAGDALENA","47189","CIENAGA","ARTICULO 168. SECUESTRO SIMPLE","1"
"02/03/2005","18","CAQUETA","18001","FLORENCIA","ARTICULO 169. SECUESTRO EXTORSIVO","1"
"02/03/2005","18","CAQUETA","18001","FLORENCIA","ARTICULO 169. SECUESTRO EXTORSIVO","1"
"02/03/2005","18","CAQUETA","18001","FLORENCIA","ARTICULO 169. SECUESTRO EXTORSIVO","1"
"02/03/2005","18","CAQUETA","18001","FLORENCIA","ARTICULO 169. SECUESTRO EXTORSIVO","1"
"02/03/2005","50","META","50711","VISTAHERMOSA","ARTICULO 169. SECUESTRO EXTORSIVO","1"
"02/03/2005","50","META","50711","VISTAHERMOSA","ARTICULO 169. SECUESTRO EXTORSIVO","1"
"28/02/2005","05","ANTIOQUIA","05042","SANTA FE DE ANTIOQUIA","ARTICULO 169. SECUESTRO EXTORSIVO","1"
"27/02/2005","50","META","50001","VILLAVICENCIO","ARTICULO 168. SECUESTRO SIMPLE","1"
"27/02/2005","13","BOLIVAR","13001","CARTAGENA DE INDIAS","ARTICULO 168. SECUESTRO SIMPLE","1"
"27/02/2005","25","CUNDINAMARCA","25899","ZIPAQUIRA","ARTICULO 168. SECUESTRO SIMPLE","1"
"27/02/2005","13","BOLIVAR","13458","MONTECRISTO","ARTICULO 169. SECUESTRO EXTORSIVO","1"
"27/02/2005","13","BOLIVAR","13458","MONTECRISTO","ARTICULO 169. SECUESTRO EXTORSIVO","1"
"27/02/2005","68","SANTANDER","68547","PIEDECUESTA","ARTICULO 168. SECUESTRO SIMPLE","1"
"26/02/2005","19","CAUCA","19001","POPAYAN","ARTICULO 168. SECUESTRO SIMPLE","1"
"26/02/2005","50","META","50568","PUERTO GAITAN","ARTICULO 168. SECUESTRO SIMPLE","1"
"26/02/2005","50","META","50001","VILLAVICENCIO","ARTICULO 168. SECUESTRO SIMPLE","1"
"26/02/2005","50","META","50001","VILLAVICENCIO","ARTICULO 168. SECUESTRO SIMPLE","1"
"25/02/2005","76","VALLE DEL CAUCA","76616","RIOFRIO","ARTICULO 169. SECUESTRO EXTORSIVO","1"
"25/02/2005","11","BOGOTA D.C.","11001","BOGOTA D.C.","ARTICULO 168. SECUESTRO SIMPLE","1"
"25/02/2005","50","META","50001","VILLAVICENCIO","ARTICULO 168. SECUESTRO SIMPLE","1"
"25/02/2005","50","META","50001","VILLAVICENCIO","ARTICULO 168. SECUESTRO SIMPLE","1"
"24/02/2005","15","BOYACA","15518","PAJARITO","ARTICULO 168. SECUESTRO SIMPLE","1"
"24/02/2005","85","CASANARE","85010","AGUAZUL","ARTICULO 168. SECUESTRO SIMPLE","1"
"24/02/2005","85","CASANARE","85010","AGUAZUL","ARTICULO 168. SECUESTRO SIMPLE","1"
"24/02/2005","85","CASANARE","85010","AGUAZUL","ARTICULO 168. SECUESTRO SIMPLE","1"
"23/02/2005","05","ANTIOQUIA","05284","FRONTINO","ARTICULO 169. SECUESTRO EXTORSIVO","1"
"23/02/2005","05","ANTIOQUIA","05284","FRONTINO","ARTICULO 169. SECUESTRO EXTORSIVO","1"
"23/02/2005","50","META","50001","VILLAVICENCIO","ARTICULO 168. SECUESTRO SIMPLE","1"
"23/02/2005","50","META","50001","VILLAVICENCIO","ARTICULO 168. SECUESTRO SIMPLE","1"
"23/02/2005","50","META","50001","VILLAVICENCIO","ARTICULO 169. SECUESTRO EXTORSIVO","1"
"23/02/2005","50","META","50001","VILLAVICENCIO","ARTICULO 169. SECUESTRO EXTORSIVO","1"
"22/02/2005","73","TOLIMA","73001","IBAGUE","ARTICULO 169. SECUESTRO EXTORSIVO","1"
"22/02/2005","50","META","50001","VILLAVICENCIO","ARTICULO 168. SECUESTRO SIMPLE","1"
"21/02/2005","19","CAUCA","19455","MIRANDA","ARTICULO 168. SECUESTRO SIMPLE","1"
"21/02/2005","86","PUTUMAYO","86320","ORITO","ARTICULO 169. SECUESTRO EXTORSIVO","1"
"20/02/2005","13","BOLIVAR","13001","CARTAGENA DE INDIAS","ARTICULO 169. SECUESTRO EXTORSIVO","1"
"18/02/2005","25","CUNDINAMARCA","25754","SOACHA","ARTICULO 168. SECUESTRO SIMPLE","1"
"18/02/2005","85","CASANARE","85440","VILLANUEVA","ARTICULO 169. SECUESTRO EXTORSIVO","1"
"18/02/2005","19","CAUCA","19142","CALOTO","ARTICULO 169. SECUESTRO EXTORSIVO","1"
"17/02/2005","19","CAUCA","19001","POPAYAN","ARTICULO 168. SECUESTRO SIMPLE","1"
"17/02/2005","19","CAUCA","19001","POPAYAN","ARTICULO 168. SECUESTRO SIMPLE","1"
"17/02/2005","76","VALLE DEL CAUCA","76001","CALI","ARTICULO 169. SECUESTRO EXTORSIVO","1"
"15/02/2005","05","ANTIOQUIA","05887","YARUMAL","ARTICULO 169. SECUESTRO EXTORSIVO","1"
"15/02/2005","66","RISARALDA","66318","GUATICA","ARTICULO 169. SECUESTRO EXTORSIVO","1"
"15/02/2005","05","ANTIOQUIA","05887","YARUMAL","ARTICULO 169. SECUESTRO EXTORSIVO","1"
"15/02/2005","05","ANTIOQUIA","05887","YARUMAL","ARTICULO 169. SECUESTRO EXTORSIVO","1"
"14/02/2005","19","CAUCA","19698","SANTANDER DE QUILICHAO","ARTICULO 169. SECUESTRO EXTORSIVO","1"
"14/02/2005","73","TOLIMA","73283","FRESNO","ARTICULO 168. SECUESTRO SIMPLE","1"
"14/02/2005","73","TOLIMA","73283","FRESNO","ARTICULO 168. SECUESTRO SIMPLE","1"
"14/02/2005","47","MAGDALENA","47551","PIVIJAY","ARTICULO 168. SECUESTRO SIMPLE","1"
"14/02/2005","50","META","50711","VISTAHERMOSA","ARTICULO 168. SECUESTRO SIMPLE","1"
"14/02/2005","50","META","50711","VISTAHERMOSA","ARTICULO 168. SECUESTRO SIMPLE","1"
"13/02/2005","19","CAUCA","19698","SANTANDER DE QUILICHAO","ARTICULO 169. SECUESTRO EXTORSIVO","1"
"13/02/2005","19","CAUCA","19256","EL TAMBO","ARTICULO 168. SECUESTRO SIMPLE","1"
"13/02/2005","19","CAUCA","19256","EL TAMBO","ARTICULO 168. SECUESTRO SIMPLE","1"
"12/02/2005","19","CAUCA","19001","POPAYAN","ARTICULO 169. SECUESTRO EXTORSIVO","1"
"12/02/2005","85","CASANARE","85300","SABANALARGA","ARTICULO 169. SECUESTRO EXTORSIVO","1"
"12/02/2005","50","META","50711","VISTAHERMOSA","ARTICULO 168. SECUESTRO SIMPLE","1"
"10/02/2005","76","VALLE DEL CAUCA","76109","BUENAVENTURA","ARTICULO 168. SECUESTRO SIMPLE","1"
"10/02/2005","15","BOYACA","15759","SOGAMOSO","ARTICULO 168. SECUESTRO SIMPLE","1"
"10/02/2005","05","ANTIOQUIA","05234","DABEIBA","ARTICULO 169. SECUESTRO EXTORSIVO","1"
"10/02/2005","05","ANTIOQUIA","05234","DABEIBA","ARTICULO 169. SECUESTRO EXTORSIVO","1"
"10/02/2005","13","BOLIVAR","13001","CARTAGENA DE INDIAS","ARTICULO 169. SECUESTRO EXTORSIVO","1"
"10/02/2005","20","CESAR","20750","SAN DIEGO","ARTICULO 169. SECUESTRO EXTORSIVO","1"
"10/02/2005","25","CUNDINAMARCA","25377","LA CALERA","ARTICULO 168. SECUESTRO SIMPLE","1"
"10/02/2005","25","CUNDINAMARCA","25377","LA CALERA","ARTICULO 168. SECUESTRO SIMPLE","1"
"10/02/2005","25","CUNDINAMARCA","25377","LA CALERA","ARTICULO 168. SECUESTRO SIMPLE","1"
"10/02/2005","25","CUNDINAMARCA","25377","LA CALERA","ARTICULO 168. SECUESTRO SIMPLE","1"
"10/02/2005","25","CUNDINAMARCA","25377","LA CALERA","ARTICULO 168. SECUESTRO SIMPLE","1"
"10/02/2005","25","CUNDINAMARCA","25377","LA CALERA","ARTICULO 168. SECUESTRO SIMPLE","1"
"10/02/2005","05","ANTIOQUIA","05234","DABEIBA","ARTICULO 169. SECUESTRO EXTORSIVO","1"
"10/02/2005","05","ANTIOQUIA","05234","DABEIBA","ARTICULO 169. SECUESTRO EXTORSIVO","1"
"09/02/2005","50","META","50124","CABUYARO","ARTICULO 169. SECUESTRO EXTORSIVO","1"
"09/02/2005","50","META","50124","CABUYARO","ARTICULO 169. SECUESTRO EXTORSIVO","1"
"09/02/2005","47","MAGDALENA","47001","SANTA MARTA","ARTICULO 168. SECUESTRO SIMPLE","1"
"08/02/2005","17","CALDAS","17486","NEIRA","ARTICULO 168. SECUESTRO SIMPLE","1"
"08/02/2005","25","CUNDINAMARCA","25290","FUSAGASUGA","ARTICULO 168. SECUESTRO SIMPLE","1"
"08/02/2005","52","NARIÑO","52079","BARBACOAS","ARTICULO 169. SECUESTRO EXTORSIVO","1"
"08/02/2005","73","TOLIMA","73001","IBAGUE","ARTICULO 168. SECUESTRO SIMPLE","1"
"07/02/2005","85","CASANARE","85001","YOPAL","ARTICULO 169. SECUESTRO EXTORSIVO","1"
"07/02/2005","52","NARIÑO","52696","SANTA BARBARA","ARTICULO 169. SECUESTRO EXTORSIVO","1"
"07/02/2005","50","META","50577","PUERTO LLERAS","ARTICULO 169. SECUESTRO EXTORSIVO","1"
"07/02/2005","11","BOGOTA D.C.","11001","BOGOTA D.C.","ARTICULO 168. SECUESTRO SIMPLE","1"
"07/02/2005","68","SANTANDER","68001","BUCARAMANGA","ARTICULO 168. SECUESTRO SIMPLE","1"
"06/02/2005","17","CALDAS","17442","MARMATO","ARTICULO 169. SECUESTRO EXTORSIVO","1"
"05/02/2005","13","BOLIVAR","13836","TURBACO","ARTICULO 169. SECUESTRO EXTORSIVO","1"
"05/02/2005","13","BOLIVAR","13836","TURBACO","ARTICULO 169. SECUESTRO EXTORSIVO","1"
"04/02/2005","76","VALLE DEL CAUCA","76246","EL CAIRO","ARTICULO 169. SECUESTRO EXTORSIVO","1"
"04/02/2005","44","LA GUAJIRA","44001","RIOHACHA","ARTICULO 168. SECUESTRO SIMPLE","1"
"03/02/2005","86","PUTUMAYO","86885","VILLAGARZON","ARTICULO 169. SECUESTRO EXTORSIVO","1"
"03/02/2005","66","RISARALDA","66001","PEREIRA","ARTICULO 169. SECUESTRO EXTORSIVO","1"
"02/02/2005","41","HUILA","41001","NEIVA","ARTICULO 168. SECUESTRO SIMPLE","1"
"02/02/2005","76","VALLE DEL CAUCA","76250","EL DOVIO","ARTICULO 169. SECUESTRO EXTORSIVO","1"
"02/02/2005","76","VALLE DEL CAUCA","76250","EL DOVIO","ARTICULO 169. SECUESTRO EXTORSIVO","1"
"02/02/2005","18","CAQUETA","18460","MILAN","ARTICULO 169. SECUESTRO EXTORSIVO","1"
"02/02/2005","52","NARIÑO","52835","SAN ANDRES DE TUMACO","ARTICULO 169. SECUESTRO EXTORSIVO","1"
"01/02/2005","66","RISARALDA","66001","PEREIRA","ARTICULO 169. SECUESTRO EXTORSIVO","1"
"01/02/2005","25","CUNDINAMARCA","25377","LA CALERA","ARTICULO 168. SECUESTRO SIMPLE","1"
"01/02/2005","25","CUNDINAMARCA","25377","LA CALERA","ARTICULO 168. SECUESTRO SIMPLE","1"
"01/02/2005","25","CUNDINAMARCA","25377","LA CALERA","ARTICULO 168. SECUESTRO SIMPLE","1"
"31/01/2005","76","VALLE DEL CAUCA","76563","PRADERA","ARTICULO 169. SECUESTRO EXTORSIVO","1"
"30/01/2005","85","CASANARE","85010","AGUAZUL","ARTICULO 169. SECUESTRO EXTORSIVO","1"
"30/01/2005","85","CASANARE","85010","AGUAZUL","ARTICULO 169. SECUESTRO EXTORSIVO","1"
"30/01/2005","85","CASANARE","85010","AGUAZUL","ARTICULO 169. SECUESTRO EXTORSIVO","1"
"30/01/2005","52","NARIÑO","52001","PASTO","ARTICULO 169. SECUESTRO EXTORSIVO","1"
"30/01/2005","81","ARAUCA","81794","TAME","ARTICULO 168. SECUESTRO SIMPLE","1"
"30/01/2005","50","META","50001","VILLAVICENCIO","ARTICULO 168. SECUESTRO SIMPLE","1"
"29/01/2005","41","HUILA","41001","NEIVA","ARTICULO 168. SECUESTRO SIMPLE","1"
"29/01/2005","11","BOGOTA D.C.","11001","BOGOTA D.C.","ARTICULO 168. SECUESTRO SIMPLE","1"
"28/01/2005","76","VALLE DEL CAUCA","76109","BUENAVENTURA","ARTICULO 169. SECUESTRO EXTORSIVO","1"
"28/01/2005","19","CAUCA","19142","CALOTO","ARTICULO 169. SECUESTRO EXTORSIVO","1"
"28/01/2005","19","CAUCA","19142","CALOTO","ARTICULO 169. SECUESTRO EXTORSIVO","1"
"28/01/2005","19","CAUCA","19142","CALOTO","ARTICULO 168. SECUESTRO SIMPLE","1"
"27/01/2005","11","BOGOTA D.C.","11001","BOGOTA D.C.","ARTICULO 168. SECUESTRO SIMPLE","1"
"27/01/2005","18","CAQUETA","18001","FLORENCIA","ARTICULO 168. SECUESTRO SIMPLE","1"
"27/01/2005","18","CAQUETA","18001","FLORENCIA","ARTICULO 168. SECUESTRO SIMPLE","1"
"27/01/2005","76","VALLE DEL CAUCA","76001","CALI","ARTICULO 169. SECUESTRO EXTORSIVO","1"
"27/01/2005","86","PUTUMAYO","86757","SAN MIGUEL","ARTICULO 169. SECUESTRO EXTORSIVO","1"
"26/01/2005","76","VALLE DEL CAUCA","76001","CALI","ARTICULO 169. SECUESTRO EXTORSIVO","1"
"26/01/2005","27","CHOCO","27025","ALTO BAUDO","ARTICULO 169. SECUESTRO EXTORSIVO","1"
"26/01/2005","17","CALDAS","17001","MANIZALES","ARTICULO 169. SECUESTRO EXTORSIVO","1"
"26/01/2005","25","CUNDINAMARCA","25815","TOCAIMA","ARTICULO 168. SECUESTRO SIMPLE","1"
"25/01/2005","81","ARAUCA","81001","ARAUCA","ARTICULO 169. SECUESTRO EXTORSIVO","1"
"25/01/2005","81","ARAUCA","81001","ARAUCA","ARTICULO 169. SECUESTRO EXTORSIVO","1"
"25/01/2005","20","CESAR","20228","CURUMANI","ARTICULO 169. SECUESTRO EXTORSIVO","1"
"25/01/2005","11","BOGOTA D.C.","11001","BOGOTA D.C.","ARTICULO 168. SECUESTRO SIMPLE","1"
"23/01/2005","25","CUNDINAMARCA","25326","GUATAVITA","ARTICULO 169. SECUESTRO EXTORSIVO","1"
"23/01/2005","52","NARIÑO","52678","SAMANIEGO","ARTICULO 168. SECUESTRO SIMPLE","1"
"22/01/2005","17","CALDAS","17616","RISARALDA","ARTICULO 168. SECUESTRO SIMPLE","1"
"22/01/2005","05","ANTIOQUIA","05480","MUTATA","ARTICULO 169. SECUESTRO EXTORSIVO","1"
"22/01/2005","50","META","50001","VILLAVICENCIO","ARTICULO 168. SECUESTRO SIMPLE","1"
"21/01/2005","11","BOGOTA D.C.","11001","BOGOTA D.C.","ARTICULO 168. SECUESTRO SIMPLE","1"
"20/01/2005","97","VAUPES","97161","CARURU","ARTICULO 168. SECUESTRO SIMPLE","1"
"20/01/2005","20","CESAR","20228","CURUMANI","ARTICULO 169. SECUESTRO EXTORSIVO","1"
"20/01/2005","20","CESAR","20011","AGUACHICA","ARTICULO 169. SECUESTRO EXTORSIVO","1"
"19/01/2005","76","VALLE DEL CAUCA","76233","DAGUA","ARTICULO 169. SECUESTRO EXTORSIVO","1"
"19/01/2005","50","META","50001","VILLAVICENCIO","ARTICULO 169. SECUESTRO EXTORSIVO","1"
"19/01/2005","11","BOGOTA D.C.","11001","BOGOTA D.C.","ARTICULO 168. SECUESTRO SIMPLE","1"
"18/01/2005","05","ANTIOQUIA","05093","BETULIA","ARTICULO 169. SECUESTRO EXTORSIVO","1"
"18/01/2005","05","ANTIOQUIA","05093","BETULIA","ARTICULO 169. SECUESTRO EXTORSIVO","1"
"17/01/2005","11","BOGOTA D.C.","11001","BOGOTA D.C.","ARTICULO 168. SECUESTRO SIMPLE","1"
"15/01/2005","76","VALLE DEL CAUCA","76892","YUMBO","ARTICULO 169. SECUESTRO EXTORSIVO","1"
"15/01/2005","76","VALLE DEL CAUCA","76109","BUENAVENTURA","ARTICULO 168. SECUESTRO SIMPLE","1"
"15/01/2005","11","BOGOTA D.C.","11001","BOGOTA D.C.","ARTICULO 168. SECUESTRO SIMPLE","1"
"15/01/2005","50","META","50001","VILLAVICENCIO","ARTICULO 168. SECUESTRO SIMPLE","1"
"15/01/2005","19","CAUCA","19001","POPAYAN","ARTICULO 168. SECUESTRO SIMPLE","1"
"14/01/2005","76","VALLE DEL CAUCA","76233","DAGUA","ARTICULO 169. SECUESTRO EXTORSIVO","1"
"14/01/2005","20","CESAR","20013","AGUSTIN CODAZZI","ARTICULO 168. SECUESTRO SIMPLE","1"
"14/01/2005","52","NARIÑO","52835","SAN ANDRES DE TUMACO","ARTICULO 168. SECUESTRO SIMPLE","1"
"14/01/2005","52","NARIÑO","52835","SAN ANDRES DE TUMACO","ARTICULO 168. SECUESTRO SIMPLE","1"
"14/01/2005","52","NARIÑO","52835","SAN ANDRES DE TUMACO","ARTICULO 168. SECUESTRO SIMPLE","1"
"13/01/2005","76","VALLE DEL CAUCA","76890","YOTOCO","ARTICULO 169. SECUESTRO EXTORSIVO","1"
"13/01/2005","25","CUNDINAMARCA","25867","VIANI","ARTICULO 168. SECUESTRO SIMPLE","1"
"13/01/2005","11","BOGOTA D.C.","11001","BOGOTA D.C.","ARTICULO 168. SECUESTRO SIMPLE","1"
"12/01/2005","54","NORTE DE SANTANDER","54172","CHINACOTA","ARTICULO 168. SECUESTRO SIMPLE","1"
"12/01/2005","54","NORTE DE SANTANDER","54172","CHINACOTA","ARTICULO 168. SECUESTRO SIMPLE","1"
"11/01/2005","19","CAUCA","19100","BOLIVAR","ARTICULO 168. SECUESTRO SIMPLE","1"
"11/01/2005","19","CAUCA","19100","BOLIVAR","ARTICULO 168. SECUESTRO SIMPLE","1"
"11/01/2005","19","CAUCA","19100","BOLIVAR","ARTICULO 168. SECUESTRO SIMPLE","1"
"11/01/2005","19","CAUCA","19100","BOLIVAR","ARTICULO 168. SECUESTRO SIMPLE","1"
"11/01/2005","15","BOYACA","15518","PAJARITO","ARTICULO 169. SECUESTRO EXTORSIVO","1"
"11/01/2005","15","BOYACA","15518","PAJARITO","ARTICULO 169. SECUESTRO EXTORSIVO","1"
"10/01/2005","50","META","50001","VILLAVICENCIO","ARTICULO 169. SECUESTRO EXTORSIVO","1"
"10/01/2005","19","CAUCA","19001","POPAYAN","ARTICULO 168. SECUESTRO SIMPLE","1"
"08/01/2005","05","ANTIOQUIA","05172","CHIGORODO","ARTICULO 169. SECUESTRO EXTORSIVO","1"
"08/01/2005","66","RISARALDA","66400","LA VIRGINIA","ARTICULO 169. SECUESTRO EXTORSIVO","1"
"07/01/2005","76","VALLE DEL CAUCA","76834","TULUA","ARTICULO 168. SECUESTRO SIMPLE","1"
"07/01/2005","52","NARIÑO","52835","SAN ANDRES DE TUMACO","ARTICULO 168. SECUESTRO SIMPLE","1"
"05/01/2005","15","BOYACA","15238","DUITAMA","ARTICULO 169. SECUESTRO EXTORSIVO","1"
"05/01/2005","66","RISARALDA","66594","QUINCHIA","ARTICULO 169. SECUESTRO EXTORSIVO","1"
"03/01/2005","54","NORTE DE SANTANDER","54099","BOCHALEMA","ARTICULO 168. SECUESTRO SIMPLE","1"
"03/01/2005","25","CUNDINAMARCA","25867","VIANI","ARTICULO 169. SECUESTRO EXTORSIVO","1"
"01/01/2005","50","META","50568","PUERTO GAITAN","ARTICULO 169. SECUESTRO EXTORSIVO","1"
"01/01/2005","70","SUCRE","70001","SINCELEJO","ARTICULO 168. SECUESTRO SIMPLE","1"
"01/01/2005","70","SUCRE","70001","SINCELEJO","ARTICULO 168. SECUESTRO SIMPLE","1"
"30/12/2004","47","MAGDALENA","47001","SANTA MARTA","ARTICULO 168. SECUESTRO SIMPLE","1"
"28/12/2004","20","CESAR","20013","AGUSTIN CODAZZI","ARTICULO 168. SECUESTRO SIMPLE","1"
"28/12/2004","05","ANTIOQUIA","05282","FREDONIA","ARTICULO 169. SECUESTRO EXTORSIVO","1"
"27/12/2004","76","VALLE DEL CAUCA","76736","SEVILLA","ARTICULO 169. SECUESTRO EXTORSIVO","1"
"25/12/2004","11","BOGOTA D.C.","11001","BOGOTA D.C.","ARTICULO 169. SECUESTRO EXTORSIVO","1"
"25/12/2004","17","CALDAS","17174","CHINCHINA","ARTICULO 168. SECUESTRO SIMPLE","1"
"24/12/2004","05","ANTIOQUIA","05667","SAN RAFAEL","ARTICULO 169. SECUESTRO EXTORSIVO","1"
"24/12/2004","05","ANTIOQUIA","05667","SAN RAFAEL","ARTICULO 169. SECUESTRO EXTORSIVO","1"
"24/12/2004","05","ANTIOQUIA","05667","SAN RAFAEL","ARTICULO 169. SECUESTRO EXTORSIVO","1"
"24/12/2004","05","ANTIOQUIA","05667","SAN RAFAEL","ARTICULO 169. SECUESTRO EXTORSIVO","1"
"24/12/2004","05","ANTIOQUIA","05667","SAN RAFAEL","ARTICULO 169. SECUESTRO EXTORSIVO","1"
"24/12/2004","05","ANTIOQUIA","05667","SAN RAFAEL","ARTICULO 169. SECUESTRO EXTORSIVO","1"
"24/12/2004","05","ANTIOQUIA","05667","SAN RAFAEL","ARTICULO 169. SECUESTRO EXTORSIVO","1"
"24/12/2004","05","ANTIOQUIA","05667","SAN RAFAEL","ARTICULO 169. SECUESTRO EXTORSIVO","1"
"24/12/2004","05","ANTIOQUIA","05667","SAN RAFAEL","ARTICULO 169. SECUESTRO EXTORSIVO","1"
"21/12/2004","47","MAGDALENA","47001","SANTA MARTA","ARTICULO 169. SECUESTRO EXTORSIVO","1"
"19/12/2004","05","ANTIOQUIA","05789","TAMESIS","ARTICULO 169. SECUESTRO EXTORSIVO","1"
"19/12/2004","05","ANTIOQUIA","05789","TAMESIS","ARTICULO 169. SECUESTRO EXTORSIVO","1"
"19/12/2004","76","VALLE DEL CAUCA","76001","CALI","ARTICULO 168. SECUESTRO SIMPLE","1"
"19/12/2004","13","BOLIVAR","13001","CARTAGENA DE INDIAS","ARTICULO 168. SECUESTRO SIMPLE","1"
"19/12/2004","05","ANTIOQUIA","05789","TAMESIS","ARTICULO 169. SECUESTRO EXTORSIVO","1"
"19/12/2004","05","ANTIOQUIA","05789","TAMESIS","ARTICULO 169. SECUESTRO EXTORSIVO","1"
"18/12/2004","05","ANTIOQUIA","05847","URRAO","ARTICULO 169. SECUESTRO EXTORSIVO","1"
"18/12/2004","05","ANTIOQUIA","05887","YARUMAL","ARTICULO 169. SECUESTRO EXTORSIVO","1"
"18/12/2004","41","HUILA","41807","TIMANA","ARTICULO 168. SECUESTRO SIMPLE","1"
"18/12/2004","47","MAGDALENA","47001","SANTA MARTA","ARTICULO 168. SECUESTRO SIMPLE","1"
"18/12/2004","19","CAUCA","19142","CALOTO","ARTICULO 169. SECUESTRO EXTORSIVO","2"
"18/12/2004","19","CAUCA","19142","CALOTO","ARTICULO 169. SECUESTRO EXTORSIVO","1"
"18/12/2004","19","CAUCA","19142","CALOTO","ARTICULO 169. SECUESTRO EXTORSIVO","1"
"18/12/2004","19","CAUCA","19142","CALOTO","ARTICULO 169. SECUESTRO EXTORSIVO","1"
"18/12/2004","19","CAUCA","19142","CALOTO","ARTICULO 169. SECUESTRO EXTORSIVO","1"
"18/12/2004","19","CAUCA","19142","CALOTO","ARTICULO 169. SECUESTRO EXTORSIVO","1"
"17/12/2004","11","BOGOTA D.C.","11001","BOGOTA D.C.","ARTICULO 169. SECUESTRO EXTORSIVO","1"
"16/12/2004","41","HUILA","41006","ACEVEDO","ARTICULO 169. SECUESTRO EXTORSIVO","1"
"16/12/2004","52","NARIÑO","52001","PASTO","ARTICULO 168. SECUESTRO SIMPLE","1"
"16/12/2004","52","NARIÑO","52788","TANGUA","ARTICULO 168. SECUESTRO SIMPLE","1"
"15/12/2004","19","CAUCA","19807","TIMBIO","ARTICULO 169. SECUESTRO EXTORSIVO","1"
"14/12/2004","05","ANTIOQUIA","05093","BETULIA","ARTICULO 169. SECUESTRO EXTORSIVO","1"
"14/12/2004","19","CAUCA","19845","VILLA RICA","ARTICULO 169. SECUESTRO EXTORSIVO","1"
"13/12/2004","47","MAGDALENA","47001","SANTA MARTA","ARTICULO 168. SECUESTRO SIMPLE","1"
"12/12/2004","76","VALLE DEL CAUCA","76001","CALI","ARTICULO 168. SECUESTRO SIMPLE","1"
"11/12/2004","76","VALLE DEL CAUCA","76126","CALIMA","ARTICULO 169. SECUESTRO EXTORSIVO","1"
"10/12/2004","85","CASANARE","85010","AGUAZUL","ARTICULO 169. SECUESTRO EXTORSIVO","1"
"10/12/2004","85","CASANARE","85010","AGUAZUL","ARTICULO 169. SECUESTRO EXTORSIVO","1"
"10/12/2004","85","CASANARE","85010","AGUAZUL","ARTICULO 169. SECUESTRO EXTORSIVO","1"
"10/12/2004","19","CAUCA","19318","GUAPI","ARTICULO 169. SECUESTRO EXTORSIVO","1"
"10/12/2004","19","CAUCA","19318","GUAPI","ARTICULO 169. SECUESTRO EXTORSIVO","1"
"10/12/2004","47","MAGDALENA","47001","SANTA MARTA","ARTICULO 168. SECUESTRO SIMPLE","1"
"10/12/2004","47","MAGDALENA","47001","SANTA MARTA","ARTICULO 168. SECUESTRO SIMPLE","1"
"09/12/2004","18","CAQUETA","18256","EL PAUJIL","ARTICULO 169. SECUESTRO EXTORSIVO","1"
"09/12/2004","73","TOLIMA","73001","IBAGUE","ARTICULO 168. SECUESTRO SIMPLE","1"
"09/12/2004","66","RISARALDA","66400","LA VIRGINIA","ARTICULO 169. SECUESTRO EXTORSIVO","1"
"08/12/2004","11","BOGOTA D.C.","11001","BOGOTA D.C.","ARTICULO 169. SECUESTRO EXTORSIVO","1"
"07/12/2004","76","VALLE DEL CAUCA","76001","CALI","ARTICULO 169. SECUESTRO EXTORSIVO","1"
"07/12/2004","76","VALLE DEL CAUCA","76001","CALI","ARTICULO 168. SECUESTRO SIMPLE","1"
"07/12/2004","54","NORTE DE SANTANDER","54239","DURANIA","ARTICULO 168. SECUESTRO SIMPLE","1"
"06/12/2004","05","ANTIOQUIA","05002","ABEJORRAL","ARTICULO 169. SECUESTRO EXTORSIVO","1"
"06/12/2004","13","BOLIVAR","13001","CARTAGENA DE INDIAS","ARTICULO 169. SECUESTRO EXTORSIVO","1"
"06/12/2004","13","BOLIVAR","13001","CARTAGENA DE INDIAS","ARTICULO 169. SECUESTRO EXTORSIVO","1"
"06/12/2004","54","NORTE DE SANTANDER","54001","CUCUTA","ARTICULO 168. SECUESTRO SIMPLE","1"
"05/12/2004","73","TOLIMA","73411","LIBANO","ARTICULO 169. SECUESTRO EXTORSIVO","1"
"04/12/2004","47","MAGDALENA","47001","SANTA MARTA","ARTICULO 169. SECUESTRO EXTORSIVO","1"
"03/12/2004","86","PUTUMAYO","86001","MOCOA","ARTICULO 169. SECUESTRO EXTORSIVO","1"
"03/12/2004","11","BOGOTA D.C.","11001","BOGOTA D.C.","ARTICULO 168. SECUESTRO SIMPLE","1"
"03/12/2004","11","BOGOTA D.C.","11001","BOGOTA D.C.","ARTICULO 168. SECUESTRO SIMPLE","1"
"01/12/2004","19","CAUCA","19110","BUENOS AIRES","ARTICULO 168. SECUESTRO SIMPLE","1"
"01/12/2004","50","META","50350","LA MACARENA","ARTICULO 168. SECUESTRO SIMPLE","1"
"01/12/2004","05","ANTIOQUIA","05250","EL BAGRE","ARTICULO 169. SECUESTRO EXTORSIVO","1"
"01/12/2004","54","NORTE DE SANTANDER","54720","SARDINATA","ARTICULO 169. SECUESTRO EXTORSIVO","1"
"30/11/2004","73","TOLIMA","73483","NATAGAIMA","ARTICULO 169. SECUESTRO EXTORSIVO","1"
"30/11/2004","47","MAGDALENA","47288","FUNDACION","ARTICULO 169. SECUESTRO EXTORSIVO","1"
"29/11/2004","76","VALLE DEL CAUCA","76834","TULUA","ARTICULO 169. SECUESTRO EXTORSIVO","1"
"29/11/2004","76","VALLE DEL CAUCA","76834","TULUA","ARTICULO 169. SECUESTRO EXTORSIVO","1"
"29/11/2004","76","VALLE DEL CAUCA","76834","TULUA","ARTICULO 169. SECUESTRO EXTORSIVO","1"
"26/11/2004","19","CAUCA","19142","CALOTO","ARTICULO 169. SECUESTRO EXTORSIVO","1"
"25/11/2004","73","TOLIMA","73624","ROVIRA","ARTICULO 169. SECUESTRO EXTORSIVO","1"
"25/11/2004","27","CHOCO","27160","CERTEGUI","ARTICULO 168. SECUESTRO SIMPLE","1"
"25/11/2004","50","META","50001","VILLAVICENCIO","ARTICULO 168. SECUESTRO SIMPLE","1"
"25/11/2004","47","MAGDALENA","47001","SANTA MARTA","ARTICULO 169. SECUESTRO EXTORSIVO","1"
"25/11/2004","13","BOLIVAR","13001","CARTAGENA DE INDIAS","ARTICULO 168. SECUESTRO SIMPLE","1"
"25/11/2004","47","MAGDALENA","47001","SANTA MARTA","ARTICULO 168. SECUESTRO SIMPLE","1"
"24/11/2004","73","TOLIMA","73624","ROVIRA","ARTICULO 169. SECUESTRO EXTORSIVO","1"
"24/11/2004","17","CALDAS","17541","PENSILVANIA","ARTICULO 169. SECUESTRO EXTORSIVO","1"
"23/11/2004","50","META","50001","VILLAVICENCIO","ARTICULO 169. SECUESTRO EXTORSIVO","1"
"23/11/2004","66","RISARALDA","66088","BELEN DE UMBRIA","ARTICULO 169. SECUESTRO EXTORSIVO","2"
"23/11/2004","66","RISARALDA","66088","BELEN DE UMBRIA","ARTICULO 169. SECUESTRO EXTORSIVO","1"
"23/11/2004","66","RISARALDA","66088","BELEN DE UMBRIA","ARTICULO 169. SECUESTRO EXTORSIVO","1"
"23/11/2004","66","RISARALDA","66088","BELEN DE UMBRIA","ARTICULO 169. SECUESTRO EXTORSIVO","1"
"23/11/2004","66","RISARALDA","66088","BELEN DE UMBRIA","ARTICULO 169. SECUESTRO EXTORSIVO","1"
"23/11/2004","11","BOGOTA D.C.","11001","BOGOTA D.C.","ARTICULO 168. SECUESTRO SIMPLE","1"
"23/11/2004","11","BOGOTA D.C.","11001","BOGOTA D.C.","ARTICULO 168. SECUESTRO SIMPLE","1"
"23/11/2004","73","TOLIMA","73001","IBAGUE","ARTICULO 168. SECUESTRO SIMPLE","1"
"23/11/2004","11","BOGOTA D.C.","11001","BOGOTA D.C.","ARTICULO 168. SECUESTRO SIMPLE","1"
"22/11/2004","76","VALLE DEL CAUCA","76001","CALI","ARTICULO 168. SECUESTRO SIMPLE","1"
"22/11/2004","50","META","50001","VILLAVICENCIO","ARTICULO 168. SECUESTRO SIMPLE","1"
"22/11/2004","50","META","50001","VILLAVICENCIO","ARTICULO 168. SECUESTRO SIMPLE","1"
"22/11/2004","50","META","50001","VILLAVICENCIO","ARTICULO 168. SECUESTRO SIMPLE","1"
"22/11/2004","50","META","50226","CUMARAL","ARTICULO 168. SECUESTRO SIMPLE","1"
"22/11/2004","54","NORTE DE SANTANDER","54498","OCAÑA","ARTICULO 168. SECUESTRO SIMPLE","1"
"21/11/2004","11","BOGOTA D.C.","11001","BOGOTA D.C.","ARTICULO 169. SECUESTRO EXTORSIVO","1"
"20/11/2004","86","PUTUMAYO","86568","PUERTO ASIS","ARTICULO 169. SECUESTRO EXTORSIVO","1"
"19/11/2004","73","TOLIMA","73168","CHAPARRAL","ARTICULO 169. SECUESTRO EXTORSIVO","1"
"19/11/2004","73","TOLIMA","73124","CAJAMARCA","ARTICULO 168. SECUESTRO SIMPLE","1"
"18/11/2004","68","SANTANDER","68755","SOCORRO","ARTICULO 168. SECUESTRO SIMPLE","1"
"18/11/2004","41","HUILA","41298","GARZON","ARTICULO 169. SECUESTRO EXTORSIVO","1"
"18/11/2004","47","MAGDALENA","47001","SANTA MARTA","ARTICULO 168. SECUESTRO SIMPLE","1"
"17/11/2004","73","TOLIMA","73001","IBAGUE","ARTICULO 169. SECUESTRO EXTORSIVO","1"
"17/11/2004","73","TOLIMA","73001","IBAGUE","ARTICULO 169. SECUESTRO EXTORSIVO","1"
"16/11/2004","73","TOLIMA","73026","ALVARADO","ARTICULO 168. SECUESTRO SIMPLE","1"
"16/11/2004","11","BOGOTA D.C.","11001","BOGOTA D.C.","ARTICULO 169. SECUESTRO EXTORSIVO","1"
"15/11/2004","41","HUILA","41396","LA PLATA","ARTICULO 169. SECUESTRO EXTORSIVO","1"
"14/11/2004","19","CAUCA","19743","SILVIA","ARTICULO 169. SECUESTRO EXTORSIVO","1"
"14/11/2004","13","BOLIVAR","13001","CARTAGENA DE INDIAS","ARTICULO 169. SECUESTRO EXTORSIVO","1"
"14/11/2004","73","TOLIMA","73268","ESPINAL","ARTICULO 168. SECUESTRO SIMPLE","1"
"14/11/2004","73","TOLIMA","73268","ESPINAL","ARTICULO 168. SECUESTRO SIMPLE","1"
"14/11/2004","05","ANTIOQUIA","05887","YARUMAL","ARTICULO 169. SECUESTRO EXTORSIVO","1"
"13/11/2004","73","TOLIMA","73349","HONDA","ARTICULO 169. SECUESTRO EXTORSIVO","1"
"13/11/2004","73","TOLIMA","73349","HONDA","ARTICULO 169. SECUESTRO EXTORSIVO","1"
"13/11/2004","13","BOLIVAR","13001","CARTAGENA DE INDIAS","ARTICULO 168. SECUESTRO SIMPLE","1"
"12/11/2004","76","VALLE DEL CAUCA","76275","FLORIDA","ARTICULO 169. SECUESTRO EXTORSIVO","1"
"12/11/2004","76","VALLE DEL CAUCA","76275","FLORIDA","ARTICULO 169. SECUESTRO EXTORSIVO","1"
"12/11/2004","47","MAGDALENA","47001","SANTA MARTA","ARTICULO 168. SECUESTRO SIMPLE","1"
"12/11/2004","54","NORTE DE SANTANDER","54720","SARDINATA","ARTICULO 169. SECUESTRO EXTORSIVO","1"
"10/11/2004","50","META","50001","VILLAVICENCIO","ARTICULO 169. SECUESTRO EXTORSIVO","1"
"10/11/2004","50","META","50001","VILLAVICENCIO","ARTICULO 169. SECUESTRO EXTORSIVO","1"
"10/11/2004","50","META","50001","VILLAVICENCIO","ARTICULO 169. SECUESTRO EXTORSIVO","1"
"10/11/2004","50","META","50001","VILLAVICENCIO","ARTICULO 169. SECUESTRO EXTORSIVO","1"
"10/11/2004","50","META","50001","VILLAVICENCIO","ARTICULO 169. SECUESTRO EXTORSIVO","1"
"10/11/2004","54","NORTE DE SANTANDER","54498","OCAÑA","ARTICULO 169. SECUESTRO EXTORSIVO","1"
"09/11/2004","05","ANTIOQUIA","05440","MARINILLA","ARTICULO 169. SECUESTRO EXTORSIVO","1"
"08/11/2004","15","BOYACA","15759","SOGAMOSO","ARTICULO 169. SECUESTRO EXTORSIVO","1"
"08/11/2004","15","BOYACA","15759","SOGAMOSO","ARTICULO 169. SECUESTRO EXTORSIVO","1"
"08/11/2004","15","BOYACA","15759","SOGAMOSO","ARTICULO 169. SECUESTRO EXTORSIVO","1"
"08/11/2004","15","BOYACA","15759","SOGAMOSO","ARTICULO 169. SECUESTRO EXTORSIVO","1"
"08/11/2004","47","MAGDALENA","47318","GUAMAL","ARTICULO 169. SECUESTRO EXTORSIVO","1"
"07/11/2004","47","MAGDALENA","47555","PLATO","ARTICULO 169. SECUESTRO EXTORSIVO","1"
"07/11/2004","05","ANTIOQUIA","05034","ANDES","ARTICULO 169. SECUESTRO EXTORSIVO","1"
"05/11/2004","11","BOGOTA D.C.","11001","BOGOTA D.C.","ARTICULO 169. SECUESTRO EXTORSIVO","1"
"05/11/2004","20","CESAR","20013","AGUSTIN CODAZZI","ARTICULO 168. SECUESTRO SIMPLE","1"
"04/11/2004","11","BOGOTA D.C.","11001","BOGOTA D.C.","ARTICULO 169. SECUESTRO EXTORSIVO","1"
"04/11/2004","23","CORDOBA","23001","MONTERIA","ARTICULO 168. SECUESTRO SIMPLE","1"
"04/11/2004","23","CORDOBA","23001","MONTERIA","ARTICULO 168. SECUESTRO SIMPLE","1"
"03/11/2004","05","ANTIOQUIA","05440","MARINILLA","ARTICULO 168. SECUESTRO SIMPLE","1"
"02/11/2004","68","SANTANDER","68276","FLORIDABLANCA","ARTICULO 169. SECUESTRO EXTORSIVO","1"
"02/11/2004","76","VALLE DEL CAUCA","76111","GUADALAJARA DE BUGA","ARTICULO 168. SECUESTRO SIMPLE","1"
"02/11/2004","54","NORTE DE SANTANDER","54001","CUCUTA","ARTICULO 168. SECUESTRO SIMPLE","1"
"01/11/2004","20","CESAR","20383","LA GLORIA","ARTICULO 169. SECUESTRO EXTORSIVO","1"
"01/11/2004","20","CESAR","20383","LA GLORIA","ARTICULO 169. SECUESTRO EXTORSIVO","1"
"01/11/2004","11","BOGOTA D.C.","11001","BOGOTA D.C.","ARTICULO 168. SECUESTRO SIMPLE","1"
"31/10/2004","44","LA GUAJIRA","44430","MAICAO","ARTICULO 169. SECUESTRO EXTORSIVO","1"
"31/10/2004","05","ANTIOQUIA","05002","ABEJORRAL","ARTICULO 169. SECUESTRO EXTORSIVO","1"
"31/10/2004","52","NARIÑO","52001","PASTO","ARTICULO 168. SECUESTRO SIMPLE","1"
"30/10/2004","27","CHOCO","27495","NUQUI","ARTICULO 169. SECUESTRO EXTORSIVO","1"
"30/10/2004","11","BOGOTA D.C.","11001","BOGOTA D.C.","ARTICULO 168. SECUESTRO SIMPLE","1"
"29/10/2004","68","SANTANDER","68689","SAN VICENTE DE CHUCURI","ARTICULO 169. SECUESTRO EXTORSIVO","1"
"29/10/2004","25","CUNDINAMARCA","25307","GIRARDOT","ARTICULO 168. SECUESTRO SIMPLE","1"
"29/10/2004","25","CUNDINAMARCA","25307","GIRARDOT","ARTICULO 168. SECUESTRO SIMPLE","1"
"28/10/2004","05","ANTIOQUIA","05847","URRAO","ARTICULO 168. SECUESTRO SIMPLE","1"
"28/10/2004","19","CAUCA","19532","PATIA","ARTICULO 168. SECUESTRO SIMPLE","1"
"28/10/2004","19","CAUCA","19532","PATIA","ARTICULO 168. SECUESTRO SIMPLE","1"
"28/10/2004","73","TOLIMA","73124","CAJAMARCA","ARTICULO 168. SECUESTRO SIMPLE","1"
"28/10/2004","11","BOGOTA D.C.","11001","BOGOTA D.C.","ARTICULO 169. SECUESTRO EXTORSIVO","1"
"25/10/2004","50","META","50001","VILLAVICENCIO","ARTICULO 168. SECUESTRO SIMPLE","2"
"25/10/2004","50","META","50001","VILLAVICENCIO","ARTICULO 168. SECUESTRO SIMPLE","2"
"25/10/2004","50","META","50001","VILLAVICENCIO","ARTICULO 168. SECUESTRO SIMPLE","1"
"25/10/2004","50","META","50001","VILLAVICENCIO","ARTICULO 168. SECUESTRO SIMPLE","1"
"25/10/2004","50","META","50001","VILLAVICENCIO","ARTICULO 168. SECUESTRO SIMPLE","1"
"25/10/2004","18","CAQUETA","18001","FLORENCIA","ARTICULO 168. SECUESTRO SIMPLE","1"
"24/10/2004","52","NARIÑO","52079","BARBACOAS","ARTICULO 169. SECUESTRO EXTORSIVO","1"
"24/10/2004","52","NARIÑO","52079","BARBACOAS","ARTICULO 168. SECUESTRO SIMPLE","1"
"24/10/2004","41","HUILA","41001","NEIVA","ARTICULO 169. SECUESTRO EXTORSIVO","1"
"23/10/2004","11","BOGOTA D.C.","11001","BOGOTA D.C.","ARTICULO 168. SECUESTRO SIMPLE","1"
"23/10/2004","76","VALLE DEL CAUCA","76109","BUENAVENTURA","ARTICULO 168. SECUESTRO SIMPLE","1"
"23/10/2004","11","BOGOTA D.C.","11001","BOGOTA D.C.","ARTICULO 168. SECUESTRO SIMPLE","1"
"22/10/2004","08","ATLANTICO","08001","BARRANQUILLA","ARTICULO 169. SECUESTRO EXTORSIVO","1"
"22/10/2004","13","BOLIVAR","13657","SAN JUAN NEPOMUCENO","ARTICULO 169. SECUESTRO EXTORSIVO","1"
"22/10/2004","11","BOGOTA D.C.","11001","BOGOTA D.C.","ARTICULO 168. SECUESTRO SIMPLE","1"
"21/10/2004","81","ARAUCA","81794","TAME","ARTICULO 169. SECUESTRO EXTORSIVO","1"
"21/10/2004","54","NORTE DE SANTANDER","54261","EL ZULIA","ARTICULO 169. SECUESTRO EXTORSIVO","1"
"21/10/2004","50","META","50001","VILLAVICENCIO","ARTICULO 168. SECUESTRO SIMPLE","1"
"21/10/2004","50","META","50001","VILLAVICENCIO","ARTICULO 168. SECUESTRO SIMPLE","1"
"20/10/2004","68","SANTANDER","68081","BARRANCABERMEJA","ARTICULO 168. SECUESTRO SIMPLE","1"
"20/10/2004","73","TOLIMA","73200","COELLO","ARTICULO 168. SECUESTRO SIMPLE","1"
"20/10/2004","73","TOLIMA","73001","IBAGUE","ARTICULO 168. SECUESTRO SIMPLE","1"
"20/10/2004","05","ANTIOQUIA","05284","FRONTINO","ARTICULO 169. SECUESTRO EXTORSIVO","1"
"20/10/2004","05","ANTIOQUIA","05284","FRONTINO","ARTICULO 169. SECUESTRO EXTORSIVO","1"
"19/10/2004","73","TOLIMA","73347","HERVEO","ARTICULO 169. SECUESTRO EXTORSIVO","1"
"19/10/2004","25","CUNDINAMARCA","25307","GIRARDOT","ARTICULO 169. SECUESTRO EXTORSIVO","1"
"19/10/2004","50","META","50001","VILLAVICENCIO","ARTICULO 168. SECUESTRO SIMPLE","1"
"19/10/2004","50","META","50001","VILLAVICENCIO","ARTICULO 168. SECUESTRO SIMPLE","1"
"18/10/2004","52","NARIÑO","52612","RICAURTE","ARTICULO 169. SECUESTRO EXTORSIVO","1"
"18/10/2004","52","NARIÑO","52612","RICAURTE","ARTICULO 169. SECUESTRO EXTORSIVO","1"
"16/10/2004","18","CAQUETA","18001","FLORENCIA","ARTICULO 168. SECUESTRO SIMPLE","1"
"16/10/2004","05","ANTIOQUIA","05697","EL SANTUARIO","ARTICULO 168. SECUESTRO SIMPLE","1"
"15/10/2004","41","HUILA","41483","NATAGA","ARTICULO 169. SECUESTRO EXTORSIVO","1"
"15/10/2004","41","HUILA","41483","NATAGA","ARTICULO 169. SECUESTRO EXTORSIVO","1"
"14/10/2004","18","CAQUETA","18001","FLORENCIA","ARTICULO 169. SECUESTRO EXTORSIVO","1"
"14/10/2004","05","ANTIOQUIA","05697","EL SANTUARIO","ARTICULO 168. SECUESTRO SIMPLE","1"
"14/10/2004","11","BOGOTA D.C.","11001","BOGOTA D.C.","ARTICULO 169. SECUESTRO EXTORSIVO","1"
"13/10/2004","25","CUNDINAMARCA","25307","GIRARDOT","ARTICULO 169. SECUESTRO EXTORSIVO","1"
"13/10/2004","50","META","50001","VILLAVICENCIO","ARTICULO 168. SECUESTRO SIMPLE","1"
"13/10/2004","05","ANTIOQUIA","05154","CAUCASIA","ARTICULO 169. SECUESTRO EXTORSIVO","1"
"13/10/2004","86","PUTUMAYO","86320","ORITO","ARTICULO 169. SECUESTRO EXTORSIVO","1"
"13/10/2004","86","PUTUMAYO","86320","ORITO","ARTICULO 169. SECUESTRO EXTORSIVO","1"
"11/10/2004","19","CAUCA","19022","ALMAGUER","ARTICULO 169. SECUESTRO EXTORSIVO","1"
"11/10/2004","20","CESAR","20013","AGUSTIN CODAZZI","ARTICULO 168. SECUESTRO SIMPLE","1"
"10/10/2004","41","HUILA","41001","NEIVA","ARTICULO 168. SECUESTRO SIMPLE","1"
"10/10/2004","41","HUILA","41001","NEIVA","ARTICULO 168. SECUESTRO SIMPLE","1"
"10/10/2004","13","BOLIVAR","13873","VILLANUEVA","ARTICULO 169. SECUESTRO EXTORSIVO","1"
"10/10/2004","41","HUILA","41001","NEIVA","ARTICULO 168. SECUESTRO SIMPLE","1"
"09/10/2004","05","ANTIOQUIA","05034","ANDES","ARTICULO 168. SECUESTRO SIMPLE","1"
"08/10/2004","11","BOGOTA D.C.","11001","BOGOTA D.C.","ARTICULO 168. SECUESTRO SIMPLE","1"
"07/10/2004","11","BOGOTA D.C.","11001","BOGOTA D.C.","ARTICULO 169. SECUESTRO EXTORSIVO","1"
"07/10/2004","13","BOLIVAR","13001","CARTAGENA DE INDIAS","ARTICULO 169. SECUESTRO EXTORSIVO","1"
"07/10/2004","05","ANTIOQUIA","05101","CIUDAD BOLIVAR","ARTICULO 169. SECUESTRO EXTORSIVO","1"
"07/10/2004","05","ANTIOQUIA","05101","CIUDAD BOLIVAR","ARTICULO 169. SECUESTRO EXTORSIVO","1"
"06/10/2004","52","NARIÑO","52001","PASTO","ARTICULO 168. SECUESTRO SIMPLE","1"
"06/10/2004","05","ANTIOQUIA","05652","SAN FRANCISCO","ARTICULO 169. SECUESTRO EXTORSIVO","1"
"05/10/2004","47","MAGDALENA","47745","SITIONUEVO","ARTICULO 169. SECUESTRO EXTORSIVO","1"
"04/10/2004","19","CAUCA","19821","TORIBIO","ARTICULO 169. SECUESTRO EXTORSIVO","1"
"02/10/2004","11","BOGOTA D.C.","11001","BOGOTA D.C.","ARTICULO 169. SECUESTRO EXTORSIVO","1"
"01/10/2004","23","CORDOBA","23182","CHINU","ARTICULO 169. SECUESTRO EXTORSIVO","1"
"01/10/2004","50","META","50001","VILLAVICENCIO","ARTICULO 168. SECUESTRO SIMPLE","1"
"30/09/2004","11","BOGOTA D.C.","11001","BOGOTA D.C.","ARTICULO 168. SECUESTRO SIMPLE","1"
"30/09/2004","85","CASANARE","85001","YOPAL","ARTICULO 169. SECUESTRO EXTORSIVO","1"
"29/09/2004","76","VALLE DEL CAUCA","76001","CALI","ARTICULO 168. SECUESTRO SIMPLE","1"
"29/09/2004","13","BOLIVAR","13654","SAN JACINTO","ARTICULO 169. SECUESTRO EXTORSIVO","1"
"28/09/2004","86","PUTUMAYO","86320","ORITO","ARTICULO 169. SECUESTRO EXTORSIVO","1"
"28/09/2004","11","BOGOTA D.C.","11001","BOGOTA D.C.","ARTICULO 168. SECUESTRO SIMPLE","1"
"28/09/2004","17","CALDAS","17614","RIOSUCIO","ARTICULO 169. SECUESTRO EXTORSIVO","1"
"28/09/2004","86","PUTUMAYO","86320","ORITO","ARTICULO 169. SECUESTRO EXTORSIVO","1"
"28/09/2004","05","ANTIOQUIA","05847","URRAO","ARTICULO 168. SECUESTRO SIMPLE","1"
"27/09/2004","76","VALLE DEL CAUCA","76109","BUENAVENTURA","ARTICULO 168. SECUESTRO SIMPLE","1"
"27/09/2004","11","BOGOTA D.C.","11001","BOGOTA D.C.","ARTICULO 168. SECUESTRO SIMPLE","1"
"27/09/2004","76","VALLE DEL CAUCA","76130","CANDELARIA","ARTICULO 168. SECUESTRO SIMPLE","1"
"26/09/2004","05","ANTIOQUIA","05674","SAN VICENTE FERRER","ARTICULO 169. SECUESTRO EXTORSIVO","1"
"26/09/2004","25","CUNDINAMARCA","25862","VERGARA","ARTICULO 169. SECUESTRO EXTORSIVO","2"
"26/09/2004","25","CUNDINAMARCA","25862","VERGARA","ARTICULO 169. SECUESTRO EXTORSIVO","1"
"25/09/2004","68","SANTANDER","68081","BARRANCABERMEJA","ARTICULO 168. SECUESTRO SIMPLE","1"
"24/09/2004","41","HUILA","41349","HOBO","ARTICULO 169. SECUESTRO EXTORSIVO","1"
"23/09/2004","25","CUNDINAMARCA","25290","FUSAGASUGA","ARTICULO 169. SECUESTRO EXTORSIVO","1"
"23/09/2004","18","CAQUETA","18860","VALPARAISO","ARTICULO 168. SECUESTRO SIMPLE","1"
"23/09/2004","25","CUNDINAMARCA","25290","FUSAGASUGA","ARTICULO 169. SECUESTRO EXTORSIVO","1"
"22/09/2004","05","ANTIOQUIA","05086","BELMIRA","ARTICULO 168. SECUESTRO SIMPLE","1"
"22/09/2004","52","NARIÑO","52835","SAN ANDRES DE TUMACO","ARTICULO 169. SECUESTRO EXTORSIVO","1"
"22/09/2004","76","VALLE DEL CAUCA","76109","BUENAVENTURA","ARTICULO 169. SECUESTRO EXTORSIVO","1"
"21/09/2004","05","ANTIOQUIA","05234","DABEIBA","ARTICULO 169. SECUESTRO EXTORSIVO","1"
"21/09/2004","05","ANTIOQUIA","05234","DABEIBA","ARTICULO 169. SECUESTRO EXTORSIVO","1"
"21/09/2004","05","ANTIOQUIA","05234","DABEIBA","ARTICULO 169. SECUESTRO EXTORSIVO","1"
"21/09/2004","05","ANTIOQUIA","05234","DABEIBA","ARTICULO 169. SECUESTRO EXTORSIVO","1"
"21/09/2004","25","CUNDINAMARCA","25407","LENGUAZAQUE","ARTICULO 169. SECUESTRO EXTORSIVO","1"
"21/09/2004","41","HUILA","41001","NEIVA","ARTICULO 168. SECUESTRO SIMPLE","1"
"21/09/2004","13","BOLIVAR","13001","CARTAGENA DE INDIAS","ARTICULO 169. SECUESTRO EXTORSIVO","1"
"21/09/2004","13","BOLIVAR","13001","CARTAGENA DE INDIAS","ARTICULO 169. SECUESTRO EXTORSIVO","1"
"21/09/2004","13","BOLIVAR","13654","SAN JACINTO","ARTICULO 169. SECUESTRO EXTORSIVO","1"
"21/09/2004","13","BOLIVAR","13654","SAN JACINTO","ARTICULO 169. SECUESTRO EXTORSIVO","1"
"21/09/2004","13","BOLIVAR","13654","SAN JACINTO","ARTICULO 169. SECUESTRO EXTORSIVO","1"
"20/09/2004","11","BOGOTA D.C.","11001","BOGOTA D.C.","ARTICULO 168. SECUESTRO SIMPLE","1"
"20/09/2004","76","VALLE DEL CAUCA","76001","CALI","ARTICULO 168. SECUESTRO SIMPLE","1"
"18/09/2004","11","BOGOTA D.C.","11001","BOGOTA D.C.","ARTICULO 168. SECUESTRO SIMPLE","1"
"18/09/2004","15","BOYACA","15001","TUNJA","ARTICULO 168. SECUESTRO SIMPLE","1"
"18/09/2004","41","HUILA","41001","NEIVA","ARTICULO 168. SECUESTRO SIMPLE","1"
"18/09/2004","73","TOLIMA","73026","ALVARADO","ARTICULO 168. SECUESTRO SIMPLE","1"
"17/09/2004","05","ANTIOQUIA","05501","OLAYA","ARTICULO 168. SECUESTRO SIMPLE","1"
"17/09/2004","05","ANTIOQUIA","05501","OLAYA","ARTICULO 168. SECUESTRO SIMPLE","1"
"17/09/2004","05","ANTIOQUIA","05234","DABEIBA","ARTICULO 168. SECUESTRO SIMPLE","2"
"17/09/2004","76","VALLE DEL CAUCA","76275","FLORIDA","ARTICULO 169. SECUESTRO EXTORSIVO","1"
"17/09/2004","76","VALLE DEL CAUCA","76275","FLORIDA","ARTICULO 169. SECUESTRO EXTORSIVO","1"
"17/09/2004","76","VALLE DEL CAUCA","76275","FLORIDA","ARTICULO 169. SECUESTRO EXTORSIVO","1"
"17/09/2004","76","VALLE DEL CAUCA","76275","FLORIDA","ARTICULO 169. SECUESTRO EXTORSIVO","1"
"17/09/2004","76","VALLE DEL CAUCA","76275","FLORIDA","ARTICULO 169. SECUESTRO EXTORSIVO","1"
"17/09/2004","76","VALLE DEL CAUCA","76275","FLORIDA","ARTICULO 169. SECUESTRO EXTORSIVO","1"
"17/09/2004","19","CAUCA","19001","POPAYAN","ARTICULO 169. SECUESTRO EXTORSIVO","1"
"17/09/2004","08","ATLANTICO","08560","PONEDERA","ARTICULO 169. SECUESTRO EXTORSIVO","1"
"17/09/2004","19","CAUCA","19001","POPAYAN","ARTICULO 169. SECUESTRO EXTORSIVO","1"
"16/09/2004","73","TOLIMA","73347","HERVEO","ARTICULO 169. SECUESTRO EXTORSIVO","1"
"16/09/2004","73","TOLIMA","73347","HERVEO","ARTICULO 169. SECUESTRO EXTORSIVO","1"
"16/09/2004","73","TOLIMA","73283","FRESNO","ARTICULO 169. SECUESTRO EXTORSIVO","1"
"16/09/2004","73","TOLIMA","73001","IBAGUE","ARTICULO 169. SECUESTRO EXTORSIVO","1"
"16/09/2004","73","TOLIMA","73411","LIBANO","ARTICULO 169. SECUESTRO EXTORSIVO","1"
"16/09/2004","19","CAUCA","19001","POPAYAN","ARTICULO 169. SECUESTRO EXTORSIVO","1"
"16/09/2004","19","CAUCA","19001","POPAYAN","ARTICULO 168. SECUESTRO SIMPLE","1"
"14/09/2004","73","TOLIMA","73671","SALDAÑA","ARTICULO 169. SECUESTRO EXTORSIVO","1"
"14/09/2004","19","CAUCA","19807","TIMBIO","ARTICULO 169. SECUESTRO EXTORSIVO","1"
"14/09/2004","50","META","50577","PUERTO LLERAS","ARTICULO 169. SECUESTRO EXTORSIVO","1"
"14/09/2004","73","TOLIMA","73671","SALDAÑA","ARTICULO 169. SECUESTRO EXTORSIVO","1"
"14/09/2004","47","MAGDALENA","47001","SANTA MARTA","ARTICULO 168. SECUESTRO SIMPLE","1"
"14/09/2004","47","MAGDALENA","47001","SANTA MARTA","ARTICULO 169. SECUESTRO EXTORSIVO","1"
"14/09/2004","47","MAGDALENA","47001","SANTA MARTA","ARTICULO 168. SECUESTRO SIMPLE","1"
"14/09/2004","11","BOGOTA D.C.","11001","BOGOTA D.C.","ARTICULO 168. SECUESTRO SIMPLE","1"
"14/09/2004","47","MAGDALENA","47001","SANTA MARTA","ARTICULO 169. SECUESTRO EXTORSIVO","1"
"14/09/2004","47","MAGDALENA","47001","SANTA MARTA","ARTICULO 168. SECUESTRO SIMPLE","1"
"14/09/2004","11","BOGOTA D.C.","11001","BOGOTA D.C.","ARTICULO 168. SECUESTRO SIMPLE","1"
"13/09/2004","08","ATLANTICO","08001","BARRANQUILLA","ARTICULO 169. SECUESTRO EXTORSIVO","1"
"13/09/2004","11","BOGOTA D.C.","11001","BOGOTA D.C.","ARTICULO 169. SECUESTRO EXTORSIVO","1"
"13/09/2004","76","VALLE DEL CAUCA","76001","CALI","ARTICULO 169. SECUESTRO EXTORSIVO","1"
"13/09/2004","11","BOGOTA D.C.","11001","BOGOTA D.C.","ARTICULO 169. SECUESTRO EXTORSIVO","1"
"13/09/2004","11","BOGOTA D.C.","11001","BOGOTA D.C.","ARTICULO 168. SECUESTRO SIMPLE","1"
"13/09/2004","41","HUILA","41001","NEIVA","ARTICULO 168. SECUESTRO SIMPLE","1"
"12/09/2004","68","SANTANDER","68001","BUCARAMANGA","ARTICULO 168. SECUESTRO SIMPLE","1"
"12/09/2004","25","CUNDINAMARCA","25307","GIRARDOT","ARTICULO 168. SECUESTRO SIMPLE","1"
"11/09/2004","11","BOGOTA D.C.","11001","BOGOTA D.C.","ARTICULO 168. SECUESTRO SIMPLE","1"
"10/09/2004","05","ANTIOQUIA","05400","LA UNION","ARTICULO 169. SECUESTRO EXTORSIVO","1"
"10/09/2004","66","RISARALDA","66001","PEREIRA","ARTICULO 168. SECUESTRO SIMPLE","1"
"10/09/2004","15","BOYACA","15693","SANTA ROSA DE VITERBO","ARTICULO 168. SECUESTRO SIMPLE","1"
"10/09/2004","11","BOGOTA D.C.","11001","BOGOTA D.C.","ARTICULO 168. SECUESTRO SIMPLE","1"
"10/09/2004","13","BOLIVAR","13006","ACHI","ARTICULO 168. SECUESTRO SIMPLE","1"
"09/09/2004","05","ANTIOQUIA","05847","URRAO","ARTICULO 169. SECUESTRO EXTORSIVO","1"
"09/09/2004","05","ANTIOQUIA","05400","LA UNION","ARTICULO 169. SECUESTRO EXTORSIVO","1"
"09/09/2004","05","ANTIOQUIA","05847","URRAO","ARTICULO 168. SECUESTRO SIMPLE","1"
"09/09/2004","05","ANTIOQUIA","05284","FRONTINO","ARTICULO 168. SECUESTRO SIMPLE","1"
"09/09/2004","05","ANTIOQUIA","05847","URRAO","ARTICULO 169. SECUESTRO EXTORSIVO","1"
"09/09/2004","05","ANTIOQUIA","05847","URRAO","ARTICULO 168. SECUESTRO SIMPLE","1"
"09/09/2004","05","ANTIOQUIA","05847","URRAO","ARTICULO 168. SECUESTRO SIMPLE","1"
"09/09/2004","05","ANTIOQUIA","05847","URRAO","ARTICULO 168. SECUESTRO SIMPLE","1"
"09/09/2004","73","TOLIMA","73347","HERVEO","ARTICULO 169. SECUESTRO EXTORSIVO","1"
"08/09/2004","20","CESAR","20770","SAN MARTIN","ARTICULO 169. SECUESTRO EXTORSIVO","1"
"08/09/2004","20","CESAR","20770","SAN MARTIN","ARTICULO 169. SECUESTRO EXTORSIVO","1"
"08/09/2004","19","CAUCA","19473","MORALES","ARTICULO 168. SECUESTRO SIMPLE","1"
"08/09/2004","25","CUNDINAMARCA","25754","SOACHA","ARTICULO 168. SECUESTRO SIMPLE","1"
"08/09/2004","11","BOGOTA D.C.","11001","BOGOTA D.C.","ARTICULO 168. SECUESTRO SIMPLE","1"
"07/09/2004","41","HUILA","41132","CAMPOALEGRE","ARTICULO 168. SECUESTRO SIMPLE","1"
"07/09/2004","50","META","50330","MESETAS","ARTICULO 168. SECUESTRO SIMPLE","1"
"06/09/2004","20","CESAR","20001","VALLEDUPAR","ARTICULO 168. SECUESTRO SIMPLE","1"
"06/09/2004","20","CESAR","20001","VALLEDUPAR","ARTICULO 168. SECUESTRO SIMPLE","1"
"06/09/2004","54","NORTE DE SANTANDER","54172","CHINACOTA","ARTICULO 168. SECUESTRO SIMPLE","1"
"06/09/2004","68","SANTANDER","68001","BUCARAMANGA","ARTICULO 168. SECUESTRO SIMPLE","1"
"06/09/2004","05","ANTIOQUIA","05615","RIONEGRO","ARTICULO 168. SECUESTRO SIMPLE","1"
"05/09/2004","05","ANTIOQUIA","05607","RETIRO","ARTICULO 169. SECUESTRO EXTORSIVO","1"
"05/09/2004","05","ANTIOQUIA","05607","RETIRO","ARTICULO 169. SECUESTRO EXTORSIVO","1"
"05/09/2004","05","ANTIOQUIA","05607","RETIRO","ARTICULO 169. SECUESTRO EXTORSIVO","1"
"04/09/2004","20","CESAR","20045","BECERRIL","ARTICULO 169. SECUESTRO EXTORSIVO","1"
"04/09/2004","44","LA GUAJIRA","44001","RIOHACHA","ARTICULO 168. SECUESTRO SIMPLE","1"
"02/09/2004","73","TOLIMA","73555","PLANADAS","ARTICULO 168. SECUESTRO SIMPLE","1"
"02/09/2004","73","TOLIMA","73555","PLANADAS","ARTICULO 168. SECUESTRO SIMPLE","1"
"02/09/2004","50","META","50711","VISTAHERMOSA","ARTICULO 168. SECUESTRO SIMPLE","1"
"02/09/2004","50","META","50001","VILLAVICENCIO","ARTICULO 168. SECUESTRO SIMPLE","1"
"02/09/2004","50","META","50711","VISTAHERMOSA","ARTICULO 168. SECUESTRO SIMPLE","1"
"01/09/2004","68","SANTANDER","68655","SABANA DE TORRES","ARTICULO 169. SECUESTRO EXTORSIVO","1"
"01/09/2004","27","CHOCO","27073","BAGADO","ARTICULO 169. SECUESTRO EXTORSIVO","1"
"01/09/2004","13","BOLIVAR","13430","MAGANGUE","ARTICULO 168. SECUESTRO SIMPLE","1"
"01/09/2004","11","BOGOTA D.C.","11001","BOGOTA D.C.","ARTICULO 169. SECUESTRO EXTORSIVO","1"
"01/09/2004","05","ANTIOQUIA","05887","YARUMAL","ARTICULO 168. SECUESTRO SIMPLE","1"
"01/09/2004","05","ANTIOQUIA","05347","HELICONIA","ARTICULO 169. SECUESTRO EXTORSIVO","1"
"01/09/2004","41","HUILA","41001","NEIVA","ARTICULO 169. SECUESTRO EXTORSIVO","1"
"31/08/2004","11","BOGOTA D.C.","11001","BOGOTA D.C.","ARTICULO 168. SECUESTRO SIMPLE","1"
"30/08/2004","11","BOGOTA D.C.","11001","BOGOTA D.C.","ARTICULO 168. SECUESTRO SIMPLE","1"
"30/08/2004","50","META","50606","RESTREPO","ARTICULO 168. SECUESTRO SIMPLE","3"
"30/08/2004","13","BOLIVAR","13244","EL CARMEN DE BOLIVAR","ARTICULO 168. SECUESTRO SIMPLE","1"
"30/08/2004","73","TOLIMA","73483","NATAGAIMA","ARTICULO 168. SECUESTRO SIMPLE","1"
"29/08/2004","11","BOGOTA D.C.","11001","BOGOTA D.C.","ARTICULO 168. SECUESTRO SIMPLE","1"
"28/08/2004","05","ANTIOQUIA","05690","SANTO DOMINGO","ARTICULO 168. SECUESTRO SIMPLE","3"
"28/08/2004","05","ANTIOQUIA","05690","SANTO DOMINGO","ARTICULO 168. SECUESTRO SIMPLE","1"
"28/08/2004","73","TOLIMA","73671","SALDAÑA","ARTICULO 168. SECUESTRO SIMPLE","1"
"28/08/2004","05","ANTIOQUIA","05690","SANTO DOMINGO","ARTICULO 168. SECUESTRO SIMPLE","3"
"27/08/2004","19","CAUCA","19455","MIRANDA","ARTICULO 169. SECUESTRO EXTORSIVO","1"
"27/08/2004","41","HUILA","41132","CAMPOALEGRE","ARTICULO 168. SECUESTRO SIMPLE","1"
"27/08/2004","73","TOLIMA","73001","IBAGUE","ARTICULO 169. SECUESTRO EXTORSIVO","1"
"27/08/2004","08","ATLANTICO","08001","BARRANQUILLA","ARTICULO 168. SECUESTRO SIMPLE","1"
"27/08/2004","73","TOLIMA","73001","IBAGUE","ARTICULO 169. SECUESTRO EXTORSIVO","1"
"27/08/2004","73","TOLIMA","73001","IBAGUE","ARTICULO 169. SECUESTRO EXTORSIVO","1"
"27/08/2004","73","TOLIMA","73001","IBAGUE","ARTICULO 169. SECUESTRO EXTORSIVO","1"
"26/08/2004","73","TOLIMA","73055","ARMERO","ARTICULO 168. SECUESTRO SIMPLE","1"
"26/08/2004","20","CESAR","20045","BECERRIL","ARTICULO 168. SECUESTRO SIMPLE","1"
"25/08/2004","52","NARIÑO","52612","RICAURTE","ARTICULO 169. SECUESTRO EXTORSIVO","1"
"25/08/2004","44","LA GUAJIRA","44001","RIOHACHA","ARTICULO 168. SECUESTRO SIMPLE","1"
"25/08/2004","54","NORTE DE SANTANDER","54001","CUCUTA","ARTICULO 169. SECUESTRO EXTORSIVO","1"
"24/08/2004","05","ANTIOQUIA","05001","MEDELLIN","ARTICULO 168. SECUESTRO SIMPLE","1"
"24/08/2004","50","META","50590","PUERTO RICO","ARTICULO 168. SECUESTRO SIMPLE","1"
"24/08/2004","50","META","50001","VILLAVICENCIO","ARTICULO 168. SECUESTRO SIMPLE","1"
"24/08/2004","73","TOLIMA","73624","ROVIRA","ARTICULO 168. SECUESTRO SIMPLE","1"
"23/08/2004","19","CAUCA","19821","TORIBIO","ARTICULO 169. SECUESTRO EXTORSIVO","1"
"22/08/2004","52","NARIÑO","52079","BARBACOAS","ARTICULO 169. SECUESTRO EXTORSIVO","1"
"22/08/2004","20","CESAR","20045","BECERRIL","ARTICULO 169. SECUESTRO EXTORSIVO","2"
"22/08/2004","20","CESAR","20045","BECERRIL","ARTICULO 169. SECUESTRO EXTORSIVO","1"
"22/08/2004","19","CAUCA","19821","TORIBIO","ARTICULO 169. SECUESTRO EXTORSIVO","1"
"22/08/2004","19","CAUCA","19821","TORIBIO","ARTICULO 169. SECUESTRO EXTORSIVO","1"
"22/08/2004","20","CESAR","20045","BECERRIL","ARTICULO 169. SECUESTRO EXTORSIVO","1"
"22/08/2004","20","CESAR","20045","BECERRIL","ARTICULO 169. SECUESTRO EXTORSIVO","1"
"22/08/2004","20","CESAR","20045","BECERRIL","ARTICULO 169. SECUESTRO EXTORSIVO","1"
"22/08/2004","20","CESAR","20045","BECERRIL","ARTICULO 169. SECUESTRO EXTORSIVO","1"
"22/08/2004","20","CESAR","20013","AGUSTIN CODAZZI","ARTICULO 169. SECUESTRO EXTORSIVO","1"
"22/08/2004","50","META","50590","PUERTO RICO","ARTICULO 168. SECUESTRO SIMPLE","1"
"22/08/2004","73","TOLIMA","73861","VENADILLO","ARTICULO 168. SECUESTRO SIMPLE","1"
"22/08/2004","11","BOGOTA D.C.","11001","BOGOTA D.C.","ARTICULO 168. SECUESTRO SIMPLE","1"
"21/08/2004","11","BOGOTA D.C.","11001","BOGOTA D.C.","ARTICULO 169. SECUESTRO EXTORSIVO","1"
"21/08/2004","50","META","50313","GRANADA","ARTICULO 169. SECUESTRO EXTORSIVO","1"
"21/08/2004","11","BOGOTA D.C.","11001","BOGOTA D.C.","ARTICULO 168. SECUESTRO SIMPLE","1"
"21/08/2004","05","ANTIOQUIA","05197","COCORNA","ARTICULO 169. SECUESTRO EXTORSIVO","1"
"21/08/2004","50","META","50001","VILLAVICENCIO","ARTICULO 168. SECUESTRO SIMPLE","1"
"21/08/2004","05","ANTIOQUIA","05001","MEDELLIN","ARTICULO 168. SECUESTRO SIMPLE","1"
"21/08/2004","18","CAQUETA","18753","SAN VICENTE DEL CAGUAN","ARTICULO 169. SECUESTRO EXTORSIVO","1"
"20/08/2004","81","ARAUCA","81794","TAME","ARTICULO 169. SECUESTRO EXTORSIVO","4"
"20/08/2004","81","ARAUCA","81794","TAME","ARTICULO 169. SECUESTRO EXTORSIVO","2"
"20/08/2004","11","BOGOTA D.C.","11001","BOGOTA D.C.","ARTICULO 169. SECUESTRO EXTORSIVO","1"
"19/08/2004","25","CUNDINAMARCA","25754","SOACHA","ARTICULO 169. SECUESTRO EXTORSIVO","1"
"19/08/2004","85","CASANARE","85001","YOPAL","ARTICULO 169. SECUESTRO EXTORSIVO","1"
"19/08/2004","50","META","50001","VILLAVICENCIO","ARTICULO 168. SECUESTRO SIMPLE","1"
"18/08/2004","44","LA GUAJIRA","44090","DIBULLA","ARTICULO 168. SECUESTRO SIMPLE","1"
"18/08/2004","44","LA GUAJIRA","44090","DIBULLA","ARTICULO 168. SECUESTRO SIMPLE","1"
"18/08/2004","41","HUILA","41132","CAMPOALEGRE","ARTICULO 168. SECUESTRO SIMPLE","1"
"18/08/2004","11","BOGOTA D.C.","11001","BOGOTA D.C.","ARTICULO 168. SECUESTRO SIMPLE","1"
"17/08/2004","19","CAUCA","19698","SANTANDER DE QUILICHAO","ARTICULO 169. SECUESTRO EXTORSIVO","1"
"17/08/2004","86","PUTUMAYO","86568","PUERTO ASIS","ARTICULO 168. SECUESTRO SIMPLE","1"
"17/08/2004","05","ANTIOQUIA","05091","BETANIA","ARTICULO 169. SECUESTRO EXTORSIVO","1"
"17/08/2004","11","BOGOTA D.C.","11001","BOGOTA D.C.","ARTICULO 169. SECUESTRO EXTORSIVO","1"
"16/08/2004","76","VALLE DEL CAUCA","76126","CALIMA","ARTICULO 169. SECUESTRO EXTORSIVO","1"
"15/08/2004","50","META","50001","VILLAVICENCIO","ARTICULO 168. SECUESTRO SIMPLE","1"
"14/08/2004","11","BOGOTA D.C.","11001","BOGOTA D.C.","ARTICULO 169. SECUESTRO EXTORSIVO","1"
"14/08/2004","41","HUILA","41001","NEIVA","ARTICULO 169. SECUESTRO EXTORSIVO","1"
"14/08/2004","41","HUILA","41001","NEIVA","ARTICULO 169. SECUESTRO EXTORSIVO","1"
"14/08/2004","11","BOGOTA D.C.","11001","BOGOTA D.C.","ARTICULO 168. SECUESTRO SIMPLE","1"
"13/08/2004","50","META","50001","VILLAVICENCIO","ARTICULO 169. SECUESTRO EXTORSIVO","1"
"13/08/2004","50","META","50001","VILLAVICENCIO","ARTICULO 169. SECUESTRO EXTORSIVO","1"
"13/08/2004","50","META","50001","VILLAVICENCIO","ARTICULO 169. SECUESTRO EXTORSIVO","1"
"13/08/2004","63","QUINDIO","63001","ARMENIA","ARTICULO 169. SECUESTRO EXTORSIVO","1"
"13/08/2004","11","BOGOTA D.C.","11001","BOGOTA D.C.","ARTICULO 168. SECUESTRO SIMPLE","1"
"12/08/2004","50","META","50590","PUERTO RICO","ARTICULO 168. SECUESTRO SIMPLE","1"
"12/08/2004","54","NORTE DE SANTANDER","54498","OCAÑA","ARTICULO 169. SECUESTRO EXTORSIVO","1"
"12/08/2004","11","BOGOTA D.C.","11001","BOGOTA D.C.","ARTICULO 168. SECUESTRO SIMPLE","2"
"12/08/2004","11","BOGOTA D.C.","11001","BOGOTA D.C.","ARTICULO 169. SECUESTRO EXTORSIVO","1"
"12/08/2004","50","META","50001","VILLAVICENCIO","ARTICULO 168. SECUESTRO SIMPLE","1"
"11/08/2004","86","PUTUMAYO","86001","MOCOA","ARTICULO 168. SECUESTRO SIMPLE","1"
"11/08/2004","86","PUTUMAYO","86001","MOCOA","ARTICULO 168. SECUESTRO SIMPLE","1"
"11/08/2004","66","RISARALDA","66572","PUEBLO RICO","ARTICULO 169. SECUESTRO EXTORSIVO","1"
"11/08/2004","50","META","50001","VILLAVICENCIO","ARTICULO 168. SECUESTRO SIMPLE","1"
"10/08/2004","25","CUNDINAMARCA","25899","ZIPAQUIRA","ARTICULO 169. SECUESTRO EXTORSIVO","1"
"10/08/2004","25","CUNDINAMARCA","25899","ZIPAQUIRA","ARTICULO 169. SECUESTRO EXTORSIVO","1"
"10/08/2004","11","BOGOTA D.C.","11001","BOGOTA D.C.","ARTICULO 168. SECUESTRO SIMPLE","1"
"10/08/2004","76","VALLE DEL CAUCA","76109","BUENAVENTURA","ARTICULO 169. SECUESTRO EXTORSIVO","1"
"10/08/2004","05","ANTIOQUIA","05129","CALDAS","ARTICULO 169. SECUESTRO EXTORSIVO","1"
"10/08/2004","05","ANTIOQUIA","05887","YARUMAL","ARTICULO 169. SECUESTRO EXTORSIVO","1"
"10/08/2004","47","MAGDALENA","47001","SANTA MARTA","ARTICULO 168. SECUESTRO SIMPLE","1"
"10/08/2004","41","HUILA","41770","SUAZA","ARTICULO 169. SECUESTRO EXTORSIVO","1"
"10/08/2004","95","GUAVIARE","95025","EL RETORNO","ARTICULO 169. SECUESTRO EXTORSIVO","1"
"09/08/2004","50","META","50001","VILLAVICENCIO","ARTICULO 168. SECUESTRO SIMPLE","1"
"09/08/2004","73","TOLIMA","73001","IBAGUE","ARTICULO 168. SECUESTRO SIMPLE","1"
"09/08/2004","68","SANTANDER","68001","BUCARAMANGA","ARTICULO 169. SECUESTRO EXTORSIVO","1"
"09/08/2004","05","ANTIOQUIA","05579","PUERTO BERRIO","ARTICULO 168. SECUESTRO SIMPLE","1"
"09/08/2004","23","CORDOBA","23815","TUCHIN","ARTICULO 168. SECUESTRO SIMPLE","1"
"08/08/2004","76","VALLE DEL CAUCA","76001","CALI","ARTICULO 169. SECUESTRO EXTORSIVO","1"
"08/08/2004","70","SUCRE","70001","SINCELEJO","ARTICULO 168. SECUESTRO SIMPLE","1"
"08/08/2004","11","BOGOTA D.C.","11001","BOGOTA D.C.","ARTICULO 168. SECUESTRO SIMPLE","1"
"07/08/2004","11","BOGOTA D.C.","11001","BOGOTA D.C.","ARTICULO 168. SECUESTRO SIMPLE","1"
"07/08/2004","52","NARIÑO","52001","PASTO","ARTICULO 169. SECUESTRO EXTORSIVO","1"
"06/08/2004","85","CASANARE","85162","MONTERREY","ARTICULO 169. SECUESTRO EXTORSIVO","2"
"06/08/2004","85","CASANARE","85162","MONTERREY","ARTICULO 169. SECUESTRO EXTORSIVO","1"
"06/08/2004","85","CASANARE","85162","MONTERREY","ARTICULO 169. SECUESTRO EXTORSIVO","1"
"06/08/2004","68","SANTANDER","68001","BUCARAMANGA","ARTICULO 168. SECUESTRO SIMPLE","1"
"06/08/2004","76","VALLE DEL CAUCA","76109","BUENAVENTURA","ARTICULO 169. SECUESTRO EXTORSIVO","1"
"06/08/2004","76","VALLE DEL CAUCA","76109","BUENAVENTURA","ARTICULO 169. SECUESTRO EXTORSIVO","1"
"06/08/2004","52","NARIÑO","52356","IPIALES","ARTICULO 168. SECUESTRO SIMPLE","1"
"05/08/2004","70","SUCRE","70215","COROZAL","ARTICULO 168. SECUESTRO SIMPLE","1"
"05/08/2004","44","LA GUAJIRA","44378","HATONUEVO","ARTICULO 169. SECUESTRO EXTORSIVO","1"
"05/08/2004","70","SUCRE","70001","SINCELEJO","ARTICULO 168. SECUESTRO SIMPLE","1"
"04/08/2004","68","SANTANDER","68679","SAN GIL","ARTICULO 169. SECUESTRO EXTORSIVO","1"
"04/08/2004","11","BOGOTA D.C.","11001","BOGOTA D.C.","ARTICULO 168. SECUESTRO SIMPLE","1"
"04/08/2004","52","NARIÑO","52001","PASTO","ARTICULO 168. SECUESTRO SIMPLE","1"
"02/08/2004","73","TOLIMA","73168","CHAPARRAL","ARTICULO 169. SECUESTRO EXTORSIVO","2"
"02/08/2004","52","NARIÑO","52079","BARBACOAS","ARTICULO 169. SECUESTRO EXTORSIVO","1"
"02/08/2004","05","ANTIOQUIA","05854","VALDIVIA","ARTICULO 168. SECUESTRO SIMPLE","1"
"02/08/2004","20","CESAR","20550","PELAYA","ARTICULO 169. SECUESTRO EXTORSIVO","1"
"01/08/2004","50","META","50001","VILLAVICENCIO","ARTICULO 169. SECUESTRO EXTORSIVO","1"
"01/08/2004","11","BOGOTA D.C.","11001","BOGOTA D.C.","ARTICULO 168. SECUESTRO SIMPLE","1"
"01/08/2004","11","BOGOTA D.C.","11001","BOGOTA D.C.","ARTICULO 168. SECUESTRO SIMPLE","1"
"01/08/2004","20","CESAR","20001","VALLEDUPAR","ARTICULO 168. SECUESTRO SIMPLE","1"
"01/08/2004","05","ANTIOQUIA","05411","LIBORINA","ARTICULO 168. SECUESTRO SIMPLE","1"
"31/07/2004","73","TOLIMA","73624","ROVIRA","ARTICULO 168. SECUESTRO SIMPLE","1"
"31/07/2004","19","CAUCA","19001","POPAYAN","ARTICULO 168. SECUESTRO SIMPLE","3"
"31/07/2004","13","BOLIVAR","13001","CARTAGENA DE INDIAS","ARTICULO 168. SECUESTRO SIMPLE","1"
"31/07/2004","44","LA GUAJIRA","44001","RIOHACHA","ARTICULO 168. SECUESTRO SIMPLE","1"
"31/07/2004","19","CAUCA","19001","POPAYAN","ARTICULO 168. SECUESTRO SIMPLE","1"
"31/07/2004","52","NARIÑO","52788","TANGUA","ARTICULO 168. SECUESTRO SIMPLE","1"
"30/07/2004","47","MAGDALENA","47288","FUNDACION","ARTICULO 169. SECUESTRO EXTORSIVO","1"
"30/07/2004","11","BOGOTA D.C.","11001","BOGOTA D.C.","ARTICULO 168. SECUESTRO SIMPLE","1"
"30/07/2004","11","BOGOTA D.C.","11001","BOGOTA D.C.","ARTICULO 168. SECUESTRO SIMPLE","1"
"30/07/2004","68","SANTANDER","68001","BUCARAMANGA","ARTICULO 168. SECUESTRO SIMPLE","1"
"29/07/2004","11","BOGOTA D.C.","11001","BOGOTA D.C.","ARTICULO 168. SECUESTRO SIMPLE","1"
"29/07/2004","11","BOGOTA D.C.","11001","BOGOTA D.C.","ARTICULO 169. SECUESTRO EXTORSIVO","1"
"29/07/2004","11","BOGOTA D.C.","11001","BOGOTA D.C.","ARTICULO 169. SECUESTRO EXTORSIVO","1"
"29/07/2004","76","VALLE DEL CAUCA","76001","CALI","ARTICULO 169. SECUESTRO EXTORSIVO","1"
"28/07/2004","20","CESAR","20011","AGUACHICA","ARTICULO 169. SECUESTRO EXTORSIVO","1"
"28/07/2004","05","ANTIOQUIA","05837","TURBO","ARTICULO 168. SECUESTRO SIMPLE","1"
"28/07/2004","20","CESAR","20011","AGUACHICA","ARTICULO 169. SECUESTRO EXTORSIVO","1"
"28/07/2004","50","META","50287","FUENTE DE ORO","ARTICULO 169. SECUESTRO EXTORSIVO","1"
"28/07/2004","19","CAUCA","19698","SANTANDER DE QUILICHAO","ARTICULO 168. SECUESTRO SIMPLE","1"
"28/07/2004","05","ANTIOQUIA","05002","ABEJORRAL","ARTICULO 169. SECUESTRO EXTORSIVO","1"
"27/07/2004","50","META","50001","VILLAVICENCIO","ARTICULO 168. SECUESTRO SIMPLE","1"
"26/07/2004","85","CASANARE","85162","MONTERREY","ARTICULO 169. SECUESTRO EXTORSIVO","1"
"26/07/2004","76","VALLE DEL CAUCA","76001","CALI","ARTICULO 169. SECUESTRO EXTORSIVO","1"
"25/07/2004","11","BOGOTA D.C.","11001","BOGOTA D.C.","ARTICULO 168. SECUESTRO SIMPLE","1"
"25/07/2004","41","HUILA","41770","SUAZA","ARTICULO 168. SECUESTRO SIMPLE","1"
"24/07/2004","05","ANTIOQUIA","05209","CONCORDIA","ARTICULO 169. SECUESTRO EXTORSIVO","1"
"24/07/2004","85","CASANARE","85225","NUNCHIA","ARTICULO 169. SECUESTRO EXTORSIVO","1"
"24/07/2004","85","CASANARE","85225","NUNCHIA","ARTICULO 169. SECUESTRO EXTORSIVO","1"
"24/07/2004","11","BOGOTA D.C.","11001","BOGOTA D.C.","ARTICULO 168. SECUESTRO SIMPLE","1"
"23/07/2004","52","NARIÑO","52835","SAN ANDRES DE TUMACO","ARTICULO 169. SECUESTRO EXTORSIVO","1"
"22/07/2004","52","NARIÑO","52001","PASTO","ARTICULO 168. SECUESTRO SIMPLE","1"
"22/07/2004","19","CAUCA","19760","SOTARA PAISPAMBA","ARTICULO 168. SECUESTRO SIMPLE","1"
"22/07/2004","44","LA GUAJIRA","44001","RIOHACHA","ARTICULO 168. SECUESTRO SIMPLE","1"
"20/07/2004","13","BOLIVAR","13458","MONTECRISTO","ARTICULO 169. SECUESTRO EXTORSIVO","1"
"20/07/2004","11","BOGOTA D.C.","11001","BOGOTA D.C.","ARTICULO 169. SECUESTRO EXTORSIVO","1"
"19/07/2004","05","ANTIOQUIA","05854","VALDIVIA","ARTICULO 168. SECUESTRO SIMPLE","2"
"19/07/2004","11","BOGOTA D.C.","11001","BOGOTA D.C.","ARTICULO 168. SECUESTRO SIMPLE","1"
"18/07/2004","11","BOGOTA D.C.","11001","BOGOTA D.C.","ARTICULO 168. SECUESTRO SIMPLE","1"
"16/07/2004","41","HUILA","41396","LA PLATA","ARTICULO 169. SECUESTRO EXTORSIVO","1"
"16/07/2004","41","HUILA","41001","NEIVA","ARTICULO 168. SECUESTRO SIMPLE","1"
"16/07/2004","05","ANTIOQUIA","05756","SONSON","ARTICULO 169. SECUESTRO EXTORSIVO","1"
"16/07/2004","73","TOLIMA","73408","LERIDA","ARTICULO 168. SECUESTRO SIMPLE","1"
"16/07/2004","05","ANTIOQUIA","05400","LA UNION","ARTICULO 169. SECUESTRO EXTORSIVO","1"
"15/07/2004","11","BOGOTA D.C.","11001","BOGOTA D.C.","ARTICULO 169. SECUESTRO EXTORSIVO","1"
"15/07/2004","85","CASANARE","85250","PAZ DE ARIPORO","ARTICULO 169. SECUESTRO EXTORSIVO","1"
"14/07/2004","17","CALDAS","17486","NEIRA","ARTICULO 169. SECUESTRO EXTORSIVO","1"
"14/07/2004","50","META","50001","VILLAVICENCIO","ARTICULO 168. SECUESTRO SIMPLE","2"
"14/07/2004","11","BOGOTA D.C.","11001","BOGOTA D.C.","ARTICULO 168. SECUESTRO SIMPLE","1"
"13/07/2004","70","SUCRE","70001","SINCELEJO","ARTICULO 168. SECUESTRO SIMPLE","1"
"13/07/2004","68","SANTANDER","68001","BUCARAMANGA","ARTICULO 168. SECUESTRO SIMPLE","1"
"13/07/2004","50","META","50001","VILLAVICENCIO","ARTICULO 168. SECUESTRO SIMPLE","1"
"13/07/2004","50","META","50001","VILLAVICENCIO","ARTICULO 168. SECUESTRO SIMPLE","1"
"13/07/2004","76","VALLE DEL CAUCA","76111","GUADALAJARA DE BUGA","ARTICULO 168. SECUESTRO SIMPLE","1"
"13/07/2004","25","CUNDINAMARCA","25290","FUSAGASUGA","ARTICULO 168. SECUESTRO SIMPLE","1"
"13/07/2004","13","BOLIVAR","13001","CARTAGENA DE INDIAS","ARTICULO 168. SECUESTRO SIMPLE","1"
"12/07/2004","70","SUCRE","70001","SINCELEJO","ARTICULO 168. SECUESTRO SIMPLE","1"
"12/07/2004","11","BOGOTA D.C.","11001","BOGOTA D.C.","ARTICULO 169. SECUESTRO EXTORSIVO","1"
"12/07/2004","73","TOLIMA","73001","IBAGUE","ARTICULO 168. SECUESTRO SIMPLE","1"
"11/07/2004","73","TOLIMA","73168","CHAPARRAL","ARTICULO 169. SECUESTRO EXTORSIVO","1"
"11/07/2004","50","META","50313","GRANADA","ARTICULO 169. SECUESTRO EXTORSIVO","1"
"11/07/2004","50","META","50313","GRANADA","ARTICULO 169. SECUESTRO EXTORSIVO","1"
"10/07/2004","05","ANTIOQUIA","05148","EL CARMEN DE VIBORAL","ARTICULO 168. SECUESTRO SIMPLE","1"
"09/07/2004","81","ARAUCA","81001","ARAUCA","ARTICULO 168. SECUESTRO SIMPLE","1"
"09/07/2004","76","VALLE DEL CAUCA","76001","CALI","ARTICULO 169. SECUESTRO EXTORSIVO","1"
"09/07/2004","11","BOGOTA D.C.","11001","BOGOTA D.C.","ARTICULO 168. SECUESTRO SIMPLE","1"
"09/07/2004","25","CUNDINAMARCA","25612","RICAURTE","ARTICULO 168. SECUESTRO SIMPLE","1"
"09/07/2004","41","HUILA","41396","LA PLATA","ARTICULO 169. SECUESTRO EXTORSIVO","1"
"09/07/2004","11","BOGOTA D.C.","11001","BOGOTA D.C.","ARTICULO 168. SECUESTRO SIMPLE","1"
"08/07/2004","52","NARIÑO","52001","PASTO","ARTICULO 168. SECUESTRO SIMPLE","1"
"08/07/2004","68","SANTANDER","68081","BARRANCABERMEJA","ARTICULO 169. SECUESTRO EXTORSIVO","1"
"07/07/2004","85","CASANARE","85010","AGUAZUL","ARTICULO 169. SECUESTRO EXTORSIVO","1"
"07/07/2004","41","HUILA","41001","NEIVA","ARTICULO 168. SECUESTRO SIMPLE","1"
"07/07/2004","44","LA GUAJIRA","44001","RIOHACHA","ARTICULO 168. SECUESTRO SIMPLE","1"
"07/07/2004","19","CAUCA","19001","POPAYAN","ARTICULO 168. SECUESTRO SIMPLE","1"
"07/07/2004","20","CESAR","20001","VALLEDUPAR","ARTICULO 168. SECUESTRO SIMPLE","1"
"07/07/2004","41","HUILA","41132","CAMPOALEGRE","ARTICULO 169. SECUESTRO EXTORSIVO","1"
"07/07/2004","05","ANTIOQUIA","05604","REMEDIOS","ARTICULO 169. SECUESTRO EXTORSIVO","1"
"06/07/2004","05","ANTIOQUIA","05686","SANTA ROSA DE OSOS","ARTICULO 168. SECUESTRO SIMPLE","1"
"06/07/2004","05","ANTIOQUIA","05686","SANTA ROSA DE OSOS","ARTICULO 168. SECUESTRO SIMPLE","1"
"05/07/2004","52","NARIÑO","52001","PASTO","ARTICULO 168. SECUESTRO SIMPLE","1"
"05/07/2004","05","ANTIOQUIA","05004","ABRIAQUI","ARTICULO 169. SECUESTRO EXTORSIVO","1"
"05/07/2004","05","ANTIOQUIA","05004","ABRIAQUI","ARTICULO 169. SECUESTRO EXTORSIVO","1"
"05/07/2004","05","ANTIOQUIA","05656","SAN JERONIMO","ARTICULO 168. SECUESTRO SIMPLE","1"
"05/07/2004","70","SUCRE","70001","SINCELEJO","ARTICULO 168. SECUESTRO SIMPLE","1"
"04/07/2004","19","CAUCA","19130","CAJIBIO","ARTICULO 168. SECUESTRO SIMPLE","1"
"04/07/2004","52","NARIÑO","52835","SAN ANDRES DE TUMACO","ARTICULO 168. SECUESTRO SIMPLE","1"
"04/07/2004","68","SANTANDER","68190","CIMITARRA","ARTICULO 169. SECUESTRO EXTORSIVO","1"
"04/07/2004","68","SANTANDER","68190","CIMITARRA","ARTICULO 169. SECUESTRO EXTORSIVO","1"
"04/07/2004","50","META","50325","MAPIRIPAN","ARTICULO 168. SECUESTRO SIMPLE","1"
"04/07/2004","50","META","50325","MAPIRIPAN","ARTICULO 168. SECUESTRO SIMPLE","1"
"03/07/2004","17","CALDAS","17486","NEIRA","ARTICULO 169. SECUESTRO EXTORSIVO","1"
"03/07/2004","50","META","50313","GRANADA","ARTICULO 168. SECUESTRO SIMPLE","1"
"02/07/2004","08","ATLANTICO","08001","BARRANQUILLA","ARTICULO 169. SECUESTRO EXTORSIVO","1"
"01/07/2004","11","BOGOTA D.C.","11001","BOGOTA D.C.","ARTICULO 168. SECUESTRO SIMPLE","1"
"01/07/2004","19","CAUCA","19142","CALOTO","ARTICULO 169. SECUESTRO EXTORSIVO","1"
"30/06/2004","50","META","50318","GUAMAL","ARTICULO 169. SECUESTRO EXTORSIVO","1"
"30/06/2004","19","CAUCA","19001","POPAYAN","ARTICULO 168. SECUESTRO SIMPLE","2"
"30/06/2004","19","CAUCA","19001","POPAYAN","ARTICULO 168. SECUESTRO SIMPLE","1"
"29/06/2004","44","LA GUAJIRA","44430","MAICAO","ARTICULO 169. SECUESTRO EXTORSIVO","1"
"28/06/2004","52","NARIÑO","52585","PUPIALES","ARTICULO 169. SECUESTRO EXTORSIVO","1"
"28/06/2004","52","NARIÑO","52585","PUPIALES","ARTICULO 169. SECUESTRO EXTORSIVO","1"
"28/06/2004","70","SUCRE","70771","SUCRE","ARTICULO 168. SECUESTRO SIMPLE","1"
"28/06/2004","25","CUNDINAMARCA","25899","ZIPAQUIRA","ARTICULO 168. SECUESTRO SIMPLE","1"
"27/06/2004","47","MAGDALENA","47001","SANTA MARTA","ARTICULO 168. SECUESTRO SIMPLE","2"
"27/06/2004","47","MAGDALENA","47001","SANTA MARTA","ARTICULO 168. SECUESTRO SIMPLE","1"
"27/06/2004","47","MAGDALENA","47001","SANTA MARTA","ARTICULO 168. SECUESTRO SIMPLE","1"
"27/06/2004","47","MAGDALENA","47001","SANTA MARTA","ARTICULO 168. SECUESTRO SIMPLE","1"
"27/06/2004","47","MAGDALENA","47001","SANTA MARTA","ARTICULO 168. SECUESTRO SIMPLE","1"
"27/06/2004","47","MAGDALENA","47001","SANTA MARTA","ARTICULO 168. SECUESTRO SIMPLE","1"
"27/06/2004","47","MAGDALENA","47001","SANTA MARTA","ARTICULO 168. SECUESTRO SIMPLE","1"
"27/06/2004","47","MAGDALENA","47001","SANTA MARTA","ARTICULO 169. SECUESTRO EXTORSIVO","1"
"27/06/2004","05","ANTIOQUIA","05579","PUERTO BERRIO","ARTICULO 168. SECUESTRO SIMPLE","2"
"26/06/2004","76","VALLE DEL CAUCA","76130","CANDELARIA","ARTICULO 168. SECUESTRO SIMPLE","1"
"26/06/2004","70","SUCRE","70124","CAIMITO","ARTICULO 168. SECUESTRO SIMPLE","1"
"26/06/2004","05","ANTIOQUIA","05887","YARUMAL","ARTICULO 168. SECUESTRO SIMPLE","1"
"26/06/2004","11","BOGOTA D.C.","11001","BOGOTA D.C.","ARTICULO 168. SECUESTRO SIMPLE","1"
"26/06/2004","41","HUILA","41001","NEIVA","ARTICULO 168. SECUESTRO SIMPLE","1"
"25/06/2004","73","TOLIMA","73001","IBAGUE","ARTICULO 168. SECUESTRO SIMPLE","1"
"25/06/2004","11","BOGOTA D.C.","11001","BOGOTA D.C.","ARTICULO 168. SECUESTRO SIMPLE","1"
"24/06/2004","68","SANTANDER","68770","SUAITA","ARTICULO 169. SECUESTRO EXTORSIVO","1"
"24/06/2004","70","SUCRE","70230","CHALAN","ARTICULO 169. SECUESTRO EXTORSIVO","1"
"24/06/2004","68","SANTANDER","68770","SUAITA","ARTICULO 169. SECUESTRO EXTORSIVO","1"
"24/06/2004","68","SANTANDER","68770","SUAITA","ARTICULO 169. SECUESTRO EXTORSIVO","1"
"24/06/2004","68","SANTANDER","68770","SUAITA","ARTICULO 169. SECUESTRO EXTORSIVO","1"
"24/06/2004","11","BOGOTA D.C.","11001","BOGOTA D.C.","ARTICULO 168. SECUESTRO SIMPLE","1"
"22/06/2004","20","CESAR","20013","AGUSTIN CODAZZI","ARTICULO 168. SECUESTRO SIMPLE","1"
"22/06/2004","20","CESAR","20013","AGUSTIN CODAZZI","ARTICULO 168. SECUESTRO SIMPLE","1"
"22/06/2004","13","BOLIVAR","13433","MAHATES","ARTICULO 169. SECUESTRO EXTORSIVO","1"
"22/06/2004","11","BOGOTA D.C.","11001","BOGOTA D.C.","ARTICULO 169. SECUESTRO EXTORSIVO","1"
"22/06/2004","41","HUILA","41001","NEIVA","ARTICULO 169. SECUESTRO EXTORSIVO","1"
"21/06/2004","13","BOLIVAR","13001","CARTAGENA DE INDIAS","ARTICULO 169. SECUESTRO EXTORSIVO","1"
"20/06/2004","20","CESAR","20001","VALLEDUPAR","ARTICULO 169. SECUESTRO EXTORSIVO","1"
"20/06/2004","05","ANTIOQUIA","05579","PUERTO BERRIO","ARTICULO 168. SECUESTRO SIMPLE","1"
"20/06/2004","25","CUNDINAMARCA","25754","SOACHA","ARTICULO 169. SECUESTRO EXTORSIVO","1"
"20/06/2004","50","META","50573","PUERTO LOPEZ","ARTICULO 169. SECUESTRO EXTORSIVO","1"
"19/06/2004","70","SUCRE","70508","OVEJAS","ARTICULO 169. SECUESTRO EXTORSIVO","1"
"19/06/2004","11","BOGOTA D.C.","11001","BOGOTA D.C.","ARTICULO 168. SECUESTRO SIMPLE","1"
"18/06/2004","76","VALLE DEL CAUCA","76109","BUENAVENTURA","ARTICULO 169. SECUESTRO EXTORSIVO","1"
"17/06/2004","19","CAUCA","19473","MORALES","ARTICULO 169. SECUESTRO EXTORSIVO","1"
"17/06/2004","13","BOLIVAR","13657","SAN JUAN NEPOMUCENO","ARTICULO 169. SECUESTRO EXTORSIVO","1"
"17/06/2004","11","BOGOTA D.C.","11001","BOGOTA D.C.","ARTICULO 168. SECUESTRO SIMPLE","1"
"16/06/2004","05","ANTIOQUIA","05664","SAN PEDRO DE LOS MILAGROS","ARTICULO 169. SECUESTRO EXTORSIVO","1"
"16/06/2004","41","HUILA","41001","NEIVA","ARTICULO 168. SECUESTRO SIMPLE","1"
"15/06/2004","68","SANTANDER","68276","FLORIDABLANCA","ARTICULO 168. SECUESTRO SIMPLE","1"
"15/06/2004","11","BOGOTA D.C.","11001","BOGOTA D.C.","ARTICULO 168. SECUESTRO SIMPLE","1"
"15/06/2004","76","VALLE DEL CAUCA","76001","CALI","ARTICULO 169. SECUESTRO EXTORSIVO","1"
"15/06/2004","11","BOGOTA D.C.","11001","BOGOTA D.C.","ARTICULO 168. SECUESTRO SIMPLE","1"
"15/06/2004","11","BOGOTA D.C.","11001","BOGOTA D.C.","ARTICULO 168. SECUESTRO SIMPLE","2"
"14/06/2004","05","ANTIOQUIA","05495","NECHI","ARTICULO 168. SECUESTRO SIMPLE","1"
"14/06/2004","05","ANTIOQUIA","05495","NECHI","ARTICULO 168. SECUESTRO SIMPLE","1"
"14/06/2004","54","NORTE DE SANTANDER","54405","LOS PATIOS","ARTICULO 169. SECUESTRO EXTORSIVO","1"
"12/06/2004","13","BOLIVAR","13654","SAN JACINTO","ARTICULO 169. SECUESTRO EXTORSIVO","1"
"12/06/2004","52","NARIÑO","52001","PASTO","ARTICULO 168. SECUESTRO SIMPLE","1"
"12/06/2004","11","BOGOTA D.C.","11001","BOGOTA D.C.","ARTICULO 169. SECUESTRO EXTORSIVO","1"
"12/06/2004","20","CESAR","20621","LA PAZ","ARTICULO 169. SECUESTRO EXTORSIVO","1"
"12/06/2004","20","CESAR","20621","LA PAZ","ARTICULO 169. SECUESTRO EXTORSIVO","1"
"12/06/2004","68","SANTANDER","68307","GIRON","ARTICULO 168. SECUESTRO SIMPLE","1"
"11/06/2004","68","SANTANDER","68001","BUCARAMANGA","ARTICULO 169. SECUESTRO EXTORSIVO","1"
"11/06/2004","11","BOGOTA D.C.","11001","BOGOTA D.C.","ARTICULO 168. SECUESTRO SIMPLE","1"
"10/06/2004","05","ANTIOQUIA","05361","ITUANGO","ARTICULO 168. SECUESTRO SIMPLE","2"
"10/06/2004","05","ANTIOQUIA","05690","SANTO DOMINGO","ARTICULO 168. SECUESTRO SIMPLE","1"
"09/06/2004","25","CUNDINAMARCA","25175","CHIA","ARTICULO 169. SECUESTRO EXTORSIVO","2"
"09/06/2004","68","SANTANDER","68406","LEBRIJA","ARTICULO 169. SECUESTRO EXTORSIVO","1"
"09/06/2004","66","RISARALDA","66001","PEREIRA","ARTICULO 168. SECUESTRO SIMPLE","1"
"09/06/2004","05","ANTIOQUIA","05887","YARUMAL","ARTICULO 168. SECUESTRO SIMPLE","2"
"09/06/2004","20","CESAR","20001","VALLEDUPAR","ARTICULO 168. SECUESTRO SIMPLE","1"
"08/06/2004","68","SANTANDER","68001","BUCARAMANGA","ARTICULO 169. SECUESTRO EXTORSIVO","1"
"08/06/2004","20","CESAR","20001","VALLEDUPAR","ARTICULO 168. SECUESTRO SIMPLE","1"
"08/06/2004","11","BOGOTA D.C.","11001","BOGOTA D.C.","ARTICULO 169. SECUESTRO EXTORSIVO","1"
"08/06/2004","11","BOGOTA D.C.","11001","BOGOTA D.C.","ARTICULO 168. SECUESTRO SIMPLE","1"
"08/06/2004","50","META","50001","VILLAVICENCIO","ARTICULO 168. SECUESTRO SIMPLE","1"
"07/06/2004","27","CHOCO","27001","QUIBDO","ARTICULO 169. SECUESTRO EXTORSIVO","1"
"07/06/2004","27","CHOCO","27001","QUIBDO","ARTICULO 169. SECUESTRO EXTORSIVO","1"
"07/06/2004","05","ANTIOQUIA","05847","URRAO","ARTICULO 169. SECUESTRO EXTORSIVO","1"
"07/06/2004","44","LA GUAJIRA","44847","URIBIA","ARTICULO 169. SECUESTRO EXTORSIVO","1"
"07/06/2004","11","BOGOTA D.C.","11001","BOGOTA D.C.","ARTICULO 168. SECUESTRO SIMPLE","1"
"07/06/2004","73","TOLIMA","73283","FRESNO","ARTICULO 169. SECUESTRO EXTORSIVO","1"
"07/06/2004","73","TOLIMA","73283","FRESNO","ARTICULO 169. SECUESTRO EXTORSIVO","1"
"07/06/2004","73","TOLIMA","73283","FRESNO","ARTICULO 169. SECUESTRO EXTORSIVO","1"
"07/06/2004","73","TOLIMA","73283","FRESNO","ARTICULO 169. SECUESTRO EXTORSIVO","1"
"07/06/2004","70","SUCRE","70771","SUCRE","ARTICULO 169. SECUESTRO EXTORSIVO","1"
"06/06/2004","73","TOLIMA","73168","CHAPARRAL","ARTICULO 169. SECUESTRO EXTORSIVO","1"
"05/06/2004","68","SANTANDER","68001","BUCARAMANGA","ARTICULO 169. SECUESTRO EXTORSIVO","1"
"05/06/2004","70","SUCRE","70001","SINCELEJO","ARTICULO 168. SECUESTRO SIMPLE","1"
"05/06/2004","76","VALLE DEL CAUCA","76520","PALMIRA","ARTICULO 169. SECUESTRO EXTORSIVO","1"
"05/06/2004","76","VALLE DEL CAUCA","76520","PALMIRA","ARTICULO 169. SECUESTRO EXTORSIVO","1"
"04/06/2004","20","CESAR","20011","AGUACHICA","ARTICULO 169. SECUESTRO EXTORSIVO","1"
"04/06/2004","50","META","50001","VILLAVICENCIO","ARTICULO 168. SECUESTRO SIMPLE","1"
"04/06/2004","13","BOLIVAR","13458","MONTECRISTO","ARTICULO 169. SECUESTRO EXTORSIVO","1"
"03/06/2004","27","CHOCO","27001","QUIBDO","ARTICULO 168. SECUESTRO SIMPLE","1"
"03/06/2004","41","HUILA","41020","ALGECIRAS","ARTICULO 168. SECUESTRO SIMPLE","1"
"03/06/2004","05","ANTIOQUIA","05690","SANTO DOMINGO","ARTICULO 168. SECUESTRO SIMPLE","1"
"03/06/2004","11","BOGOTA D.C.","11001","BOGOTA D.C.","ARTICULO 168. SECUESTRO SIMPLE","1"
"03/06/2004","13","BOLIVAR","13001","CARTAGENA DE INDIAS","ARTICULO 169. SECUESTRO EXTORSIVO","1"
"03/06/2004","47","MAGDALENA","47001","SANTA MARTA","ARTICULO 168. SECUESTRO SIMPLE","1"
"03/06/2004","15","BOYACA","15673","SAN MATEO","ARTICULO 168. SECUESTRO SIMPLE","1"
"03/06/2004","15","BOYACA","15673","SAN MATEO","ARTICULO 169. SECUESTRO EXTORSIVO","1"
"02/06/2004","73","TOLIMA","73001","IBAGUE","ARTICULO 168. SECUESTRO SIMPLE","1"
"01/06/2004","15","BOYACA","15047","AQUITANIA","ARTICULO 169. SECUESTRO EXTORSIVO","1"
"01/06/2004","15","BOYACA","15047","AQUITANIA","ARTICULO 169. SECUESTRO EXTORSIVO","1"
"01/06/2004","11","BOGOTA D.C.","11001","BOGOTA D.C.","ARTICULO 168. SECUESTRO SIMPLE","1"
"01/06/2004","11","BOGOTA D.C.","11001","BOGOTA D.C.","ARTICULO 168. SECUESTRO SIMPLE","1"
"01/06/2004","47","MAGDALENA","47001","SANTA MARTA","ARTICULO 168. SECUESTRO SIMPLE","1"
"01/06/2004","11","BOGOTA D.C.","11001","BOGOTA D.C.","ARTICULO 169. SECUESTRO EXTORSIVO","1"
"01/06/2004","76","VALLE DEL CAUCA","76109","BUENAVENTURA","ARTICULO 169. SECUESTRO EXTORSIVO","1"
"01/06/2004","11","BOGOTA D.C.","11001","BOGOTA D.C.","ARTICULO 168. SECUESTRO SIMPLE","1"
"01/06/2004","19","CAUCA","19698","SANTANDER DE QUILICHAO","ARTICULO 168. SECUESTRO SIMPLE","1"
"01/06/2004","11","BOGOTA D.C.","11001","BOGOTA D.C.","ARTICULO 169. SECUESTRO EXTORSIVO","1"
"31/05/2004","73","TOLIMA","73283","FRESNO","ARTICULO 169. SECUESTRO EXTORSIVO","1"
"31/05/2004","47","MAGDALENA","47001","SANTA MARTA","ARTICULO 168. SECUESTRO SIMPLE","1"
"31/05/2004","05","ANTIOQUIA","05887","YARUMAL","ARTICULO 168. SECUESTRO SIMPLE","1"
"31/05/2004","05","ANTIOQUIA","05887","YARUMAL","ARTICULO 168. SECUESTRO SIMPLE","1"
"30/05/2004","05","ANTIOQUIA","05034","ANDES","ARTICULO 168. SECUESTRO SIMPLE","1"
"30/05/2004","05","ANTIOQUIA","05034","ANDES","ARTICULO 168. SECUESTRO SIMPLE","1"
"30/05/2004","05","ANTIOQUIA","05034","ANDES","ARTICULO 168. SECUESTRO SIMPLE","1"
"30/05/2004","76","VALLE DEL CAUCA","76520","PALMIRA","ARTICULO 169. SECUESTRO EXTORSIVO","1"
"30/05/2004","18","CAQUETA","18610","SAN JOSE DEL FRAGUA","ARTICULO 169. SECUESTRO EXTORSIVO","1"
"29/05/2004","27","CHOCO","27001","QUIBDO","ARTICULO 169. SECUESTRO EXTORSIVO","3"
"29/05/2004","27","CHOCO","27001","QUIBDO","ARTICULO 168. SECUESTRO SIMPLE","1"
"29/05/2004","27","CHOCO","27001","QUIBDO","ARTICULO 168. SECUESTRO SIMPLE","1"
"29/05/2004","27","CHOCO","27001","QUIBDO","ARTICULO 168. SECUESTRO SIMPLE","1"
"29/05/2004","27","CHOCO","27001","QUIBDO","ARTICULO 168. SECUESTRO SIMPLE","1"
"29/05/2004","27","CHOCO","27001","QUIBDO","ARTICULO 169. SECUESTRO EXTORSIVO","1"
"29/05/2004","27","CHOCO","27001","QUIBDO","ARTICULO 169. SECUESTRO EXTORSIVO","1"
"29/05/2004","27","CHOCO","27001","QUIBDO","ARTICULO 169. SECUESTRO EXTORSIVO","1"
"29/05/2004","27","CHOCO","27001","QUIBDO","ARTICULO 169. SECUESTRO EXTORSIVO","1"
"29/05/2004","27","CHOCO","27001","QUIBDO","ARTICULO 169. SECUESTRO EXTORSIVO","1"
"29/05/2004","27","CHOCO","27001","QUIBDO","ARTICULO 169. SECUESTRO EXTORSIVO","1"
"29/05/2004","27","CHOCO","27001","QUIBDO","ARTICULO 169. SECUESTRO EXTORSIVO","1"
"29/05/2004","27","CHOCO","27001","QUIBDO","ARTICULO 169. SECUESTRO EXTORSIVO","1"
"28/05/2004","05","ANTIOQUIA","05854","VALDIVIA","ARTICULO 168. SECUESTRO SIMPLE","1"
"28/05/2004","68","SANTANDER","68001","BUCARAMANGA","ARTICULO 168. SECUESTRO SIMPLE","1"
"28/05/2004","41","HUILA","41001","NEIVA","ARTICULO 168. SECUESTRO SIMPLE","1"
"28/05/2004","05","ANTIOQUIA","05854","VALDIVIA","ARTICULO 168. SECUESTRO SIMPLE","1"
"27/05/2004","18","CAQUETA","18753","SAN VICENTE DEL CAGUAN","ARTICULO 169. SECUESTRO EXTORSIVO","1"
"27/05/2004","18","CAQUETA","18753","SAN VICENTE DEL CAGUAN","ARTICULO 169. SECUESTRO EXTORSIVO","1"
"27/05/2004","19","CAUCA","19212","CORINTO","ARTICULO 169. SECUESTRO EXTORSIVO","1"
"27/05/2004","50","META","50330","MESETAS","ARTICULO 168. SECUESTRO SIMPLE","1"
"27/05/2004","05","ANTIOQUIA","05001","MEDELLIN","ARTICULO 169. SECUESTRO EXTORSIVO","1"
"27/05/2004","47","MAGDALENA","47001","SANTA MARTA","ARTICULO 168. SECUESTRO SIMPLE","1"
"27/05/2004","47","MAGDALENA","47001","SANTA MARTA","ARTICULO 168. SECUESTRO SIMPLE","1"
"27/05/2004","50","META","50330","MESETAS","ARTICULO 168. SECUESTRO SIMPLE","1"
"27/05/2004","50","META","50330","MESETAS","ARTICULO 168. SECUESTRO SIMPLE","1"
"27/05/2004","50","META","50330","MESETAS","ARTICULO 168. SECUESTRO SIMPLE","1"
"27/05/2004","11","BOGOTA D.C.","11001","BOGOTA D.C.","ARTICULO 168. SECUESTRO SIMPLE","1"
"27/05/2004","50","META","50251","EL CASTILLO","ARTICULO 168. SECUESTRO SIMPLE","1"
"26/05/2004","20","CESAR","20228","CURUMANI","ARTICULO 169. SECUESTRO EXTORSIVO","1"
"26/05/2004","68","SANTANDER","68081","BARRANCABERMEJA","ARTICULO 168. SECUESTRO SIMPLE","1"
"26/05/2004","05","ANTIOQUIA","05686","SANTA ROSA DE OSOS","ARTICULO 169. SECUESTRO EXTORSIVO","1"
"26/05/2004","11","BOGOTA D.C.","11001","BOGOTA D.C.","ARTICULO 168. SECUESTRO SIMPLE","1"
"25/05/2004","13","BOLIVAR","13244","EL CARMEN DE BOLIVAR","ARTICULO 169. SECUESTRO EXTORSIVO","1"
"25/05/2004","68","SANTANDER","68276","FLORIDABLANCA","ARTICULO 169. SECUESTRO EXTORSIVO","1"
"25/05/2004","27","CHOCO","27001","QUIBDO","ARTICULO 169. SECUESTRO EXTORSIVO","1"
"24/05/2004","76","VALLE DEL CAUCA","76111","GUADALAJARA DE BUGA","ARTICULO 169. SECUESTRO EXTORSIVO","1"
"24/05/2004","05","ANTIOQUIA","05237","DONMATIAS","ARTICULO 168. SECUESTRO SIMPLE","1"
"23/05/2004","13","BOLIVAR","13647","SAN ESTANISLAO","ARTICULO 169. SECUESTRO EXTORSIVO","1"
"23/05/2004","13","BOLIVAR","13647","SAN ESTANISLAO","ARTICULO 169. SECUESTRO EXTORSIVO","1"
"22/05/2004","15","BOYACA","15238","DUITAMA","ARTICULO 169. SECUESTRO EXTORSIVO","1"
"22/05/2004","41","HUILA","41001","NEIVA","ARTICULO 168. SECUESTRO SIMPLE","1"
"22/05/2004","50","META","50001","VILLAVICENCIO","ARTICULO 168. SECUESTRO SIMPLE","1"
"21/05/2004","41","HUILA","41020","ALGECIRAS","ARTICULO 168. SECUESTRO SIMPLE","5"
"21/05/2004","41","HUILA","41020","ALGECIRAS","ARTICULO 169. SECUESTRO EXTORSIVO","3"
"21/05/2004","41","HUILA","41020","ALGECIRAS","ARTICULO 168. SECUESTRO SIMPLE","1"
"21/05/2004","41","HUILA","41020","ALGECIRAS","ARTICULO 169. SECUESTRO EXTORSIVO","1"
"21/05/2004","41","HUILA","41020","ALGECIRAS","ARTICULO 169. SECUESTRO EXTORSIVO","1"
"21/05/2004","76","VALLE DEL CAUCA","76109","BUENAVENTURA","ARTICULO 169. SECUESTRO EXTORSIVO","1"
"20/05/2004","19","CAUCA","19110","BUENOS AIRES","ARTICULO 169. SECUESTRO EXTORSIVO","1"
"20/05/2004","41","HUILA","41770","SUAZA","ARTICULO 168. SECUESTRO SIMPLE","1"
"18/05/2004","47","MAGDALENA","47189","CIENAGA","ARTICULO 169. SECUESTRO EXTORSIVO","2"
"18/05/2004","47","MAGDALENA","47189","CIENAGA","ARTICULO 169. SECUESTRO EXTORSIVO","2"
"18/05/2004","47","MAGDALENA","47189","CIENAGA","ARTICULO 169. SECUESTRO EXTORSIVO","1"
"18/05/2004","47","MAGDALENA","47189","CIENAGA","ARTICULO 169. SECUESTRO EXTORSIVO","1"
"18/05/2004","47","MAGDALENA","47189","CIENAGA","ARTICULO 169. SECUESTRO EXTORSIVO","1"
"18/05/2004","19","CAUCA","19473","MORALES","ARTICULO 168. SECUESTRO SIMPLE","1"
"18/05/2004","47","MAGDALENA","47001","SANTA MARTA","ARTICULO 168. SECUESTRO SIMPLE","1"
"17/05/2004","05","ANTIOQUIA","05266","ENVIGADO","ARTICULO 169. SECUESTRO EXTORSIVO","1"
"17/05/2004","20","CESAR","20001","VALLEDUPAR","ARTICULO 168. SECUESTRO SIMPLE","1"
"16/05/2004","54","NORTE DE SANTANDER","54810","TIBU","ARTICULO 168. SECUESTRO SIMPLE","1"
"16/05/2004","05","ANTIOQUIA","05001","MEDELLIN","ARTICULO 169. SECUESTRO EXTORSIVO","1"
"15/05/2004","50","META","50568","PUERTO GAITAN","ARTICULO 169. SECUESTRO EXTORSIVO","1"
"15/05/2004","41","HUILA","41551","PITALITO","ARTICULO 169. SECUESTRO EXTORSIVO","1"
"15/05/2004","05","ANTIOQUIA","05001","MEDELLIN","ARTICULO 169. SECUESTRO EXTORSIVO","1"
"15/05/2004","11","BOGOTA D.C.","11001","BOGOTA D.C.","ARTICULO 169. SECUESTRO EXTORSIVO","1"
"14/05/2004","27","CHOCO","27160","CERTEGUI","ARTICULO 169. SECUESTRO EXTORSIVO","1"
"14/05/2004","05","ANTIOQUIA","05400","LA UNION","ARTICULO 169. SECUESTRO EXTORSIVO","1"
"14/05/2004","27","CHOCO","27160","CERTEGUI","ARTICULO 168. SECUESTRO SIMPLE","1"
"14/05/2004","27","CHOCO","27160","CERTEGUI","ARTICULO 169. SECUESTRO EXTORSIVO","1"
"14/05/2004","27","CHOCO","27160","CERTEGUI","ARTICULO 169. SECUESTRO EXTORSIVO","1"
"14/05/2004","27","CHOCO","27160","CERTEGUI","ARTICULO 169. SECUESTRO EXTORSIVO","1"
"14/05/2004","27","CHOCO","27160","CERTEGUI","ARTICULO 168. SECUESTRO SIMPLE","1"
"14/05/2004","68","SANTANDER","68001","BUCARAMANGA","ARTICULO 168. SECUESTRO SIMPLE","1"
"14/05/2004","52","NARIÑO","52001","PASTO","ARTICULO 169. SECUESTRO EXTORSIVO","1"
"14/05/2004","68","SANTANDER","68001","BUCARAMANGA","ARTICULO 168. SECUESTRO SIMPLE","1"
"13/05/2004","70","SUCRE","70001","SINCELEJO","ARTICULO 168. SECUESTRO SIMPLE","1"
"13/05/2004","52","NARIÑO","52001","PASTO","ARTICULO 168. SECUESTRO SIMPLE","1"
"13/05/2004","70","SUCRE","70001","SINCELEJO","ARTICULO 168. SECUESTRO SIMPLE","1"
"13/05/2004","54","NORTE DE SANTANDER","54001","CUCUTA","ARTICULO 169. SECUESTRO EXTORSIVO","2"
"13/05/2004","54","NORTE DE SANTANDER","54001","CUCUTA","ARTICULO 169. SECUESTRO EXTORSIVO","1"
"13/05/2004","54","NORTE DE SANTANDER","54001","CUCUTA","ARTICULO 169. SECUESTRO EXTORSIVO","1"
"13/05/2004","54","NORTE DE SANTANDER","54001","CUCUTA","ARTICULO 169. SECUESTRO EXTORSIVO","1"
"13/05/2004","11","BOGOTA D.C.","11001","BOGOTA D.C.","ARTICULO 168. SECUESTRO SIMPLE","1"
"13/05/2004","54","NORTE DE SANTANDER","54001","CUCUTA","ARTICULO 169. SECUESTRO EXTORSIVO","1"
"13/05/2004","54","NORTE DE SANTANDER","54001","CUCUTA","ARTICULO 169. SECUESTRO EXTORSIVO","1"
"13/05/2004","54","NORTE DE SANTANDER","54001","CUCUTA","ARTICULO 169. SECUESTRO EXTORSIVO","1"
"12/05/2004","44","LA GUAJIRA","44430","MAICAO","ARTICULO 169. SECUESTRO EXTORSIVO","2"
"12/05/2004","44","LA GUAJIRA","44430","MAICAO","ARTICULO 169. SECUESTRO EXTORSIVO","1"
"12/05/2004","44","LA GUAJIRA","44430","MAICAO","ARTICULO 169. SECUESTRO EXTORSIVO","1"
"12/05/2004","44","LA GUAJIRA","44430","MAICAO","ARTICULO 169. SECUESTRO EXTORSIVO","1"
"12/05/2004","44","LA GUAJIRA","44430","MAICAO","ARTICULO 169. SECUESTRO EXTORSIVO","1"
"12/05/2004","20","CESAR","20001","VALLEDUPAR","ARTICULO 169. SECUESTRO EXTORSIVO","1"
"12/05/2004","13","BOLIVAR","13001","CARTAGENA DE INDIAS","ARTICULO 169. SECUESTRO EXTORSIVO","1"
"12/05/2004","19","CAUCA","19212","CORINTO","ARTICULO 168. SECUESTRO SIMPLE","1"
"12/05/2004","19","CAUCA","19212","CORINTO","ARTICULO 168. SECUESTRO SIMPLE","1"
"12/05/2004","41","HUILA","41001","NEIVA","ARTICULO 169. SECUESTRO EXTORSIVO","1"
"12/05/2004","05","ANTIOQUIA","05890","YOLOMBO","ARTICULO 168. SECUESTRO SIMPLE","1"
"11/05/2004","70","SUCRE","70429","MAJAGUAL","ARTICULO 168. SECUESTRO SIMPLE","1"
"11/05/2004","41","HUILA","41551","PITALITO","ARTICULO 168. SECUESTRO SIMPLE","1"
"11/05/2004","68","SANTANDER","68547","PIEDECUESTA","ARTICULO 168. SECUESTRO SIMPLE","1"
"10/05/2004","11","BOGOTA D.C.","11001","BOGOTA D.C.","ARTICULO 168. SECUESTRO SIMPLE","1"
"10/05/2004","13","BOLIVAR","13458","MONTECRISTO","ARTICULO 169. SECUESTRO EXTORSIVO","1"
"10/05/2004","13","BOLIVAR","13458","MONTECRISTO","ARTICULO 169. SECUESTRO EXTORSIVO","1"
"10/05/2004","13","BOLIVAR","13458","MONTECRISTO","ARTICULO 169. SECUESTRO EXTORSIVO","1"
"09/05/2004","18","CAQUETA","18150","CARTAGENA DEL CHAIRA","ARTICULO 168. SECUESTRO SIMPLE","1"
"09/05/2004","18","CAQUETA","18150","CARTAGENA DEL CHAIRA","ARTICULO 168. SECUESTRO SIMPLE","1"
"09/05/2004","11","BOGOTA D.C.","11001","BOGOTA D.C.","ARTICULO 168. SECUESTRO SIMPLE","1"
"09/05/2004","50","META","50001","VILLAVICENCIO","ARTICULO 168. SECUESTRO SIMPLE","1"
"09/05/2004","50","META","50001","VILLAVICENCIO","ARTICULO 168. SECUESTRO SIMPLE","1"
"09/05/2004","73","TOLIMA","73861","VENADILLO","ARTICULO 169. SECUESTRO EXTORSIVO","1"
"09/05/2004","73","TOLIMA","73861","VENADILLO","ARTICULO 169. SECUESTRO EXTORSIVO","1"
"09/05/2004","73","TOLIMA","73861","VENADILLO","ARTICULO 169. SECUESTRO EXTORSIVO","1"
"08/05/2004","41","HUILA","41524","PALERMO","ARTICULO 169. SECUESTRO EXTORSIVO","2"
"08/05/2004","41","HUILA","41524","PALERMO","ARTICULO 169. SECUESTRO EXTORSIVO","1"
"08/05/2004","05","ANTIOQUIA","05148","EL CARMEN DE VIBORAL","ARTICULO 169. SECUESTRO EXTORSIVO","1"
"07/05/2004","44","LA GUAJIRA","44855","URUMITA","ARTICULO 169. SECUESTRO EXTORSIVO","1"
"07/05/2004","05","ANTIOQUIA","05001","MEDELLIN","ARTICULO 169. SECUESTRO EXTORSIVO","1"
"06/05/2004","11","BOGOTA D.C.","11001","BOGOTA D.C.","ARTICULO 168. SECUESTRO SIMPLE","1"
"06/05/2004","13","BOLIVAR","13001","CARTAGENA DE INDIAS","ARTICULO 169. SECUESTRO EXTORSIVO","1"
"05/05/2004","66","RISARALDA","66594","QUINCHIA","ARTICULO 169. SECUESTRO EXTORSIVO","1"
"05/05/2004","44","LA GUAJIRA","44001","RIOHACHA","ARTICULO 168. SECUESTRO SIMPLE","2"
"05/05/2004","44","LA GUAJIRA","44001","RIOHACHA","ARTICULO 168. SECUESTRO SIMPLE","1"
"05/05/2004","11","BOGOTA D.C.","11001","BOGOTA D.C.","ARTICULO 168. SECUESTRO SIMPLE","1"
"05/05/2004","11","BOGOTA D.C.","11001","BOGOTA D.C.","ARTICULO 168. SECUESTRO SIMPLE","1"
"05/05/2004","05","ANTIOQUIA","05045","APARTADO","ARTICULO 169. SECUESTRO EXTORSIVO","1"
"05/05/2004","05","ANTIOQUIA","05045","APARTADO","ARTICULO 169. SECUESTRO EXTORSIVO","1"
"04/05/2004","19","CAUCA","19585","PURACE","ARTICULO 169. SECUESTRO EXTORSIVO","1"
"04/05/2004","19","CAUCA","19548","PIENDAMO - TUNIA","ARTICULO 168. SECUESTRO SIMPLE","1"
"04/05/2004","20","CESAR","20001","VALLEDUPAR","ARTICULO 168. SECUESTRO SIMPLE","1"
"03/05/2004","47","MAGDALENA","47001","SANTA MARTA","ARTICULO 169. SECUESTRO EXTORSIVO","1"
"03/05/2004","52","NARIÑO","52435","MALLAMA","ARTICULO 168. SECUESTRO SIMPLE","1"
"03/05/2004","05","ANTIOQUIA","05541","PEÑOL","ARTICULO 169. SECUESTRO EXTORSIVO","1"
"03/05/2004","52","NARIÑO","52001","PASTO","ARTICULO 168. SECUESTRO SIMPLE","1"
"03/05/2004","05","ANTIOQUIA","05887","YARUMAL","ARTICULO 168. SECUESTRO SIMPLE","1"
"03/05/2004","85","CASANARE","85162","MONTERREY","ARTICULO 169. SECUESTRO EXTORSIVO","1"
"03/05/2004","68","SANTANDER","68572","PUENTE NACIONAL","ARTICULO 168. SECUESTRO SIMPLE","1"
"02/05/2004","20","CESAR","20001","VALLEDUPAR","ARTICULO 168. SECUESTRO SIMPLE","4"
"01/05/2004","41","HUILA","41001","NEIVA","ARTICULO 169. SECUESTRO EXTORSIVO","1"
"01/05/2004","11","BOGOTA D.C.","11001","BOGOTA D.C.","ARTICULO 169. SECUESTRO EXTORSIVO","1"
"01/05/2004","19","CAUCA","19001","POPAYAN","ARTICULO 168. SECUESTRO SIMPLE","1"
"01/05/2004","70","SUCRE","70001","SINCELEJO","ARTICULO 168. SECUESTRO SIMPLE","1"
"01/05/2004","05","ANTIOQUIA","05001","MEDELLIN","ARTICULO 169. SECUESTRO EXTORSIVO","1"
"01/05/2004","47","MAGDALENA","47001","SANTA MARTA","ARTICULO 168. SECUESTRO SIMPLE","1"
"01/05/2004","20","CESAR","20011","AGUACHICA","ARTICULO 168. SECUESTRO SIMPLE","1"
"01/05/2004","13","BOLIVAR","13001","CARTAGENA DE INDIAS","ARTICULO 169. SECUESTRO EXTORSIVO","1"
"01/05/2004","11","BOGOTA D.C.","11001","BOGOTA D.C.","ARTICULO 169. SECUESTRO EXTORSIVO","1"
"30/04/2004","05","ANTIOQUIA","05660","SAN LUIS","ARTICULO 169. SECUESTRO EXTORSIVO","1"
"30/04/2004","19","CAUCA","19001","POPAYAN","ARTICULO 169. SECUESTRO EXTORSIVO","1"
"30/04/2004","47","MAGDALENA","47001","SANTA MARTA","ARTICULO 168. SECUESTRO SIMPLE","1"
"30/04/2004","19","CAUCA","19001","POPAYAN","ARTICULO 169. SECUESTRO EXTORSIVO","1"
"30/04/2004","20","CESAR","20550","PELAYA","ARTICULO 169. SECUESTRO EXTORSIVO","1"
"30/04/2004","11","BOGOTA D.C.","11001","BOGOTA D.C.","ARTICULO 168. SECUESTRO SIMPLE","1"
"30/04/2004","47","MAGDALENA","47001","SANTA MARTA","ARTICULO 168. SECUESTRO SIMPLE","1"
"29/04/2004","73","TOLIMA","73352","ICONONZO","ARTICULO 169. SECUESTRO EXTORSIVO","1"
"29/04/2004","11","BOGOTA D.C.","11001","BOGOTA D.C.","ARTICULO 168. SECUESTRO SIMPLE","1"
"29/04/2004","20","CESAR","20011","AGUACHICA","ARTICULO 169. SECUESTRO EXTORSIVO","1"
"29/04/2004","11","BOGOTA D.C.","11001","BOGOTA D.C.","ARTICULO 168. SECUESTRO SIMPLE","1"
"29/04/2004","20","CESAR","20011","AGUACHICA","ARTICULO 168. SECUESTRO SIMPLE","1"
"28/04/2004","44","LA GUAJIRA","44279","FONSECA","ARTICULO 169. SECUESTRO EXTORSIVO","1"
"27/04/2004","19","CAUCA","19001","POPAYAN","ARTICULO 169. SECUESTRO EXTORSIVO","1"
"27/04/2004","19","CAUCA","19001","POPAYAN","ARTICULO 168. SECUESTRO SIMPLE","1"
"27/04/2004","19","CAUCA","19001","POPAYAN","ARTICULO 169. SECUESTRO EXTORSIVO","1"
"27/04/2004","63","QUINDIO","63272","FILANDIA","ARTICULO 169. SECUESTRO EXTORSIVO","1"
"26/04/2004","08","ATLANTICO","08001","BARRANQUILLA","ARTICULO 169. SECUESTRO EXTORSIVO","1"
"26/04/2004","68","SANTANDER","68276","FLORIDABLANCA","ARTICULO 168. SECUESTRO SIMPLE","1"
"26/04/2004","97","VAUPES","97161","CARURU","ARTICULO 169. SECUESTRO EXTORSIVO","2"
"26/04/2004","97","VAUPES","97161","CARURU","ARTICULO 169. SECUESTRO EXTORSIVO","2"
"26/04/2004","97","VAUPES","97161","CARURU","ARTICULO 169. SECUESTRO EXTORSIVO","1"
"26/04/2004","97","VAUPES","97161","CARURU","ARTICULO 169. SECUESTRO EXTORSIVO","1"
"26/04/2004","97","VAUPES","97161","CARURU","ARTICULO 169. SECUESTRO EXTORSIVO","1"
"25/04/2004","11","BOGOTA D.C.","11001","BOGOTA D.C.","ARTICULO 169. SECUESTRO EXTORSIVO","1"
"25/04/2004","76","VALLE DEL CAUCA","76616","RIOFRIO","ARTICULO 169. SECUESTRO EXTORSIVO","1"
"25/04/2004","81","ARAUCA","81794","TAME","ARTICULO 169. SECUESTRO EXTORSIVO","1"
"25/04/2004","73","TOLIMA","73411","LIBANO","ARTICULO 168. SECUESTRO SIMPLE","1"
"25/04/2004","05","ANTIOQUIA","05887","YARUMAL","ARTICULO 168. SECUESTRO SIMPLE","1"
"25/04/2004","41","HUILA","41001","NEIVA","ARTICULO 169. SECUESTRO EXTORSIVO","1"
"24/04/2004","05","ANTIOQUIA","05887","YARUMAL","ARTICULO 168. SECUESTRO SIMPLE","1"
"23/04/2004","11","BOGOTA D.C.","11001","BOGOTA D.C.","ARTICULO 168. SECUESTRO SIMPLE","1"
"23/04/2004","63","QUINDIO","63001","ARMENIA","ARTICULO 168. SECUESTRO SIMPLE","1"
"22/04/2004","19","CAUCA","19001","POPAYAN","ARTICULO 169. SECUESTRO EXTORSIVO","1"
"22/04/2004","19","CAUCA","19001","POPAYAN","ARTICULO 169. SECUESTRO EXTORSIVO","1"
"22/04/2004","05","ANTIOQUIA","05042","SANTA FE DE ANTIOQUIA","ARTICULO 169. SECUESTRO EXTORSIVO","1"
"21/04/2004","76","VALLE DEL CAUCA","76250","EL DOVIO","ARTICULO 169. SECUESTRO EXTORSIVO","1"
"21/04/2004","05","ANTIOQUIA","05042","SANTA FE DE ANTIOQUIA","ARTICULO 169. SECUESTRO EXTORSIVO","1"
"21/04/2004","73","TOLIMA","73349","HONDA","ARTICULO 168. SECUESTRO SIMPLE","1"
"21/04/2004","05","ANTIOQUIA","05690","SANTO DOMINGO","ARTICULO 168. SECUESTRO SIMPLE","1"
"21/04/2004","50","META","50001","VILLAVICENCIO","ARTICULO 168. SECUESTRO SIMPLE","1"
"21/04/2004","44","LA GUAJIRA","44001","RIOHACHA","ARTICULO 169. SECUESTRO EXTORSIVO","2"
"21/04/2004","44","LA GUAJIRA","44001","RIOHACHA","ARTICULO 169. SECUESTRO EXTORSIVO","2"
"20/04/2004","27","CHOCO","27001","QUIBDO","ARTICULO 168. SECUESTRO SIMPLE","1"
"20/04/2004","27","CHOCO","27001","QUIBDO","ARTICULO 168. SECUESTRO SIMPLE","1"
"20/04/2004","50","META","50001","VILLAVICENCIO","ARTICULO 168. SECUESTRO SIMPLE","1"
"19/04/2004","20","CESAR","20750","SAN DIEGO","ARTICULO 169. SECUESTRO EXTORSIVO","1"
"19/04/2004","41","HUILA","41306","GIGANTE","ARTICULO 168. SECUESTRO SIMPLE","1"
"19/04/2004","85","CASANARE","85001","YOPAL","ARTICULO 169. SECUESTRO EXTORSIVO","1"
"19/04/2004","19","CAUCA","19473","MORALES","ARTICULO 168. SECUESTRO SIMPLE","1"
"19/04/2004","25","CUNDINAMARCA","25286","FUNZA","ARTICULO 169. SECUESTRO EXTORSIVO","1"
"19/04/2004","11","BOGOTA D.C.","11001","BOGOTA D.C.","ARTICULO 169. SECUESTRO EXTORSIVO","1"
"19/04/2004","11","BOGOTA D.C.","11001","BOGOTA D.C.","ARTICULO 168. SECUESTRO SIMPLE","1"
"19/04/2004","50","META","50001","VILLAVICENCIO","ARTICULO 168. SECUESTRO SIMPLE","1"
"19/04/2004","68","SANTANDER","68001","BUCARAMANGA","ARTICULO 168. SECUESTRO SIMPLE","1"
"19/04/2004","25","CUNDINAMARCA","25779","SUSA","ARTICULO 169. SECUESTRO EXTORSIVO","1"
"19/04/2004","50","META","50001","VILLAVICENCIO","ARTICULO 168. SECUESTRO SIMPLE","1"
"19/04/2004","08","ATLANTICO","08832","TUBARA","ARTICULO 169. SECUESTRO EXTORSIVO","1"
"18/04/2004","76","VALLE DEL CAUCA","76616","RIOFRIO","ARTICULO 169. SECUESTRO EXTORSIVO","1"
"18/04/2004","76","VALLE DEL CAUCA","76250","EL DOVIO","ARTICULO 169. SECUESTRO EXTORSIVO","1"
"18/04/2004","76","VALLE DEL CAUCA","76616","RIOFRIO","ARTICULO 169. SECUESTRO EXTORSIVO","1"
"18/04/2004","05","ANTIOQUIA","05591","PUERTO TRIUNFO","ARTICULO 168. SECUESTRO SIMPLE","2"
"17/04/2004","85","CASANARE","85250","PAZ DE ARIPORO","ARTICULO 169. SECUESTRO EXTORSIVO","1"
"17/04/2004","68","SANTANDER","68001","BUCARAMANGA","ARTICULO 169. SECUESTRO EXTORSIVO","1"
"17/04/2004","52","NARIÑO","52573","PUERRES","ARTICULO 169. SECUESTRO EXTORSIVO","5"
"17/04/2004","52","NARIÑO","52573","PUERRES","ARTICULO 169. SECUESTRO EXTORSIVO","1"
"17/04/2004","44","LA GUAJIRA","44560","MANAURE","ARTICULO 169. SECUESTRO EXTORSIVO","1"
"17/04/2004","44","LA GUAJIRA","44560","MANAURE","ARTICULO 169. SECUESTRO EXTORSIVO","1"
"17/04/2004","44","LA GUAJIRA","44560","MANAURE","ARTICULO 169. SECUESTRO EXTORSIVO","1"
"16/04/2004","25","CUNDINAMARCA","25875","VILLETA","ARTICULO 169. SECUESTRO EXTORSIVO","1"
"16/04/2004","54","NORTE DE SANTANDER","54001","CUCUTA","ARTICULO 169. SECUESTRO EXTORSIVO","2"
"16/04/2004","11","BOGOTA D.C.","11001","BOGOTA D.C.","ARTICULO 168. SECUESTRO SIMPLE","1"
"16/04/2004","11","BOGOTA D.C.","11001","BOGOTA D.C.","ARTICULO 168. SECUESTRO SIMPLE","1"
"15/04/2004","73","TOLIMA","73283","FRESNO","ARTICULO 168. SECUESTRO SIMPLE","1"
"15/04/2004","70","SUCRE","70215","COROZAL","ARTICULO 168. SECUESTRO SIMPLE","1"
"15/04/2004","11","BOGOTA D.C.","11001","BOGOTA D.C.","ARTICULO 168. SECUESTRO SIMPLE","1"
"15/04/2004","11","BOGOTA D.C.","11001","BOGOTA D.C.","ARTICULO 168. SECUESTRO SIMPLE","1"
"14/04/2004","85","CASANARE","85440","VILLANUEVA","ARTICULO 168. SECUESTRO SIMPLE","2"
"14/04/2004","85","CASANARE","85440","VILLANUEVA","ARTICULO 169. SECUESTRO EXTORSIVO","2"
"14/04/2004","85","CASANARE","85440","VILLANUEVA","ARTICULO 169. SECUESTRO EXTORSIVO","2"
"14/04/2004","85","CASANARE","85162","MONTERREY","ARTICULO 168. SECUESTRO SIMPLE","1"
"14/04/2004","66","RISARALDA","66594","QUINCHIA","ARTICULO 169. SECUESTRO EXTORSIVO","1"
"14/04/2004","68","SANTANDER","68001","BUCARAMANGA","ARTICULO 168. SECUESTRO SIMPLE","1"
"14/04/2004","08","ATLANTICO","08001","BARRANQUILLA","ARTICULO 169. SECUESTRO EXTORSIVO","1"
"14/04/2004","73","TOLIMA","73349","HONDA","ARTICULO 168. SECUESTRO SIMPLE","1"
"13/04/2004","05","ANTIOQUIA","05664","SAN PEDRO DE LOS MILAGROS","ARTICULO 169. SECUESTRO EXTORSIVO","1"
"13/04/2004","05","ANTIOQUIA","05664","SAN PEDRO DE LOS MILAGROS","ARTICULO 169. SECUESTRO EXTORSIVO","1"
"13/04/2004","68","SANTANDER","68655","SABANA DE TORRES","ARTICULO 169. SECUESTRO EXTORSIVO","1"
"13/04/2004","19","CAUCA","19001","POPAYAN","ARTICULO 168. SECUESTRO SIMPLE","1"
"13/04/2004","11","BOGOTA D.C.","11001","BOGOTA D.C.","ARTICULO 169. SECUESTRO EXTORSIVO","1"
"13/04/2004","70","SUCRE","70215","COROZAL","ARTICULO 168. SECUESTRO SIMPLE","1"
"13/04/2004","15","BOYACA","15299","GARAGOA","ARTICULO 169. SECUESTRO EXTORSIVO","1"
"13/04/2004","73","TOLIMA","73001","IBAGUE","ARTICULO 168. SECUESTRO SIMPLE","1"
"13/04/2004","47","MAGDALENA","47745","SITIONUEVO","ARTICULO 168. SECUESTRO SIMPLE","1"
"12/04/2004","11","BOGOTA D.C.","11001","BOGOTA D.C.","ARTICULO 168. SECUESTRO SIMPLE","1"
"12/04/2004","11","BOGOTA D.C.","11001","BOGOTA D.C.","ARTICULO 168. SECUESTRO SIMPLE","1"
"12/04/2004","11","BOGOTA D.C.","11001","BOGOTA D.C.","ARTICULO 168. SECUESTRO SIMPLE","1"
"11/04/2004","15","BOYACA","15236","CHIVOR","ARTICULO 169. SECUESTRO EXTORSIVO","1"
"11/04/2004","85","CASANARE","85125","HATO COROZAL","ARTICULO 168. SECUESTRO SIMPLE","1"
"11/04/2004","81","ARAUCA","81794","TAME","ARTICULO 169. SECUESTRO EXTORSIVO","1"
"11/04/2004","52","NARIÑO","52240","CHACHAGÜI","ARTICULO 169. SECUESTRO EXTORSIVO","1"
"11/04/2004","52","NARIÑO","52240","CHACHAGÜI","ARTICULO 168. SECUESTRO SIMPLE","1"
"09/04/2004","05","ANTIOQUIA","05318","GUARNE","ARTICULO 168. SECUESTRO SIMPLE","1"
"09/04/2004","76","VALLE DEL CAUCA","76111","GUADALAJARA DE BUGA","ARTICULO 169. SECUESTRO EXTORSIVO","1"
"08/04/2004","85","CASANARE","85010","AGUAZUL","ARTICULO 169. SECUESTRO EXTORSIVO","1"
"08/04/2004","05","ANTIOQUIA","05368","JERICO","ARTICULO 169. SECUESTRO EXTORSIVO","1"
"08/04/2004","73","TOLIMA","73270","FALAN","ARTICULO 169. SECUESTRO EXTORSIVO","1"
"08/04/2004","05","ANTIOQUIA","05125","CAICEDO","ARTICULO 169. SECUESTRO EXTORSIVO","1"
"08/04/2004","05","ANTIOQUIA","05125","CAICEDO","ARTICULO 169. SECUESTRO EXTORSIVO","1"
"07/04/2004","11","BOGOTA D.C.","11001","BOGOTA D.C.","ARTICULO 168. SECUESTRO SIMPLE","1"
"07/04/2004","94","GUAINIA","94001","INIRIDA","ARTICULO 169. SECUESTRO EXTORSIVO","1"
"07/04/2004","94","GUAINIA","94001","INIRIDA","ARTICULO 169. SECUESTRO EXTORSIVO","1"
"07/04/2004","66","RISARALDA","66001","PEREIRA","ARTICULO 168. SECUESTRO SIMPLE","1"
"07/04/2004","66","RISARALDA","66001","PEREIRA","ARTICULO 168. SECUESTRO SIMPLE","1"
"07/04/2004","11","BOGOTA D.C.","11001","BOGOTA D.C.","ARTICULO 169. SECUESTRO EXTORSIVO","1"
"07/04/2004","44","LA GUAJIRA","44430","MAICAO","ARTICULO 169. SECUESTRO EXTORSIVO","1"
"06/04/2004","17","CALDAS","17174","CHINCHINA","ARTICULO 169. SECUESTRO EXTORSIVO","1"
"06/04/2004","76","VALLE DEL CAUCA","76318","GUACARI","ARTICULO 169. SECUESTRO EXTORSIVO","1"
"06/04/2004","05","ANTIOQUIA","05313","GRANADA","ARTICULO 169. SECUESTRO EXTORSIVO","1"
"06/04/2004","63","QUINDIO","63690","SALENTO","ARTICULO 169. SECUESTRO EXTORSIVO","1"
"06/04/2004","11","BOGOTA D.C.","11001","BOGOTA D.C.","ARTICULO 169. SECUESTRO EXTORSIVO","1"
"05/04/2004","05","ANTIOQUIA","05361","ITUANGO","ARTICULO 168. SECUESTRO SIMPLE","1"
"05/04/2004","05","ANTIOQUIA","05361","ITUANGO","ARTICULO 168. SECUESTRO SIMPLE","1"
"05/04/2004","50","META","50400","LEJANIAS","ARTICULO 169. SECUESTRO EXTORSIVO","1"
"05/04/2004","50","META","50001","VILLAVICENCIO","ARTICULO 169. SECUESTRO EXTORSIVO","1"
"05/04/2004","19","CAUCA","19532","PATIA","ARTICULO 169. SECUESTRO EXTORSIVO","1"
"04/04/2004","52","NARIÑO","52356","IPIALES","ARTICULO 168. SECUESTRO SIMPLE","1"
"04/04/2004","05","ANTIOQUIA","05001","MEDELLIN","ARTICULO 169. SECUESTRO EXTORSIVO","1"
"04/04/2004","19","CAUCA","19548","PIENDAMO - TUNIA","ARTICULO 169. SECUESTRO EXTORSIVO","1"
"02/04/2004","11","BOGOTA D.C.","11001","BOGOTA D.C.","ARTICULO 168. SECUESTRO SIMPLE","1"
"02/04/2004","52","NARIÑO","52612","RICAURTE","ARTICULO 169. SECUESTRO EXTORSIVO","3"
"01/04/2004","15","BOYACA","15667","SAN LUIS DE GACENO","ARTICULO 169. SECUESTRO EXTORSIVO","1"
"01/04/2004","15","BOYACA","15135","CAMPOHERMOSO","ARTICULO 168. SECUESTRO SIMPLE","3"
"01/04/2004","05","ANTIOQUIA","05495","NECHI","ARTICULO 169. SECUESTRO EXTORSIVO","1"
"01/04/2004","70","SUCRE","70820","SANTIAGO DE TOLU","ARTICULO 169. SECUESTRO EXTORSIVO","1"
"01/04/2004","11","BOGOTA D.C.","11001","BOGOTA D.C.","ARTICULO 169. SECUESTRO EXTORSIVO","1"
"01/04/2004","11","BOGOTA D.C.","11001","BOGOTA D.C.","ARTICULO 169. SECUESTRO EXTORSIVO","1"
"01/04/2004","19","CAUCA","19100","BOLIVAR","ARTICULO 168. SECUESTRO SIMPLE","1"
"01/04/2004","76","VALLE DEL CAUCA","76892","YUMBO","ARTICULO 169. SECUESTRO EXTORSIVO","1"
"01/04/2004","11","BOGOTA D.C.","11001","BOGOTA D.C.","ARTICULO 168. SECUESTRO SIMPLE","1"
"01/04/2004","19","CAUCA","19256","EL TAMBO","ARTICULO 169. SECUESTRO EXTORSIVO","2"
"01/04/2004","19","CAUCA","19001","POPAYAN","ARTICULO 168. SECUESTRO SIMPLE","1"
"01/04/2004","05","ANTIOQUIA","05368","JERICO","ARTICULO 169. SECUESTRO EXTORSIVO","1"
"01/04/2004","19","CAUCA","19256","EL TAMBO","ARTICULO 169. SECUESTRO EXTORSIVO","1"
"01/04/2004","50","META","50223","CUBARRAL","ARTICULO 168. SECUESTRO SIMPLE","1"
"01/04/2004","97","VAUPES","97001","MITU","ARTICULO 169. SECUESTRO EXTORSIVO","1"
"01/04/2004","81","ARAUCA","81794","TAME","ARTICULO 169. SECUESTRO EXTORSIVO","1"
"30/03/2004","05","ANTIOQUIA","05088","BELLO","ARTICULO 168. SECUESTRO SIMPLE","1"
"30/03/2004","68","SANTANDER","68855","VALLE DE SAN JOSE","ARTICULO 169. SECUESTRO EXTORSIVO","1"
"30/03/2004","05","ANTIOQUIA","05234","DABEIBA","ARTICULO 169. SECUESTRO EXTORSIVO","1"
"30/03/2004","05","ANTIOQUIA","05234","DABEIBA","ARTICULO 169. SECUESTRO EXTORSIVO","1"
"30/03/2004","05","ANTIOQUIA","05134","CAMPAMENTO","ARTICULO 169. SECUESTRO EXTORSIVO","1"
"30/03/2004","05","ANTIOQUIA","05647","SAN ANDRES DE CUERQUIA","ARTICULO 169. SECUESTRO EXTORSIVO","1"
"28/03/2004","05","ANTIOQUIA","05861","VENECIA","ARTICULO 168. SECUESTRO SIMPLE","1"
"27/03/2004","11","BOGOTA D.C.","11001","BOGOTA D.C.","ARTICULO 168. SECUESTRO SIMPLE","1"
"27/03/2004","11","BOGOTA D.C.","11001","BOGOTA D.C.","ARTICULO 169. SECUESTRO EXTORSIVO","1"
"27/03/2004","05","ANTIOQUIA","05887","YARUMAL","ARTICULO 168. SECUESTRO SIMPLE","1"
"27/03/2004","05","ANTIOQUIA","05887","YARUMAL","ARTICULO 169. SECUESTRO EXTORSIVO","1"
"26/03/2004","85","CASANARE","85125","HATO COROZAL","ARTICULO 169. SECUESTRO EXTORSIVO","1"
"26/03/2004","27","CHOCO","27025","ALTO BAUDO","ARTICULO 169. SECUESTRO EXTORSIVO","1"
"26/03/2004","27","CHOCO","27025","ALTO BAUDO","ARTICULO 169. SECUESTRO EXTORSIVO","1"
"26/03/2004","19","CAUCA","19807","TIMBIO","ARTICULO 168. SECUESTRO SIMPLE","1"
"26/03/2004","27","CHOCO","27025","ALTO BAUDO","ARTICULO 169. SECUESTRO EXTORSIVO","1"
"26/03/2004","27","CHOCO","27025","ALTO BAUDO","ARTICULO 169. SECUESTRO EXTORSIVO","1"
"25/03/2004","76","VALLE DEL CAUCA","76109","BUENAVENTURA","ARTICULO 168. SECUESTRO SIMPLE","1"
"25/03/2004","13","BOLIVAR","13838","TURBANA","ARTICULO 169. SECUESTRO EXTORSIVO","1"
"25/03/2004","76","VALLE DEL CAUCA","76109","BUENAVENTURA","ARTICULO 168. SECUESTRO SIMPLE","1"
"25/03/2004","19","CAUCA","19455","MIRANDA","ARTICULO 169. SECUESTRO EXTORSIVO","1"
"25/03/2004","19","CAUCA","19455","MIRANDA","ARTICULO 169. SECUESTRO EXTORSIVO","1"
"25/03/2004","19","CAUCA","19455","MIRANDA","ARTICULO 169. SECUESTRO EXTORSIVO","1"
"24/03/2004","47","MAGDALENA","47001","SANTA MARTA","ARTICULO 168. SECUESTRO SIMPLE","1"
"24/03/2004","11","BOGOTA D.C.","11001","BOGOTA D.C.","ARTICULO 168. SECUESTRO SIMPLE","1"
"24/03/2004","11","BOGOTA D.C.","11001","BOGOTA D.C.","ARTICULO 169. SECUESTRO EXTORSIVO","1"
"23/03/2004","05","ANTIOQUIA","05101","CIUDAD BOLIVAR","ARTICULO 168. SECUESTRO SIMPLE","1"
"23/03/2004","44","LA GUAJIRA","44430","MAICAO","ARTICULO 169. SECUESTRO EXTORSIVO","1"
"23/03/2004","44","LA GUAJIRA","44430","MAICAO","ARTICULO 169. SECUESTRO EXTORSIVO","1"
"22/03/2004","54","NORTE DE SANTANDER","54001","CUCUTA","ARTICULO 168. SECUESTRO SIMPLE","1"
"22/03/2004","25","CUNDINAMARCA","25175","CHIA","ARTICULO 168. SECUESTRO SIMPLE","1"
"22/03/2004","25","CUNDINAMARCA","25386","LA MESA","ARTICULO 169. SECUESTRO EXTORSIVO","1"
"22/03/2004","25","CUNDINAMARCA","25386","LA MESA","ARTICULO 169. SECUESTRO EXTORSIVO","1"
"22/03/2004","25","CUNDINAMARCA","25386","LA MESA","ARTICULO 169. SECUESTRO EXTORSIVO","1"
"21/03/2004","52","NARIÑO","52356","IPIALES","ARTICULO 168. SECUESTRO SIMPLE","1"
"21/03/2004","52","NARIÑO","52356","IPIALES","ARTICULO 168. SECUESTRO SIMPLE","1"
"21/03/2004","11","BOGOTA D.C.","11001","BOGOTA D.C.","ARTICULO 169. SECUESTRO EXTORSIVO","1"
"20/03/2004","20","CESAR","20001","VALLEDUPAR","ARTICULO 168. SECUESTRO SIMPLE","1"
"20/03/2004","20","CESAR","20013","AGUSTIN CODAZZI","ARTICULO 168. SECUESTRO SIMPLE","1"
"20/03/2004","19","CAUCA","19001","POPAYAN","ARTICULO 168. SECUESTRO SIMPLE","1"
"20/03/2004","70","SUCRE","70820","SANTIAGO DE TOLU","ARTICULO 169. SECUESTRO EXTORSIVO","1"
"20/03/2004","05","ANTIOQUIA","05120","CACERES","ARTICULO 169. SECUESTRO EXTORSIVO","1"
"19/03/2004","73","TOLIMA","73555","PLANADAS","ARTICULO 169. SECUESTRO EXTORSIVO","1"
"18/03/2004","50","META","50001","VILLAVICENCIO","ARTICULO 168. SECUESTRO SIMPLE","1"
"18/03/2004","13","BOLIVAR","13458","MONTECRISTO","ARTICULO 169. SECUESTRO EXTORSIVO","1"
"18/03/2004","13","BOLIVAR","13458","MONTECRISTO","ARTICULO 169. SECUESTRO EXTORSIVO","1"
"18/03/2004","13","BOLIVAR","13458","MONTECRISTO","ARTICULO 169. SECUESTRO EXTORSIVO","1"
"18/03/2004","13","BOLIVAR","13458","MONTECRISTO","ARTICULO 169. SECUESTRO EXTORSIVO","1"
"18/03/2004","13","BOLIVAR","13458","MONTECRISTO","ARTICULO 169. SECUESTRO EXTORSIVO","1"
"18/03/2004","13","BOLIVAR","13458","MONTECRISTO","ARTICULO 169. SECUESTRO EXTORSIVO","1"
"18/03/2004","13","BOLIVAR","13458","MONTECRISTO","ARTICULO 169. SECUESTRO EXTORSIVO","1"
"18/03/2004","25","CUNDINAMARCA","25743","SILVANIA","ARTICULO 168. SECUESTRO SIMPLE","1"
"18/03/2004","25","CUNDINAMARCA","25845","UNE","ARTICULO 169. SECUESTRO EXTORSIVO","1"
"17/03/2004","20","CESAR","20011","AGUACHICA","ARTICULO 169. SECUESTRO EXTORSIVO","1"
"17/03/2004","11","BOGOTA D.C.","11001","BOGOTA D.C.","ARTICULO 168. SECUESTRO SIMPLE","1"
"17/03/2004","05","ANTIOQUIA","05887","YARUMAL","ARTICULO 168. SECUESTRO SIMPLE","1"
"17/03/2004","05","ANTIOQUIA","05686","SANTA ROSA DE OSOS","ARTICULO 168. SECUESTRO SIMPLE","1"
"17/03/2004","41","HUILA","41349","HOBO","ARTICULO 169. SECUESTRO EXTORSIVO","1"
"17/03/2004","50","META","50313","GRANADA","ARTICULO 169. SECUESTRO EXTORSIVO","1"
"17/03/2004","05","ANTIOQUIA","05125","CAICEDO","ARTICULO 169. SECUESTRO EXTORSIVO","1"
"17/03/2004","05","ANTIOQUIA","05125","CAICEDO","ARTICULO 169. SECUESTRO EXTORSIVO","1"
"16/03/2004","70","SUCRE","70001","SINCELEJO","ARTICULO 168. SECUESTRO SIMPLE","1"
"16/03/2004","05","ANTIOQUIA","05847","URRAO","ARTICULO 169. SECUESTRO EXTORSIVO","1"
"15/03/2004","05","ANTIOQUIA","05001","MEDELLIN","ARTICULO 169. SECUESTRO EXTORSIVO","1"
"15/03/2004","11","BOGOTA D.C.","11001","BOGOTA D.C.","ARTICULO 168. SECUESTRO SIMPLE","1"
"15/03/2004","11","BOGOTA D.C.","11001","BOGOTA D.C.","ARTICULO 168. SECUESTRO SIMPLE","1"
"15/03/2004","05","ANTIOQUIA","05120","CACERES","ARTICULO 169. SECUESTRO EXTORSIVO","1"
"15/03/2004","05","ANTIOQUIA","05004","ABRIAQUI","ARTICULO 169. SECUESTRO EXTORSIVO","1"
"14/03/2004","50","META","50711","VISTAHERMOSA","ARTICULO 169. SECUESTRO EXTORSIVO","1"
"14/03/2004","52","NARIÑO","52001","PASTO","ARTICULO 168. SECUESTRO SIMPLE","1"
"14/03/2004","19","CAUCA","19001","POPAYAN","ARTICULO 169. SECUESTRO EXTORSIVO","1"
"13/03/2004","41","HUILA","41396","LA PLATA","ARTICULO 168. SECUESTRO SIMPLE","1"
"13/03/2004","25","CUNDINAMARCA","25307","GIRARDOT","ARTICULO 169. SECUESTRO EXTORSIVO","1"
"13/03/2004","41","HUILA","41396","LA PLATA","ARTICULO 168. SECUESTRO SIMPLE","1"
"13/03/2004","68","SANTANDER","68615","RIONEGRO","ARTICULO 168. SECUESTRO SIMPLE","1"
"13/03/2004","50","META","50001","VILLAVICENCIO","ARTICULO 168. SECUESTRO SIMPLE","1"
"13/03/2004","76","VALLE DEL CAUCA","76616","RIOFRIO","ARTICULO 169. SECUESTRO EXTORSIVO","1"
"13/03/2004","05","ANTIOQUIA","05093","BETULIA","ARTICULO 168. SECUESTRO SIMPLE","1"
"12/03/2004","44","LA GUAJIRA","44855","URUMITA","ARTICULO 168. SECUESTRO SIMPLE","1"
"12/03/2004","44","LA GUAJIRA","44855","URUMITA","ARTICULO 169. SECUESTRO EXTORSIVO","1"
"12/03/2004","44","LA GUAJIRA","44855","URUMITA","ARTICULO 168. SECUESTRO SIMPLE","1"
"12/03/2004","44","LA GUAJIRA","44855","URUMITA","ARTICULO 168. SECUESTRO SIMPLE","1"
"12/03/2004","76","VALLE DEL CAUCA","76001","CALI","ARTICULO 168. SECUESTRO SIMPLE","1"
"12/03/2004","11","BOGOTA D.C.","11001","BOGOTA D.C.","ARTICULO 168. SECUESTRO SIMPLE","1"
"12/03/2004","05","ANTIOQUIA","05736","SEGOVIA","ARTICULO 169. SECUESTRO EXTORSIVO","1"
"11/03/2004","11","BOGOTA D.C.","11001","BOGOTA D.C.","ARTICULO 168. SECUESTRO SIMPLE","1"
"11/03/2004","05","ANTIOQUIA","05679","SANTA BARBARA","ARTICULO 168. SECUESTRO SIMPLE","1"
"11/03/2004","47","MAGDALENA","47001","SANTA MARTA","ARTICULO 168. SECUESTRO SIMPLE","1"
"11/03/2004","05","ANTIOQUIA","05679","SANTA BARBARA","ARTICULO 168. SECUESTRO SIMPLE","1"
"10/03/2004","81","ARAUCA","81001","ARAUCA","ARTICULO 168. SECUESTRO SIMPLE","1"
"10/03/2004","81","ARAUCA","81001","ARAUCA","ARTICULO 168. SECUESTRO SIMPLE","1"
"10/03/2004","76","VALLE DEL CAUCA","76109","BUENAVENTURA","ARTICULO 168. SECUESTRO SIMPLE","1"
"10/03/2004","76","VALLE DEL CAUCA","76109","BUENAVENTURA","ARTICULO 168. SECUESTRO SIMPLE","1"
"10/03/2004","76","VALLE DEL CAUCA","76109","BUENAVENTURA","ARTICULO 168. SECUESTRO SIMPLE","1"
"10/03/2004","50","META","50006","ACACIAS","ARTICULO 168. SECUESTRO SIMPLE","1"
"10/03/2004","50","META","50001","VILLAVICENCIO","ARTICULO 169. SECUESTRO EXTORSIVO","1"
"10/03/2004","18","CAQUETA","18592","PUERTO RICO","ARTICULO 169. SECUESTRO EXTORSIVO","1"
"10/03/2004","76","VALLE DEL CAUCA","76109","BUENAVENTURA","ARTICULO 169. SECUESTRO EXTORSIVO","1"
"10/03/2004","76","VALLE DEL CAUCA","76109","BUENAVENTURA","ARTICULO 169. SECUESTRO EXTORSIVO","1"
"09/03/2004","73","TOLIMA","73268","ESPINAL","ARTICULO 168. SECUESTRO SIMPLE","1"
"09/03/2004","05","ANTIOQUIA","05001","MEDELLIN","ARTICULO 168. SECUESTRO SIMPLE","1"
"09/03/2004","50","META","50350","LA MACARENA","ARTICULO 168. SECUESTRO SIMPLE","1"
"09/03/2004","05","ANTIOQUIA","05001","MEDELLIN","ARTICULO 169. SECUESTRO EXTORSIVO","1"
"09/03/2004","05","ANTIOQUIA","05001","MEDELLIN","ARTICULO 168. SECUESTRO SIMPLE","1"
"09/03/2004","05","ANTIOQUIA","05001","MEDELLIN","ARTICULO 168. SECUESTRO SIMPLE","1"
"09/03/2004","73","TOLIMA","73268","ESPINAL","ARTICULO 168. SECUESTRO SIMPLE","1"
"08/03/2004","25","CUNDINAMARCA","25290","FUSAGASUGA","ARTICULO 169. SECUESTRO EXTORSIVO","1"
"08/03/2004","19","CAUCA","19001","POPAYAN","ARTICULO 168. SECUESTRO SIMPLE","1"
"08/03/2004","19","CAUCA","19698","SANTANDER DE QUILICHAO","ARTICULO 168. SECUESTRO SIMPLE","1"
"08/03/2004","41","HUILA","41001","NEIVA","ARTICULO 168. SECUESTRO SIMPLE","1"
"07/03/2004","05","ANTIOQUIA","05001","MEDELLIN","ARTICULO 169. SECUESTRO EXTORSIVO","2"
"06/03/2004","05","ANTIOQUIA","05789","TAMESIS","ARTICULO 169. SECUESTRO EXTORSIVO","1"
"06/03/2004","54","NORTE DE SANTANDER","54498","OCAÑA","ARTICULO 169. SECUESTRO EXTORSIVO","1"
"06/03/2004","05","ANTIOQUIA","05138","CAÑASGORDAS","ARTICULO 169. SECUESTRO EXTORSIVO","1"
"06/03/2004","13","BOLIVAR","13430","MAGANGUE","ARTICULO 169. SECUESTRO EXTORSIVO","1"
"05/03/2004","70","SUCRE","70670","SAMPUES","ARTICULO 168. SECUESTRO SIMPLE","1"
"05/03/2004","15","BOYACA","15491","NOBSA","ARTICULO 168. SECUESTRO SIMPLE","1"
"04/03/2004","13","BOLIVAR","13244","EL CARMEN DE BOLIVAR","ARTICULO 169. SECUESTRO EXTORSIVO","1"
"04/03/2004","13","BOLIVAR","13244","EL CARMEN DE BOLIVAR","ARTICULO 169. SECUESTRO EXTORSIVO","1"
"04/03/2004","05","ANTIOQUIA","05315","GUADALUPE","ARTICULO 168. SECUESTRO SIMPLE","1"
"04/03/2004","44","LA GUAJIRA","44001","RIOHACHA","ARTICULO 168. SECUESTRO SIMPLE","1"
"02/03/2004","70","SUCRE","70418","LOS PALMITOS","ARTICULO 168. SECUESTRO SIMPLE","1"
"02/03/2004","13","BOLIVAR","13442","MARIA LA BAJA","ARTICULO 169. SECUESTRO EXTORSIVO","1"
"02/03/2004","47","MAGDALENA","47001","SANTA MARTA","ARTICULO 168. SECUESTRO SIMPLE","1"
"01/03/2004","13","BOLIVAR","13001","CARTAGENA DE INDIAS","ARTICULO 168. SECUESTRO SIMPLE","1"
"01/03/2004","11","BOGOTA D.C.","11001","BOGOTA D.C.","ARTICULO 168. SECUESTRO SIMPLE","1"
"01/03/2004","27","CHOCO","27025","ALTO BAUDO","ARTICULO 168. SECUESTRO SIMPLE","1"
"01/03/2004","05","ANTIOQUIA","05674","SAN VICENTE FERRER","ARTICULO 168. SECUESTRO SIMPLE","1"
"29/02/2004","54","NORTE DE SANTANDER","54001","CUCUTA","ARTICULO 168. SECUESTRO SIMPLE","1"
"29/02/2004","11","BOGOTA D.C.","11001","BOGOTA D.C.","ARTICULO 169. SECUESTRO EXTORSIVO","1"
"28/02/2004","19","CAUCA","19137","CALDONO","ARTICULO 169. SECUESTRO EXTORSIVO","1"
"28/02/2004","68","SANTANDER","68001","BUCARAMANGA","ARTICULO 168. SECUESTRO SIMPLE","1"
"28/02/2004","20","CESAR","20443","MANAURE BALCON DEL CESAR","ARTICULO 169. SECUESTRO EXTORSIVO","1"
"28/02/2004","19","CAUCA","19001","POPAYAN","ARTICULO 168. SECUESTRO SIMPLE","1"
"28/02/2004","68","SANTANDER","68406","LEBRIJA","ARTICULO 168. SECUESTRO SIMPLE","1"
"27/02/2004","05","ANTIOQUIA","05145","CARAMANTA","ARTICULO 168. SECUESTRO SIMPLE","1"
"27/02/2004","11","BOGOTA D.C.","11001","BOGOTA D.C.","ARTICULO 168. SECUESTRO SIMPLE","1"
"26/02/2004","20","CESAR","20517","PAILITAS","ARTICULO 169. SECUESTRO EXTORSIVO","1"
"26/02/2004","20","CESAR","20517","PAILITAS","ARTICULO 168. SECUESTRO SIMPLE","1"
"26/02/2004","52","NARIÑO","52001","PASTO","ARTICULO 168. SECUESTRO SIMPLE","1"
"26/02/2004","73","TOLIMA","73268","ESPINAL","ARTICULO 168. SECUESTRO SIMPLE","1"
"26/02/2004","11","BOGOTA D.C.","11001","BOGOTA D.C.","ARTICULO 169. SECUESTRO EXTORSIVO","1"
"26/02/2004","11","BOGOTA D.C.","11001","BOGOTA D.C.","ARTICULO 169. SECUESTRO EXTORSIVO","1"
"26/02/2004","50","META","50001","VILLAVICENCIO","ARTICULO 168. SECUESTRO SIMPLE","1"
"25/02/2004","70","SUCRE","70670","SAMPUES","ARTICULO 168. SECUESTRO SIMPLE","1"
"25/02/2004","73","TOLIMA","73443","SAN SEBASTIAN DE MARIQUITA","ARTICULO 168. SECUESTRO SIMPLE","1"
"25/02/2004","11","BOGOTA D.C.","11001","BOGOTA D.C.","ARTICULO 168. SECUESTRO SIMPLE","1"
"24/02/2004","44","LA GUAJIRA","44001","RIOHACHA","ARTICULO 168. SECUESTRO SIMPLE","1"
"24/02/2004","68","SANTANDER","68001","BUCARAMANGA","ARTICULO 168. SECUESTRO SIMPLE","1"
"24/02/2004","41","HUILA","41001","NEIVA","ARTICULO 169. SECUESTRO EXTORSIVO","1"
"24/02/2004","41","HUILA","41001","NEIVA","ARTICULO 169. SECUESTRO EXTORSIVO","1"
"24/02/2004","41","HUILA","41001","NEIVA","ARTICULO 169. SECUESTRO EXTORSIVO","1"
"24/02/2004","41","HUILA","41001","NEIVA","ARTICULO 169. SECUESTRO EXTORSIVO","1"
"23/02/2004","18","CAQUETA","18001","FLORENCIA","ARTICULO 169. SECUESTRO EXTORSIVO","1"
"23/02/2004","54","NORTE DE SANTANDER","54001","CUCUTA","ARTICULO 168. SECUESTRO SIMPLE","1"
"23/02/2004","19","CAUCA","19001","POPAYAN","ARTICULO 168. SECUESTRO SIMPLE","1"
"23/02/2004","05","ANTIOQUIA","05660","SAN LUIS","ARTICULO 168. SECUESTRO SIMPLE","1"
"23/02/2004","05","ANTIOQUIA","05686","SANTA ROSA DE OSOS","ARTICULO 168. SECUESTRO SIMPLE","1"
"22/02/2004","20","CESAR","20400","LA JAGUA DE IBIRICO","ARTICULO 169. SECUESTRO EXTORSIVO","1"
"22/02/2004","66","RISARALDA","66045","APIA","ARTICULO 169. SECUESTRO EXTORSIVO","1"
"22/02/2004","05","ANTIOQUIA","05607","RETIRO","ARTICULO 169. SECUESTRO EXTORSIVO","1"
"21/02/2004","73","TOLIMA","73319","GUAMO","ARTICULO 169. SECUESTRO EXTORSIVO","2"
"21/02/2004","73","TOLIMA","73319","GUAMO","ARTICULO 169. SECUESTRO EXTORSIVO","1"
"21/02/2004","73","TOLIMA","73319","GUAMO","ARTICULO 169. SECUESTRO EXTORSIVO","1"
"21/02/2004","73","TOLIMA","73319","GUAMO","ARTICULO 169. SECUESTRO EXTORSIVO","1"
"21/02/2004","54","NORTE DE SANTANDER","54001","CUCUTA","ARTICULO 169. SECUESTRO EXTORSIVO","1"
"21/02/2004","54","NORTE DE SANTANDER","54001","CUCUTA","ARTICULO 169. SECUESTRO EXTORSIVO","1"
"21/02/2004","76","VALLE DEL CAUCA","76001","CALI","ARTICULO 168. SECUESTRO SIMPLE","1"
"21/02/2004","05","ANTIOQUIA","05197","COCORNA","ARTICULO 169. SECUESTRO EXTORSIVO","1"
"21/02/2004","50","META","50001","VILLAVICENCIO","ARTICULO 168. SECUESTRO SIMPLE","1"
"21/02/2004","68","SANTANDER","68655","SABANA DE TORRES","ARTICULO 168. SECUESTRO SIMPLE","1"
"21/02/2004","76","VALLE DEL CAUCA","76001","CALI","ARTICULO 169. SECUESTRO EXTORSIVO","1"
"21/02/2004","76","VALLE DEL CAUCA","76001","CALI","ARTICULO 169. SECUESTRO EXTORSIVO","1"
"21/02/2004","11","BOGOTA D.C.","11001","BOGOTA D.C.","ARTICULO 169. SECUESTRO EXTORSIVO","1"
"21/02/2004","50","META","50001","VILLAVICENCIO","ARTICULO 168. SECUESTRO SIMPLE","1"
"21/02/2004","68","SANTANDER","68655","SABANA DE TORRES","ARTICULO 168. SECUESTRO SIMPLE","1"
"21/02/2004","76","VALLE DEL CAUCA","76001","CALI","ARTICULO 169. SECUESTRO EXTORSIVO","1"
"21/02/2004","54","NORTE DE SANTANDER","54001","CUCUTA","ARTICULO 169. SECUESTRO EXTORSIVO","1"
"21/02/2004","19","CAUCA","19532","PATIA","ARTICULO 168. SECUESTRO SIMPLE","3"
"21/02/2004","19","CAUCA","19532","PATIA","ARTICULO 168. SECUESTRO SIMPLE","1"
"20/02/2004","47","MAGDALENA","47288","FUNDACION","ARTICULO 168. SECUESTRO SIMPLE","1"
"20/02/2004","47","MAGDALENA","47288","FUNDACION","ARTICULO 168. SECUESTRO SIMPLE","1"
"20/02/2004","11","BOGOTA D.C.","11001","BOGOTA D.C.","ARTICULO 168. SECUESTRO SIMPLE","1"
"20/02/2004","08","ATLANTICO","08001","BARRANQUILLA","ARTICULO 168. SECUESTRO SIMPLE","1"
"20/02/2004","05","ANTIOQUIA","05055","ARGELIA","ARTICULO 169. SECUESTRO EXTORSIVO","1"
"20/02/2004","05","ANTIOQUIA","05088","BELLO","ARTICULO 169. SECUESTRO EXTORSIVO","1"
"20/02/2004","50","META","50711","VISTAHERMOSA","ARTICULO 169. SECUESTRO EXTORSIVO","1"
"19/02/2004","15","BOYACA","15897","ZETAQUIRA","ARTICULO 169. SECUESTRO EXTORSIVO","1"
"19/02/2004","17","CALDAS","17001","MANIZALES","ARTICULO 169. SECUESTRO EXTORSIVO","1"
"19/02/2004","05","ANTIOQUIA","05579","PUERTO BERRIO","ARTICULO 168. SECUESTRO SIMPLE","1"
"18/02/2004","20","CESAR","20011","AGUACHICA","ARTICULO 169. SECUESTRO EXTORSIVO","1"
"18/02/2004","15","BOYACA","15518","PAJARITO","ARTICULO 169. SECUESTRO EXTORSIVO","1"
"18/02/2004","52","NARIÑO","52356","IPIALES","ARTICULO 168. SECUESTRO SIMPLE","1"
"18/02/2004","11","BOGOTA D.C.","11001","BOGOTA D.C.","ARTICULO 168. SECUESTRO SIMPLE","1"
"18/02/2004","52","NARIÑO","52356","IPIALES","ARTICULO 168. SECUESTRO SIMPLE","1"
"18/02/2004","52","NARIÑO","52356","IPIALES","ARTICULO 168. SECUESTRO SIMPLE","1"
"17/02/2004","11","BOGOTA D.C.","11001","BOGOTA D.C.","ARTICULO 169. SECUESTRO EXTORSIVO","1"
"17/02/2004","41","HUILA","41668","SAN AGUSTIN","ARTICULO 168. SECUESTRO SIMPLE","1"
"17/02/2004","19","CAUCA","19760","SOTARA PAISPAMBA","ARTICULO 169. SECUESTRO EXTORSIVO","1"
"17/02/2004","41","HUILA","41359","ISNOS","ARTICULO 169. SECUESTRO EXTORSIVO","1"
"16/02/2004","54","NORTE DE SANTANDER","54344","HACARI","ARTICULO 169. SECUESTRO EXTORSIVO","1"
"16/02/2004","66","RISARALDA","66001","PEREIRA","ARTICULO 169. SECUESTRO EXTORSIVO","1"
"16/02/2004","11","BOGOTA D.C.","11001","BOGOTA D.C.","ARTICULO 168. SECUESTRO SIMPLE","1"
"16/02/2004","76","VALLE DEL CAUCA","76616","RIOFRIO","ARTICULO 169. SECUESTRO EXTORSIVO","1"
"16/02/2004","73","TOLIMA","73217","COYAIMA","ARTICULO 169. SECUESTRO EXTORSIVO","1"
"15/02/2004","73","TOLIMA","73268","ESPINAL","ARTICULO 168. SECUESTRO SIMPLE","1"
"15/02/2004","05","ANTIOQUIA","05306","GIRALDO","ARTICULO 169. SECUESTRO EXTORSIVO","1"
"15/02/2004","68","SANTANDER","68780","SURATA","ARTICULO 168. SECUESTRO SIMPLE","2"
"15/02/2004","54","NORTE DE SANTANDER","54172","CHINACOTA","ARTICULO 169. SECUESTRO EXTORSIVO","1"
"15/02/2004","73","TOLIMA","73001","IBAGUE","ARTICULO 168. SECUESTRO SIMPLE","1"
"14/02/2004","54","NORTE DE SANTANDER","54245","EL CARMEN","ARTICULO 169. SECUESTRO EXTORSIVO","1"
"14/02/2004","50","META","50001","VILLAVICENCIO","ARTICULO 168. SECUESTRO SIMPLE","1"
"13/02/2004","20","CESAR","20238","EL COPEY","ARTICULO 168. SECUESTRO SIMPLE","1"
"13/02/2004","20","CESAR","20238","EL COPEY","ARTICULO 168. SECUESTRO SIMPLE","1"
"13/02/2004","66","RISARALDA","66001","PEREIRA","ARTICULO 169. SECUESTRO EXTORSIVO","1"
"13/02/2004","66","RISARALDA","66001","PEREIRA","ARTICULO 169. SECUESTRO EXTORSIVO","1"
"13/02/2004","66","RISARALDA","66001","PEREIRA","ARTICULO 169. SECUESTRO EXTORSIVO","1"
"13/02/2004","11","BOGOTA D.C.","11001","BOGOTA D.C.","ARTICULO 168. SECUESTRO SIMPLE","1"
"13/02/2004","50","META","50577","PUERTO LLERAS","ARTICULO 168. SECUESTRO SIMPLE","1"
"13/02/2004","50","META","50577","PUERTO LLERAS","ARTICULO 168. SECUESTRO SIMPLE","1"
"13/02/2004","19","CAUCA","19698","SANTANDER DE QUILICHAO","ARTICULO 168. SECUESTRO SIMPLE","1"
"13/02/2004","47","MAGDALENA","47001","SANTA MARTA","ARTICULO 168. SECUESTRO SIMPLE","1"
"13/02/2004","47","MAGDALENA","47001","SANTA MARTA","ARTICULO 168. SECUESTRO SIMPLE","1"
"12/02/2004","47","MAGDALENA","47555","PLATO","ARTICULO 169. SECUESTRO EXTORSIVO","1"
"12/02/2004","50","META","50150","CASTILLA LA NUEVA","ARTICULO 168. SECUESTRO SIMPLE","1"
"12/02/2004","19","CAUCA","19137","CALDONO","ARTICULO 168. SECUESTRO SIMPLE","1"
"12/02/2004","19","CAUCA","19137","CALDONO","ARTICULO 168. SECUESTRO SIMPLE","1"
"11/02/2004","23","CORDOBA","23001","MONTERIA","ARTICULO 168. SECUESTRO SIMPLE","1"
"11/02/2004","47","MAGDALENA","47001","SANTA MARTA","ARTICULO 168. SECUESTRO SIMPLE","1"
"11/02/2004","50","META","50110","BARRANCA DE UPIA","ARTICULO 168. SECUESTRO SIMPLE","1"
"10/02/2004","50","META","50001","VILLAVICENCIO","ARTICULO 168. SECUESTRO SIMPLE","1"
"10/02/2004","23","CORDOBA","23570","PUEBLO NUEVO","ARTICULO 168. SECUESTRO SIMPLE","1"
"10/02/2004","66","RISARALDA","66594","QUINCHIA","ARTICULO 169. SECUESTRO EXTORSIVO","1"
"10/02/2004","76","VALLE DEL CAUCA","76130","CANDELARIA","ARTICULO 168. SECUESTRO SIMPLE","1"
"10/02/2004","47","MAGDALENA","47001","SANTA MARTA","ARTICULO 168. SECUESTRO SIMPLE","1"
"09/02/2004","70","SUCRE","70001","SINCELEJO","ARTICULO 168. SECUESTRO SIMPLE","1"
"09/02/2004","05","ANTIOQUIA","05125","CAICEDO","ARTICULO 169. SECUESTRO EXTORSIVO","1"
"09/02/2004","47","MAGDALENA","47245","EL BANCO","ARTICULO 168. SECUESTRO SIMPLE","1"
"09/02/2004","19","CAUCA","19585","PURACE","ARTICULO 169. SECUESTRO EXTORSIVO","1"
"08/02/2004","20","CESAR","20383","LA GLORIA","ARTICULO 169. SECUESTRO EXTORSIVO","1"
"08/02/2004","05","ANTIOQUIA","05001","MEDELLIN","ARTICULO 169. SECUESTRO EXTORSIVO","1"
"08/02/2004","13","BOLIVAR","13052","ARJONA","ARTICULO 169. SECUESTRO EXTORSIVO","1"
"08/02/2004","41","HUILA","41001","NEIVA","ARTICULO 169. SECUESTRO EXTORSIVO","2"
"08/02/2004","41","HUILA","41001","NEIVA","ARTICULO 169. SECUESTRO EXTORSIVO","1"
"07/02/2004","50","META","50001","VILLAVICENCIO","ARTICULO 168. SECUESTRO SIMPLE","1"
"06/02/2004","20","CESAR","20001","VALLEDUPAR","ARTICULO 169. SECUESTRO EXTORSIVO","1"
"06/02/2004","66","RISARALDA","66682","SANTA ROSA DE CABAL","ARTICULO 169. SECUESTRO EXTORSIVO","1"
"06/02/2004","20","CESAR","20001","VALLEDUPAR","ARTICULO 169. SECUESTRO EXTORSIVO","1"
"06/02/2004","11","BOGOTA D.C.","11001","BOGOTA D.C.","ARTICULO 168. SECUESTRO SIMPLE","1"
"05/02/2004","05","ANTIOQUIA","05615","RIONEGRO","ARTICULO 168. SECUESTRO SIMPLE","1"
"05/02/2004","18","CAQUETA","18001","FLORENCIA","ARTICULO 169. SECUESTRO EXTORSIVO","1"
"05/02/2004","18","CAQUETA","18001","FLORENCIA","ARTICULO 169. SECUESTRO EXTORSIVO","1"
"05/02/2004","73","TOLIMA","73001","IBAGUE","ARTICULO 169. SECUESTRO EXTORSIVO","1"
"05/02/2004","11","BOGOTA D.C.","11001","BOGOTA D.C.","ARTICULO 168. SECUESTRO SIMPLE","1"
"05/02/2004","11","BOGOTA D.C.","11001","BOGOTA D.C.","ARTICULO 168. SECUESTRO SIMPLE","1"
"05/02/2004","19","CAUCA","19760","SOTARA PAISPAMBA","ARTICULO 169. SECUESTRO EXTORSIVO","1"
"04/02/2004","63","QUINDIO","63690","SALENTO","ARTICULO 169. SECUESTRO EXTORSIVO","1"
"04/02/2004","05","ANTIOQUIA","05001","MEDELLIN","ARTICULO 168. SECUESTRO SIMPLE","1"
"04/02/2004","11","BOGOTA D.C.","11001","BOGOTA D.C.","ARTICULO 168. SECUESTRO SIMPLE","1"
"03/02/2004","70","SUCRE","70820","SANTIAGO DE TOLU","ARTICULO 168. SECUESTRO SIMPLE","1"
"03/02/2004","05","ANTIOQUIA","05318","GUARNE","ARTICULO 168. SECUESTRO SIMPLE","1"
"02/02/2004","25","CUNDINAMARCA","25873","VILLAPINZON","ARTICULO 169. SECUESTRO EXTORSIVO","1"
"02/02/2004","68","SANTANDER","68001","BUCARAMANGA","ARTICULO 168. SECUESTRO SIMPLE","1"
"02/02/2004","50","META","50226","CUMARAL","ARTICULO 168. SECUESTRO SIMPLE","1"
"02/02/2004","11","BOGOTA D.C.","11001","BOGOTA D.C.","ARTICULO 168. SECUESTRO SIMPLE","1"
"02/02/2004","85","CASANARE","85139","MANI","ARTICULO 169. SECUESTRO EXTORSIVO","1"
"01/02/2004","05","ANTIOQUIA","05425","MACEO","ARTICULO 168. SECUESTRO SIMPLE","1"
"01/02/2004","05","ANTIOQUIA","05425","MACEO","ARTICULO 168. SECUESTRO SIMPLE","1"
"01/02/2004","20","CESAR","20013","AGUSTIN CODAZZI","ARTICULO 169. SECUESTRO EXTORSIVO","1"
"01/02/2004","11","BOGOTA D.C.","11001","BOGOTA D.C.","ARTICULO 168. SECUESTRO SIMPLE","1"
"01/02/2004","11","BOGOTA D.C.","11001","BOGOTA D.C.","ARTICULO 169. SECUESTRO EXTORSIVO","1"
"01/02/2004","11","BOGOTA D.C.","11001","BOGOTA D.C.","ARTICULO 168. SECUESTRO SIMPLE","1"
"31/01/2004","50","META","50001","VILLAVICENCIO","ARTICULO 168. SECUESTRO SIMPLE","1"
"31/01/2004","50","META","50573","PUERTO LOPEZ","ARTICULO 168. SECUESTRO SIMPLE","1"
"31/01/2004","41","HUILA","41396","LA PLATA","ARTICULO 169. SECUESTRO EXTORSIVO","1"
"31/01/2004","19","CAUCA","19698","SANTANDER DE QUILICHAO","ARTICULO 169. SECUESTRO EXTORSIVO","1"
"30/01/2004","85","CASANARE","85139","MANI","ARTICULO 169. SECUESTRO EXTORSIVO","1"
"30/01/2004","11","BOGOTA D.C.","11001","BOGOTA D.C.","ARTICULO 168. SECUESTRO SIMPLE","1"
"30/01/2004","18","CAQUETA","18001","FLORENCIA","ARTICULO 169. SECUESTRO EXTORSIVO","1"
"30/01/2004","05","ANTIOQUIA","05306","GIRALDO","ARTICULO 169. SECUESTRO EXTORSIVO","1"
"30/01/2004","05","ANTIOQUIA","05306","GIRALDO","ARTICULO 169. SECUESTRO EXTORSIVO","1"
"29/01/2004","73","TOLIMA","73671","SALDAÑA","ARTICULO 169. SECUESTRO EXTORSIVO","1"
"29/01/2004","73","TOLIMA","73671","SALDAÑA","ARTICULO 169. SECUESTRO EXTORSIVO","1"
"29/01/2004","70","SUCRE","70508","OVEJAS","ARTICULO 169. SECUESTRO EXTORSIVO","1"
"29/01/2004","70","SUCRE","70508","OVEJAS","ARTICULO 169. SECUESTRO EXTORSIVO","1"
"29/01/2004","68","SANTANDER","68001","BUCARAMANGA","ARTICULO 168. SECUESTRO SIMPLE","2"
"28/01/2004","68","SANTANDER","68001","BUCARAMANGA","ARTICULO 168. SECUESTRO SIMPLE","1"
"28/01/2004","70","SUCRE","70110","BUENAVISTA","ARTICULO 168. SECUESTRO SIMPLE","1"
"28/01/2004","86","PUTUMAYO","86568","PUERTO ASIS","ARTICULO 169. SECUESTRO EXTORSIVO","1"
"28/01/2004","20","CESAR","20001","VALLEDUPAR","ARTICULO 168. SECUESTRO SIMPLE","1"
"27/01/2004","13","BOLIVAR","13810","TIQUISIO","ARTICULO 169. SECUESTRO EXTORSIVO","1"
"27/01/2004","70","SUCRE","70001","SINCELEJO","ARTICULO 169. SECUESTRO EXTORSIVO","1"
"26/01/2004","17","CALDAS","17042","ANSERMA","ARTICULO 169. SECUESTRO EXTORSIVO","1"
"26/01/2004","70","SUCRE","70508","OVEJAS","ARTICULO 168. SECUESTRO SIMPLE","1"
"26/01/2004","11","BOGOTA D.C.","11001","BOGOTA D.C.","ARTICULO 168. SECUESTRO SIMPLE","1"
"26/01/2004","70","SUCRE","70508","OVEJAS","ARTICULO 168. SECUESTRO SIMPLE","1"
"26/01/2004","70","SUCRE","70508","OVEJAS","ARTICULO 168. SECUESTRO SIMPLE","1"
"26/01/2004","11","BOGOTA D.C.","11001","BOGOTA D.C.","ARTICULO 168. SECUESTRO SIMPLE","1"
"25/01/2004","44","LA GUAJIRA","44847","URIBIA","ARTICULO 168. SECUESTRO SIMPLE","1"
"25/01/2004","05","ANTIOQUIA","05390","LA PINTADA","ARTICULO 168. SECUESTRO SIMPLE","1"
"25/01/2004","05","ANTIOQUIA","05390","LA PINTADA","ARTICULO 168. SECUESTRO SIMPLE","1"
"25/01/2004","68","SANTANDER","68615","RIONEGRO","ARTICULO 169. SECUESTRO EXTORSIVO","1"
"25/01/2004","05","ANTIOQUIA","05480","MUTATA","ARTICULO 169. SECUESTRO EXTORSIVO","1"
"25/01/2004","19","CAUCA","19698","SANTANDER DE QUILICHAO","ARTICULO 168. SECUESTRO SIMPLE","1"
"25/01/2004","19","CAUCA","19698","SANTANDER DE QUILICHAO","ARTICULO 168. SECUESTRO SIMPLE","1"
"24/01/2004","85","CASANARE","85440","VILLANUEVA","ARTICULO 168. SECUESTRO SIMPLE","1"
"24/01/2004","19","CAUCA","19001","POPAYAN","ARTICULO 168. SECUESTRO SIMPLE","1"
"24/01/2004","19","CAUCA","19001","POPAYAN","ARTICULO 168. SECUESTRO SIMPLE","1"
"24/01/2004","11","BOGOTA D.C.","11001","BOGOTA D.C.","ARTICULO 168. SECUESTRO SIMPLE","1"
"24/01/2004","85","CASANARE","85440","VILLANUEVA","ARTICULO 169. SECUESTRO EXTORSIVO","1"
"24/01/2004","05","ANTIOQUIA","05038","ANGOSTURA","ARTICULO 168. SECUESTRO SIMPLE","1"
"24/01/2004","05","ANTIOQUIA","05543","PEQUE","ARTICULO 169. SECUESTRO EXTORSIVO","1"
"24/01/2004","70","SUCRE","70235","GALERAS","ARTICULO 169. SECUESTRO EXTORSIVO","1"
"22/01/2004","73","TOLIMA","73449","MELGAR","ARTICULO 169. SECUESTRO EXTORSIVO","1"
"22/01/2004","95","GUAVIARE","95001","SAN JOSE DEL GUAVIARE","ARTICULO 168. SECUESTRO SIMPLE","1"
"22/01/2004","81","ARAUCA","81794","TAME","ARTICULO 169. SECUESTRO EXTORSIVO","1"
"22/01/2004","52","NARIÑO","52612","RICAURTE","ARTICULO 168. SECUESTRO SIMPLE","1"
"22/01/2004","05","ANTIOQUIA","05847","URRAO","ARTICULO 169. SECUESTRO EXTORSIVO","1"
"21/01/2004","85","CASANARE","85139","MANI","ARTICULO 169. SECUESTRO EXTORSIVO","1"
"21/01/2004","41","HUILA","41206","COLOMBIA","ARTICULO 169. SECUESTRO EXTORSIVO","2"
"21/01/2004","70","SUCRE","70233","EL ROBLE","ARTICULO 169. SECUESTRO EXTORSIVO","1"
"21/01/2004","70","SUCRE","70233","EL ROBLE","ARTICULO 169. SECUESTRO EXTORSIVO","1"
"20/01/2004","18","CAQUETA","18753","SAN VICENTE DEL CAGUAN","ARTICULO 168. SECUESTRO SIMPLE","1"
"20/01/2004","05","ANTIOQUIA","05134","CAMPAMENTO","ARTICULO 169. SECUESTRO EXTORSIVO","1"
"19/01/2004","73","TOLIMA","73001","IBAGUE","ARTICULO 168. SECUESTRO SIMPLE","1"
"18/01/2004","68","SANTANDER","68615","RIONEGRO","ARTICULO 169. SECUESTRO EXTORSIVO","1"
"18/01/2004","68","SANTANDER","68615","RIONEGRO","ARTICULO 169. SECUESTRO EXTORSIVO","1"
"18/01/2004","19","CAUCA","19001","POPAYAN","ARTICULO 169. SECUESTRO EXTORSIVO","1"
"17/01/2004","11","BOGOTA D.C.","11001","BOGOTA D.C.","ARTICULO 168. SECUESTRO SIMPLE","1"
"17/01/2004","11","BOGOTA D.C.","11001","BOGOTA D.C.","ARTICULO 169. SECUESTRO EXTORSIVO","1"
"16/01/2004","41","HUILA","41551","PITALITO","ARTICULO 168. SECUESTRO SIMPLE","1"
"16/01/2004","47","MAGDALENA","47001","SANTA MARTA","ARTICULO 168. SECUESTRO SIMPLE","2"
"16/01/2004","47","MAGDALENA","47001","SANTA MARTA","ARTICULO 168. SECUESTRO SIMPLE","1"
"16/01/2004","85","CASANARE","85125","HATO COROZAL","ARTICULO 169. SECUESTRO EXTORSIVO","1"
"16/01/2004","85","CASANARE","85125","HATO COROZAL","ARTICULO 169. SECUESTRO EXTORSIVO","1"
"16/01/2004","85","CASANARE","85125","HATO COROZAL","ARTICULO 169. SECUESTRO EXTORSIVO","1"
"15/01/2004","20","CESAR","20011","AGUACHICA","ARTICULO 169. SECUESTRO EXTORSIVO","1"
"15/01/2004","05","ANTIOQUIA","05310","GOMEZ PLATA","ARTICULO 168. SECUESTRO SIMPLE","1"
"14/01/2004","20","CESAR","20001","VALLEDUPAR","ARTICULO 169. SECUESTRO EXTORSIVO","1"
"14/01/2004","41","HUILA","41006","ACEVEDO","ARTICULO 169. SECUESTRO EXTORSIVO","1"
"14/01/2004","70","SUCRE","70001","SINCELEJO","ARTICULO 168. SECUESTRO SIMPLE","1"
"13/01/2004","47","MAGDALENA","47703","SAN ZENON","ARTICULO 168. SECUESTRO SIMPLE","1"
"13/01/2004","11","BOGOTA D.C.","11001","BOGOTA D.C.","ARTICULO 169. SECUESTRO EXTORSIVO","1"
"13/01/2004","66","RISARALDA","66594","QUINCHIA","ARTICULO 169. SECUESTRO EXTORSIVO","1"
"13/01/2004","76","VALLE DEL CAUCA","76130","CANDELARIA","ARTICULO 169. SECUESTRO EXTORSIVO","1"
"13/01/2004","25","CUNDINAMARCA","25290","FUSAGASUGA","ARTICULO 168. SECUESTRO SIMPLE","1"
"13/01/2004","76","VALLE DEL CAUCA","76130","CANDELARIA","ARTICULO 169. SECUESTRO EXTORSIVO","1"
"13/01/2004","86","PUTUMAYO","86571","PUERTO GUZMAN","ARTICULO 168. SECUESTRO SIMPLE","1"
"13/01/2004","86","PUTUMAYO","86571","PUERTO GUZMAN","ARTICULO 168. SECUESTRO SIMPLE","1"
"13/01/2004","86","PUTUMAYO","86571","PUERTO GUZMAN","ARTICULO 169. SECUESTRO EXTORSIVO","1"
"12/01/2004","85","CASANARE","85001","YOPAL","ARTICULO 169. SECUESTRO EXTORSIVO","1"
"12/01/2004","85","CASANARE","85001","YOPAL","ARTICULO 169. SECUESTRO EXTORSIVO","1"
"12/01/2004","85","CASANARE","85001","YOPAL","ARTICULO 169. SECUESTRO EXTORSIVO","1"
"12/01/2004","08","ATLANTICO","08001","BARRANQUILLA","ARTICULO 169. SECUESTRO EXTORSIVO","1"
"12/01/2004","41","HUILA","41807","TIMANA","ARTICULO 169. SECUESTRO EXTORSIVO","1"
"12/01/2004","05","ANTIOQUIA","05674","SAN VICENTE FERRER","ARTICULO 169. SECUESTRO EXTORSIVO","1"
"12/01/2004","76","VALLE DEL CAUCA","76001","CALI","ARTICULO 169. SECUESTRO EXTORSIVO","1"
"12/01/2004","08","ATLANTICO","08001","BARRANQUILLA","ARTICULO 169. SECUESTRO EXTORSIVO","1"
"11/01/2004","76","VALLE DEL CAUCA","76233","DAGUA","ARTICULO 169. SECUESTRO EXTORSIVO","1"
"10/01/2004","47","MAGDALENA","47001","SANTA MARTA","ARTICULO 168. SECUESTRO SIMPLE","1"
"10/01/2004","70","SUCRE","70820","SANTIAGO DE TOLU","ARTICULO 168. SECUESTRO SIMPLE","1"
"10/01/2004","18","CAQUETA","18001","FLORENCIA","ARTICULO 168. SECUESTRO SIMPLE","1"
"09/01/2004","86","PUTUMAYO","86568","PUERTO ASIS","ARTICULO 168. SECUESTRO SIMPLE","1"
"08/01/2004","25","CUNDINAMARCA","25175","CHIA","ARTICULO 168. SECUESTRO SIMPLE","1"
"08/01/2004","41","HUILA","41306","GIGANTE","ARTICULO 169. SECUESTRO EXTORSIVO","1"
"08/01/2004","17","CALDAS","17486","NEIRA","ARTICULO 169. SECUESTRO EXTORSIVO","1"
"08/01/2004","11","BOGOTA D.C.","11001","BOGOTA D.C.","ARTICULO 169. SECUESTRO EXTORSIVO","1"
"07/01/2004","11","BOGOTA D.C.","11001","BOGOTA D.C.","ARTICULO 169. SECUESTRO EXTORSIVO","1"
"07/01/2004","50","META","50001","VILLAVICENCIO","ARTICULO 169. SECUESTRO EXTORSIVO","1"
"07/01/2004","85","CASANARE","85250","PAZ DE ARIPORO","ARTICULO 169. SECUESTRO EXTORSIVO","1"
"06/01/2004","25","CUNDINAMARCA","25245","EL COLEGIO","ARTICULO 169. SECUESTRO EXTORSIVO","1"
"06/01/2004","05","ANTIOQUIA","05142","CARACOLI","ARTICULO 168. SECUESTRO SIMPLE","1"
"06/01/2004","11","BOGOTA D.C.","11001","BOGOTA D.C.","ARTICULO 168. SECUESTRO SIMPLE","1"
"05/01/2004","11","BOGOTA D.C.","11001","BOGOTA D.C.","ARTICULO 168. SECUESTRO SIMPLE","1"
"05/01/2004","50","META","50001","VILLAVICENCIO","ARTICULO 168. SECUESTRO SIMPLE","1"
"05/01/2004","68","SANTANDER","68001","BUCARAMANGA","ARTICULO 168. SECUESTRO SIMPLE","1"
"04/01/2004","05","ANTIOQUIA","05310","GOMEZ PLATA","ARTICULO 168. SECUESTRO SIMPLE","1"
"03/01/2004","73","TOLIMA","73001","IBAGUE","ARTICULO 168. SECUESTRO SIMPLE","1"
"01/01/2004","05","ANTIOQUIA","05001","MEDELLIN","ARTICULO 168. SECUESTRO SIMPLE","1"
"01/01/2004","41","HUILA","41319","GUADALUPE","ARTICULO 168. SECUESTRO SIMPLE","1"
"01/01/2004","68","SANTANDER","68406","LEBRIJA","ARTICULO 168. SECUESTRO SIMPLE","1"
"01/01/2004","54","NORTE DE SANTANDER","54001","CUCUTA","ARTICULO 168. SECUESTRO SIMPLE","1"
"01/01/2004","13","BOLIVAR","13430","MAGANGUE","ARTICULO 168. SECUESTRO SIMPLE","1"
"01/01/2004","05","ANTIOQUIA","05665","SAN PEDRO DE URABA","ARTICULO 169. SECUESTRO EXTORSIVO","1"
"01/01/2004","70","SUCRE","70001","SINCELEJO","ARTICULO 169. SECUESTRO EXTORSIVO","1"
"01/01/2004","54","NORTE DE SANTANDER","54001","CUCUTA","ARTICULO 168. SECUESTRO SIMPLE","1"
"01/01/2004","05","ANTIOQUIA","05308","GIRARDOTA","ARTICULO 169. SECUESTRO EXTORSIVO","1"
"30/12/2003","25","CUNDINAMARCA","25530","PARATEBUENO","ARTICULO 168. SECUESTRO SIMPLE","1"
"30/12/2003","05","ANTIOQUIA","05679","SANTA BARBARA","ARTICULO 169. SECUESTRO EXTORSIVO","1"
"30/12/2003","05","ANTIOQUIA","05679","SANTA BARBARA","ARTICULO 169. SECUESTRO EXTORSIVO","1"
"28/12/2003","52","NARIÑO","52835","SAN ANDRES DE TUMACO","ARTICULO 168. SECUESTRO SIMPLE","2"
"28/12/2003","52","NARIÑO","52835","SAN ANDRES DE TUMACO","ARTICULO 168. SECUESTRO SIMPLE","2"
"28/12/2003","52","NARIÑO","52835","SAN ANDRES DE TUMACO","ARTICULO 168. SECUESTRO SIMPLE","1"
"27/12/2003","20","CESAR","20750","SAN DIEGO","ARTICULO 169. SECUESTRO EXTORSIVO","1"
"27/12/2003","18","CAQUETA","18001","FLORENCIA","ARTICULO 168. SECUESTRO SIMPLE","1"
"26/12/2003","85","CASANARE","85001","YOPAL","ARTICULO 169. SECUESTRO EXTORSIVO","1"
"26/12/2003","85","CASANARE","85001","YOPAL","ARTICULO 169. SECUESTRO EXTORSIVO","1"
"26/12/2003","85","CASANARE","85001","YOPAL","ARTICULO 169. SECUESTRO EXTORSIVO","1"
"24/12/2003","19","CAUCA","19698","SANTANDER DE QUILICHAO","ARTICULO 169. SECUESTRO EXTORSIVO","1"
"24/12/2003","19","CAUCA","19698","SANTANDER DE QUILICHAO","ARTICULO 169. SECUESTRO EXTORSIVO","1"
"24/12/2003","19","CAUCA","19698","SANTANDER DE QUILICHAO","ARTICULO 169. SECUESTRO EXTORSIVO","1"
"24/12/2003","19","CAUCA","19698","SANTANDER DE QUILICHAO","ARTICULO 169. SECUESTRO EXTORSIVO","1"
"24/12/2003","19","CAUCA","19698","SANTANDER DE QUILICHAO","ARTICULO 169. SECUESTRO EXTORSIVO","1"
"24/12/2003","19","CAUCA","19698","SANTANDER DE QUILICHAO","ARTICULO 169. SECUESTRO EXTORSIVO","1"
"24/12/2003","05","ANTIOQUIA","05001","MEDELLIN","ARTICULO 168. SECUESTRO SIMPLE","1"
"24/12/2003","05","ANTIOQUIA","05001","MEDELLIN","ARTICULO 169. SECUESTRO EXTORSIVO","1"
"24/12/2003","52","NARIÑO","52473","MOSQUERA","ARTICULO 168. SECUESTRO SIMPLE","1"
"24/12/2003","05","ANTIOQUIA","05001","MEDELLIN","ARTICULO 169. SECUESTRO EXTORSIVO","1"
"23/12/2003","66","RISARALDA","66001","PEREIRA","ARTICULO 168. SECUESTRO SIMPLE","1"
"22/12/2003","13","BOLIVAR","13654","SAN JACINTO","ARTICULO 168. SECUESTRO SIMPLE","1"
"22/12/2003","13","BOLIVAR","13654","SAN JACINTO","ARTICULO 169. SECUESTRO EXTORSIVO","1"
"22/12/2003","25","CUNDINAMARCA","25001","AGUA DE DIOS","ARTICULO 168. SECUESTRO SIMPLE","1"
"21/12/2003","73","TOLIMA","73411","LIBANO","ARTICULO 169. SECUESTRO EXTORSIVO","1"
"21/12/2003","19","CAUCA","19001","POPAYAN","ARTICULO 168. SECUESTRO SIMPLE","1"
"21/12/2003","11","BOGOTA D.C.","11001","BOGOTA D.C.","ARTICULO 168. SECUESTRO SIMPLE","1"
"21/12/2003","05","ANTIOQUIA","05001","MEDELLIN","ARTICULO 169. SECUESTRO EXTORSIVO","1"
"20/12/2003","50","META","50568","PUERTO GAITAN","ARTICULO 169. SECUESTRO EXTORSIVO","1"
"19/12/2003","17","CALDAS","17614","RIOSUCIO","ARTICULO 169. SECUESTRO EXTORSIVO","1"
"19/12/2003","25","CUNDINAMARCA","25320","GUADUAS","ARTICULO 169. SECUESTRO EXTORSIVO","1"
"17/12/2003","70","SUCRE","70473","MORROA","ARTICULO 168. SECUESTRO SIMPLE","1"
"17/12/2003","70","SUCRE","70473","MORROA","ARTICULO 169. SECUESTRO EXTORSIVO","1"
"17/12/2003","85","CASANARE","85139","MANI","ARTICULO 169. SECUESTRO EXTORSIVO","1"
"17/12/2003","05","ANTIOQUIA","05030","AMAGA","ARTICULO 168. SECUESTRO SIMPLE","1"
"17/12/2003","05","ANTIOQUIA","05030","AMAGA","ARTICULO 168. SECUESTRO SIMPLE","1"
"17/12/2003","27","CHOCO","27001","QUIBDO","ARTICULO 169. SECUESTRO EXTORSIVO","2"
"17/12/2003","88","SAN ANDRES ISLAS","88001","SAN ANDRES","ARTICULO 169. SECUESTRO EXTORSIVO","1"
"16/12/2003","73","TOLIMA","73001","IBAGUE","ARTICULO 168. SECUESTRO SIMPLE","1"
"16/12/2003","54","NORTE DE SANTANDER","54001","CUCUTA","ARTICULO 168. SECUESTRO SIMPLE","1"
"14/12/2003","73","TOLIMA","73870","VILLAHERMOSA","ARTICULO 169. SECUESTRO EXTORSIVO","1"
"13/12/2003","20","CESAR","20011","AGUACHICA","ARTICULO 169. SECUESTRO EXTORSIVO","1"
"13/12/2003","76","VALLE DEL CAUCA","76243","EL AGUILA","ARTICULO 169. SECUESTRO EXTORSIVO","1"
"13/12/2003","76","VALLE DEL CAUCA","76243","EL AGUILA","ARTICULO 169. SECUESTRO EXTORSIVO","1"
"13/12/2003","44","LA GUAJIRA","44650","SAN JUAN DEL CESAR","ARTICULO 169. SECUESTRO EXTORSIVO","1"
"13/12/2003","63","QUINDIO","63594","QUIMBAYA","ARTICULO 169. SECUESTRO EXTORSIVO","1"
"13/12/2003","05","ANTIOQUIA","05674","SAN VICENTE FERRER","ARTICULO 169. SECUESTRO EXTORSIVO","1"
"12/12/2003","08","ATLANTICO","08001","BARRANQUILLA","ARTICULO 168. SECUESTRO SIMPLE","1"
"12/12/2003","19","CAUCA","19142","CALOTO","ARTICULO 169. SECUESTRO EXTORSIVO","1"
"12/12/2003","76","VALLE DEL CAUCA","76001","CALI","ARTICULO 169. SECUESTRO EXTORSIVO","1"
"12/12/2003","66","RISARALDA","66001","PEREIRA","ARTICULO 168. SECUESTRO SIMPLE","1"
"12/12/2003","11","BOGOTA D.C.","11001","BOGOTA D.C.","ARTICULO 168. SECUESTRO SIMPLE","1"
"12/12/2003","54","NORTE DE SANTANDER","54206","CONVENCION","ARTICULO 169. SECUESTRO EXTORSIVO","2"
"12/12/2003","54","NORTE DE SANTANDER","54206","CONVENCION","ARTICULO 168. SECUESTRO SIMPLE","1"
"12/12/2003","54","NORTE DE SANTANDER","54206","CONVENCION","ARTICULO 169. SECUESTRO EXTORSIVO","1"
"10/12/2003","05","ANTIOQUIA","05001","MEDELLIN","ARTICULO 169. SECUESTRO EXTORSIVO","1"
"08/12/2003","05","ANTIOQUIA","05480","MUTATA","ARTICULO 168. SECUESTRO SIMPLE","1"
"08/12/2003","05","ANTIOQUIA","05480","MUTATA","ARTICULO 168. SECUESTRO SIMPLE","1"
"08/12/2003","05","ANTIOQUIA","05480","MUTATA","ARTICULO 168. SECUESTRO SIMPLE","1"
"08/12/2003","15","BOYACA","15542","PESCA","ARTICULO 169. SECUESTRO EXTORSIVO","1"
"08/12/2003","05","ANTIOQUIA","05674","SAN VICENTE FERRER","ARTICULO 168. SECUESTRO SIMPLE","1"
"08/12/2003","20","CESAR","20383","LA GLORIA","ARTICULO 169. SECUESTRO EXTORSIVO","1"
"08/12/2003","20","CESAR","20383","LA GLORIA","ARTICULO 169. SECUESTRO EXTORSIVO","1"
"08/12/2003","20","CESAR","20383","LA GLORIA","ARTICULO 169. SECUESTRO EXTORSIVO","1"
"08/12/2003","66","RISARALDA","66456","MISTRATO","ARTICULO 169. SECUESTRO EXTORSIVO","1"
"08/12/2003","66","RISARALDA","66456","MISTRATO","ARTICULO 169. SECUESTRO EXTORSIVO","1"
"07/12/2003","19","CAUCA","19001","POPAYAN","ARTICULO 169. SECUESTRO EXTORSIVO","1"
"07/12/2003","52","NARIÑO","52001","PASTO","ARTICULO 169. SECUESTRO EXTORSIVO","1"
"06/12/2003","05","ANTIOQUIA","05042","SANTA FE DE ANTIOQUIA","ARTICULO 169. SECUESTRO EXTORSIVO","1"
"06/12/2003","50","META","50689","SAN MARTIN","ARTICULO 168. SECUESTRO SIMPLE","1"
"06/12/2003","63","QUINDIO","63130","CALARCA","ARTICULO 169. SECUESTRO EXTORSIVO","1"
"06/12/2003","68","SANTANDER","68001","BUCARAMANGA","ARTICULO 168. SECUESTRO SIMPLE","1"
"05/12/2003","70","SUCRE","70204","COLOSO","ARTICULO 169. SECUESTRO EXTORSIVO","1"
"05/12/2003","44","LA GUAJIRA","44430","MAICAO","ARTICULO 169. SECUESTRO EXTORSIVO","1"
"04/12/2003","50","META","50001","VILLAVICENCIO","ARTICULO 168. SECUESTRO SIMPLE","1"
"04/12/2003","27","CHOCO","27025","ALTO BAUDO","ARTICULO 169. SECUESTRO EXTORSIVO","4"
"04/12/2003","27","CHOCO","27025","ALTO BAUDO","ARTICULO 168. SECUESTRO SIMPLE","1"
"04/12/2003","27","CHOCO","27025","ALTO BAUDO","ARTICULO 169. SECUESTRO EXTORSIVO","1"
"03/12/2003","50","META","50001","VILLAVICENCIO","ARTICULO 168. SECUESTRO SIMPLE","1"
"03/12/2003","76","VALLE DEL CAUCA","76111","GUADALAJARA DE BUGA","ARTICULO 169. SECUESTRO EXTORSIVO","1"
"03/12/2003","68","SANTANDER","68081","BARRANCABERMEJA","ARTICULO 168. SECUESTRO SIMPLE","1"
"03/12/2003","52","NARIÑO","52696","SANTA BARBARA","ARTICULO 169. SECUESTRO EXTORSIVO","1"
"03/12/2003","20","CESAR","20383","LA GLORIA","ARTICULO 169. SECUESTRO EXTORSIVO","1"
"02/12/2003","68","SANTANDER","68276","FLORIDABLANCA","ARTICULO 168. SECUESTRO SIMPLE","1"
"01/12/2003","68","SANTANDER","68081","BARRANCABERMEJA","ARTICULO 169. SECUESTRO EXTORSIVO","2"
"01/12/2003","52","NARIÑO","52224","CUASPUD CARLOSAMA","ARTICULO 168. SECUESTRO SIMPLE","1"
"01/12/2003","11","BOGOTA D.C.","11001","BOGOTA D.C.","ARTICULO 169. SECUESTRO EXTORSIVO","1"
"01/12/2003","47","MAGDALENA","47001","SANTA MARTA","ARTICULO 168. SECUESTRO SIMPLE","1"
"01/12/2003","15","BOYACA","15377","LABRANZAGRANDE","ARTICULO 169. SECUESTRO EXTORSIVO","1"
"01/12/2003","50","META","50313","GRANADA","ARTICULO 168. SECUESTRO SIMPLE","1"
"01/12/2003","73","TOLIMA","73026","ALVARADO","ARTICULO 168. SECUESTRO SIMPLE","1"
"01/12/2003","85","CASANARE","85001","YOPAL","ARTICULO 168. SECUESTRO SIMPLE","1"
"01/12/2003","54","NORTE DE SANTANDER","54001","CUCUTA","ARTICULO 168. SECUESTRO SIMPLE","1"
"01/12/2003","85","CASANARE","85001","YOPAL","ARTICULO 168. SECUESTRO SIMPLE","1"
"01/12/2003","05","ANTIOQUIA","05887","YARUMAL","ARTICULO 169. SECUESTRO EXTORSIVO","1"
"30/11/2003","11","BOGOTA D.C.","11001","BOGOTA D.C.","ARTICULO 168. SECUESTRO SIMPLE","1"
"30/11/2003","76","VALLE DEL CAUCA","76233","DAGUA","ARTICULO 169. SECUESTRO EXTORSIVO","1"
"30/11/2003","76","VALLE DEL CAUCA","76233","DAGUA","ARTICULO 169. SECUESTRO EXTORSIVO","1"
"29/11/2003","73","TOLIMA","73001","IBAGUE","ARTICULO 169. SECUESTRO EXTORSIVO","1"
"29/11/2003","68","SANTANDER","68307","GIRON","ARTICULO 169. SECUESTRO EXTORSIVO","1"
"28/11/2003","76","VALLE DEL CAUCA","76122","CAICEDONIA","ARTICULO 168. SECUESTRO SIMPLE","1"
"28/11/2003","50","META","50001","VILLAVICENCIO","ARTICULO 168. SECUESTRO SIMPLE","1"
"28/11/2003","11","BOGOTA D.C.","11001","BOGOTA D.C.","ARTICULO 169. SECUESTRO EXTORSIVO","1"
"28/11/2003","73","TOLIMA","73001","IBAGUE","ARTICULO 169. SECUESTRO EXTORSIVO","1"
"28/11/2003","41","HUILA","41551","PITALITO","ARTICULO 169. SECUESTRO EXTORSIVO","1"
"27/11/2003","73","TOLIMA","73861","VENADILLO","ARTICULO 168. SECUESTRO SIMPLE","1"
"27/11/2003","05","ANTIOQUIA","05607","RETIRO","ARTICULO 169. SECUESTRO EXTORSIVO","1"
"27/11/2003","05","ANTIOQUIA","05679","SANTA BARBARA","ARTICULO 168. SECUESTRO SIMPLE","1"
"27/11/2003","73","TOLIMA","73268","ESPINAL","ARTICULO 168. SECUESTRO SIMPLE","1"
"27/11/2003","05","ANTIOQUIA","05138","CAÑASGORDAS","ARTICULO 169. SECUESTRO EXTORSIVO","1"
"27/11/2003","41","HUILA","41524","PALERMO","ARTICULO 169. SECUESTRO EXTORSIVO","1"
"26/11/2003","70","SUCRE","70001","SINCELEJO","ARTICULO 168. SECUESTRO SIMPLE","1"
"26/11/2003","05","ANTIOQUIA","05001","MEDELLIN","ARTICULO 169. SECUESTRO EXTORSIVO","1"
"25/11/2003","50","META","50001","VILLAVICENCIO","ARTICULO 168. SECUESTRO SIMPLE","1"
"25/11/2003","05","ANTIOQUIA","05001","MEDELLIN","ARTICULO 168. SECUESTRO SIMPLE","1"
"25/11/2003","05","ANTIOQUIA","05038","ANGOSTURA","ARTICULO 168. SECUESTRO SIMPLE","1"
"25/11/2003","05","ANTIOQUIA","05038","ANGOSTURA","ARTICULO 169. SECUESTRO EXTORSIVO","1"
"25/11/2003","05","ANTIOQUIA","05038","ANGOSTURA","ARTICULO 169. SECUESTRO EXTORSIVO","1"
"24/11/2003","44","LA GUAJIRA","44001","RIOHACHA","ARTICULO 169. SECUESTRO EXTORSIVO","1"
"23/11/2003","70","SUCRE","70717","SAN PEDRO","ARTICULO 169. SECUESTRO EXTORSIVO","1"
"23/11/2003","47","MAGDALENA","47555","PLATO","ARTICULO 168. SECUESTRO SIMPLE","1"
"23/11/2003","05","ANTIOQUIA","05001","MEDELLIN","ARTICULO 168. SECUESTRO SIMPLE","2"
"23/11/2003","85","CASANARE","85440","VILLANUEVA","ARTICULO 169. SECUESTRO EXTORSIVO","1"
"23/11/2003","85","CASANARE","85440","VILLANUEVA","ARTICULO 169. SECUESTRO EXTORSIVO","1"
"22/11/2003","54","NORTE DE SANTANDER","54003","ABREGO","ARTICULO 169. SECUESTRO EXTORSIVO","2"
"22/11/2003","68","SANTANDER","68573","PUERTO PARRA","ARTICULO 169. SECUESTRO EXTORSIVO","1"
"22/11/2003","13","BOLIVAR","13001","CARTAGENA DE INDIAS","ARTICULO 168. SECUESTRO SIMPLE","1"
"22/11/2003","52","NARIÑO","52573","PUERRES","ARTICULO 168. SECUESTRO SIMPLE","1"
"21/11/2003","05","ANTIOQUIA","05001","MEDELLIN","ARTICULO 168. SECUESTRO SIMPLE","1"
"21/11/2003","11","BOGOTA D.C.","11001","BOGOTA D.C.","ARTICULO 168. SECUESTRO SIMPLE","1"
"21/11/2003","20","CESAR","20001","VALLEDUPAR","ARTICULO 168. SECUESTRO SIMPLE","1"
"20/11/2003","68","SANTANDER","68255","EL PLAYON","ARTICULO 169. SECUESTRO EXTORSIVO","1"
"20/11/2003","20","CESAR","20001","VALLEDUPAR","ARTICULO 168. SECUESTRO SIMPLE","1"
"20/11/2003","68","SANTANDER","68255","EL PLAYON","ARTICULO 169. SECUESTRO EXTORSIVO","1"
"20/11/2003","76","VALLE DEL CAUCA","76001","CALI","ARTICULO 169. SECUESTRO EXTORSIVO","1"
"20/11/2003","76","VALLE DEL CAUCA","76001","CALI","ARTICULO 168. SECUESTRO SIMPLE","1"
"20/11/2003","85","CASANARE","85001","YOPAL","ARTICULO 169. SECUESTRO EXTORSIVO","1"
"19/11/2003","52","NARIÑO","52001","PASTO","ARTICULO 169. SECUESTRO EXTORSIVO","1"
"19/11/2003","52","NARIÑO","52001","PASTO","ARTICULO 169. SECUESTRO EXTORSIVO","1"
"18/11/2003","05","ANTIOQUIA","05001","MEDELLIN","ARTICULO 169. SECUESTRO EXTORSIVO","1"
"18/11/2003","05","ANTIOQUIA","05001","MEDELLIN","ARTICULO 169. SECUESTRO EXTORSIVO","1"
"18/11/2003","05","ANTIOQUIA","05001","MEDELLIN","ARTICULO 169. SECUESTRO EXTORSIVO","1"
"18/11/2003","19","CAUCA","19455","MIRANDA","ARTICULO 168. SECUESTRO SIMPLE","1"
"18/11/2003","19","CAUCA","19455","MIRANDA","ARTICULO 168. SECUESTRO SIMPLE","1"
"18/11/2003","19","CAUCA","19455","MIRANDA","ARTICULO 168. SECUESTRO SIMPLE","1"
"18/11/2003","19","CAUCA","19455","MIRANDA","ARTICULO 168. SECUESTRO SIMPLE","1"
"16/11/2003","11","BOGOTA D.C.","11001","BOGOTA D.C.","ARTICULO 168. SECUESTRO SIMPLE","1"
"15/11/2003","08","ATLANTICO","08573","PUERTO COLOMBIA","ARTICULO 169. SECUESTRO EXTORSIVO","1"
"15/11/2003","41","HUILA","41006","ACEVEDO","ARTICULO 169. SECUESTRO EXTORSIVO","1"
"15/11/2003","18","CAQUETA","18753","SAN VICENTE DEL CAGUAN","ARTICULO 169. SECUESTRO EXTORSIVO","1"
"15/11/2003","05","ANTIOQUIA","05042","SANTA FE DE ANTIOQUIA","ARTICULO 169. SECUESTRO EXTORSIVO","1"
"15/11/2003","05","ANTIOQUIA","05042","SANTA FE DE ANTIOQUIA","ARTICULO 169. SECUESTRO EXTORSIVO","1"
"15/11/2003","05","ANTIOQUIA","05042","SANTA FE DE ANTIOQUIA","ARTICULO 169. SECUESTRO EXTORSIVO","1"
"15/11/2003","76","VALLE DEL CAUCA","76834","TULUA","ARTICULO 169. SECUESTRO EXTORSIVO","1"
"14/11/2003","70","SUCRE","70001","SINCELEJO","ARTICULO 168. SECUESTRO SIMPLE","1"
"14/11/2003","73","TOLIMA","73319","GUAMO","ARTICULO 168. SECUESTRO SIMPLE","1"
"14/11/2003","73","TOLIMA","73319","GUAMO","ARTICULO 168. SECUESTRO SIMPLE","1"
"14/11/2003","76","VALLE DEL CAUCA","76520","PALMIRA","ARTICULO 168. SECUESTRO SIMPLE","1"
"14/11/2003","11","BOGOTA D.C.","11001","BOGOTA D.C.","ARTICULO 168. SECUESTRO SIMPLE","1"
"13/11/2003","20","CESAR","20178","CHIRIGUANA","ARTICULO 168. SECUESTRO SIMPLE","1"
"13/11/2003","05","ANTIOQUIA","05148","EL CARMEN DE VIBORAL","ARTICULO 169. SECUESTRO EXTORSIVO","1"
"11/11/2003","76","VALLE DEL CAUCA","76126","CALIMA","ARTICULO 169. SECUESTRO EXTORSIVO","1"
"10/11/2003","68","SANTANDER","68001","BUCARAMANGA","ARTICULO 169. SECUESTRO EXTORSIVO","1"
"10/11/2003","68","SANTANDER","68001","BUCARAMANGA","ARTICULO 169. SECUESTRO EXTORSIVO","1"
"10/11/2003","11","BOGOTA D.C.","11001","BOGOTA D.C.","ARTICULO 169. SECUESTRO EXTORSIVO","1"
"10/11/2003","05","ANTIOQUIA","05756","SONSON","ARTICULO 168. SECUESTRO SIMPLE","1"
"10/11/2003","05","ANTIOQUIA","05756","SONSON","ARTICULO 168. SECUESTRO SIMPLE","1"
"10/11/2003","20","CESAR","20228","CURUMANI","ARTICULO 168. SECUESTRO SIMPLE","1"
"09/11/2003","73","TOLIMA","73449","MELGAR","ARTICULO 168. SECUESTRO SIMPLE","1"
"09/11/2003","68","SANTANDER","68655","SABANA DE TORRES","ARTICULO 169. SECUESTRO EXTORSIVO","1"
"09/11/2003","68","SANTANDER","68655","SABANA DE TORRES","ARTICULO 169. SECUESTRO EXTORSIVO","1"
"09/11/2003","68","SANTANDER","68655","SABANA DE TORRES","ARTICULO 169. SECUESTRO EXTORSIVO","1"
"09/11/2003","68","SANTANDER","68655","SABANA DE TORRES","ARTICULO 169. SECUESTRO EXTORSIVO","1"
"08/11/2003","11","BOGOTA D.C.","11001","BOGOTA D.C.","ARTICULO 169. SECUESTRO EXTORSIVO","1"
"08/11/2003","19","CAUCA","19532","PATIA","ARTICULO 169. SECUESTRO EXTORSIVO","1"
"08/11/2003","44","LA GUAJIRA","44001","RIOHACHA","ARTICULO 169. SECUESTRO EXTORSIVO","1"
"08/11/2003","11","BOGOTA D.C.","11001","BOGOTA D.C.","ARTICULO 169. SECUESTRO EXTORSIVO","1"
"07/11/2003","11","BOGOTA D.C.","11001","BOGOTA D.C.","ARTICULO 168. SECUESTRO SIMPLE","1"
"07/11/2003","11","BOGOTA D.C.","11001","BOGOTA D.C.","ARTICULO 169. SECUESTRO EXTORSIVO","1"
"07/11/2003","11","BOGOTA D.C.","11001","BOGOTA D.C.","ARTICULO 168. SECUESTRO SIMPLE","1"
"07/11/2003","54","NORTE DE SANTANDER","54820","TOLEDO","ARTICULO 168. SECUESTRO SIMPLE","1"
"06/11/2003","11","BOGOTA D.C.","11001","BOGOTA D.C.","ARTICULO 169. SECUESTRO EXTORSIVO","1"
"05/11/2003","52","NARIÑO","52227","CUMBAL","ARTICULO 169. SECUESTRO EXTORSIVO","1"
"05/11/2003","81","ARAUCA","81001","ARAUCA","ARTICULO 168. SECUESTRO SIMPLE","1"
"05/11/2003","11","BOGOTA D.C.","11001","BOGOTA D.C.","ARTICULO 168. SECUESTRO SIMPLE","1"
"05/11/2003","11","BOGOTA D.C.","11001","BOGOTA D.C.","ARTICULO 168. SECUESTRO SIMPLE","1"
"04/11/2003","50","META","50001","VILLAVICENCIO","ARTICULO 168. SECUESTRO SIMPLE","1"
"03/11/2003","73","TOLIMA","73520","PALOCABILDO","ARTICULO 169. SECUESTRO EXTORSIVO","1"
"03/11/2003","25","CUNDINAMARCA","25269","FACATATIVA","ARTICULO 168. SECUESTRO SIMPLE","1"
"02/11/2003","11","BOGOTA D.C.","11001","BOGOTA D.C.","ARTICULO 169. SECUESTRO EXTORSIVO","1"
"02/11/2003","50","META","50001","VILLAVICENCIO","ARTICULO 168. SECUESTRO SIMPLE","1"
"02/11/2003","73","TOLIMA","73268","ESPINAL","ARTICULO 169. SECUESTRO EXTORSIVO","1"
"01/11/2003","41","HUILA","41006","ACEVEDO","ARTICULO 169. SECUESTRO EXTORSIVO","1"
"01/11/2003","20","CESAR","20570","PUEBLO BELLO","ARTICULO 168. SECUESTRO SIMPLE","1"
"01/11/2003","19","CAUCA","19001","POPAYAN","ARTICULO 168. SECUESTRO SIMPLE","1"
"01/11/2003","41","HUILA","41306","GIGANTE","ARTICULO 168. SECUESTRO SIMPLE","1"
"01/11/2003","50","META","50001","VILLAVICENCIO","ARTICULO 168. SECUESTRO SIMPLE","1"
"01/11/2003","41","HUILA","41001","NEIVA","ARTICULO 168. SECUESTRO SIMPLE","1"
"01/11/2003","11","BOGOTA D.C.","11001","BOGOTA D.C.","ARTICULO 168. SECUESTRO SIMPLE","1"
"31/10/2003","19","CAUCA","19100","BOLIVAR","ARTICULO 169. SECUESTRO EXTORSIVO","1"
"31/10/2003","19","CAUCA","19585","PURACE","ARTICULO 169. SECUESTRO EXTORSIVO","1"
"31/10/2003","20","CESAR","20001","VALLEDUPAR","ARTICULO 168. SECUESTRO SIMPLE","1"
"31/10/2003","41","HUILA","41298","GARZON","ARTICULO 169. SECUESTRO EXTORSIVO","1"
"31/10/2003","41","HUILA","41306","GIGANTE","ARTICULO 168. SECUESTRO SIMPLE","1"
"31/10/2003","11","BOGOTA D.C.","11001","BOGOTA D.C.","ARTICULO 168. SECUESTRO SIMPLE","1"
"31/10/2003","44","LA GUAJIRA","44430","MAICAO","ARTICULO 169. SECUESTRO EXTORSIVO","1"
"30/10/2003","05","ANTIOQUIA","05042","SANTA FE DE ANTIOQUIA","ARTICULO 169. SECUESTRO EXTORSIVO","1"
"30/10/2003","66","RISARALDA","66001","PEREIRA","ARTICULO 168. SECUESTRO SIMPLE","1"
"29/10/2003","05","ANTIOQUIA","05591","PUERTO TRIUNFO","ARTICULO 169. SECUESTRO EXTORSIVO","1"
"28/10/2003","17","CALDAS","17616","RISARALDA","ARTICULO 169. SECUESTRO EXTORSIVO","1"
"28/10/2003","11","BOGOTA D.C.","11001","BOGOTA D.C.","ARTICULO 168. SECUESTRO SIMPLE","1"
"28/10/2003","68","SANTANDER","68001","BUCARAMANGA","ARTICULO 169. SECUESTRO EXTORSIVO","1"
"28/10/2003","73","TOLIMA","73483","NATAGAIMA","ARTICULO 168. SECUESTRO SIMPLE","1"
"27/10/2003","47","MAGDALENA","47001","SANTA MARTA","ARTICULO 168. SECUESTRO SIMPLE","1"
"27/10/2003","47","MAGDALENA","47001","SANTA MARTA","ARTICULO 168. SECUESTRO SIMPLE","1"
"27/10/2003","05","ANTIOQUIA","05690","SANTO DOMINGO","ARTICULO 169. SECUESTRO EXTORSIVO","1"
"27/10/2003","11","BOGOTA D.C.","11001","BOGOTA D.C.","ARTICULO 168. SECUESTRO SIMPLE","1"
"26/10/2003","11","BOGOTA D.C.","11001","BOGOTA D.C.","ARTICULO 168. SECUESTRO SIMPLE","1"
"26/10/2003","11","BOGOTA D.C.","11001","BOGOTA D.C.","ARTICULO 168. SECUESTRO SIMPLE","1"
"26/10/2003","11","BOGOTA D.C.","11001","BOGOTA D.C.","ARTICULO 168. SECUESTRO SIMPLE","1"
"26/10/2003","11","BOGOTA D.C.","11001","BOGOTA D.C.","ARTICULO 168. SECUESTRO SIMPLE","1"
"25/10/2003","44","LA GUAJIRA","44650","SAN JUAN DEL CESAR","ARTICULO 169. SECUESTRO EXTORSIVO","1"
"25/10/2003","52","NARIÑO","52835","SAN ANDRES DE TUMACO","ARTICULO 169. SECUESTRO EXTORSIVO","1"
"25/10/2003","44","LA GUAJIRA","44650","SAN JUAN DEL CESAR","ARTICULO 169. SECUESTRO EXTORSIVO","1"
"25/10/2003","44","LA GUAJIRA","44650","SAN JUAN DEL CESAR","ARTICULO 169. SECUESTRO EXTORSIVO","1"
"25/10/2003","27","CHOCO","27050","ATRATO","ARTICULO 169. SECUESTRO EXTORSIVO","1"
"25/10/2003","44","LA GUAJIRA","44650","SAN JUAN DEL CESAR","ARTICULO 169. SECUESTRO EXTORSIVO","1"
"25/10/2003","44","LA GUAJIRA","44650","SAN JUAN DEL CESAR","ARTICULO 169. SECUESTRO EXTORSIVO","1"
"25/10/2003","44","LA GUAJIRA","44650","SAN JUAN DEL CESAR","ARTICULO 169. SECUESTRO EXTORSIVO","1"
"25/10/2003","13","BOLIVAR","13600","RIO VIEJO","ARTICULO 169. SECUESTRO EXTORSIVO","1"
"25/10/2003","52","NARIÑO","52835","SAN ANDRES DE TUMACO","ARTICULO 169. SECUESTRO EXTORSIVO","3"
"25/10/2003","52","NARIÑO","52835","SAN ANDRES DE TUMACO","ARTICULO 169. SECUESTRO EXTORSIVO","2"
"25/10/2003","44","LA GUAJIRA","44001","RIOHACHA","ARTICULO 168. SECUESTRO SIMPLE","1"
"25/10/2003","66","RISARALDA","66001","PEREIRA","ARTICULO 168. SECUESTRO SIMPLE","1"
"24/10/2003","54","NORTE DE SANTANDER","54206","CONVENCION","ARTICULO 169. SECUESTRO EXTORSIVO","4"
"24/10/2003","52","NARIÑO","52233","CUMBITARA","ARTICULO 169. SECUESTRO EXTORSIVO","2"
"24/10/2003","52","NARIÑO","52233","CUMBITARA","ARTICULO 169. SECUESTRO EXTORSIVO","1"
"24/10/2003","54","NORTE DE SANTANDER","54206","CONVENCION","ARTICULO 169. SECUESTRO EXTORSIVO","1"
"24/10/2003","05","ANTIOQUIA","05001","MEDELLIN","ARTICULO 169. SECUESTRO EXTORSIVO","1"
"24/10/2003","11","BOGOTA D.C.","11001","BOGOTA D.C.","ARTICULO 168. SECUESTRO SIMPLE","1"
"24/10/2003","66","RISARALDA","66170","DOSQUEBRADAS","ARTICULO 169. SECUESTRO EXTORSIVO","1"
"24/10/2003","05","ANTIOQUIA","05002","ABEJORRAL","ARTICULO 169. SECUESTRO EXTORSIVO","1"
"24/10/2003","05","ANTIOQUIA","05789","TAMESIS","ARTICULO 169. SECUESTRO EXTORSIVO","1"
"23/10/2003","44","LA GUAJIRA","44279","FONSECA","ARTICULO 169. SECUESTRO EXTORSIVO","1"
"23/10/2003","27","CHOCO","27001","QUIBDO","ARTICULO 169. SECUESTRO EXTORSIVO","1"
"22/10/2003","05","ANTIOQUIA","05093","BETULIA","ARTICULO 169. SECUESTRO EXTORSIVO","1"
"22/10/2003","05","ANTIOQUIA","05842","URAMITA","ARTICULO 169. SECUESTRO EXTORSIVO","1"
"22/10/2003","66","RISARALDA","66318","GUATICA","ARTICULO 169. SECUESTRO EXTORSIVO","1"
"22/10/2003","25","CUNDINAMARCA","25307","GIRARDOT","ARTICULO 168. SECUESTRO SIMPLE","1"
"22/10/2003","11","BOGOTA D.C.","11001","BOGOTA D.C.","ARTICULO 169. SECUESTRO EXTORSIVO","1"
"22/10/2003","50","META","50001","VILLAVICENCIO","ARTICULO 168. SECUESTRO SIMPLE","1"
"22/10/2003","11","BOGOTA D.C.","11001","BOGOTA D.C.","ARTICULO 168. SECUESTRO SIMPLE","1"
"21/10/2003","11","BOGOTA D.C.","11001","BOGOTA D.C.","ARTICULO 168. SECUESTRO SIMPLE","1"
"21/10/2003","05","ANTIOQUIA","05021","ALEJANDRIA","ARTICULO 169. SECUESTRO EXTORSIVO","3"
"21/10/2003","05","ANTIOQUIA","05001","MEDELLIN","ARTICULO 169. SECUESTRO EXTORSIVO","1"
"21/10/2003","05","ANTIOQUIA","05001","MEDELLIN","ARTICULO 169. SECUESTRO EXTORSIVO","1"
"20/10/2003","20","CESAR","20013","AGUSTIN CODAZZI","ARTICULO 169. SECUESTRO EXTORSIVO","1"
"20/10/2003","11","BOGOTA D.C.","11001","BOGOTA D.C.","ARTICULO 168. SECUESTRO SIMPLE","1"
"19/10/2003","18","CAQUETA","18753","SAN VICENTE DEL CAGUAN","ARTICULO 169. SECUESTRO EXTORSIVO","1"
"19/10/2003","13","BOLIVAR","13657","SAN JUAN NEPOMUCENO","ARTICULO 169. SECUESTRO EXTORSIVO","1"
"19/10/2003","13","BOLIVAR","13657","SAN JUAN NEPOMUCENO","ARTICULO 169. SECUESTRO EXTORSIVO","1"
"19/10/2003","18","CAQUETA","18753","SAN VICENTE DEL CAGUAN","ARTICULO 169. SECUESTRO EXTORSIVO","1"
"19/10/2003","73","TOLIMA","73001","IBAGUE","ARTICULO 169. SECUESTRO EXTORSIVO","1"
"19/10/2003","13","BOLIVAR","13657","SAN JUAN NEPOMUCENO","ARTICULO 169. SECUESTRO EXTORSIVO","1"
"19/10/2003","13","BOLIVAR","13657","SAN JUAN NEPOMUCENO","ARTICULO 169. SECUESTRO EXTORSIVO","1"
"19/10/2003","13","BOLIVAR","13657","SAN JUAN NEPOMUCENO","ARTICULO 169. SECUESTRO EXTORSIVO","1"
"19/10/2003","13","BOLIVAR","13657","SAN JUAN NEPOMUCENO","ARTICULO 169. SECUESTRO EXTORSIVO","1"
"18/10/2003","47","MAGDALENA","47053","ARACATACA","ARTICULO 169. SECUESTRO EXTORSIVO","2"
"18/10/2003","47","MAGDALENA","47053","ARACATACA","ARTICULO 169. SECUESTRO EXTORSIVO","1"
"18/10/2003","52","NARIÑO","52411","LINARES","ARTICULO 168. SECUESTRO SIMPLE","2"
"18/10/2003","52","NARIÑO","52411","LINARES","ARTICULO 169. SECUESTRO EXTORSIVO","2"
"18/10/2003","52","NARIÑO","52411","LINARES","ARTICULO 168. SECUESTRO SIMPLE","1"
"18/10/2003","20","CESAR","20228","CURUMANI","ARTICULO 168. SECUESTRO SIMPLE","1"
"18/10/2003","52","NARIÑO","52411","LINARES","ARTICULO 169. SECUESTRO EXTORSIVO","1"
"18/10/2003","52","NARIÑO","52411","LINARES","ARTICULO 168. SECUESTRO SIMPLE","2"
"18/10/2003","73","TOLIMA","73671","SALDAÑA","ARTICULO 168. SECUESTRO SIMPLE","1"
"17/10/2003","50","META","50001","VILLAVICENCIO","ARTICULO 168. SECUESTRO SIMPLE","1"
"17/10/2003","54","NORTE DE SANTANDER","54001","CUCUTA","ARTICULO 168. SECUESTRO SIMPLE","1"
"16/10/2003","25","CUNDINAMARCA","25754","SOACHA","ARTICULO 169. SECUESTRO EXTORSIVO","1"
"16/10/2003","54","NORTE DE SANTANDER","54001","CUCUTA","ARTICULO 169. SECUESTRO EXTORSIVO","1"
"16/10/2003","44","LA GUAJIRA","44430","MAICAO","ARTICULO 168. SECUESTRO SIMPLE","1"
"16/10/2003","68","SANTANDER","68669","SAN ANDRES","ARTICULO 169. SECUESTRO EXTORSIVO","1"
"15/10/2003","19","CAUCA","19450","MERCADERES","ARTICULO 168. SECUESTRO SIMPLE","1"
"15/10/2003","17","CALDAS","17513","PACORA","ARTICULO 169. SECUESTRO EXTORSIVO","1"
"15/10/2003","11","BOGOTA D.C.","11001","BOGOTA D.C.","ARTICULO 168. SECUESTRO SIMPLE","1"
"15/10/2003","41","HUILA","41524","PALERMO","ARTICULO 168. SECUESTRO SIMPLE","1"
"14/10/2003","20","CESAR","20011","AGUACHICA","ARTICULO 169. SECUESTRO EXTORSIVO","1"
"14/10/2003","20","CESAR","20621","LA PAZ","ARTICULO 168. SECUESTRO SIMPLE","1"
"14/10/2003","20","CESAR","20621","LA PAZ","ARTICULO 169. SECUESTRO EXTORSIVO","1"
"13/10/2003","54","NORTE DE SANTANDER","54344","HACARI","ARTICULO 169. SECUESTRO EXTORSIVO","1"
"13/10/2003","54","NORTE DE SANTANDER","54344","HACARI","ARTICULO 169. SECUESTRO EXTORSIVO","1"
"12/10/2003","05","ANTIOQUIA","05197","COCORNA","ARTICULO 168. SECUESTRO SIMPLE","1"
"11/10/2003","86","PUTUMAYO","86573","PUERTO LEGUIZAMO","ARTICULO 168. SECUESTRO SIMPLE","1"
"11/10/2003","86","PUTUMAYO","86573","PUERTO LEGUIZAMO","ARTICULO 168. SECUESTRO SIMPLE","1"
"11/10/2003","15","BOYACA","15646","SAMACA","ARTICULO 168. SECUESTRO SIMPLE","1"
"11/10/2003","17","CALDAS","17662","SAMANA","ARTICULO 169. SECUESTRO EXTORSIVO","1"
"11/10/2003","86","PUTUMAYO","86573","PUERTO LEGUIZAMO","ARTICULO 168. SECUESTRO SIMPLE","1"
"11/10/2003","86","PUTUMAYO","86573","PUERTO LEGUIZAMO","ARTICULO 168. SECUESTRO SIMPLE","1"
"11/10/2003","86","PUTUMAYO","86573","PUERTO LEGUIZAMO","ARTICULO 168. SECUESTRO SIMPLE","1"
"11/10/2003","86","PUTUMAYO","86573","PUERTO LEGUIZAMO","ARTICULO 168. SECUESTRO SIMPLE","1"
"11/10/2003","86","PUTUMAYO","86573","PUERTO LEGUIZAMO","ARTICULO 168. SECUESTRO SIMPLE","1"
"11/10/2003","68","SANTANDER","68001","BUCARAMANGA","ARTICULO 168. SECUESTRO SIMPLE","1"
"11/10/2003","11","BOGOTA D.C.","11001","BOGOTA D.C.","ARTICULO 168. SECUESTRO SIMPLE","1"
"11/10/2003","52","NARIÑO","52001","PASTO","ARTICULO 169. SECUESTRO EXTORSIVO","1"
"10/10/2003","17","CALDAS","17614","RIOSUCIO","ARTICULO 169. SECUESTRO EXTORSIVO","1"
"09/10/2003","05","ANTIOQUIA","05284","FRONTINO","ARTICULO 169. SECUESTRO EXTORSIVO","1"
"09/10/2003","18","CAQUETA","18753","SAN VICENTE DEL CAGUAN","ARTICULO 169. SECUESTRO EXTORSIVO","1"
"09/10/2003","20","CESAR","20001","VALLEDUPAR","ARTICULO 169. SECUESTRO EXTORSIVO","1"
"09/10/2003","13","BOLIVAR","13468","SANTA CRUZ DE MOMPOX","ARTICULO 168. SECUESTRO SIMPLE","1"
"09/10/2003","44","LA GUAJIRA","44001","RIOHACHA","ARTICULO 168. SECUESTRO SIMPLE","1"
"09/10/2003","41","HUILA","41001","NEIVA","ARTICULO 169. SECUESTRO EXTORSIVO","1"
"08/10/2003","73","TOLIMA","73001","IBAGUE","ARTICULO 169. SECUESTRO EXTORSIVO","1"
"08/10/2003","19","CAUCA","19290","FLORENCIA","ARTICULO 169. SECUESTRO EXTORSIVO","1"
"08/10/2003","41","HUILA","41206","COLOMBIA","ARTICULO 168. SECUESTRO SIMPLE","1"
"07/10/2003","66","RISARALDA","66001","PEREIRA","ARTICULO 169. SECUESTRO EXTORSIVO","1"
"07/10/2003","11","BOGOTA D.C.","11001","BOGOTA D.C.","ARTICULO 169. SECUESTRO EXTORSIVO","1"
"07/10/2003","44","LA GUAJIRA","44001","RIOHACHA","ARTICULO 168. SECUESTRO SIMPLE","1"
"07/10/2003","05","ANTIOQUIA","05615","RIONEGRO","ARTICULO 169. SECUESTRO EXTORSIVO","1"
"06/10/2003","19","CAUCA","19212","CORINTO","ARTICULO 169. SECUESTRO EXTORSIVO","1"
"06/10/2003","73","TOLIMA","73001","IBAGUE","ARTICULO 169. SECUESTRO EXTORSIVO","1"
"06/10/2003","11","BOGOTA D.C.","11001","BOGOTA D.C.","ARTICULO 168. SECUESTRO SIMPLE","1"
"06/10/2003","11","BOGOTA D.C.","11001","BOGOTA D.C.","ARTICULO 168. SECUESTRO SIMPLE","1"
"06/10/2003","11","BOGOTA D.C.","11001","BOGOTA D.C.","ARTICULO 168. SECUESTRO SIMPLE","2"
"06/10/2003","11","BOGOTA D.C.","11001","BOGOTA D.C.","ARTICULO 168. SECUESTRO SIMPLE","1"
"06/10/2003","11","BOGOTA D.C.","11001","BOGOTA D.C.","ARTICULO 169. SECUESTRO EXTORSIVO","1"
"05/10/2003","11","BOGOTA D.C.","11001","BOGOTA D.C.","ARTICULO 168. SECUESTRO SIMPLE","1"
"05/10/2003","68","SANTANDER","68001","BUCARAMANGA","ARTICULO 168. SECUESTRO SIMPLE","1"
"05/10/2003","11","BOGOTA D.C.","11001","BOGOTA D.C.","ARTICULO 168. SECUESTRO SIMPLE","1"
"05/10/2003","05","ANTIOQUIA","05134","CAMPAMENTO","ARTICULO 169. SECUESTRO EXTORSIVO","1"
"05/10/2003","86","PUTUMAYO","86568","PUERTO ASIS","ARTICULO 168. SECUESTRO SIMPLE","1"
"05/10/2003","20","CESAR","20178","CHIRIGUANA","ARTICULO 169. SECUESTRO EXTORSIVO","1"
"05/10/2003","20","CESAR","20178","CHIRIGUANA","ARTICULO 169. SECUESTRO EXTORSIVO","1"
"03/10/2003","11","BOGOTA D.C.","11001","BOGOTA D.C.","ARTICULO 168. SECUESTRO SIMPLE","1"
"03/10/2003","68","SANTANDER","68001","BUCARAMANGA","ARTICULO 169. SECUESTRO EXTORSIVO","1"
"03/10/2003","68","SANTANDER","68001","BUCARAMANGA","ARTICULO 169. SECUESTRO EXTORSIVO","1"
"03/10/2003","05","ANTIOQUIA","05034","ANDES","ARTICULO 168. SECUESTRO SIMPLE","1"
"02/10/2003","15","BOYACA","15759","SOGAMOSO","ARTICULO 168. SECUESTRO SIMPLE","1"
"02/10/2003","11","BOGOTA D.C.","11001","BOGOTA D.C.","ARTICULO 168. SECUESTRO SIMPLE","1"
"02/10/2003","17","CALDAS","17614","RIOSUCIO","ARTICULO 168. SECUESTRO SIMPLE","1"
"02/10/2003","17","CALDAS","17614","RIOSUCIO","ARTICULO 168. SECUESTRO SIMPLE","1"
"01/10/2003","19","CAUCA","19573","PUERTO TEJADA","ARTICULO 169. SECUESTRO EXTORSIVO","1"
"01/10/2003","50","META","50370","URIBE","ARTICULO 169. SECUESTRO EXTORSIVO","1"
"01/10/2003","11","BOGOTA D.C.","11001","BOGOTA D.C.","ARTICULO 168. SECUESTRO SIMPLE","1"
"01/10/2003","18","CAQUETA","18001","FLORENCIA","ARTICULO 168. SECUESTRO SIMPLE","1"
"01/10/2003","18","CAQUETA","18001","FLORENCIA","ARTICULO 168. SECUESTRO SIMPLE","1"
"01/10/2003","85","CASANARE","85001","YOPAL","ARTICULO 169. SECUESTRO EXTORSIVO","1"
"01/10/2003","18","CAQUETA","18001","FLORENCIA","ARTICULO 168. SECUESTRO SIMPLE","1"
"01/10/2003","50","META","50370","URIBE","ARTICULO 168. SECUESTRO SIMPLE","1"
"01/10/2003","05","ANTIOQUIA","05756","SONSON","ARTICULO 169. SECUESTRO EXTORSIVO","1"
"01/10/2003","11","BOGOTA D.C.","11001","BOGOTA D.C.","ARTICULO 168. SECUESTRO SIMPLE","1"
"01/10/2003","73","TOLIMA","73124","CAJAMARCA","ARTICULO 168. SECUESTRO SIMPLE","1"
"01/10/2003","73","TOLIMA","73001","IBAGUE","ARTICULO 168. SECUESTRO SIMPLE","1"
"01/10/2003","05","ANTIOQUIA","05142","CARACOLI","ARTICULO 168. SECUESTRO SIMPLE","1"
"01/10/2003","05","ANTIOQUIA","05756","SONSON","ARTICULO 168. SECUESTRO SIMPLE","1"
"01/10/2003","05","ANTIOQUIA","05197","COCORNA","ARTICULO 169. SECUESTRO EXTORSIVO","1"
"01/10/2003","05","ANTIOQUIA","05756","SONSON","ARTICULO 168. SECUESTRO SIMPLE","1"
"01/10/2003","05","ANTIOQUIA","05756","SONSON","ARTICULO 168. SECUESTRO SIMPLE","1"
"01/10/2003","05","ANTIOQUIA","05756","SONSON","ARTICULO 168. SECUESTRO SIMPLE","1"
"30/09/2003","66","RISARALDA","66001","PEREIRA","ARTICULO 168. SECUESTRO SIMPLE","1"
"29/09/2003","68","SANTANDER","68001","BUCARAMANGA","ARTICULO 168. SECUESTRO SIMPLE","1"
"29/09/2003","20","CESAR","20238","EL COPEY","ARTICULO 168. SECUESTRO SIMPLE","1"
"29/09/2003","20","CESAR","20238","EL COPEY","ARTICULO 169. SECUESTRO EXTORSIVO","1"
"28/09/2003","23","CORDOBA","23660","SAHAGUN","ARTICULO 169. SECUESTRO EXTORSIVO","1"
"28/09/2003","05","ANTIOQUIA","05361","ITUANGO","ARTICULO 168. SECUESTRO SIMPLE","1"
"28/09/2003","05","ANTIOQUIA","05001","MEDELLIN","ARTICULO 168. SECUESTRO SIMPLE","1"
"28/09/2003","76","VALLE DEL CAUCA","76233","DAGUA","ARTICULO 169. SECUESTRO EXTORSIVO","1"
"27/09/2003","50","META","50590","PUERTO RICO","ARTICULO 168. SECUESTRO SIMPLE","1"
"26/09/2003","13","BOLIVAR","13001","CARTAGENA DE INDIAS","ARTICULO 169. SECUESTRO EXTORSIVO","1"
"26/09/2003","70","SUCRE","70001","SINCELEJO","ARTICULO 168. SECUESTRO SIMPLE","1"
"26/09/2003","73","TOLIMA","73408","LERIDA","ARTICULO 169. SECUESTRO EXTORSIVO","1"
"24/09/2003","86","PUTUMAYO","86001","MOCOA","ARTICULO 168. SECUESTRO SIMPLE","1"
"24/09/2003","41","HUILA","41001","NEIVA","ARTICULO 169. SECUESTRO EXTORSIVO","1"
"24/09/2003","85","CASANARE","85250","PAZ DE ARIPORO","ARTICULO 169. SECUESTRO EXTORSIVO","1"
"24/09/2003","11","BOGOTA D.C.","11001","BOGOTA D.C.","ARTICULO 169. SECUESTRO EXTORSIVO","1"
"24/09/2003","73","TOLIMA","73268","ESPINAL","ARTICULO 168. SECUESTRO SIMPLE","1"
"23/09/2003","68","SANTANDER","68001","BUCARAMANGA","ARTICULO 168. SECUESTRO SIMPLE","1"
"23/09/2003","19","CAUCA","19212","CORINTO","ARTICULO 169. SECUESTRO EXTORSIVO","1"
"22/09/2003","15","BOYACA","15759","SOGAMOSO","ARTICULO 168. SECUESTRO SIMPLE","1"
"22/09/2003","17","CALDAS","17001","MANIZALES","ARTICULO 168. SECUESTRO SIMPLE","1"
"22/09/2003","70","SUCRE","70001","SINCELEJO","ARTICULO 168. SECUESTRO SIMPLE","1"
"22/09/2003","11","BOGOTA D.C.","11001","BOGOTA D.C.","ARTICULO 168. SECUESTRO SIMPLE","1"
"21/09/2003","05","ANTIOQUIA","05847","URRAO","ARTICULO 169. SECUESTRO EXTORSIVO","1"
"21/09/2003","11","BOGOTA D.C.","11001","BOGOTA D.C.","ARTICULO 168. SECUESTRO SIMPLE","1"
"21/09/2003","19","CAUCA","19256","EL TAMBO","ARTICULO 169. SECUESTRO EXTORSIVO","1"
"21/09/2003","76","VALLE DEL CAUCA","76001","CALI","ARTICULO 169. SECUESTRO EXTORSIVO","1"
"20/09/2003","47","MAGDALENA","47189","CIENAGA","ARTICULO 169. SECUESTRO EXTORSIVO","1"
"20/09/2003","47","MAGDALENA","47189","CIENAGA","ARTICULO 169. SECUESTRO EXTORSIVO","1"
"20/09/2003","11","BOGOTA D.C.","11001","BOGOTA D.C.","ARTICULO 169. SECUESTRO EXTORSIVO","1"
"18/09/2003","17","CALDAS","17614","RIOSUCIO","ARTICULO 169. SECUESTRO EXTORSIVO","1"
"18/09/2003","41","HUILA","41306","GIGANTE","ARTICULO 169. SECUESTRO EXTORSIVO","1"
"18/09/2003","41","HUILA","41306","GIGANTE","ARTICULO 169. SECUESTRO EXTORSIVO","1"
"18/09/2003","23","CORDOBA","23672","SAN ANTERO","ARTICULO 168. SECUESTRO SIMPLE","1"
"18/09/2003","11","BOGOTA D.C.","11001","BOGOTA D.C.","ARTICULO 168. SECUESTRO SIMPLE","1"
"18/09/2003","11","BOGOTA D.C.","11001","BOGOTA D.C.","ARTICULO 168. SECUESTRO SIMPLE","1"
"18/09/2003","68","SANTANDER","68655","SABANA DE TORRES","ARTICULO 168. SECUESTRO SIMPLE","1"
"18/09/2003","68","SANTANDER","68655","SABANA DE TORRES","ARTICULO 168. SECUESTRO SIMPLE","1"
"18/09/2003","73","TOLIMA","73001","IBAGUE","ARTICULO 168. SECUESTRO SIMPLE","1"
"17/09/2003","52","NARIÑO","52110","BUESACO","ARTICULO 169. SECUESTRO EXTORSIVO","1"
"17/09/2003","52","NARIÑO","52110","BUESACO","ARTICULO 169. SECUESTRO EXTORSIVO","1"
"17/09/2003","52","NARIÑO","52110","BUESACO","ARTICULO 169. SECUESTRO EXTORSIVO","1"
"17/09/2003","41","HUILA","41001","NEIVA","ARTICULO 169. SECUESTRO EXTORSIVO","1"
"16/09/2003","76","VALLE DEL CAUCA","76001","CALI","ARTICULO 169. SECUESTRO EXTORSIVO","1"
"16/09/2003","20","CESAR","20001","VALLEDUPAR","ARTICULO 168. SECUESTRO SIMPLE","1"
"16/09/2003","11","BOGOTA D.C.","11001","BOGOTA D.C.","ARTICULO 168. SECUESTRO SIMPLE","1"
"16/09/2003","11","BOGOTA D.C.","11001","BOGOTA D.C.","ARTICULO 168. SECUESTRO SIMPLE","1"
"15/09/2003","11","BOGOTA D.C.","11001","BOGOTA D.C.","ARTICULO 168. SECUESTRO SIMPLE","1"
"15/09/2003","76","VALLE DEL CAUCA","76001","CALI","ARTICULO 168. SECUESTRO SIMPLE","1"
"15/09/2003","68","SANTANDER","68001","BUCARAMANGA","ARTICULO 168. SECUESTRO SIMPLE","1"
"15/09/2003","50","META","50006","ACACIAS","ARTICULO 168. SECUESTRO SIMPLE","1"
"14/09/2003","76","VALLE DEL CAUCA","76109","BUENAVENTURA","ARTICULO 169. SECUESTRO EXTORSIVO","1"
"14/09/2003","76","VALLE DEL CAUCA","76109","BUENAVENTURA","ARTICULO 169. SECUESTRO EXTORSIVO","1"
"14/09/2003","66","RISARALDA","66682","SANTA ROSA DE CABAL","ARTICULO 169. SECUESTRO EXTORSIVO","1"
"13/09/2003","20","CESAR","20001","VALLEDUPAR","ARTICULO 168. SECUESTRO SIMPLE","1"
"13/09/2003","20","CESAR","20001","VALLEDUPAR","ARTICULO 168. SECUESTRO SIMPLE","1"
"13/09/2003","25","CUNDINAMARCA","25743","SILVANIA","ARTICULO 168. SECUESTRO SIMPLE","1"
"13/09/2003","11","BOGOTA D.C.","11001","BOGOTA D.C.","ARTICULO 168. SECUESTRO SIMPLE","1"
"13/09/2003","47","MAGDALENA","47001","SANTA MARTA","ARTICULO 169. SECUESTRO EXTORSIVO","4"
"13/09/2003","47","MAGDALENA","47001","SANTA MARTA","ARTICULO 168. SECUESTRO SIMPLE","1"
"13/09/2003","47","MAGDALENA","47001","SANTA MARTA","ARTICULO 169. SECUESTRO EXTORSIVO","1"
"13/09/2003","47","MAGDALENA","47001","SANTA MARTA","ARTICULO 169. SECUESTRO EXTORSIVO","1"
"13/09/2003","17","CALDAS","17013","AGUADAS","ARTICULO 169. SECUESTRO EXTORSIVO","1"
"13/09/2003","11","BOGOTA D.C.","11001","BOGOTA D.C.","ARTICULO 168. SECUESTRO SIMPLE","1"
"13/09/2003","73","TOLIMA","73408","LERIDA","ARTICULO 168. SECUESTRO SIMPLE","1"
"13/09/2003","50","META","50573","PUERTO LOPEZ","ARTICULO 169. SECUESTRO EXTORSIVO","1"
"13/09/2003","47","MAGDALENA","47001","SANTA MARTA","ARTICULO 169. SECUESTRO EXTORSIVO","1"
"12/09/2003","76","VALLE DEL CAUCA","76001","CALI","ARTICULO 169. SECUESTRO EXTORSIVO","1"
"12/09/2003","20","CESAR","20787","TAMALAMEQUE","ARTICULO 168. SECUESTRO SIMPLE","1"
"12/09/2003","05","ANTIOQUIA","05541","PEÑOL","ARTICULO 168. SECUESTRO SIMPLE","1"
"11/09/2003","44","LA GUAJIRA","44430","MAICAO","ARTICULO 169. SECUESTRO EXTORSIVO","1"
"11/09/2003","44","LA GUAJIRA","44430","MAICAO","ARTICULO 168. SECUESTRO SIMPLE","1"
"11/09/2003","50","META","50001","VILLAVICENCIO","ARTICULO 168. SECUESTRO SIMPLE","1"
"11/09/2003","44","LA GUAJIRA","44430","MAICAO","ARTICULO 169. SECUESTRO EXTORSIVO","1"
"11/09/2003","73","TOLIMA","73001","IBAGUE","ARTICULO 169. SECUESTRO EXTORSIVO","1"
"11/09/2003","18","CAQUETA","18001","FLORENCIA","ARTICULO 169. SECUESTRO EXTORSIVO","1"
"10/09/2003","11","BOGOTA D.C.","11001","BOGOTA D.C.","ARTICULO 168. SECUESTRO SIMPLE","1"
"10/09/2003","47","MAGDALENA","47001","SANTA MARTA","ARTICULO 168. SECUESTRO SIMPLE","1"
"10/09/2003","11","BOGOTA D.C.","11001","BOGOTA D.C.","ARTICULO 168. SECUESTRO SIMPLE","1"
"10/09/2003","76","VALLE DEL CAUCA","76306","GINEBRA","ARTICULO 169. SECUESTRO EXTORSIVO","1"
"10/09/2003","05","ANTIOQUIA","05282","FREDONIA","ARTICULO 168. SECUESTRO SIMPLE","1"
"10/09/2003","73","TOLIMA","73411","LIBANO","ARTICULO 169. SECUESTRO EXTORSIVO","1"
"09/09/2003","05","ANTIOQUIA","05660","SAN LUIS","ARTICULO 168. SECUESTRO SIMPLE","1"
"09/09/2003","05","ANTIOQUIA","05660","SAN LUIS","ARTICULO 168. SECUESTRO SIMPLE","1"
"09/09/2003","47","MAGDALENA","47001","SANTA MARTA","ARTICULO 168. SECUESTRO SIMPLE","1"
"08/09/2003","20","CESAR","20011","AGUACHICA","ARTICULO 168. SECUESTRO SIMPLE","2"
"08/09/2003","20","CESAR","20011","AGUACHICA","ARTICULO 169. SECUESTRO EXTORSIVO","2"
"08/09/2003","20","CESAR","20011","AGUACHICA","ARTICULO 169. SECUESTRO EXTORSIVO","2"
"08/09/2003","20","CESAR","20011","AGUACHICA","ARTICULO 169. SECUESTRO EXTORSIVO","1"
"08/09/2003","20","CESAR","20011","AGUACHICA","ARTICULO 168. SECUESTRO SIMPLE","1"
"08/09/2003","20","CESAR","20011","AGUACHICA","ARTICULO 168. SECUESTRO SIMPLE","1"
"08/09/2003","20","CESAR","20011","AGUACHICA","ARTICULO 169. SECUESTRO EXTORSIVO","1"
"08/09/2003","20","CESAR","20011","AGUACHICA","ARTICULO 169. SECUESTRO EXTORSIVO","1"
"08/09/2003","20","CESAR","20011","AGUACHICA","ARTICULO 169. SECUESTRO EXTORSIVO","1"
"08/09/2003","20","CESAR","20011","AGUACHICA","ARTICULO 169. SECUESTRO EXTORSIVO","1"
"08/09/2003","20","CESAR","20011","AGUACHICA","ARTICULO 169. SECUESTRO EXTORSIVO","1"
"07/09/2003","11","BOGOTA D.C.","11001","BOGOTA D.C.","ARTICULO 168. SECUESTRO SIMPLE","1"
"07/09/2003","68","SANTANDER","68081","BARRANCABERMEJA","ARTICULO 168. SECUESTRO SIMPLE","1"
"07/09/2003","17","CALDAS","17777","SUPIA","ARTICULO 168. SECUESTRO SIMPLE","4"
"07/09/2003","05","ANTIOQUIA","05679","SANTA BARBARA","ARTICULO 169. SECUESTRO EXTORSIVO","1"
"07/09/2003","17","CALDAS","17777","SUPIA","ARTICULO 168. SECUESTRO SIMPLE","1"
"07/09/2003","17","CALDAS","17777","SUPIA","ARTICULO 169. SECUESTRO EXTORSIVO","1"
"07/09/2003","17","CALDAS","17777","SUPIA","ARTICULO 168. SECUESTRO SIMPLE","1"
"07/09/2003","17","CALDAS","17777","SUPIA","ARTICULO 169. SECUESTRO EXTORSIVO","1"
"07/09/2003","17","CALDAS","17777","SUPIA","ARTICULO 169. SECUESTRO EXTORSIVO","1"
"07/09/2003","50","META","50689","SAN MARTIN","ARTICULO 168. SECUESTRO SIMPLE","1"
"07/09/2003","50","META","50689","SAN MARTIN","ARTICULO 169. SECUESTRO EXTORSIVO","1"
"07/09/2003","50","META","50689","SAN MARTIN","ARTICULO 169. SECUESTRO EXTORSIVO","1"
"06/09/2003","44","LA GUAJIRA","44001","RIOHACHA","ARTICULO 169. SECUESTRO EXTORSIVO","1"
"06/09/2003","44","LA GUAJIRA","44001","RIOHACHA","ARTICULO 169. SECUESTRO EXTORSIVO","1"
"06/09/2003","44","LA GUAJIRA","44001","RIOHACHA","ARTICULO 169. SECUESTRO EXTORSIVO","1"
"06/09/2003","44","LA GUAJIRA","44001","RIOHACHA","ARTICULO 169. SECUESTRO EXTORSIVO","1"
"06/09/2003","44","LA GUAJIRA","44001","RIOHACHA","ARTICULO 169. SECUESTRO EXTORSIVO","1"
"06/09/2003","44","LA GUAJIRA","44001","RIOHACHA","ARTICULO 169. SECUESTRO EXTORSIVO","1"
"05/09/2003","52","NARIÑO","52788","TANGUA","ARTICULO 169. SECUESTRO EXTORSIVO","1"
"05/09/2003","52","NARIÑO","52788","TANGUA","ARTICULO 169. SECUESTRO EXTORSIVO","1"
"05/09/2003","05","ANTIOQUIA","05040","ANORI","ARTICULO 169. SECUESTRO EXTORSIVO","1"
"05/09/2003","11","BOGOTA D.C.","11001","BOGOTA D.C.","ARTICULO 168. SECUESTRO SIMPLE","1"
"05/09/2003","66","RISARALDA","66594","QUINCHIA","ARTICULO 169. SECUESTRO EXTORSIVO","1"
"05/09/2003","66","RISARALDA","66594","QUINCHIA","ARTICULO 169. SECUESTRO EXTORSIVO","1"
"05/09/2003","52","NARIÑO","52788","TANGUA","ARTICULO 169. SECUESTRO EXTORSIVO","1"
"05/09/2003","52","NARIÑO","52788","TANGUA","ARTICULO 169. SECUESTRO EXTORSIVO","1"
"05/09/2003","52","NARIÑO","52788","TANGUA","ARTICULO 169. SECUESTRO EXTORSIVO","1"
"05/09/2003","15","BOYACA","15757","SOCHA","ARTICULO 169. SECUESTRO EXTORSIVO","1"
"04/09/2003","52","NARIÑO","52001","PASTO","ARTICULO 169. SECUESTRO EXTORSIVO","1"
"04/09/2003","52","NARIÑO","52250","EL CHARCO","ARTICULO 169. SECUESTRO EXTORSIVO","1"
"04/09/2003","11","BOGOTA D.C.","11001","BOGOTA D.C.","ARTICULO 168. SECUESTRO SIMPLE","1"
"04/09/2003","41","HUILA","41306","GIGANTE","ARTICULO 169. SECUESTRO EXTORSIVO","1"
"03/09/2003","15","BOYACA","15232","CHIQUIZA","ARTICULO 169. SECUESTRO EXTORSIVO","1"
"03/09/2003","11","BOGOTA D.C.","11001","BOGOTA D.C.","ARTICULO 169. SECUESTRO EXTORSIVO","1"
"03/09/2003","05","ANTIOQUIA","05890","YOLOMBO","ARTICULO 168. SECUESTRO SIMPLE","2"
"03/09/2003","05","ANTIOQUIA","05890","YOLOMBO","ARTICULO 168. SECUESTRO SIMPLE","1"
"03/09/2003","73","TOLIMA","73275","FLANDES","ARTICULO 168. SECUESTRO SIMPLE","1"
"03/09/2003","05","ANTIOQUIA","05697","EL SANTUARIO","ARTICULO 169. SECUESTRO EXTORSIVO","1"
"02/09/2003","25","CUNDINAMARCA","25307","GIRARDOT","ARTICULO 168. SECUESTRO SIMPLE","1"
"02/09/2003","25","CUNDINAMARCA","25307","GIRARDOT","ARTICULO 168. SECUESTRO SIMPLE","1"
"02/09/2003","44","LA GUAJIRA","44430","MAICAO","ARTICULO 169. SECUESTRO EXTORSIVO","1"
"02/09/2003","44","LA GUAJIRA","44001","RIOHACHA","ARTICULO 169. SECUESTRO EXTORSIVO","1"
"02/09/2003","18","CAQUETA","18460","MILAN","ARTICULO 168. SECUESTRO SIMPLE","3"
"02/09/2003","18","CAQUETA","18460","MILAN","ARTICULO 168. SECUESTRO SIMPLE","2"
"01/09/2003","52","NARIÑO","52260","EL TAMBO","ARTICULO 169. SECUESTRO EXTORSIVO","1"
"01/09/2003","25","CUNDINAMARCA","25572","PUERTO SALGAR","ARTICULO 168. SECUESTRO SIMPLE","1"
"01/09/2003","85","CASANARE","85250","PAZ DE ARIPORO","ARTICULO 168. SECUESTRO SIMPLE","1"
"01/09/2003","73","TOLIMA","73001","IBAGUE","ARTICULO 168. SECUESTRO SIMPLE","1"
"01/09/2003","41","HUILA","41001","NEIVA","ARTICULO 168. SECUESTRO SIMPLE","1"
"01/09/2003","73","TOLIMA","73349","HONDA","ARTICULO 168. SECUESTRO SIMPLE","1"
"01/09/2003","41","HUILA","41001","NEIVA","ARTICULO 169. SECUESTRO EXTORSIVO","1"
"31/08/2003","05","ANTIOQUIA","05495","NECHI","ARTICULO 169. SECUESTRO EXTORSIVO","2"
"31/08/2003","68","SANTANDER","68547","PIEDECUESTA","ARTICULO 169. SECUESTRO EXTORSIVO","1"
"30/08/2003","85","CASANARE","85001","YOPAL","ARTICULO 169. SECUESTRO EXTORSIVO","1"
"30/08/2003","11","BOGOTA D.C.","11001","BOGOTA D.C.","ARTICULO 169. SECUESTRO EXTORSIVO","1"
"29/08/2003","05","ANTIOQUIA","05040","ANORI","ARTICULO 169. SECUESTRO EXTORSIVO","1"
"28/08/2003","47","MAGDALENA","47605","REMOLINO","ARTICULO 168. SECUESTRO SIMPLE","1"
"28/08/2003","73","TOLIMA","73449","MELGAR","ARTICULO 168. SECUESTRO SIMPLE","1"
"28/08/2003","11","BOGOTA D.C.","11001","BOGOTA D.C.","ARTICULO 169. SECUESTRO EXTORSIVO","1"
"28/08/2003","66","RISARALDA","66594","QUINCHIA","ARTICULO 169. SECUESTRO EXTORSIVO","1"
"28/08/2003","66","RISARALDA","66594","QUINCHIA","ARTICULO 169. SECUESTRO EXTORSIVO","1"
"28/08/2003","66","RISARALDA","66594","QUINCHIA","ARTICULO 169. SECUESTRO EXTORSIVO","1"
"28/08/2003","25","CUNDINAMARCA","25754","SOACHA","ARTICULO 169. SECUESTRO EXTORSIVO","1"
"28/08/2003","25","CUNDINAMARCA","25754","SOACHA","ARTICULO 169. SECUESTRO EXTORSIVO","1"
"27/08/2003","50","META","50313","GRANADA","ARTICULO 169. SECUESTRO EXTORSIVO","1"
"27/08/2003","41","HUILA","41000","SIN ESTABLECER","ARTICULO 169. SECUESTRO EXTORSIVO","1"
"26/08/2003","54","NORTE DE SANTANDER","54498","OCAÑA","ARTICULO 168. SECUESTRO SIMPLE","1"
"26/08/2003","76","VALLE DEL CAUCA","76001","CALI","ARTICULO 169. SECUESTRO EXTORSIVO","1"
"26/08/2003","47","MAGDALENA","47245","EL BANCO","ARTICULO 169. SECUESTRO EXTORSIVO","1"
"26/08/2003","50","META","50001","VILLAVICENCIO","ARTICULO 168. SECUESTRO SIMPLE","1"
"26/08/2003","11","BOGOTA D.C.","11001","BOGOTA D.C.","ARTICULO 168. SECUESTRO SIMPLE","1"
"26/08/2003","20","CESAR","20011","AGUACHICA","ARTICULO 169. SECUESTRO EXTORSIVO","1"
"26/08/2003","19","CAUCA","19573","PUERTO TEJADA","ARTICULO 169. SECUESTRO EXTORSIVO","1"
"26/08/2003","70","SUCRE","70418","LOS PALMITOS","ARTICULO 168. SECUESTRO SIMPLE","1"
"25/08/2003","05","ANTIOQUIA","05038","ANGOSTURA","ARTICULO 168. SECUESTRO SIMPLE","1"
"25/08/2003","11","BOGOTA D.C.","11001","BOGOTA D.C.","ARTICULO 168. SECUESTRO SIMPLE","1"
"25/08/2003","68","SANTANDER","68001","BUCARAMANGA","ARTICULO 168. SECUESTRO SIMPLE","3"
"25/08/2003","25","CUNDINAMARCA","25596","QUIPILE","ARTICULO 168. SECUESTRO SIMPLE","1"
"25/08/2003","25","CUNDINAMARCA","25596","QUIPILE","ARTICULO 168. SECUESTRO SIMPLE","1"
"25/08/2003","17","CALDAS","17042","ANSERMA","ARTICULO 169. SECUESTRO EXTORSIVO","1"
"25/08/2003","17","CALDAS","17042","ANSERMA","ARTICULO 169. SECUESTRO EXTORSIVO","1"
"24/08/2003","11","BOGOTA D.C.","11001","BOGOTA D.C.","ARTICULO 168. SECUESTRO SIMPLE","2"
"24/08/2003","68","SANTANDER","68081","BARRANCABERMEJA","ARTICULO 168. SECUESTRO SIMPLE","1"
"24/08/2003","68","SANTANDER","68081","BARRANCABERMEJA","ARTICULO 168. SECUESTRO SIMPLE","1"
"24/08/2003","54","NORTE DE SANTANDER","54498","OCAÑA","ARTICULO 169. SECUESTRO EXTORSIVO","1"
"24/08/2003","27","CHOCO","27001","QUIBDO","ARTICULO 169. SECUESTRO EXTORSIVO","1"
"24/08/2003","27","CHOCO","27001","QUIBDO","ARTICULO 169. SECUESTRO EXTORSIVO","1"
"24/08/2003","27","CHOCO","27001","QUIBDO","ARTICULO 169. SECUESTRO EXTORSIVO","1"
"22/08/2003","68","SANTANDER","68081","BARRANCABERMEJA","ARTICULO 168. SECUESTRO SIMPLE","1"
"21/08/2003","44","LA GUAJIRA","44001","RIOHACHA","ARTICULO 168. SECUESTRO SIMPLE","1"
"21/08/2003","19","CAUCA","19450","MERCADERES","ARTICULO 169. SECUESTRO EXTORSIVO","1"
"20/08/2003","11","BOGOTA D.C.","11001","BOGOTA D.C.","ARTICULO 169. SECUESTRO EXTORSIVO","1"
"20/08/2003","25","CUNDINAMARCA","25805","TIBACUY","ARTICULO 168. SECUESTRO SIMPLE","2"
"20/08/2003","11","BOGOTA D.C.","11001","BOGOTA D.C.","ARTICULO 169. SECUESTRO EXTORSIVO","1"
"20/08/2003","15","BOYACA","15238","DUITAMA","ARTICULO 169. SECUESTRO EXTORSIVO","1"
"20/08/2003","05","ANTIOQUIA","05093","BETULIA","ARTICULO 168. SECUESTRO SIMPLE","1"
"20/08/2003","54","NORTE DE SANTANDER","54498","OCAÑA","ARTICULO 169. SECUESTRO EXTORSIVO","1"
"19/08/2003","15","BOYACA","15667","SAN LUIS DE GACENO","ARTICULO 169. SECUESTRO EXTORSIVO","1"
"19/08/2003","44","LA GUAJIRA","44874","VILLANUEVA","ARTICULO 169. SECUESTRO EXTORSIVO","1"
"19/08/2003","76","VALLE DEL CAUCA","76109","BUENAVENTURA","ARTICULO 168. SECUESTRO SIMPLE","1"
"18/08/2003","05","ANTIOQUIA","05690","SANTO DOMINGO","ARTICULO 168. SECUESTRO SIMPLE","1"
"18/08/2003","05","ANTIOQUIA","05134","CAMPAMENTO","ARTICULO 169. SECUESTRO EXTORSIVO","1"
"18/08/2003","19","CAUCA","19585","PURACE","ARTICULO 169. SECUESTRO EXTORSIVO","1"
"18/08/2003","19","CAUCA","19585","PURACE","ARTICULO 169. SECUESTRO EXTORSIVO","1"
"17/08/2003","66","RISARALDA","66001","PEREIRA","ARTICULO 169. SECUESTRO EXTORSIVO","1"
"17/08/2003","76","VALLE DEL CAUCA","76233","DAGUA","ARTICULO 169. SECUESTRO EXTORSIVO","1"
"17/08/2003","76","VALLE DEL CAUCA","76233","DAGUA","ARTICULO 169. SECUESTRO EXTORSIVO","1"
"17/08/2003","05","ANTIOQUIA","05129","CALDAS","ARTICULO 168. SECUESTRO SIMPLE","1"
"17/08/2003","73","TOLIMA","73001","IBAGUE","ARTICULO 169. SECUESTRO EXTORSIVO","1"
"16/08/2003","05","ANTIOQUIA","05250","EL BAGRE","ARTICULO 169. SECUESTRO EXTORSIVO","1"
"16/08/2003","05","ANTIOQUIA","05250","EL BAGRE","ARTICULO 169. SECUESTRO EXTORSIVO","1"
"16/08/2003","25","CUNDINAMARCA","25320","GUADUAS","ARTICULO 168. SECUESTRO SIMPLE","1"
"16/08/2003","25","CUNDINAMARCA","25793","TAUSA","ARTICULO 169. SECUESTRO EXTORSIVO","1"
"16/08/2003","11","BOGOTA D.C.","11001","BOGOTA D.C.","ARTICULO 168. SECUESTRO SIMPLE","1"
"16/08/2003","85","CASANARE","85440","VILLANUEVA","ARTICULO 169. SECUESTRO EXTORSIVO","1"
"15/08/2003","13","BOLIVAR","13006","ACHI","ARTICULO 169. SECUESTRO EXTORSIVO","1"
"15/08/2003","41","HUILA","41001","NEIVA","ARTICULO 168. SECUESTRO SIMPLE","1"
"15/08/2003","17","CALDAS","17380","LA DORADA","ARTICULO 168. SECUESTRO SIMPLE","1"
"15/08/2003","41","HUILA","41001","NEIVA","ARTICULO 168. SECUESTRO SIMPLE","1"
"15/08/2003","19","CAUCA","19622","ROSAS","ARTICULO 168. SECUESTRO SIMPLE","1"
"15/08/2003","85","CASANARE","85440","VILLANUEVA","ARTICULO 169. SECUESTRO EXTORSIVO","1"
"14/08/2003","15","BOYACA","15759","SOGAMOSO","ARTICULO 169. SECUESTRO EXTORSIVO","1"
"14/08/2003","27","CHOCO","27075","BAHIA SOLANO","ARTICULO 169. SECUESTRO EXTORSIVO","1"
"14/08/2003","15","BOYACA","15759","SOGAMOSO","ARTICULO 169. SECUESTRO EXTORSIVO","1"
"14/08/2003","11","BOGOTA D.C.","11001","BOGOTA D.C.","ARTICULO 168. SECUESTRO SIMPLE","1"
"14/08/2003","50","META","50573","PUERTO LOPEZ","ARTICULO 169. SECUESTRO EXTORSIVO","1"
"14/08/2003","73","TOLIMA","73268","ESPINAL","ARTICULO 168. SECUESTRO SIMPLE","1"
"13/08/2003","05","ANTIOQUIA","05308","GIRARDOTA","ARTICULO 169. SECUESTRO EXTORSIVO","1"
"13/08/2003","52","NARIÑO","52435","MALLAMA","ARTICULO 168. SECUESTRO SIMPLE","1"
"13/08/2003","52","NARIÑO","52435","MALLAMA","ARTICULO 169. SECUESTRO EXTORSIVO","1"
"13/08/2003","15","BOYACA","15806","TIBASOSA","ARTICULO 169. SECUESTRO EXTORSIVO","1"
"13/08/2003","85","CASANARE","85440","VILLANUEVA","ARTICULO 169. SECUESTRO EXTORSIVO","1"
"12/08/2003","47","MAGDALENA","47001","SANTA MARTA","ARTICULO 169. SECUESTRO EXTORSIVO","1"
"12/08/2003","05","ANTIOQUIA","05360","ITAGUI","ARTICULO 169. SECUESTRO EXTORSIVO","1"
"12/08/2003","54","NORTE DE SANTANDER","54001","CUCUTA","ARTICULO 168. SECUESTRO SIMPLE","1"
"12/08/2003","20","CESAR","20045","BECERRIL","ARTICULO 169. SECUESTRO EXTORSIVO","1"
"12/08/2003","73","TOLIMA","73124","CAJAMARCA","ARTICULO 168. SECUESTRO SIMPLE","1"
"12/08/2003","20","CESAR","20178","CHIRIGUANA","ARTICULO 168. SECUESTRO SIMPLE","1"
"12/08/2003","50","META","50318","GUAMAL","ARTICULO 168. SECUESTRO SIMPLE","1"
"12/08/2003","20","CESAR","20175","CHIMICHAGUA","ARTICULO 169. SECUESTRO EXTORSIVO","1"
"11/08/2003","05","ANTIOQUIA","05819","TOLEDO","ARTICULO 168. SECUESTRO SIMPLE","1"
"11/08/2003","68","SANTANDER","68547","PIEDECUESTA","ARTICULO 168. SECUESTRO SIMPLE","1"
"11/08/2003","05","ANTIOQUIA","05425","MACEO","ARTICULO 168. SECUESTRO SIMPLE","2"
"11/08/2003","70","SUCRE","70001","SINCELEJO","ARTICULO 168. SECUESTRO SIMPLE","1"
"11/08/2003","11","BOGOTA D.C.","11001","BOGOTA D.C.","ARTICULO 168. SECUESTRO SIMPLE","1"
"11/08/2003","50","META","50001","VILLAVICENCIO","ARTICULO 169. SECUESTRO EXTORSIVO","1"
"10/08/2003","05","ANTIOQUIA","05002","ABEJORRAL","ARTICULO 168. SECUESTRO SIMPLE","1"
"10/08/2003","47","MAGDALENA","47001","SANTA MARTA","ARTICULO 169. SECUESTRO EXTORSIVO","1"
"10/08/2003","47","MAGDALENA","47001","SANTA MARTA","ARTICULO 169. SECUESTRO EXTORSIVO","1"
"10/08/2003","66","RISARALDA","66001","PEREIRA","ARTICULO 168. SECUESTRO SIMPLE","1"
"10/08/2003","25","CUNDINAMARCA","25438","MEDINA","ARTICULO 169. SECUESTRO EXTORSIVO","1"
"10/08/2003","25","CUNDINAMARCA","25438","MEDINA","ARTICULO 168. SECUESTRO SIMPLE","1"
"10/08/2003","20","CESAR","20001","VALLEDUPAR","ARTICULO 169. SECUESTRO EXTORSIVO","1"
"09/08/2003","52","NARIÑO","52287","FUNES","ARTICULO 169. SECUESTRO EXTORSIVO","1"
"09/08/2003","73","TOLIMA","73624","ROVIRA","ARTICULO 169. SECUESTRO EXTORSIVO","1"
"09/08/2003","19","CAUCA","19548","PIENDAMO - TUNIA","ARTICULO 168. SECUESTRO SIMPLE","1"
"09/08/2003","11","BOGOTA D.C.","11001","BOGOTA D.C.","ARTICULO 168. SECUESTRO SIMPLE","1"
"09/08/2003","11","BOGOTA D.C.","11001","BOGOTA D.C.","ARTICULO 168. SECUESTRO SIMPLE","1"
"09/08/2003","68","SANTANDER","68001","BUCARAMANGA","ARTICULO 169. SECUESTRO EXTORSIVO","1"
"09/08/2003","05","ANTIOQUIA","05674","SAN VICENTE FERRER","ARTICULO 169. SECUESTRO EXTORSIVO","1"
"09/08/2003","73","TOLIMA","73200","COELLO","ARTICULO 168. SECUESTRO SIMPLE","2"
"09/08/2003","13","BOLIVAR","13600","RIO VIEJO","ARTICULO 169. SECUESTRO EXTORSIVO","1"
"09/08/2003","20","CESAR","20011","AGUACHICA","ARTICULO 168. SECUESTRO SIMPLE","1"
"09/08/2003","76","VALLE DEL CAUCA","76001","CALI","ARTICULO 168. SECUESTRO SIMPLE","1"
"09/08/2003","23","CORDOBA","23686","SAN PELAYO","ARTICULO 169. SECUESTRO EXTORSIVO","1"
"08/08/2003","52","NARIÑO","52573","PUERRES","ARTICULO 168. SECUESTRO SIMPLE","1"
"08/08/2003","52","NARIÑO","52573","PUERRES","ARTICULO 169. SECUESTRO EXTORSIVO","1"
"08/08/2003","52","NARIÑO","52573","PUERRES","ARTICULO 169. SECUESTRO EXTORSIVO","1"
"08/08/2003","05","ANTIOQUIA","05001","MEDELLIN","ARTICULO 168. SECUESTRO SIMPLE","1"
"08/08/2003","73","TOLIMA","73001","IBAGUE","ARTICULO 168. SECUESTRO SIMPLE","1"
"07/08/2003","76","VALLE DEL CAUCA","76563","PRADERA","ARTICULO 169. SECUESTRO EXTORSIVO","1"
"07/08/2003","85","CASANARE","85440","VILLANUEVA","ARTICULO 169. SECUESTRO EXTORSIVO","1"
"07/08/2003","19","CAUCA","19455","MIRANDA","ARTICULO 169. SECUESTRO EXTORSIVO","1"
"06/08/2003","20","CESAR","20550","PELAYA","ARTICULO 168. SECUESTRO SIMPLE","1"
"06/08/2003","05","ANTIOQUIA","05690","SANTO DOMINGO","ARTICULO 168. SECUESTRO SIMPLE","2"
"06/08/2003","11","BOGOTA D.C.","11001","BOGOTA D.C.","ARTICULO 168. SECUESTRO SIMPLE","1"
"06/08/2003","66","RISARALDA","66001","PEREIRA","ARTICULO 169. SECUESTRO EXTORSIVO","1"
"06/08/2003","73","TOLIMA","73585","PURIFICACION","ARTICULO 168. SECUESTRO SIMPLE","1"
"05/08/2003","70","SUCRE","70717","SAN PEDRO","ARTICULO 169. SECUESTRO EXTORSIVO","1"
"05/08/2003","11","BOGOTA D.C.","11001","BOGOTA D.C.","ARTICULO 168. SECUESTRO SIMPLE","1"
"05/08/2003","68","SANTANDER","68001","BUCARAMANGA","ARTICULO 168. SECUESTRO SIMPLE","1"
"05/08/2003","15","BOYACA","15176","CHIQUINQUIRA","ARTICULO 169. SECUESTRO EXTORSIVO","1"
"05/08/2003","11","BOGOTA D.C.","11001","BOGOTA D.C.","ARTICULO 168. SECUESTRO SIMPLE","1"
"04/08/2003","41","HUILA","41551","PITALITO","ARTICULO 169. SECUESTRO EXTORSIVO","1"
"04/08/2003","76","VALLE DEL CAUCA","76606","RESTREPO","ARTICULO 169. SECUESTRO EXTORSIVO","1"
"04/08/2003","50","META","50251","EL CASTILLO","ARTICULO 168. SECUESTRO SIMPLE","1"
"03/08/2003","76","VALLE DEL CAUCA","76616","RIOFRIO","ARTICULO 169. SECUESTRO EXTORSIVO","1"
"03/08/2003","76","VALLE DEL CAUCA","76233","DAGUA","ARTICULO 169. SECUESTRO EXTORSIVO","1"
"03/08/2003","20","CESAR","20001","VALLEDUPAR","ARTICULO 169. SECUESTRO EXTORSIVO","1"
"02/08/2003","41","HUILA","41001","NEIVA","ARTICULO 168. SECUESTRO SIMPLE","1"
"02/08/2003","27","CHOCO","27075","BAHIA SOLANO","ARTICULO 169. SECUESTRO EXTORSIVO","1"
"02/08/2003","11","BOGOTA D.C.","11001","BOGOTA D.C.","ARTICULO 169. SECUESTRO EXTORSIVO","1"
"01/08/2003","68","SANTANDER","68001","BUCARAMANGA","ARTICULO 168. SECUESTRO SIMPLE","1"
"01/08/2003","41","HUILA","41807","TIMANA","ARTICULO 168. SECUESTRO SIMPLE","1"
"01/08/2003","11","BOGOTA D.C.","11001","BOGOTA D.C.","ARTICULO 169. SECUESTRO EXTORSIVO","1"
"01/08/2003","25","CUNDINAMARCA","25530","PARATEBUENO","ARTICULO 168. SECUESTRO SIMPLE","1"
"01/08/2003","73","TOLIMA","73443","SAN SEBASTIAN DE MARIQUITA","ARTICULO 168. SECUESTRO SIMPLE","1"
"31/07/2003","15","BOYACA","15047","AQUITANIA","ARTICULO 169. SECUESTRO EXTORSIVO","1"
"31/07/2003","15","BOYACA","15367","JENESANO","ARTICULO 169. SECUESTRO EXTORSIVO","1"
"31/07/2003","05","ANTIOQUIA","05660","SAN LUIS","ARTICULO 168. SECUESTRO SIMPLE","1"
"31/07/2003","15","BOYACA","15367","JENESANO","ARTICULO 169. SECUESTRO EXTORSIVO","1"
"31/07/2003","18","CAQUETA","18610","SAN JOSE DEL FRAGUA","ARTICULO 169. SECUESTRO EXTORSIVO","1"
"31/07/2003","11","BOGOTA D.C.","11001","BOGOTA D.C.","ARTICULO 169. SECUESTRO EXTORSIVO","2"
"30/07/2003","05","ANTIOQUIA","05313","GRANADA","ARTICULO 168. SECUESTRO SIMPLE","1"
"30/07/2003","05","ANTIOQUIA","05313","GRANADA","ARTICULO 168. SECUESTRO SIMPLE","1"
"30/07/2003","05","ANTIOQUIA","05313","GRANADA","ARTICULO 169. SECUESTRO EXTORSIVO","1"
"30/07/2003","05","ANTIOQUIA","05313","GRANADA","ARTICULO 169. SECUESTRO EXTORSIVO","1"
"30/07/2003","47","MAGDALENA","47001","SANTA MARTA","ARTICULO 168. SECUESTRO SIMPLE","1"
"30/07/2003","47","MAGDALENA","47001","SANTA MARTA","ARTICULO 168. SECUESTRO SIMPLE","1"
"30/07/2003","20","CESAR","20750","SAN DIEGO","ARTICULO 168. SECUESTRO SIMPLE","10"
"30/07/2003","20","CESAR","20750","SAN DIEGO","ARTICULO 168. SECUESTRO SIMPLE","1"
"29/07/2003","20","CESAR","20238","EL COPEY","ARTICULO 168. SECUESTRO SIMPLE","3"
"29/07/2003","05","ANTIOQUIA","05890","YOLOMBO","ARTICULO 168. SECUESTRO SIMPLE","2"
"29/07/2003","11","BOGOTA D.C.","11001","BOGOTA D.C.","ARTICULO 168. SECUESTRO SIMPLE","1"
"29/07/2003","05","ANTIOQUIA","05890","YOLOMBO","ARTICULO 168. SECUESTRO SIMPLE","1"
"29/07/2003","47","MAGDALENA","47001","SANTA MARTA","ARTICULO 168. SECUESTRO SIMPLE","1"
"29/07/2003","70","SUCRE","70670","SAMPUES","ARTICULO 168. SECUESTRO SIMPLE","1"
"29/07/2003","05","ANTIOQUIA","05001","MEDELLIN","ARTICULO 169. SECUESTRO EXTORSIVO","1"
"29/07/2003","20","CESAR","20011","AGUACHICA","ARTICULO 169. SECUESTRO EXTORSIVO","2"
"29/07/2003","20","CESAR","20011","AGUACHICA","ARTICULO 168. SECUESTRO SIMPLE","1"
"29/07/2003","20","CESAR","20011","AGUACHICA","ARTICULO 169. SECUESTRO EXTORSIVO","1"
"28/07/2003","25","CUNDINAMARCA","25473","MOSQUERA","ARTICULO 169. SECUESTRO EXTORSIVO","1"
"28/07/2003","73","TOLIMA","73268","ESPINAL","ARTICULO 168. SECUESTRO SIMPLE","1"
"28/07/2003","25","CUNDINAMARCA","25473","MOSQUERA","ARTICULO 168. SECUESTRO SIMPLE","2"
"27/07/2003","76","VALLE DEL CAUCA","76834","TULUA","ARTICULO 169. SECUESTRO EXTORSIVO","1"
"27/07/2003","05","ANTIOQUIA","05425","MACEO","ARTICULO 168. SECUESTRO SIMPLE","1"
"27/07/2003","19","CAUCA","19698","SANTANDER DE QUILICHAO","ARTICULO 168. SECUESTRO SIMPLE","1"
"27/07/2003","50","META","50001","VILLAVICENCIO","ARTICULO 168. SECUESTRO SIMPLE","1"
"26/07/2003","25","CUNDINAMARCA","25290","FUSAGASUGA","ARTICULO 168. SECUESTRO SIMPLE","1"
"26/07/2003","66","RISARALDA","66572","PUEBLO RICO","ARTICULO 169. SECUESTRO EXTORSIVO","1"
"26/07/2003","66","RISARALDA","66572","PUEBLO RICO","ARTICULO 169. SECUESTRO EXTORSIVO","1"
"26/07/2003","73","TOLIMA","73001","IBAGUE","ARTICULO 168. SECUESTRO SIMPLE","1"
"26/07/2003","23","CORDOBA","23001","MONTERIA","ARTICULO 169. SECUESTRO EXTORSIVO","1"
"26/07/2003","47","MAGDALENA","47001","SANTA MARTA","ARTICULO 168. SECUESTRO SIMPLE","1"
"25/07/2003","05","ANTIOQUIA","05647","SAN ANDRES DE CUERQUIA","ARTICULO 169. SECUESTRO EXTORSIVO","1"
"25/07/2003","05","ANTIOQUIA","05361","ITUANGO","ARTICULO 168. SECUESTRO SIMPLE","1"
"25/07/2003","05","ANTIOQUIA","05361","ITUANGO","ARTICULO 168. SECUESTRO SIMPLE","1"
"25/07/2003","05","ANTIOQUIA","05361","ITUANGO","ARTICULO 169. SECUESTRO EXTORSIVO","1"
"24/07/2003","27","CHOCO","27205","CONDOTO","ARTICULO 169. SECUESTRO EXTORSIVO","1"
"24/07/2003","05","ANTIOQUIA","05001","MEDELLIN","ARTICULO 169. SECUESTRO EXTORSIVO","1"
"24/07/2003","25","CUNDINAMARCA","25320","GUADUAS","ARTICULO 168. SECUESTRO SIMPLE","1"
"24/07/2003","44","LA GUAJIRA","44001","RIOHACHA","ARTICULO 169. SECUESTRO EXTORSIVO","1"
"23/07/2003","76","VALLE DEL CAUCA","76520","PALMIRA","ARTICULO 168. SECUESTRO SIMPLE","1"
"23/07/2003","76","VALLE DEL CAUCA","76520","PALMIRA","ARTICULO 168. SECUESTRO SIMPLE","1"
"23/07/2003","20","CESAR","20001","VALLEDUPAR","ARTICULO 168. SECUESTRO SIMPLE","1"
"23/07/2003","27","CHOCO","27001","QUIBDO","ARTICULO 169. SECUESTRO EXTORSIVO","1"
"23/07/2003","27","CHOCO","27001","QUIBDO","ARTICULO 169. SECUESTRO EXTORSIVO","1"
"23/07/2003","27","CHOCO","27001","QUIBDO","ARTICULO 169. SECUESTRO EXTORSIVO","1"
"23/07/2003","27","CHOCO","27001","QUIBDO","ARTICULO 169. SECUESTRO EXTORSIVO","1"
"23/07/2003","27","CHOCO","27050","ATRATO","ARTICULO 169. SECUESTRO EXTORSIVO","1"
"22/07/2003","50","META","50001","VILLAVICENCIO","ARTICULO 168. SECUESTRO SIMPLE","1"
"22/07/2003","11","BOGOTA D.C.","11001","BOGOTA D.C.","ARTICULO 168. SECUESTRO SIMPLE","1"
"22/07/2003","11","BOGOTA D.C.","11001","BOGOTA D.C.","ARTICULO 168. SECUESTRO SIMPLE","1"
"21/07/2003","70","SUCRE","70508","OVEJAS","ARTICULO 168. SECUESTRO SIMPLE","6"
"21/07/2003","70","SUCRE","70523","PALMITO","ARTICULO 168. SECUESTRO SIMPLE","1"
"21/07/2003","70","SUCRE","70508","OVEJAS","ARTICULO 168. SECUESTRO SIMPLE","1"
"21/07/2003","70","SUCRE","70508","OVEJAS","ARTICULO 168. SECUESTRO SIMPLE","1"
"21/07/2003","70","SUCRE","70523","PALMITO","ARTICULO 168. SECUESTRO SIMPLE","1"
"21/07/2003","70","SUCRE","70508","OVEJAS","ARTICULO 169. SECUESTRO EXTORSIVO","1"
"21/07/2003","19","CAUCA","19001","POPAYAN","ARTICULO 168. SECUESTRO SIMPLE","1"
"21/07/2003","19","CAUCA","19001","POPAYAN","ARTICULO 168. SECUESTRO SIMPLE","1"
"21/07/2003","66","RISARALDA","66318","GUATICA","ARTICULO 169. SECUESTRO EXTORSIVO","2"
"21/07/2003","66","RISARALDA","66318","GUATICA","ARTICULO 168. SECUESTRO SIMPLE","1"
"21/07/2003","66","RISARALDA","66318","GUATICA","ARTICULO 168. SECUESTRO SIMPLE","1"
"21/07/2003","66","RISARALDA","66318","GUATICA","ARTICULO 169. SECUESTRO EXTORSIVO","1"
"21/07/2003","66","RISARALDA","66318","GUATICA","ARTICULO 169. SECUESTRO EXTORSIVO","1"
"21/07/2003","66","RISARALDA","66318","GUATICA","ARTICULO 169. SECUESTRO EXTORSIVO","1"
"21/07/2003","27","CHOCO","27050","ATRATO","ARTICULO 169. SECUESTRO EXTORSIVO","1"
"21/07/2003","27","CHOCO","27800","UNGUIA","ARTICULO 168. SECUESTRO SIMPLE","1"
"21/07/2003","66","RISARALDA","66318","GUATICA","ARTICULO 168. SECUESTRO SIMPLE","1"
"21/07/2003","66","RISARALDA","66318","GUATICA","ARTICULO 169. SECUESTRO EXTORSIVO","1"
"21/07/2003","66","RISARALDA","66318","GUATICA","ARTICULO 169. SECUESTRO EXTORSIVO","1"
"21/07/2003","66","RISARALDA","66318","GUATICA","ARTICULO 169. SECUESTRO EXTORSIVO","1"
"21/07/2003","66","RISARALDA","66318","GUATICA","ARTICULO 169. SECUESTRO EXTORSIVO","1"
"21/07/2003","66","RISARALDA","66318","GUATICA","ARTICULO 169. SECUESTRO EXTORSIVO","1"
"21/07/2003","66","RISARALDA","66318","GUATICA","ARTICULO 169. SECUESTRO EXTORSIVO","1"
"21/07/2003","66","RISARALDA","66318","GUATICA","ARTICULO 169. SECUESTRO EXTORSIVO","1"
"21/07/2003","66","RISARALDA","66318","GUATICA","ARTICULO 169. SECUESTRO EXTORSIVO","1"
"21/07/2003","66","RISARALDA","66318","GUATICA","ARTICULO 169. SECUESTRO EXTORSIVO","1"
"21/07/2003","66","RISARALDA","66318","GUATICA","ARTICULO 169. SECUESTRO EXTORSIVO","1"
"21/07/2003","66","RISARALDA","66318","GUATICA","ARTICULO 169. SECUESTRO EXTORSIVO","1"
"21/07/2003","66","RISARALDA","66318","GUATICA","ARTICULO 169. SECUESTRO EXTORSIVO","1"
"21/07/2003","66","RISARALDA","66318","GUATICA","ARTICULO 169. SECUESTRO EXTORSIVO","1"
"21/07/2003","66","RISARALDA","66318","GUATICA","ARTICULO 169. SECUESTRO EXTORSIVO","1"
"21/07/2003","66","RISARALDA","66318","GUATICA","ARTICULO 169. SECUESTRO EXTORSIVO","1"
"21/07/2003","11","BOGOTA D.C.","11001","BOGOTA D.C.","ARTICULO 168. SECUESTRO SIMPLE","1"
"21/07/2003","68","SANTANDER","68001","BUCARAMANGA","ARTICULO 169. SECUESTRO EXTORSIVO","1"
"20/07/2003","68","SANTANDER","68615","RIONEGRO","ARTICULO 168. SECUESTRO SIMPLE","1"
"20/07/2003","15","BOYACA","15238","DUITAMA","ARTICULO 168. SECUESTRO SIMPLE","1"
"20/07/2003","66","RISARALDA","66318","GUATICA","ARTICULO 169. SECUESTRO EXTORSIVO","1"
"19/07/2003","20","CESAR","20011","AGUACHICA","ARTICULO 168. SECUESTRO SIMPLE","1"
"19/07/2003","11","BOGOTA D.C.","11001","BOGOTA D.C.","ARTICULO 168. SECUESTRO SIMPLE","1"
"19/07/2003","68","SANTANDER","68217","COROMORO","ARTICULO 169. SECUESTRO EXTORSIVO","1"
"19/07/2003","68","SANTANDER","68615","RIONEGRO","ARTICULO 169. SECUESTRO EXTORSIVO","1"
"19/07/2003","70","SUCRE","70508","OVEJAS","ARTICULO 169. SECUESTRO EXTORSIVO","1"
"18/07/2003","08","ATLANTICO","08634","SABANAGRANDE","ARTICULO 168. SECUESTRO SIMPLE","1"
"18/07/2003","73","TOLIMA","73349","HONDA","ARTICULO 168. SECUESTRO SIMPLE","1"
"18/07/2003","76","VALLE DEL CAUCA","76520","PALMIRA","ARTICULO 168. SECUESTRO SIMPLE","1"
"17/07/2003","13","BOLIVAR","13222","CLEMENCIA","ARTICULO 169. SECUESTRO EXTORSIVO","1"
"17/07/2003","11","BOGOTA D.C.","11001","BOGOTA D.C.","ARTICULO 169. SECUESTRO EXTORSIVO","1"
"16/07/2003","41","HUILA","41001","NEIVA","ARTICULO 169. SECUESTRO EXTORSIVO","1"
"16/07/2003","05","ANTIOQUIA","05002","ABEJORRAL","ARTICULO 168. SECUESTRO SIMPLE","1"
"16/07/2003","50","META","50006","ACACIAS","ARTICULO 168. SECUESTRO SIMPLE","1"
"16/07/2003","50","META","50006","ACACIAS","ARTICULO 168. SECUESTRO SIMPLE","1"
"15/07/2003","18","CAQUETA","18001","FLORENCIA","ARTICULO 169. SECUESTRO EXTORSIVO","1"
"15/07/2003","85","CASANARE","85440","VILLANUEVA","ARTICULO 169. SECUESTRO EXTORSIVO","1"
"15/07/2003","85","CASANARE","85440","VILLANUEVA","ARTICULO 169. SECUESTRO EXTORSIVO","1"
"15/07/2003","50","META","50001","VILLAVICENCIO","ARTICULO 168. SECUESTRO SIMPLE","1"
"14/07/2003","47","MAGDALENA","47555","PLATO","ARTICULO 169. SECUESTRO EXTORSIVO","1"
"14/07/2003","19","CAUCA","19355","INZA","ARTICULO 168. SECUESTRO SIMPLE","2"
"14/07/2003","15","BOYACA","15759","SOGAMOSO","ARTICULO 168. SECUESTRO SIMPLE","2"
"14/07/2003","15","BOYACA","15759","SOGAMOSO","ARTICULO 168. SECUESTRO SIMPLE","1"
"12/07/2003","25","CUNDINAMARCA","25335","GUAYABETAL","ARTICULO 169. SECUESTRO EXTORSIVO","1"
"12/07/2003","41","HUILA","41551","PITALITO","ARTICULO 169. SECUESTRO EXTORSIVO","1"
"12/07/2003","76","VALLE DEL CAUCA","76126","CALIMA","ARTICULO 169. SECUESTRO EXTORSIVO","1"
"12/07/2003","05","ANTIOQUIA","05615","RIONEGRO","ARTICULO 168. SECUESTRO SIMPLE","1"
"12/07/2003","50","META","50001","VILLAVICENCIO","ARTICULO 168. SECUESTRO SIMPLE","1"
"12/07/2003","73","TOLIMA","73001","IBAGUE","ARTICULO 169. SECUESTRO EXTORSIVO","1"
"11/07/2003","19","CAUCA","19001","POPAYAN","ARTICULO 169. SECUESTRO EXTORSIVO","1"
"11/07/2003","25","CUNDINAMARCA","25269","FACATATIVA","ARTICULO 168. SECUESTRO SIMPLE","1"
"11/07/2003","73","TOLIMA","73268","ESPINAL","ARTICULO 168. SECUESTRO SIMPLE","1"
"11/07/2003","05","ANTIOQUIA","05887","YARUMAL","ARTICULO 169. SECUESTRO EXTORSIVO","1"
"11/07/2003","63","QUINDIO","63548","PIJAO","ARTICULO 169. SECUESTRO EXTORSIVO","1"
"11/07/2003","11","BOGOTA D.C.","11001","BOGOTA D.C.","ARTICULO 168. SECUESTRO SIMPLE","1"
"10/07/2003","41","HUILA","41551","PITALITO","ARTICULO 168. SECUESTRO SIMPLE","1"
"10/07/2003","73","TOLIMA","73870","VILLAHERMOSA","ARTICULO 168. SECUESTRO SIMPLE","1"
"09/07/2003","11","BOGOTA D.C.","11001","BOGOTA D.C.","ARTICULO 169. SECUESTRO EXTORSIVO","1"
"09/07/2003","85","CASANARE","85010","AGUAZUL","ARTICULO 169. SECUESTRO EXTORSIVO","1"
"09/07/2003","20","CESAR","20178","CHIRIGUANA","ARTICULO 169. SECUESTRO EXTORSIVO","1"
"09/07/2003","20","CESAR","20178","CHIRIGUANA","ARTICULO 169. SECUESTRO EXTORSIVO","1"
"09/07/2003","44","LA GUAJIRA","44430","MAICAO","ARTICULO 169. SECUESTRO EXTORSIVO","1"
"09/07/2003","44","LA GUAJIRA","44430","MAICAO","ARTICULO 169. SECUESTRO EXTORSIVO","1"
"09/07/2003","25","CUNDINAMARCA","25269","FACATATIVA","ARTICULO 168. SECUESTRO SIMPLE","1"
"08/07/2003","11","BOGOTA D.C.","11001","BOGOTA D.C.","ARTICULO 168. SECUESTRO SIMPLE","1"
"08/07/2003","73","TOLIMA","73268","ESPINAL","ARTICULO 168. SECUESTRO SIMPLE","1"
"08/07/2003","73","TOLIMA","73168","CHAPARRAL","ARTICULO 169. SECUESTRO EXTORSIVO","1"
"08/07/2003","85","CASANARE","85010","AGUAZUL","ARTICULO 169. SECUESTRO EXTORSIVO","1"
"08/07/2003","13","BOLIVAR","13442","MARIA LA BAJA","ARTICULO 169. SECUESTRO EXTORSIVO","1"
"08/07/2003","13","BOLIVAR","13442","MARIA LA BAJA","ARTICULO 169. SECUESTRO EXTORSIVO","1"
"08/07/2003","11","BOGOTA D.C.","11001","BOGOTA D.C.","ARTICULO 168. SECUESTRO SIMPLE","1"
"07/07/2003","17","CALDAS","17042","ANSERMA","ARTICULO 169. SECUESTRO EXTORSIVO","1"
"07/07/2003","15","BOYACA","15001","TUNJA","ARTICULO 168. SECUESTRO SIMPLE","1"
"07/07/2003","54","NORTE DE SANTANDER","54001","CUCUTA","ARTICULO 168. SECUESTRO SIMPLE","1"
"06/07/2003","15","BOYACA","15759","SOGAMOSO","ARTICULO 169. SECUESTRO EXTORSIVO","1"
"06/07/2003","05","ANTIOQUIA","05004","ABRIAQUI","ARTICULO 169. SECUESTRO EXTORSIVO","1"
"06/07/2003","05","ANTIOQUIA","05315","GUADALUPE","ARTICULO 169. SECUESTRO EXTORSIVO","1"
"06/07/2003","73","TOLIMA","73001","IBAGUE","ARTICULO 168. SECUESTRO SIMPLE","1"
"05/07/2003","50","META","50006","ACACIAS","ARTICULO 168. SECUESTRO SIMPLE","1"
"05/07/2003","50","META","50006","ACACIAS","ARTICULO 168. SECUESTRO SIMPLE","1"
"05/07/2003","11","BOGOTA D.C.","11001","BOGOTA D.C.","ARTICULO 168. SECUESTRO SIMPLE","1"
"05/07/2003","11","BOGOTA D.C.","11001","BOGOTA D.C.","ARTICULO 168. SECUESTRO SIMPLE","1"
"05/07/2003","50","META","50001","VILLAVICENCIO","ARTICULO 168. SECUESTRO SIMPLE","1"
"05/07/2003","50","META","50001","VILLAVICENCIO","ARTICULO 168. SECUESTRO SIMPLE","1"
"05/07/2003","19","CAUCA","19532","PATIA","ARTICULO 168. SECUESTRO SIMPLE","1"
"05/07/2003","11","BOGOTA D.C.","11001","BOGOTA D.C.","ARTICULO 168. SECUESTRO SIMPLE","1"
"04/07/2003","73","TOLIMA","73411","LIBANO","ARTICULO 168. SECUESTRO SIMPLE","1"
"04/07/2003","54","NORTE DE SANTANDER","54003","ABREGO","ARTICULO 169. SECUESTRO EXTORSIVO","1"
"04/07/2003","73","TOLIMA","73124","CAJAMARCA","ARTICULO 169. SECUESTRO EXTORSIVO","1"
"04/07/2003","73","TOLIMA","73124","CAJAMARCA","ARTICULO 169. SECUESTRO EXTORSIVO","1"
"04/07/2003","15","BOYACA","15759","SOGAMOSO","ARTICULO 168. SECUESTRO SIMPLE","1"
"04/07/2003","05","ANTIOQUIA","05001","MEDELLIN","ARTICULO 168. SECUESTRO SIMPLE","1"
"04/07/2003","76","VALLE DEL CAUCA","76036","ANDALUCIA","ARTICULO 169. SECUESTRO EXTORSIVO","1"
"03/07/2003","25","CUNDINAMARCA","25053","ARBELAEZ","ARTICULO 168. SECUESTRO SIMPLE","1"
"03/07/2003","41","HUILA","41001","NEIVA","ARTICULO 168. SECUESTRO SIMPLE","1"
"03/07/2003","08","ATLANTICO","08634","SABANAGRANDE","ARTICULO 169. SECUESTRO EXTORSIVO","1"
"03/07/2003","11","BOGOTA D.C.","11001","BOGOTA D.C.","ARTICULO 168. SECUESTRO SIMPLE","1"
"03/07/2003","05","ANTIOQUIA","05001","MEDELLIN","ARTICULO 168. SECUESTRO SIMPLE","1"
"03/07/2003","76","VALLE DEL CAUCA","76275","FLORIDA","ARTICULO 169. SECUESTRO EXTORSIVO","1"
"02/07/2003","73","TOLIMA","73001","IBAGUE","ARTICULO 169. SECUESTRO EXTORSIVO","1"
"02/07/2003","47","MAGDALENA","47001","SANTA MARTA","ARTICULO 168. SECUESTRO SIMPLE","2"
"02/07/2003","47","MAGDALENA","47001","SANTA MARTA","ARTICULO 168. SECUESTRO SIMPLE","1"
"02/07/2003","50","META","50006","ACACIAS","ARTICULO 169. SECUESTRO EXTORSIVO","1"
"02/07/2003","11","BOGOTA D.C.","11001","BOGOTA D.C.","ARTICULO 168. SECUESTRO SIMPLE","1"
"02/07/2003","73","TOLIMA","73001","IBAGUE","ARTICULO 169. SECUESTRO EXTORSIVO","2"
"02/07/2003","73","TOLIMA","73001","IBAGUE","ARTICULO 169. SECUESTRO EXTORSIVO","1"
"02/07/2003","73","TOLIMA","73001","IBAGUE","ARTICULO 169. SECUESTRO EXTORSIVO","1"
"02/07/2003","73","TOLIMA","73001","IBAGUE","ARTICULO 169. SECUESTRO EXTORSIVO","1"
"02/07/2003","73","TOLIMA","73001","IBAGUE","ARTICULO 169. SECUESTRO EXTORSIVO","1"
"02/07/2003","73","TOLIMA","73001","IBAGUE","ARTICULO 169. SECUESTRO EXTORSIVO","1"
"02/07/2003","73","TOLIMA","73001","IBAGUE","ARTICULO 169. SECUESTRO EXTORSIVO","1"
"02/07/2003","73","TOLIMA","73001","IBAGUE","ARTICULO 169. SECUESTRO EXTORSIVO","1"
"02/07/2003","73","TOLIMA","73001","IBAGUE","ARTICULO 169. SECUESTRO EXTORSIVO","1"
"02/07/2003","25","CUNDINAMARCA","25324","GUATAQUI","ARTICULO 168. SECUESTRO SIMPLE","1"
"02/07/2003","70","SUCRE","70001","SINCELEJO","ARTICULO 169. SECUESTRO EXTORSIVO","1"
"01/07/2003","41","HUILA","41006","ACEVEDO","ARTICULO 169. SECUESTRO EXTORSIVO","1"
"01/07/2003","18","CAQUETA","18001","FLORENCIA","ARTICULO 169. SECUESTRO EXTORSIVO","1"
"01/07/2003","25","CUNDINAMARCA","25898","ZIPACON","ARTICULO 169. SECUESTRO EXTORSIVO","1"
"01/07/2003","50","META","50001","VILLAVICENCIO","ARTICULO 168. SECUESTRO SIMPLE","1"
"01/07/2003","52","NARIÑO","52001","PASTO","ARTICULO 168. SECUESTRO SIMPLE","1"
"01/07/2003","20","CESAR","20178","CHIRIGUANA","ARTICULO 169. SECUESTRO EXTORSIVO","1"
"01/07/2003","20","CESAR","20013","AGUSTIN CODAZZI","ARTICULO 169. SECUESTRO EXTORSIVO","1"
"01/07/2003","23","CORDOBA","23855","VALENCIA","ARTICULO 169. SECUESTRO EXTORSIVO","1"
"01/07/2003","19","CAUCA","19137","CALDONO","ARTICULO 169. SECUESTRO EXTORSIVO","2"
"30/06/2003","05","ANTIOQUIA","05649","SAN CARLOS","ARTICULO 168. SECUESTRO SIMPLE","1"
"30/06/2003","11","BOGOTA D.C.","11001","BOGOTA D.C.","ARTICULO 168. SECUESTRO SIMPLE","1"
"30/06/2003","97","VAUPES","97001","MITU","ARTICULO 169. SECUESTRO EXTORSIVO","1"
"30/06/2003","25","CUNDINAMARCA","25040","ANOLAIMA","ARTICULO 169. SECUESTRO EXTORSIVO","1"
"30/06/2003","97","VAUPES","97001","MITU","ARTICULO 169. SECUESTRO EXTORSIVO","1"
"29/06/2003","70","SUCRE","70001","SINCELEJO","ARTICULO 169. SECUESTRO EXTORSIVO","1"
"29/06/2003","25","CUNDINAMARCA","25258","EL PEÑON","ARTICULO 169. SECUESTRO EXTORSIVO","1"
"29/06/2003","25","CUNDINAMARCA","25258","EL PEÑON","ARTICULO 169. SECUESTRO EXTORSIVO","1"
"29/06/2003","05","ANTIOQUIA","05040","ANORI","ARTICULO 169. SECUESTRO EXTORSIVO","1"
"29/06/2003","11","BOGOTA D.C.","11001","BOGOTA D.C.","ARTICULO 168. SECUESTRO SIMPLE","1"
"28/06/2003","50","META","50001","VILLAVICENCIO","ARTICULO 168. SECUESTRO SIMPLE","1"
"28/06/2003","25","CUNDINAMARCA","25328","GUAYABAL DE SIQUIMA","ARTICULO 169. SECUESTRO EXTORSIVO","1"
"28/06/2003","50","META","50577","PUERTO LLERAS","ARTICULO 168. SECUESTRO SIMPLE","1"
"28/06/2003","76","VALLE DEL CAUCA","76233","DAGUA","ARTICULO 169. SECUESTRO EXTORSIVO","1"
"27/06/2003","05","ANTIOQUIA","05790","TARAZA","ARTICULO 169. SECUESTRO EXTORSIVO","1"
"27/06/2003","44","LA GUAJIRA","44430","MAICAO","ARTICULO 169. SECUESTRO EXTORSIVO","1"
"27/06/2003","11","BOGOTA D.C.","11001","BOGOTA D.C.","ARTICULO 169. SECUESTRO EXTORSIVO","1"
"27/06/2003","73","TOLIMA","73275","FLANDES","ARTICULO 168. SECUESTRO SIMPLE","1"
"27/06/2003","17","CALDAS","17513","PACORA","ARTICULO 169. SECUESTRO EXTORSIVO","1"
"27/06/2003","17","CALDAS","17513","PACORA","ARTICULO 169. SECUESTRO EXTORSIVO","1"
"27/06/2003","50","META","50683","SAN JUAN DE ARAMA","ARTICULO 169. SECUESTRO EXTORSIVO","1"
"27/06/2003","47","MAGDALENA","47001","SANTA MARTA","ARTICULO 168. SECUESTRO SIMPLE","1"
"27/06/2003","15","BOYACA","15516","PAIPA","ARTICULO 169. SECUESTRO EXTORSIVO","1"
"27/06/2003","47","MAGDALENA","47001","SANTA MARTA","ARTICULO 168. SECUESTRO SIMPLE","1"
"27/06/2003","47","MAGDALENA","47001","SANTA MARTA","ARTICULO 168. SECUESTRO SIMPLE","1"
"27/06/2003","50","META","50573","PUERTO LOPEZ","ARTICULO 169. SECUESTRO EXTORSIVO","1"
"26/06/2003","11","BOGOTA D.C.","11001","BOGOTA D.C.","ARTICULO 168. SECUESTRO SIMPLE","1"
"25/06/2003","68","SANTANDER","68307","GIRON","ARTICULO 169. SECUESTRO EXTORSIVO","1"
"25/06/2003","47","MAGDALENA","47001","SANTA MARTA","ARTICULO 168. SECUESTRO SIMPLE","1"
"25/06/2003","50","META","50001","VILLAVICENCIO","ARTICULO 168. SECUESTRO SIMPLE","1"
"25/06/2003","76","VALLE DEL CAUCA","76275","FLORIDA","ARTICULO 168. SECUESTRO SIMPLE","1"
"25/06/2003","76","VALLE DEL CAUCA","76275","FLORIDA","ARTICULO 169. SECUESTRO EXTORSIVO","1"
"25/06/2003","68","SANTANDER","68406","LEBRIJA","ARTICULO 169. SECUESTRO EXTORSIVO","1"
"24/06/2003","50","META","50001","VILLAVICENCIO","ARTICULO 168. SECUESTRO SIMPLE","1"
"24/06/2003","47","MAGDALENA","47001","SANTA MARTA","ARTICULO 168. SECUESTRO SIMPLE","1"
"24/06/2003","68","SANTANDER","68081","BARRANCABERMEJA","ARTICULO 169. SECUESTRO EXTORSIVO","1"
"24/06/2003","66","RISARALDA","66001","PEREIRA","ARTICULO 169. SECUESTRO EXTORSIVO","1"
"24/06/2003","20","CESAR","20178","CHIRIGUANA","ARTICULO 169. SECUESTRO EXTORSIVO","1"
"24/06/2003","47","MAGDALENA","47030","ALGARROBO","ARTICULO 169. SECUESTRO EXTORSIVO","1"
"23/06/2003","18","CAQUETA","18001","FLORENCIA","ARTICULO 169. SECUESTRO EXTORSIVO","1"
"23/06/2003","41","HUILA","41524","PALERMO","ARTICULO 168. SECUESTRO SIMPLE","1"
"23/06/2003","66","RISARALDA","66001","PEREIRA","ARTICULO 168. SECUESTRO SIMPLE","1"
"23/06/2003","47","MAGDALENA","47288","FUNDACION","ARTICULO 169. SECUESTRO EXTORSIVO","1"
"23/06/2003","47","MAGDALENA","47288","FUNDACION","ARTICULO 169. SECUESTRO EXTORSIVO","1"
"23/06/2003","47","MAGDALENA","47288","FUNDACION","ARTICULO 169. SECUESTRO EXTORSIVO","1"
"23/06/2003","47","MAGDALENA","47288","FUNDACION","ARTICULO 169. SECUESTRO EXTORSIVO","1"
"23/06/2003","47","MAGDALENA","47288","FUNDACION","ARTICULO 169. SECUESTRO EXTORSIVO","1"
"23/06/2003","47","MAGDALENA","47288","FUNDACION","ARTICULO 169. SECUESTRO EXTORSIVO","1"
"22/06/2003","76","VALLE DEL CAUCA","76109","BUENAVENTURA","ARTICULO 169. SECUESTRO EXTORSIVO","1"
"21/06/2003","05","ANTIOQUIA","05001","MEDELLIN","ARTICULO 168. SECUESTRO SIMPLE","1"
"20/06/2003","44","LA GUAJIRA","44650","SAN JUAN DEL CESAR","ARTICULO 169. SECUESTRO EXTORSIVO","1"
"20/06/2003","44","LA GUAJIRA","44650","SAN JUAN DEL CESAR","ARTICULO 169. SECUESTRO EXTORSIVO","1"
"20/06/2003","44","LA GUAJIRA","44650","SAN JUAN DEL CESAR","ARTICULO 169. SECUESTRO EXTORSIVO","1"
"20/06/2003","44","LA GUAJIRA","44650","SAN JUAN DEL CESAR","ARTICULO 169. SECUESTRO EXTORSIVO","1"
"20/06/2003","44","LA GUAJIRA","44650","SAN JUAN DEL CESAR","ARTICULO 169. SECUESTRO EXTORSIVO","1"
"20/06/2003","11","BOGOTA D.C.","11001","BOGOTA D.C.","ARTICULO 168. SECUESTRO SIMPLE","1"
"20/06/2003","17","CALDAS","17013","AGUADAS","ARTICULO 169. SECUESTRO EXTORSIVO","1"
"19/06/2003","41","HUILA","41524","PALERMO","ARTICULO 169. SECUESTRO EXTORSIVO","1"
"18/06/2003","19","CAUCA","19698","SANTANDER DE QUILICHAO","ARTICULO 168. SECUESTRO SIMPLE","1"
"18/06/2003","19","CAUCA","19698","SANTANDER DE QUILICHAO","ARTICULO 168. SECUESTRO SIMPLE","1"
"18/06/2003","05","ANTIOQUIA","05847","URRAO","ARTICULO 169. SECUESTRO EXTORSIVO","1"
"17/06/2003","47","MAGDALENA","47001","SANTA MARTA","ARTICULO 169. SECUESTRO EXTORSIVO","4"
"17/06/2003","23","CORDOBA","23670","SAN ANDRES DE SOTAVENTO","ARTICULO 168. SECUESTRO SIMPLE","1"
"17/06/2003","70","SUCRE","70508","OVEJAS","ARTICULO 169. SECUESTRO EXTORSIVO","1"
"17/06/2003","70","SUCRE","70508","OVEJAS","ARTICULO 168. SECUESTRO SIMPLE","1"
"17/06/2003","70","SUCRE","70508","OVEJAS","ARTICULO 168. SECUESTRO SIMPLE","1"
"17/06/2003","70","SUCRE","70508","OVEJAS","ARTICULO 169. SECUESTRO EXTORSIVO","1"
"17/06/2003","70","SUCRE","70508","OVEJAS","ARTICULO 169. SECUESTRO EXTORSIVO","1"
"17/06/2003","47","MAGDALENA","47288","FUNDACION","ARTICULO 169. SECUESTRO EXTORSIVO","1"
"17/06/2003","47","MAGDALENA","47288","FUNDACION","ARTICULO 169. SECUESTRO EXTORSIVO","1"
"16/06/2003","19","CAUCA","19001","POPAYAN","ARTICULO 168. SECUESTRO SIMPLE","1"
"16/06/2003","11","BOGOTA D.C.","11001","BOGOTA D.C.","ARTICULO 169. SECUESTRO EXTORSIVO","1"
"16/06/2003","11","BOGOTA D.C.","11001","BOGOTA D.C.","ARTICULO 168. SECUESTRO SIMPLE","1"
"16/06/2003","70","SUCRE","70418","LOS PALMITOS","ARTICULO 168. SECUESTRO SIMPLE","1"
"16/06/2003","70","SUCRE","70418","LOS PALMITOS","ARTICULO 169. SECUESTRO EXTORSIVO","1"
"16/06/2003","05","ANTIOQUIA","05579","PUERTO BERRIO","ARTICULO 169. SECUESTRO EXTORSIVO","1"
"16/06/2003","70","SUCRE","70418","LOS PALMITOS","ARTICULO 168. SECUESTRO SIMPLE","1"
"15/06/2003","11","BOGOTA D.C.","11001","BOGOTA D.C.","ARTICULO 168. SECUESTRO SIMPLE","1"
"15/06/2003","68","SANTANDER","68101","BOLIVAR","ARTICULO 168. SECUESTRO SIMPLE","1"
"15/06/2003","73","TOLIMA","73268","ESPINAL","ARTICULO 169. SECUESTRO EXTORSIVO","1"
"15/06/2003","44","LA GUAJIRA","44098","DISTRACCION","ARTICULO 169. SECUESTRO EXTORSIVO","1"
"15/06/2003","44","LA GUAJIRA","44098","DISTRACCION","ARTICULO 169. SECUESTRO EXTORSIVO","1"
"15/06/2003","44","LA GUAJIRA","44098","DISTRACCION","ARTICULO 169. SECUESTRO EXTORSIVO","1"
"15/06/2003","44","LA GUAJIRA","44098","DISTRACCION","ARTICULO 169. SECUESTRO EXTORSIVO","1"
"15/06/2003","44","LA GUAJIRA","44098","DISTRACCION","ARTICULO 169. SECUESTRO EXTORSIVO","1"
"15/06/2003","44","LA GUAJIRA","44098","DISTRACCION","ARTICULO 169. SECUESTRO EXTORSIVO","1"
"15/06/2003","44","LA GUAJIRA","44098","DISTRACCION","ARTICULO 169. SECUESTRO EXTORSIVO","1"
"15/06/2003","44","LA GUAJIRA","44098","DISTRACCION","ARTICULO 169. SECUESTRO EXTORSIVO","1"
"15/06/2003","44","LA GUAJIRA","44098","DISTRACCION","ARTICULO 169. SECUESTRO EXTORSIVO","1"
"15/06/2003","76","VALLE DEL CAUCA","76233","DAGUA","ARTICULO 169. SECUESTRO EXTORSIVO","1"
"14/06/2003","05","ANTIOQUIA","05887","YARUMAL","ARTICULO 168. SECUESTRO SIMPLE","1"
"14/06/2003","05","ANTIOQUIA","05887","YARUMAL","ARTICULO 168. SECUESTRO SIMPLE","1"
"14/06/2003","05","ANTIOQUIA","05887","YARUMAL","ARTICULO 168. SECUESTRO SIMPLE","1"
"14/06/2003","18","CAQUETA","18001","FLORENCIA","ARTICULO 169. SECUESTRO EXTORSIVO","1"
"14/06/2003","68","SANTANDER","68255","EL PLAYON","ARTICULO 168. SECUESTRO SIMPLE","1"
"14/06/2003","68","SANTANDER","68255","EL PLAYON","ARTICULO 168. SECUESTRO SIMPLE","1"
"14/06/2003","68","SANTANDER","68255","EL PLAYON","ARTICULO 169. SECUESTRO EXTORSIVO","1"
"14/06/2003","11","BOGOTA D.C.","11001","BOGOTA D.C.","ARTICULO 168. SECUESTRO SIMPLE","1"
"13/06/2003","11","BOGOTA D.C.","11001","BOGOTA D.C.","ARTICULO 168. SECUESTRO SIMPLE","1"
"13/06/2003","11","BOGOTA D.C.","11001","BOGOTA D.C.","ARTICULO 168. SECUESTRO SIMPLE","1"
"13/06/2003","05","ANTIOQUIA","05318","GUARNE","ARTICULO 169. SECUESTRO EXTORSIVO","1"
"13/06/2003","05","ANTIOQUIA","05318","GUARNE","ARTICULO 169. SECUESTRO EXTORSIVO","1"
"13/06/2003","05","ANTIOQUIA","05318","GUARNE","ARTICULO 169. SECUESTRO EXTORSIVO","1"
"13/06/2003","05","ANTIOQUIA","05318","GUARNE","ARTICULO 169. SECUESTRO EXTORSIVO","1"
"13/06/2003","05","ANTIOQUIA","05318","GUARNE","ARTICULO 169. SECUESTRO EXTORSIVO","1"
"13/06/2003","54","NORTE DE SANTANDER","54003","ABREGO","ARTICULO 169. SECUESTRO EXTORSIVO","1"
"13/06/2003","73","TOLIMA","73168","CHAPARRAL","ARTICULO 169. SECUESTRO EXTORSIVO","2"
"13/06/2003","73","TOLIMA","73168","CHAPARRAL","ARTICULO 168. SECUESTRO SIMPLE","1"
"13/06/2003","52","NARIÑO","52001","PASTO","ARTICULO 169. SECUESTRO EXTORSIVO","1"
"12/06/2003","05","ANTIOQUIA","05147","CAREPA","ARTICULO 168. SECUESTRO SIMPLE","1"
"12/06/2003","20","CESAR","20621","LA PAZ","ARTICULO 169. SECUESTRO EXTORSIVO","1"
"12/06/2003","20","CESAR","20621","LA PAZ","ARTICULO 169. SECUESTRO EXTORSIVO","1"
"12/06/2003","20","CESAR","20443","MANAURE BALCON DEL CESAR","ARTICULO 169. SECUESTRO EXTORSIVO","6"
"12/06/2003","68","SANTANDER","68655","SABANA DE TORRES","ARTICULO 169. SECUESTRO EXTORSIVO","1"
"12/06/2003","20","CESAR","20621","LA PAZ","ARTICULO 169. SECUESTRO EXTORSIVO","1"
"12/06/2003","20","CESAR","20443","MANAURE BALCON DEL CESAR","ARTICULO 168. SECUESTRO SIMPLE","1"
"12/06/2003","20","CESAR","20443","MANAURE BALCON DEL CESAR","ARTICULO 169. SECUESTRO EXTORSIVO","1"
"12/06/2003","20","CESAR","20443","MANAURE BALCON DEL CESAR","ARTICULO 169. SECUESTRO EXTORSIVO","1"
"12/06/2003","68","SANTANDER","68001","BUCARAMANGA","ARTICULO 169. SECUESTRO EXTORSIVO","1"
"12/06/2003","44","LA GUAJIRA","44430","MAICAO","ARTICULO 169. SECUESTRO EXTORSIVO","1"
"11/06/2003","17","CALDAS","17272","FILADELFIA","ARTICULO 169. SECUESTRO EXTORSIVO","1"
"11/06/2003","11","BOGOTA D.C.","11001","BOGOTA D.C.","ARTICULO 168. SECUESTRO SIMPLE","1"
"11/06/2003","54","NORTE DE SANTANDER","54405","LOS PATIOS","ARTICULO 168. SECUESTRO SIMPLE","1"
"11/06/2003","54","NORTE DE SANTANDER","54405","LOS PATIOS","ARTICULO 168. SECUESTRO SIMPLE","1"
"10/06/2003","18","CAQUETA","18001","FLORENCIA","ARTICULO 169. SECUESTRO EXTORSIVO","1"
"10/06/2003","76","VALLE DEL CAUCA","76001","CALI","ARTICULO 168. SECUESTRO SIMPLE","1"
"10/06/2003","20","CESAR","20228","CURUMANI","ARTICULO 168. SECUESTRO SIMPLE","1"
"10/06/2003","17","CALDAS","17001","MANIZALES","ARTICULO 169. SECUESTRO EXTORSIVO","1"
"10/06/2003","05","ANTIOQUIA","05001","MEDELLIN","ARTICULO 168. SECUESTRO SIMPLE","1"
"10/06/2003","50","META","50001","VILLAVICENCIO","ARTICULO 168. SECUESTRO SIMPLE","1"
"09/06/2003","11","BOGOTA D.C.","11001","BOGOTA D.C.","ARTICULO 168. SECUESTRO SIMPLE","1"
"09/06/2003","76","VALLE DEL CAUCA","76520","PALMIRA","ARTICULO 169. SECUESTRO EXTORSIVO","1"
"09/06/2003","05","ANTIOQUIA","05647","SAN ANDRES DE CUERQUIA","ARTICULO 169. SECUESTRO EXTORSIVO","1"
"09/06/2003","15","BOYACA","15491","NOBSA","ARTICULO 169. SECUESTRO EXTORSIVO","1"
"09/06/2003","76","VALLE DEL CAUCA","76520","PALMIRA","ARTICULO 169. SECUESTRO EXTORSIVO","1"
"09/06/2003","47","MAGDALENA","47001","SANTA MARTA","ARTICULO 168. SECUESTRO SIMPLE","1"
"09/06/2003","47","MAGDALENA","47001","SANTA MARTA","ARTICULO 168. SECUESTRO SIMPLE","1"
"09/06/2003","47","MAGDALENA","47001","SANTA MARTA","ARTICULO 168. SECUESTRO SIMPLE","1"
"09/06/2003","76","VALLE DEL CAUCA","76109","BUENAVENTURA","ARTICULO 169. SECUESTRO EXTORSIVO","1"
"08/06/2003","25","CUNDINAMARCA","25040","ANOLAIMA","ARTICULO 169. SECUESTRO EXTORSIVO","1"
"08/06/2003","76","VALLE DEL CAUCA","76109","BUENAVENTURA","ARTICULO 168. SECUESTRO SIMPLE","1"
"08/06/2003","76","VALLE DEL CAUCA","76109","BUENAVENTURA","ARTICULO 169. SECUESTRO EXTORSIVO","1"
"07/06/2003","73","TOLIMA","73483","NATAGAIMA","ARTICULO 168. SECUESTRO SIMPLE","1"
"07/06/2003","73","TOLIMA","73671","SALDAÑA","ARTICULO 168. SECUESTRO SIMPLE","1"
"06/06/2003","50","META","50001","VILLAVICENCIO","ARTICULO 168. SECUESTRO SIMPLE","1"
"06/06/2003","73","TOLIMA","73026","ALVARADO","ARTICULO 168. SECUESTRO SIMPLE","1"
"06/06/2003","41","HUILA","41551","PITALITO","ARTICULO 169. SECUESTRO EXTORSIVO","1"
"06/06/2003","68","SANTANDER","68745","SIMACOTA","ARTICULO 169. SECUESTRO EXTORSIVO","1"
"05/06/2003","76","VALLE DEL CAUCA","76863","VERSALLES","ARTICULO 168. SECUESTRO SIMPLE","1"
"05/06/2003","44","LA GUAJIRA","44001","RIOHACHA","ARTICULO 168. SECUESTRO SIMPLE","1"
"04/06/2003","41","HUILA","41132","CAMPOALEGRE","ARTICULO 169. SECUESTRO EXTORSIVO","1"
"04/06/2003","41","HUILA","41132","CAMPOALEGRE","ARTICULO 169. SECUESTRO EXTORSIVO","1"
"04/06/2003","20","CESAR","20001","VALLEDUPAR","ARTICULO 169. SECUESTRO EXTORSIVO","1"
"04/06/2003","19","CAUCA","19001","POPAYAN","ARTICULO 169. SECUESTRO EXTORSIVO","1"
"03/06/2003","70","SUCRE","70713","SAN ONOFRE","ARTICULO 169. SECUESTRO EXTORSIVO","1"
"03/06/2003","70","SUCRE","70713","SAN ONOFRE","ARTICULO 169. SECUESTRO EXTORSIVO","1"
"03/06/2003","17","CALDAS","17013","AGUADAS","ARTICULO 169. SECUESTRO EXTORSIVO","1"
"03/06/2003","70","SUCRE","70713","SAN ONOFRE","ARTICULO 169. SECUESTRO EXTORSIVO","1"
"03/06/2003","11","BOGOTA D.C.","11001","BOGOTA D.C.","ARTICULO 169. SECUESTRO EXTORSIVO","1"
"03/06/2003","11","BOGOTA D.C.","11001","BOGOTA D.C.","ARTICULO 168. SECUESTRO SIMPLE","1"
"03/06/2003","15","BOYACA","15757","SOCHA","ARTICULO 169. SECUESTRO EXTORSIVO","2"
"03/06/2003","19","CAUCA","19698","SANTANDER DE QUILICHAO","ARTICULO 169. SECUESTRO EXTORSIVO","1"
"03/06/2003","19","CAUCA","19698","SANTANDER DE QUILICHAO","ARTICULO 169. SECUESTRO EXTORSIVO","1"
"03/06/2003","44","LA GUAJIRA","44855","URUMITA","ARTICULO 168. SECUESTRO SIMPLE","1"
"03/06/2003","25","CUNDINAMARCA","25402","LA VEGA","ARTICULO 169. SECUESTRO EXTORSIVO","1"
"03/06/2003","25","CUNDINAMARCA","25402","LA VEGA","ARTICULO 169. SECUESTRO EXTORSIVO","1"
"03/06/2003","44","LA GUAJIRA","44855","URUMITA","ARTICULO 169. SECUESTRO EXTORSIVO","1"
"03/06/2003","70","SUCRE","70713","SAN ONOFRE","ARTICULO 169. SECUESTRO EXTORSIVO","1"
"03/06/2003","68","SANTANDER","68255","EL PLAYON","ARTICULO 169. SECUESTRO EXTORSIVO","2"
"03/06/2003","68","SANTANDER","68255","EL PLAYON","ARTICULO 169. SECUESTRO EXTORSIVO","1"
"03/06/2003","68","SANTANDER","68255","EL PLAYON","ARTICULO 169. SECUESTRO EXTORSIVO","1"
"02/06/2003","50","META","50606","RESTREPO","ARTICULO 168. SECUESTRO SIMPLE","1"
"02/06/2003","44","LA GUAJIRA","44001","RIOHACHA","ARTICULO 168. SECUESTRO SIMPLE","1"
"02/06/2003","11","BOGOTA D.C.","11001","BOGOTA D.C.","ARTICULO 169. SECUESTRO EXTORSIVO","1"
"01/06/2003","11","BOGOTA D.C.","11001","BOGOTA D.C.","ARTICULO 168. SECUESTRO SIMPLE","1"
"01/06/2003","25","CUNDINAMARCA","25269","FACATATIVA","ARTICULO 169. SECUESTRO EXTORSIVO","1"
"01/06/2003","44","LA GUAJIRA","44001","RIOHACHA","ARTICULO 169. SECUESTRO EXTORSIVO","1"
"01/06/2003","25","CUNDINAMARCA","25307","GIRARDOT","ARTICULO 168. SECUESTRO SIMPLE","1"
"31/05/2003","11","BOGOTA D.C.","11001","BOGOTA D.C.","ARTICULO 168. SECUESTRO SIMPLE","1"
"31/05/2003","11","BOGOTA D.C.","11001","BOGOTA D.C.","ARTICULO 169. SECUESTRO EXTORSIVO","1"
"31/05/2003","11","BOGOTA D.C.","11001","BOGOTA D.C.","ARTICULO 169. SECUESTRO EXTORSIVO","1"
"31/05/2003","47","MAGDALENA","47001","SANTA MARTA","ARTICULO 169. SECUESTRO EXTORSIVO","1"
"31/05/2003","47","MAGDALENA","47189","CIENAGA","ARTICULO 168. SECUESTRO SIMPLE","1"
"31/05/2003","85","CASANARE","85440","VILLANUEVA","ARTICULO 169. SECUESTRO EXTORSIVO","1"
"31/05/2003","25","CUNDINAMARCA","25426","MACHETA","ARTICULO 169. SECUESTRO EXTORSIVO","2"
"31/05/2003","25","CUNDINAMARCA","25426","MACHETA","ARTICULO 169. SECUESTRO EXTORSIVO","1"
"31/05/2003","63","QUINDIO","63130","CALARCA","ARTICULO 169. SECUESTRO EXTORSIVO","1"
"31/05/2003","25","CUNDINAMARCA","25426","MACHETA","ARTICULO 169. SECUESTRO EXTORSIVO","1"
"31/05/2003","25","CUNDINAMARCA","25426","MACHETA","ARTICULO 169. SECUESTRO EXTORSIVO","1"
"31/05/2003","25","CUNDINAMARCA","25426","MACHETA","ARTICULO 169. SECUESTRO EXTORSIVO","1"
"31/05/2003","25","CUNDINAMARCA","25426","MACHETA","ARTICULO 169. SECUESTRO EXTORSIVO","1"
"31/05/2003","25","CUNDINAMARCA","25426","MACHETA","ARTICULO 169. SECUESTRO EXTORSIVO","1"
"31/05/2003","27","CHOCO","27001","QUIBDO","ARTICULO 169. SECUESTRO EXTORSIVO","1"
"31/05/2003","27","CHOCO","27001","QUIBDO","ARTICULO 169. SECUESTRO EXTORSIVO","1"
"31/05/2003","27","CHOCO","27001","QUIBDO","ARTICULO 169. SECUESTRO EXTORSIVO","1"
"31/05/2003","27","CHOCO","27001","QUIBDO","ARTICULO 169. SECUESTRO EXTORSIVO","1"
"31/05/2003","27","CHOCO","27001","QUIBDO","ARTICULO 169. SECUESTRO EXTORSIVO","1"
"31/05/2003","27","CHOCO","27001","QUIBDO","ARTICULO 169. SECUESTRO EXTORSIVO","1"
"31/05/2003","27","CHOCO","27001","QUIBDO","ARTICULO 169. SECUESTRO EXTORSIVO","1"
"31/05/2003","27","CHOCO","27001","QUIBDO","ARTICULO 169. SECUESTRO EXTORSIVO","1"
"31/05/2003","27","CHOCO","27001","QUIBDO","ARTICULO 169. SECUESTRO EXTORSIVO","1"
"30/05/2003","50","META","50006","ACACIAS","ARTICULO 168. SECUESTRO SIMPLE","1"
"30/05/2003","05","ANTIOQUIA","05664","SAN PEDRO DE LOS MILAGROS","ARTICULO 169. SECUESTRO EXTORSIVO","1"
"30/05/2003","50","META","50606","RESTREPO","ARTICULO 168. SECUESTRO SIMPLE","1"
"30/05/2003","11","BOGOTA D.C.","11001","BOGOTA D.C.","ARTICULO 168. SECUESTRO SIMPLE","2"
"30/05/2003","11","BOGOTA D.C.","11001","BOGOTA D.C.","ARTICULO 169. SECUESTRO EXTORSIVO","1"
"30/05/2003","63","QUINDIO","63690","SALENTO","ARTICULO 169. SECUESTRO EXTORSIVO","7"
"30/05/2003","63","QUINDIO","63690","SALENTO","ARTICULO 169. SECUESTRO EXTORSIVO","1"
"30/05/2003","25","CUNDINAMARCA","25799","TENJO","ARTICULO 169. SECUESTRO EXTORSIVO","1"
"29/05/2003","76","VALLE DEL CAUCA","76001","CALI","ARTICULO 169. SECUESTRO EXTORSIVO","1"
"29/05/2003","85","CASANARE","85440","VILLANUEVA","ARTICULO 169. SECUESTRO EXTORSIVO","1"
"29/05/2003","44","LA GUAJIRA","44430","MAICAO","ARTICULO 169. SECUESTRO EXTORSIVO","1"
"29/05/2003","86","PUTUMAYO","86568","PUERTO ASIS","ARTICULO 169. SECUESTRO EXTORSIVO","1"
"29/05/2003","86","PUTUMAYO","86568","PUERTO ASIS","ARTICULO 169. SECUESTRO EXTORSIVO","1"
"28/05/2003","41","HUILA","41797","TESALIA","ARTICULO 168. SECUESTRO SIMPLE","1"
"28/05/2003","85","CASANARE","85001","YOPAL","ARTICULO 168. SECUESTRO SIMPLE","1"
"28/05/2003","81","ARAUCA","81001","ARAUCA","ARTICULO 169. SECUESTRO EXTORSIVO","1"
"27/05/2003","47","MAGDALENA","47001","SANTA MARTA","ARTICULO 168. SECUESTRO SIMPLE","2"
"27/05/2003","50","META","50683","SAN JUAN DE ARAMA","ARTICULO 169. SECUESTRO EXTORSIVO","1"
"27/05/2003","76","VALLE DEL CAUCA","76001","CALI","ARTICULO 168. SECUESTRO SIMPLE","1"
"27/05/2003","50","META","50683","SAN JUAN DE ARAMA","ARTICULO 169. SECUESTRO EXTORSIVO","1"
"27/05/2003","25","CUNDINAMARCA","25398","LA PEÑA","ARTICULO 169. SECUESTRO EXTORSIVO","1"
"27/05/2003","50","META","50683","SAN JUAN DE ARAMA","ARTICULO 169. SECUESTRO EXTORSIVO","1"
"27/05/2003","50","META","50683","SAN JUAN DE ARAMA","ARTICULO 169. SECUESTRO EXTORSIVO","1"
"27/05/2003","05","ANTIOQUIA","05604","REMEDIOS","ARTICULO 169. SECUESTRO EXTORSIVO","1"
"27/05/2003","52","NARIÑO","52418","LOS ANDES","ARTICULO 169. SECUESTRO EXTORSIVO","1"
"27/05/2003","17","CALDAS","17614","RIOSUCIO","ARTICULO 169. SECUESTRO EXTORSIVO","1"
"27/05/2003","17","CALDAS","17614","RIOSUCIO","ARTICULO 169. SECUESTRO EXTORSIVO","1"
"26/05/2003","52","NARIÑO","52079","BARBACOAS","ARTICULO 168. SECUESTRO SIMPLE","1"
"26/05/2003","73","TOLIMA","73024","ALPUJARRA","ARTICULO 169. SECUESTRO EXTORSIVO","1"
"26/05/2003","25","CUNDINAMARCA","25328","GUAYABAL DE SIQUIMA","ARTICULO 169. SECUESTRO EXTORSIVO","1"
"25/05/2003","81","ARAUCA","81591","PUERTO RONDON","ARTICULO 169. SECUESTRO EXTORSIVO","1"
"25/05/2003","70","SUCRE","70001","SINCELEJO","ARTICULO 168. SECUESTRO SIMPLE","1"
"25/05/2003","66","RISARALDA","66400","LA VIRGINIA","ARTICULO 169. SECUESTRO EXTORSIVO","1"
"24/05/2003","50","META","50001","VILLAVICENCIO","ARTICULO 168. SECUESTRO SIMPLE","1"
"24/05/2003","20","CESAR","20001","VALLEDUPAR","ARTICULO 168. SECUESTRO SIMPLE","1"
"24/05/2003","81","ARAUCA","81065","ARAUQUITA","ARTICULO 169. SECUESTRO EXTORSIVO","1"
"24/05/2003","66","RISARALDA","66045","APIA","ARTICULO 169. SECUESTRO EXTORSIVO","1"
"24/05/2003","19","CAUCA","19001","POPAYAN","ARTICULO 168. SECUESTRO SIMPLE","1"
"23/05/2003","15","BOYACA","15047","AQUITANIA","ARTICULO 169. SECUESTRO EXTORSIVO","1"
"23/05/2003","05","ANTIOQUIA","05001","MEDELLIN","ARTICULO 168. SECUESTRO SIMPLE","1"
"23/05/2003","20","CESAR","20570","PUEBLO BELLO","ARTICULO 168. SECUESTRO SIMPLE","1"
"23/05/2003","52","NARIÑO","52207","CONSACA","ARTICULO 169. SECUESTRO EXTORSIVO","1"
"23/05/2003","50","META","50001","VILLAVICENCIO","ARTICULO 169. SECUESTRO EXTORSIVO","1"
"22/05/2003","11","BOGOTA D.C.","11001","BOGOTA D.C.","ARTICULO 168. SECUESTRO SIMPLE","1"
"22/05/2003","50","META","50006","ACACIAS","ARTICULO 168. SECUESTRO SIMPLE","1"
"21/05/2003","25","CUNDINAMARCA","25295","GACHANCIPA","ARTICULO 169. SECUESTRO EXTORSIVO","1"
"21/05/2003","25","CUNDINAMARCA","25899","ZIPAQUIRA","ARTICULO 169. SECUESTRO EXTORSIVO","1"
"21/05/2003","47","MAGDALENA","47001","SANTA MARTA","ARTICULO 168. SECUESTRO SIMPLE","2"
"21/05/2003","47","MAGDALENA","47001","SANTA MARTA","ARTICULO 168. SECUESTRO SIMPLE","1"
"21/05/2003","25","CUNDINAMARCA","25286","FUNZA","ARTICULO 169. SECUESTRO EXTORSIVO","1"
"21/05/2003","68","SANTANDER","68547","PIEDECUESTA","ARTICULO 169. SECUESTRO EXTORSIVO","1"
"21/05/2003","19","CAUCA","19001","POPAYAN","ARTICULO 168. SECUESTRO SIMPLE","2"
"21/05/2003","73","TOLIMA","73001","IBAGUE","ARTICULO 168. SECUESTRO SIMPLE","1"
"21/05/2003","25","CUNDINAMARCA","25126","CAJICA","ARTICULO 169. SECUESTRO EXTORSIVO","1"
"21/05/2003","25","CUNDINAMARCA","25126","CAJICA","ARTICULO 169. SECUESTRO EXTORSIVO","1"
"21/05/2003","73","TOLIMA","73001","IBAGUE","ARTICULO 168. SECUESTRO SIMPLE","1"
"20/05/2003","20","CESAR","20001","VALLEDUPAR","ARTICULO 168. SECUESTRO SIMPLE","1"
"20/05/2003","25","CUNDINAMARCA","25779","SUSA","ARTICULO 168. SECUESTRO SIMPLE","1"
"20/05/2003","25","CUNDINAMARCA","25779","SUSA","ARTICULO 169. SECUESTRO EXTORSIVO","1"
"20/05/2003","15","BOYACA","15238","DUITAMA","ARTICULO 169. SECUESTRO EXTORSIVO","1"
"20/05/2003","15","BOYACA","15238","DUITAMA","ARTICULO 169. SECUESTRO EXTORSIVO","1"
"20/05/2003","05","ANTIOQUIA","05197","COCORNA","ARTICULO 168. SECUESTRO SIMPLE","1"
"20/05/2003","05","ANTIOQUIA","05197","COCORNA","ARTICULO 168. SECUESTRO SIMPLE","1"
"20/05/2003","05","ANTIOQUIA","05197","COCORNA","ARTICULO 168. SECUESTRO SIMPLE","1"
"20/05/2003","05","ANTIOQUIA","05197","COCORNA","ARTICULO 169. SECUESTRO EXTORSIVO","1"
"20/05/2003","05","ANTIOQUIA","05197","COCORNA","ARTICULO 169. SECUESTRO EXTORSIVO","1"
"20/05/2003","19","CAUCA","19760","SOTARA PAISPAMBA","ARTICULO 168. SECUESTRO SIMPLE","1"
"19/05/2003","54","NORTE DE SANTANDER","54670","SAN CALIXTO","ARTICULO 168. SECUESTRO SIMPLE","1"
"19/05/2003","25","CUNDINAMARCA","25851","UTICA","ARTICULO 168. SECUESTRO SIMPLE","1"
"19/05/2003","70","SUCRE","70508","OVEJAS","ARTICULO 169. SECUESTRO EXTORSIVO","1"
"19/05/2003","70","SUCRE","70508","OVEJAS","ARTICULO 169. SECUESTRO EXTORSIVO","1"
"18/05/2003","25","CUNDINAMARCA","25426","MACHETA","ARTICULO 169. SECUESTRO EXTORSIVO","1"
"18/05/2003","19","CAUCA","19698","SANTANDER DE QUILICHAO","ARTICULO 168. SECUESTRO SIMPLE","1"
"18/05/2003","25","CUNDINAMARCA","25019","ALBAN","ARTICULO 169. SECUESTRO EXTORSIVO","1"
"18/05/2003","54","NORTE DE SANTANDER","54498","OCAÑA","ARTICULO 169. SECUESTRO EXTORSIVO","1"
"17/05/2003","73","TOLIMA","73504","ORTEGA","ARTICULO 168. SECUESTRO SIMPLE","1"
"17/05/2003","70","SUCRE","70418","LOS PALMITOS","ARTICULO 169. SECUESTRO EXTORSIVO","1"
"17/05/2003","25","CUNDINAMARCA","25175","CHIA","ARTICULO 169. SECUESTRO EXTORSIVO","1"
"17/05/2003","25","CUNDINAMARCA","25335","GUAYABETAL","ARTICULO 168. SECUESTRO SIMPLE","2"
"16/05/2003","50","META","50313","GRANADA","ARTICULO 169. SECUESTRO EXTORSIVO","1"
"16/05/2003","15","BOYACA","15759","SOGAMOSO","ARTICULO 169. SECUESTRO EXTORSIVO","1"
"16/05/2003","25","CUNDINAMARCA","25898","ZIPACON","ARTICULO 168. SECUESTRO SIMPLE","1"
"16/05/2003","05","ANTIOQUIA","05631","SABANETA","ARTICULO 169. SECUESTRO EXTORSIVO","1"
"16/05/2003","15","BOYACA","15759","SOGAMOSO","ARTICULO 169. SECUESTRO EXTORSIVO","1"
"16/05/2003","25","CUNDINAMARCA","25181","CHOACHI","ARTICULO 169. SECUESTRO EXTORSIVO","1"
"15/05/2003","47","MAGDALENA","47001","SANTA MARTA","ARTICULO 169. SECUESTRO EXTORSIVO","1"
"15/05/2003","68","SANTANDER","68077","BARBOSA","ARTICULO 168. SECUESTRO SIMPLE","1"
"15/05/2003","11","BOGOTA D.C.","11001","BOGOTA D.C.","ARTICULO 168. SECUESTRO SIMPLE","1"
"15/05/2003","50","META","50287","FUENTE DE ORO","ARTICULO 169. SECUESTRO EXTORSIVO","1"
"15/05/2003","11","BOGOTA D.C.","11001","BOGOTA D.C.","ARTICULO 168. SECUESTRO SIMPLE","3"
"15/05/2003","11","BOGOTA D.C.","11001","BOGOTA D.C.","ARTICULO 168. SECUESTRO SIMPLE","1"
"15/05/2003","11","BOGOTA D.C.","11001","BOGOTA D.C.","ARTICULO 169. SECUESTRO EXTORSIVO","1"
"14/05/2003","86","PUTUMAYO","86568","PUERTO ASIS","ARTICULO 168. SECUESTRO SIMPLE","2"
"14/05/2003","86","PUTUMAYO","86568","PUERTO ASIS","ARTICULO 168. SECUESTRO SIMPLE","1"
"14/05/2003","05","ANTIOQUIA","05847","URRAO","ARTICULO 168. SECUESTRO SIMPLE","1"
"14/05/2003","05","ANTIOQUIA","05847","URRAO","ARTICULO 168. SECUESTRO SIMPLE","1"
"14/05/2003","54","NORTE DE SANTANDER","54498","OCAÑA","ARTICULO 169. SECUESTRO EXTORSIVO","1"
"13/05/2003","05","ANTIOQUIA","05001","MEDELLIN","ARTICULO 169. SECUESTRO EXTORSIVO","1"
"13/05/2003","05","ANTIOQUIA","05001","MEDELLIN","ARTICULO 169. SECUESTRO EXTORSIVO","1"
"13/05/2003","18","CAQUETA","18592","PUERTO RICO","ARTICULO 169. SECUESTRO EXTORSIVO","2"
"13/05/2003","15","BOYACA","15047","AQUITANIA","ARTICULO 169. SECUESTRO EXTORSIVO","1"
"13/05/2003","25","CUNDINAMARCA","25326","GUATAVITA","ARTICULO 169. SECUESTRO EXTORSIVO","1"
"13/05/2003","70","SUCRE","70001","SINCELEJO","ARTICULO 168. SECUESTRO SIMPLE","1"
"13/05/2003","15","BOYACA","15047","AQUITANIA","ARTICULO 169. SECUESTRO EXTORSIVO","1"
"12/05/2003","47","MAGDALENA","47288","FUNDACION","ARTICULO 168. SECUESTRO SIMPLE","3"
"12/05/2003","47","MAGDALENA","47288","FUNDACION","ARTICULO 168. SECUESTRO SIMPLE","1"
"12/05/2003","47","MAGDALENA","47288","FUNDACION","ARTICULO 169. SECUESTRO EXTORSIVO","1"
"12/05/2003","20","CESAR","20001","VALLEDUPAR","ARTICULO 169. SECUESTRO EXTORSIVO","1"
"12/05/2003","11","BOGOTA D.C.","11001","BOGOTA D.C.","ARTICULO 169. SECUESTRO EXTORSIVO","1"
"11/05/2003","20","CESAR","20001","VALLEDUPAR","ARTICULO 168. SECUESTRO SIMPLE","1"
"10/05/2003","11","BOGOTA D.C.","11001","BOGOTA D.C.","ARTICULO 168. SECUESTRO SIMPLE","1"
"10/05/2003","19","CAUCA","19532","PATIA","ARTICULO 169. SECUESTRO EXTORSIVO","1"
"10/05/2003","50","META","50226","CUMARAL","ARTICULO 168. SECUESTRO SIMPLE","1"
"10/05/2003","50","META","50226","CUMARAL","ARTICULO 168. SECUESTRO SIMPLE","1"
"10/05/2003","50","META","50226","CUMARAL","ARTICULO 169. SECUESTRO EXTORSIVO","1"
"10/05/2003","44","LA GUAJIRA","44001","RIOHACHA","ARTICULO 169. SECUESTRO EXTORSIVO","1"
"10/05/2003","68","SANTANDER","68615","RIONEGRO","ARTICULO 169. SECUESTRO EXTORSIVO","1"
"09/05/2003","76","VALLE DEL CAUCA","76001","CALI","ARTICULO 168. SECUESTRO SIMPLE","1"
"09/05/2003","11","BOGOTA D.C.","11001","BOGOTA D.C.","ARTICULO 168. SECUESTRO SIMPLE","1"
"08/05/2003","05","ANTIOQUIA","05658","SAN JOSE DE LA MONTAÑA","ARTICULO 168. SECUESTRO SIMPLE","1"
"08/05/2003","05","ANTIOQUIA","05172","CHIGORODO","ARTICULO 169. SECUESTRO EXTORSIVO","1"
"08/05/2003","52","NARIÑO","52356","IPIALES","ARTICULO 169. SECUESTRO EXTORSIVO","1"
"07/05/2003","50","META","50001","VILLAVICENCIO","ARTICULO 169. SECUESTRO EXTORSIVO","1"
"07/05/2003","27","CHOCO","27001","QUIBDO","ARTICULO 169. SECUESTRO EXTORSIVO","2"
"07/05/2003","27","CHOCO","27001","QUIBDO","ARTICULO 169. SECUESTRO EXTORSIVO","1"
"07/05/2003","27","CHOCO","27001","QUIBDO","ARTICULO 169. SECUESTRO EXTORSIVO","1"
"07/05/2003","27","CHOCO","27001","QUIBDO","ARTICULO 169. SECUESTRO EXTORSIVO","1"
"07/05/2003","27","CHOCO","27001","QUIBDO","ARTICULO 169. SECUESTRO EXTORSIVO","1"
"07/05/2003","20","CESAR","20238","EL COPEY","ARTICULO 168. SECUESTRO SIMPLE","1"
"07/05/2003","20","CESAR","20238","EL COPEY","ARTICULO 169. SECUESTRO EXTORSIVO","1"
"07/05/2003","25","CUNDINAMARCA","25386","LA MESA","ARTICULO 169. SECUESTRO EXTORSIVO","1"
"07/05/2003","50","META","50000","SIN ESTABLECER","ARTICULO 169. SECUESTRO EXTORSIVO","1"
"07/05/2003","19","CAUCA","19698","SANTANDER DE QUILICHAO","ARTICULO 168. SECUESTRO SIMPLE","1"
"06/05/2003","20","CESAR","20001","VALLEDUPAR","ARTICULO 168. SECUESTRO SIMPLE","1"
"06/05/2003","05","ANTIOQUIA","05004","ABRIAQUI","ARTICULO 169. SECUESTRO EXTORSIVO","1"
"06/05/2003","05","ANTIOQUIA","05004","ABRIAQUI","ARTICULO 169. SECUESTRO EXTORSIVO","1"
"06/05/2003","05","ANTIOQUIA","05004","ABRIAQUI","ARTICULO 169. SECUESTRO EXTORSIVO","1"
"06/05/2003","05","ANTIOQUIA","05004","ABRIAQUI","ARTICULO 169. SECUESTRO EXTORSIVO","1"
"06/05/2003","05","ANTIOQUIA","05004","ABRIAQUI","ARTICULO 169. SECUESTRO EXTORSIVO","1"
"06/05/2003","68","SANTANDER","68755","SOCORRO","ARTICULO 169. SECUESTRO EXTORSIVO","1"
"06/05/2003","68","SANTANDER","68755","SOCORRO","ARTICULO 169. SECUESTRO EXTORSIVO","1"
"06/05/2003","25","CUNDINAMARCA","25245","EL COLEGIO","ARTICULO 169. SECUESTRO EXTORSIVO","1"
"05/05/2003","17","CALDAS","17486","NEIRA","ARTICULO 169. SECUESTRO EXTORSIVO","1"
"05/05/2003","50","META","50001","VILLAVICENCIO","ARTICULO 169. SECUESTRO EXTORSIVO","1"
"05/05/2003","85","CASANARE","85225","NUNCHIA","ARTICULO 169. SECUESTRO EXTORSIVO","1"
"05/05/2003","11","BOGOTA D.C.","11001","BOGOTA D.C.","ARTICULO 168. SECUESTRO SIMPLE","1"
"05/05/2003","50","META","50313","GRANADA","ARTICULO 169. SECUESTRO EXTORSIVO","1"
"05/05/2003","18","CAQUETA","18256","EL PAUJIL","ARTICULO 169. SECUESTRO EXTORSIVO","1"
"05/05/2003","25","CUNDINAMARCA","25743","SILVANIA","ARTICULO 168. SECUESTRO SIMPLE","1"
"05/05/2003","50","META","50001","VILLAVICENCIO","ARTICULO 168. SECUESTRO SIMPLE","1"
"05/05/2003","25","CUNDINAMARCA","25899","ZIPAQUIRA","ARTICULO 168. SECUESTRO SIMPLE","1"
"05/05/2003","25","CUNDINAMARCA","25743","SILVANIA","ARTICULO 168. SECUESTRO SIMPLE","1"
"05/05/2003","50","META","50001","VILLAVICENCIO","ARTICULO 168. SECUESTRO SIMPLE","1"
"05/05/2003","66","RISARALDA","66594","QUINCHIA","ARTICULO 169. SECUESTRO EXTORSIVO","1"
"04/05/2003","25","CUNDINAMARCA","25320","GUADUAS","ARTICULO 169. SECUESTRO EXTORSIVO","1"
"04/05/2003","27","CHOCO","27245","EL CARMEN DE ATRATO","ARTICULO 168. SECUESTRO SIMPLE","1"
"03/05/2003","11","BOGOTA D.C.","11001","BOGOTA D.C.","ARTICULO 168. SECUESTRO SIMPLE","1"
"03/05/2003","11","BOGOTA D.C.","11001","BOGOTA D.C.","ARTICULO 168. SECUESTRO SIMPLE","1"
"03/05/2003","25","CUNDINAMARCA","25875","VILLETA","ARTICULO 169. SECUESTRO EXTORSIVO","1"
"03/05/2003","25","CUNDINAMARCA","25875","VILLETA","ARTICULO 169. SECUESTRO EXTORSIVO","1"
"03/05/2003","20","CESAR","20001","VALLEDUPAR","ARTICULO 168. SECUESTRO SIMPLE","4"
"03/05/2003","85","CASANARE","85001","YOPAL","ARTICULO 169. SECUESTRO EXTORSIVO","1"
"03/05/2003","70","SUCRE","70001","SINCELEJO","ARTICULO 168. SECUESTRO SIMPLE","1"
"02/05/2003","15","BOYACA","15180","CHISCAS","ARTICULO 169. SECUESTRO EXTORSIVO","1"
"02/05/2003","50","META","50001","VILLAVICENCIO","ARTICULO 168. SECUESTRO SIMPLE","1"
"02/05/2003","81","ARAUCA","81736","SARAVENA","ARTICULO 169. SECUESTRO EXTORSIVO","1"
"02/05/2003","20","CESAR","20228","CURUMANI","ARTICULO 168. SECUESTRO SIMPLE","1"
"01/05/2003","20","CESAR","20001","VALLEDUPAR","ARTICULO 169. SECUESTRO EXTORSIVO","1"
"01/05/2003","20","CESAR","20001","VALLEDUPAR","ARTICULO 169. SECUESTRO EXTORSIVO","1"
"01/05/2003","11","BOGOTA D.C.","11001","BOGOTA D.C.","ARTICULO 169. SECUESTRO EXTORSIVO","1"
"01/05/2003","11","BOGOTA D.C.","11001","BOGOTA D.C.","ARTICULO 168. SECUESTRO SIMPLE","3"
"01/05/2003","68","SANTANDER","68615","RIONEGRO","ARTICULO 169. SECUESTRO EXTORSIVO","1"
"01/05/2003","50","META","50006","ACACIAS","ARTICULO 168. SECUESTRO SIMPLE","1"
"01/05/2003","50","META","50318","GUAMAL","ARTICULO 169. SECUESTRO EXTORSIVO","1"
"01/05/2003","41","HUILA","41020","ALGECIRAS","ARTICULO 168. SECUESTRO SIMPLE","1"
"01/05/2003","50","META","50001","VILLAVICENCIO","ARTICULO 168. SECUESTRO SIMPLE","1"
"01/05/2003","05","ANTIOQUIA","05679","SANTA BARBARA","ARTICULO 168. SECUESTRO SIMPLE","1"
"01/05/2003","41","HUILA","41001","NEIVA","ARTICULO 169. SECUESTRO EXTORSIVO","1"
"30/04/2003","68","SANTANDER","68001","BUCARAMANGA","ARTICULO 169. SECUESTRO EXTORSIVO","1"
"30/04/2003","47","MAGDALENA","47288","FUNDACION","ARTICULO 169. SECUESTRO EXTORSIVO","2"
"30/04/2003","05","ANTIOQUIA","05001","MEDELLIN","ARTICULO 169. SECUESTRO EXTORSIVO","1"
"30/04/2003","05","ANTIOQUIA","05001","MEDELLIN","ARTICULO 169. SECUESTRO EXTORSIVO","1"
"30/04/2003","50","META","50001","VILLAVICENCIO","ARTICULO 169. SECUESTRO EXTORSIVO","1"
"30/04/2003","05","ANTIOQUIA","05483","NARIÑO","ARTICULO 168. SECUESTRO SIMPLE","1"
"30/04/2003","81","ARAUCA","81065","ARAUQUITA","ARTICULO 169. SECUESTRO EXTORSIVO","1"
"30/04/2003","05","ANTIOQUIA","05483","NARIÑO","ARTICULO 168. SECUESTRO SIMPLE","1"
"30/04/2003","27","CHOCO","27787","TADO","ARTICULO 169. SECUESTRO EXTORSIVO","1"
"30/04/2003","27","CHOCO","27787","TADO","ARTICULO 169. SECUESTRO EXTORSIVO","1"
"29/04/2003","76","VALLE DEL CAUCA","76001","CALI","ARTICULO 168. SECUESTRO SIMPLE","1"
"29/04/2003","76","VALLE DEL CAUCA","76001","CALI","ARTICULO 169. SECUESTRO EXTORSIVO","1"
"29/04/2003","25","CUNDINAMARCA","25320","GUADUAS","ARTICULO 168. SECUESTRO SIMPLE","1"
"29/04/2003","47","MAGDALENA","47189","CIENAGA","ARTICULO 169. SECUESTRO EXTORSIVO","1"
"28/04/2003","11","BOGOTA D.C.","11001","BOGOTA D.C.","ARTICULO 168. SECUESTRO SIMPLE","1"
"28/04/2003","73","TOLIMA","73861","VENADILLO","ARTICULO 168. SECUESTRO SIMPLE","1"
"28/04/2003","05","ANTIOQUIA","05125","CAICEDO","ARTICULO 169. SECUESTRO EXTORSIVO","1"
"28/04/2003","19","CAUCA","19001","POPAYAN","ARTICULO 169. SECUESTRO EXTORSIVO","1"
"28/04/2003","05","ANTIOQUIA","05197","COCORNA","ARTICULO 169. SECUESTRO EXTORSIVO","1"
"28/04/2003","05","ANTIOQUIA","05541","PEÑOL","ARTICULO 168. SECUESTRO SIMPLE","1"
"28/04/2003","05","ANTIOQUIA","05541","PEÑOL","ARTICULO 168. SECUESTRO SIMPLE","1"
"28/04/2003","05","ANTIOQUIA","05541","PEÑOL","ARTICULO 168. SECUESTRO SIMPLE","1"
"28/04/2003","05","ANTIOQUIA","05541","PEÑOL","ARTICULO 168. SECUESTRO SIMPLE","1"
"27/04/2003","81","ARAUCA","81794","TAME","ARTICULO 168. SECUESTRO SIMPLE","15"
"27/04/2003","20","CESAR","20001","VALLEDUPAR","ARTICULO 169. SECUESTRO EXTORSIVO","1"
"27/04/2003","68","SANTANDER","68307","GIRON","ARTICULO 168. SECUESTRO SIMPLE","1"
"26/04/2003","11","BOGOTA D.C.","11001","BOGOTA D.C.","ARTICULO 169. SECUESTRO EXTORSIVO","1"
"26/04/2003","54","NORTE DE SANTANDER","54405","LOS PATIOS","ARTICULO 169. SECUESTRO EXTORSIVO","1"
"26/04/2003","05","ANTIOQUIA","05282","FREDONIA","ARTICULO 169. SECUESTRO EXTORSIVO","1"
"25/04/2003","76","VALLE DEL CAUCA","76109","BUENAVENTURA","ARTICULO 168. SECUESTRO SIMPLE","2"
"25/04/2003","50","META","50001","VILLAVICENCIO","ARTICULO 168. SECUESTRO SIMPLE","1"
"24/04/2003","05","ANTIOQUIA","05856","VALPARAISO","ARTICULO 169. SECUESTRO EXTORSIVO","1"
"24/04/2003","50","META","50001","VILLAVICENCIO","ARTICULO 169. SECUESTRO EXTORSIVO","1"
"24/04/2003","41","HUILA","41001","NEIVA","ARTICULO 169. SECUESTRO EXTORSIVO","1"
"24/04/2003","11","BOGOTA D.C.","11001","BOGOTA D.C.","ARTICULO 169. SECUESTRO EXTORSIVO","1"
"24/04/2003","68","SANTANDER","68001","BUCARAMANGA","ARTICULO 169. SECUESTRO EXTORSIVO","1"
"24/04/2003","25","CUNDINAMARCA","25040","ANOLAIMA","ARTICULO 169. SECUESTRO EXTORSIVO","1"
"24/04/2003","73","TOLIMA","73349","HONDA","ARTICULO 168. SECUESTRO SIMPLE","1"
"24/04/2003","05","ANTIOQUIA","05856","VALPARAISO","ARTICULO 168. SECUESTRO SIMPLE","1"
"24/04/2003","18","CAQUETA","18001","FLORENCIA","ARTICULO 168. SECUESTRO SIMPLE","1"
"24/04/2003","85","CASANARE","85440","VILLANUEVA","ARTICULO 169. SECUESTRO EXTORSIVO","1"
"24/04/2003","19","CAUCA","19001","POPAYAN","ARTICULO 168. SECUESTRO SIMPLE","1"
"23/04/2003","11","BOGOTA D.C.","11001","BOGOTA D.C.","ARTICULO 168. SECUESTRO SIMPLE","1"
"23/04/2003","20","CESAR","20228","CURUMANI","ARTICULO 169. SECUESTRO EXTORSIVO","1"
"22/04/2003","25","CUNDINAMARCA","25322","GUASCA","ARTICULO 169. SECUESTRO EXTORSIVO","1"
"22/04/2003","05","ANTIOQUIA","05615","RIONEGRO","ARTICULO 169. SECUESTRO EXTORSIVO","1"
"22/04/2003","05","ANTIOQUIA","05615","RIONEGRO","ARTICULO 169. SECUESTRO EXTORSIVO","1"
"21/04/2003","20","CESAR","20750","SAN DIEGO","ARTICULO 168. SECUESTRO SIMPLE","1"
"21/04/2003","20","CESAR","20750","SAN DIEGO","ARTICULO 168. SECUESTRO SIMPLE","1"
"21/04/2003","25","CUNDINAMARCA","25524","PANDI","ARTICULO 169. SECUESTRO EXTORSIVO","1"
"21/04/2003","05","ANTIOQUIA","05042","SANTA FE DE ANTIOQUIA","ARTICULO 168. SECUESTRO SIMPLE","1"
"21/04/2003","20","CESAR","20750","SAN DIEGO","ARTICULO 168. SECUESTRO SIMPLE","1"
"21/04/2003","68","SANTANDER","68001","BUCARAMANGA","ARTICULO 169. SECUESTRO EXTORSIVO","1"
"21/04/2003","52","NARIÑO","52001","PASTO","ARTICULO 169. SECUESTRO EXTORSIVO","1"
"21/04/2003","41","HUILA","41001","NEIVA","ARTICULO 168. SECUESTRO SIMPLE","1"
"21/04/2003","76","VALLE DEL CAUCA","76109","BUENAVENTURA","ARTICULO 168. SECUESTRO SIMPLE","1"
"21/04/2003","20","CESAR","20750","SAN DIEGO","ARTICULO 168. SECUESTRO SIMPLE","8"
"21/04/2003","05","ANTIOQUIA","05042","SANTA FE DE ANTIOQUIA","ARTICULO 168. SECUESTRO SIMPLE","1"
"21/04/2003","20","CESAR","20750","SAN DIEGO","ARTICULO 168. SECUESTRO SIMPLE","1"
"20/04/2003","05","ANTIOQUIA","05088","BELLO","ARTICULO 169. SECUESTRO EXTORSIVO","1"
"20/04/2003","19","CAUCA","19256","EL TAMBO","ARTICULO 168. SECUESTRO SIMPLE","1"
"20/04/2003","50","META","50400","LEJANIAS","ARTICULO 168. SECUESTRO SIMPLE","1"
"20/04/2003","44","LA GUAJIRA","44650","SAN JUAN DEL CESAR","ARTICULO 169. SECUESTRO EXTORSIVO","1"
"20/04/2003","15","BOYACA","15511","PACHAVITA","ARTICULO 169. SECUESTRO EXTORSIVO","1"
"20/04/2003","15","BOYACA","15511","PACHAVITA","ARTICULO 169. SECUESTRO EXTORSIVO","1"
"20/04/2003","25","CUNDINAMARCA","25743","SILVANIA","ARTICULO 169. SECUESTRO EXTORSIVO","1"
"20/04/2003","44","LA GUAJIRA","44650","SAN JUAN DEL CESAR","ARTICULO 169. SECUESTRO EXTORSIVO","1"
"20/04/2003","44","LA GUAJIRA","44650","SAN JUAN DEL CESAR","ARTICULO 169. SECUESTRO EXTORSIVO","1"
"20/04/2003","44","LA GUAJIRA","44650","SAN JUAN DEL CESAR","ARTICULO 169. SECUESTRO EXTORSIVO","1"
"20/04/2003","73","TOLIMA","73563","PRADO","ARTICULO 169. SECUESTRO EXTORSIVO","1"
"19/04/2003","70","SUCRE","70820","SANTIAGO DE TOLU","ARTICULO 169. SECUESTRO EXTORSIVO","1"
"19/04/2003","70","SUCRE","70820","SANTIAGO DE TOLU","ARTICULO 169. SECUESTRO EXTORSIVO","1"
"19/04/2003","70","SUCRE","70820","SANTIAGO DE TOLU","ARTICULO 169. SECUESTRO EXTORSIVO","1"
"19/04/2003","70","SUCRE","70820","SANTIAGO DE TOLU","ARTICULO 169. SECUESTRO EXTORSIVO","1"
"19/04/2003","70","SUCRE","70820","SANTIAGO DE TOLU","ARTICULO 169. SECUESTRO EXTORSIVO","1"
"19/04/2003","70","SUCRE","70820","SANTIAGO DE TOLU","ARTICULO 169. SECUESTRO EXTORSIVO","1"
"19/04/2003","70","SUCRE","70820","SANTIAGO DE TOLU","ARTICULO 169. SECUESTRO EXTORSIVO","1"
"19/04/2003","19","CAUCA","19318","GUAPI","ARTICULO 168. SECUESTRO SIMPLE","1"
"19/04/2003","50","META","50001","VILLAVICENCIO","ARTICULO 168. SECUESTRO SIMPLE","1"
"19/04/2003","25","CUNDINAMARCA","25322","GUASCA","ARTICULO 168. SECUESTRO SIMPLE","1"
"19/04/2003","68","SANTANDER","68001","BUCARAMANGA","ARTICULO 169. SECUESTRO EXTORSIVO","1"
"19/04/2003","68","SANTANDER","68001","BUCARAMANGA","ARTICULO 169. SECUESTRO EXTORSIVO","1"
"18/04/2003","17","CALDAS","17380","LA DORADA","ARTICULO 168. SECUESTRO SIMPLE","1"
"18/04/2003","17","CALDAS","17380","LA DORADA","ARTICULO 168. SECUESTRO SIMPLE","1"
"18/04/2003","20","CESAR","20228","CURUMANI","ARTICULO 169. SECUESTRO EXTORSIVO","1"
"18/04/2003","73","TOLIMA","73408","LERIDA","ARTICULO 169. SECUESTRO EXTORSIVO","1"
"18/04/2003","05","ANTIOQUIA","05038","ANGOSTURA","ARTICULO 169. SECUESTRO EXTORSIVO","1"
"18/04/2003","73","TOLIMA","73563","PRADO","ARTICULO 169. SECUESTRO EXTORSIVO","1"
"17/04/2003","50","META","50001","VILLAVICENCIO","ARTICULO 169. SECUESTRO EXTORSIVO","1"
"17/04/2003","05","ANTIOQUIA","05079","BARBOSA","ARTICULO 169. SECUESTRO EXTORSIVO","1"
"17/04/2003","05","ANTIOQUIA","05321","GUATAPE","ARTICULO 169. SECUESTRO EXTORSIVO","1"
"16/04/2003","25","CUNDINAMARCA","25438","MEDINA","ARTICULO 169. SECUESTRO EXTORSIVO","1"
"16/04/2003","18","CAQUETA","18001","FLORENCIA","ARTICULO 169. SECUESTRO EXTORSIVO","1"
"16/04/2003","50","META","50001","VILLAVICENCIO","ARTICULO 168. SECUESTRO SIMPLE","1"
"16/04/2003","52","NARIÑO","52001","PASTO","ARTICULO 169. SECUESTRO EXTORSIVO","1"
"16/04/2003","52","NARIÑO","52001","PASTO","ARTICULO 169. SECUESTRO EXTORSIVO","1"
"16/04/2003","52","NARIÑO","52001","PASTO","ARTICULO 169. SECUESTRO EXTORSIVO","1"
"16/04/2003","52","NARIÑO","52001","PASTO","ARTICULO 169. SECUESTRO EXTORSIVO","1"
"16/04/2003","05","ANTIOQUIA","05042","SANTA FE DE ANTIOQUIA","ARTICULO 169. SECUESTRO EXTORSIVO","1"
"16/04/2003","52","NARIÑO","52001","PASTO","ARTICULO 169. SECUESTRO EXTORSIVO","1"
"16/04/2003","52","NARIÑO","52001","PASTO","ARTICULO 169. SECUESTRO EXTORSIVO","1"
"16/04/2003","52","NARIÑO","52001","PASTO","ARTICULO 169. SECUESTRO EXTORSIVO","1"
"16/04/2003","25","CUNDINAMARCA","25258","EL PEÑON","ARTICULO 169. SECUESTRO EXTORSIVO","1"
"15/04/2003","11","BOGOTA D.C.","11001","BOGOTA D.C.","ARTICULO 168. SECUESTRO SIMPLE","1"
"15/04/2003","76","VALLE DEL CAUCA","76563","PRADERA","ARTICULO 169. SECUESTRO EXTORSIVO","1"
"15/04/2003","27","CHOCO","27075","BAHIA SOLANO","ARTICULO 169. SECUESTRO EXTORSIVO","1"
"15/04/2003","25","CUNDINAMARCA","25878","VIOTA","ARTICULO 169. SECUESTRO EXTORSIVO","1"
"15/04/2003","25","CUNDINAMARCA","25320","GUADUAS","ARTICULO 169. SECUESTRO EXTORSIVO","1"
"14/04/2003","68","SANTANDER","68655","SABANA DE TORRES","ARTICULO 169. SECUESTRO EXTORSIVO","1"
"14/04/2003","44","LA GUAJIRA","44001","RIOHACHA","ARTICULO 168. SECUESTRO SIMPLE","1"
"14/04/2003","47","MAGDALENA","47189","CIENAGA","ARTICULO 169. SECUESTRO EXTORSIVO","3"
"14/04/2003","47","MAGDALENA","47189","CIENAGA","ARTICULO 169. SECUESTRO EXTORSIVO","2"
"14/04/2003","47","MAGDALENA","47189","CIENAGA","ARTICULO 169. SECUESTRO EXTORSIVO","1"
"14/04/2003","47","MAGDALENA","47189","CIENAGA","ARTICULO 169. SECUESTRO EXTORSIVO","1"
"14/04/2003","47","MAGDALENA","47189","CIENAGA","ARTICULO 169. SECUESTRO EXTORSIVO","1"
"14/04/2003","47","MAGDALENA","47189","CIENAGA","ARTICULO 169. SECUESTRO EXTORSIVO","1"
"14/04/2003","47","MAGDALENA","47189","CIENAGA","ARTICULO 169. SECUESTRO EXTORSIVO","1"
"14/04/2003","47","MAGDALENA","47189","CIENAGA","ARTICULO 169. SECUESTRO EXTORSIVO","1"
"13/04/2003","15","BOYACA","15686","SANTANA","ARTICULO 169. SECUESTRO EXTORSIVO","1"
"13/04/2003","47","MAGDALENA","47288","FUNDACION","ARTICULO 169. SECUESTRO EXTORSIVO","1"
"13/04/2003","15","BOYACA","15686","SANTANA","ARTICULO 169. SECUESTRO EXTORSIVO","1"
"13/04/2003","15","BOYACA","15686","SANTANA","ARTICULO 169. SECUESTRO EXTORSIVO","1"
"13/04/2003","25","CUNDINAMARCA","25322","GUASCA","ARTICULO 168. SECUESTRO SIMPLE","1"
"12/04/2003","68","SANTANDER","68307","GIRON","ARTICULO 169. SECUESTRO EXTORSIVO","1"
"12/04/2003","11","BOGOTA D.C.","11001","BOGOTA D.C.","ARTICULO 169. SECUESTRO EXTORSIVO","1"
"12/04/2003","76","VALLE DEL CAUCA","76863","VERSALLES","ARTICULO 169. SECUESTRO EXTORSIVO","1"
"12/04/2003","05","ANTIOQUIA","05368","JERICO","ARTICULO 168. SECUESTRO SIMPLE","2"
"12/04/2003","11","BOGOTA D.C.","11001","BOGOTA D.C.","ARTICULO 169. SECUESTRO EXTORSIVO","1"
"12/04/2003","05","ANTIOQUIA","05368","JERICO","ARTICULO 169. SECUESTRO EXTORSIVO","1"
"12/04/2003","70","SUCRE","70001","SINCELEJO","ARTICULO 168. SECUESTRO SIMPLE","1"
"12/04/2003","19","CAUCA","19743","SILVIA","ARTICULO 169. SECUESTRO EXTORSIVO","1"
"12/04/2003","25","CUNDINAMARCA","25875","VILLETA","ARTICULO 169. SECUESTRO EXTORSIVO","1"
"12/04/2003","19","CAUCA","19364","JAMBALO","ARTICULO 169. SECUESTRO EXTORSIVO","1"
"12/04/2003","17","CALDAS","17001","MANIZALES","ARTICULO 169. SECUESTRO EXTORSIVO","1"
"12/04/2003","19","CAUCA","19743","SILVIA","ARTICULO 169. SECUESTRO EXTORSIVO","1"
"12/04/2003","25","CUNDINAMARCA","25875","VILLETA","ARTICULO 169. SECUESTRO EXTORSIVO","1"
"12/04/2003","25","CUNDINAMARCA","25875","VILLETA","ARTICULO 169. SECUESTRO EXTORSIVO","1"
"11/04/2003","11","BOGOTA D.C.","11001","BOGOTA D.C.","ARTICULO 168. SECUESTRO SIMPLE","1"
"11/04/2003","20","CESAR","20178","CHIRIGUANA","ARTICULO 169. SECUESTRO EXTORSIVO","1"
"10/04/2003","19","CAUCA","19698","SANTANDER DE QUILICHAO","ARTICULO 169. SECUESTRO EXTORSIVO","1"
"10/04/2003","27","CHOCO","27413","LLORO","ARTICULO 169. SECUESTRO EXTORSIVO","1"
"10/04/2003","73","TOLIMA","73152","CASABIANCA","ARTICULO 169. SECUESTRO EXTORSIVO","1"
"10/04/2003","85","CASANARE","85250","PAZ DE ARIPORO","ARTICULO 169. SECUESTRO EXTORSIVO","1"
"10/04/2003","11","BOGOTA D.C.","11001","BOGOTA D.C.","ARTICULO 169. SECUESTRO EXTORSIVO","2"
"10/04/2003","11","BOGOTA D.C.","11001","BOGOTA D.C.","ARTICULO 169. SECUESTRO EXTORSIVO","1"
"10/04/2003","11","BOGOTA D.C.","11001","BOGOTA D.C.","ARTICULO 169. SECUESTRO EXTORSIVO","1"
"10/04/2003","11","BOGOTA D.C.","11001","BOGOTA D.C.","ARTICULO 169. SECUESTRO EXTORSIVO","1"
"10/04/2003","50","META","50313","GRANADA","ARTICULO 169. SECUESTRO EXTORSIVO","1"
"09/04/2003","47","MAGDALENA","47288","FUNDACION","ARTICULO 169. SECUESTRO EXTORSIVO","1"
"09/04/2003","47","MAGDALENA","47288","FUNDACION","ARTICULO 169. SECUESTRO EXTORSIVO","1"
"09/04/2003","25","CUNDINAMARCA","25402","LA VEGA","ARTICULO 169. SECUESTRO EXTORSIVO","1"
"09/04/2003","25","CUNDINAMARCA","25740","SIBATE","ARTICULO 169. SECUESTRO EXTORSIVO","1"
"09/04/2003","50","META","50001","VILLAVICENCIO","ARTICULO 168. SECUESTRO SIMPLE","1"
"09/04/2003","41","HUILA","41770","SUAZA","ARTICULO 169. SECUESTRO EXTORSIVO","1"
"08/04/2003","47","MAGDALENA","47245","EL BANCO","ARTICULO 169. SECUESTRO EXTORSIVO","1"
"08/04/2003","25","CUNDINAMARCA","25183","CHOCONTA","ARTICULO 169. SECUESTRO EXTORSIVO","1"
"08/04/2003","25","CUNDINAMARCA","25183","CHOCONTA","ARTICULO 169. SECUESTRO EXTORSIVO","1"
"07/04/2003","85","CASANARE","85440","VILLANUEVA","ARTICULO 169. SECUESTRO EXTORSIVO","1"
"07/04/2003","68","SANTANDER","68001","BUCARAMANGA","ARTICULO 169. SECUESTRO EXTORSIVO","1"
"07/04/2003","68","SANTANDER","68001","BUCARAMANGA","ARTICULO 169. SECUESTRO EXTORSIVO","1"
"06/04/2003","20","CESAR","20001","VALLEDUPAR","ARTICULO 169. SECUESTRO EXTORSIVO","1"
"06/04/2003","11","BOGOTA D.C.","11001","BOGOTA D.C.","ARTICULO 168. SECUESTRO SIMPLE","1"
"06/04/2003","05","ANTIOQUIA","05887","YARUMAL","ARTICULO 169. SECUESTRO EXTORSIVO","1"
"06/04/2003","05","ANTIOQUIA","05887","YARUMAL","ARTICULO 169. SECUESTRO EXTORSIVO","1"
"06/04/2003","76","VALLE DEL CAUCA","76111","GUADALAJARA DE BUGA","ARTICULO 168. SECUESTRO SIMPLE","1"
"05/04/2003","05","ANTIOQUIA","05001","MEDELLIN","ARTICULO 169. SECUESTRO EXTORSIVO","1"
"05/04/2003","19","CAUCA","19548","PIENDAMO - TUNIA","ARTICULO 168. SECUESTRO SIMPLE","2"
"05/04/2003","11","BOGOTA D.C.","11001","BOGOTA D.C.","ARTICULO 168. SECUESTRO SIMPLE","1"
"05/04/2003","25","CUNDINAMARCA","25524","PANDI","ARTICULO 169. SECUESTRO EXTORSIVO","1"
"05/04/2003","81","ARAUCA","81065","ARAUQUITA","ARTICULO 169. SECUESTRO EXTORSIVO","3"
"04/04/2003","52","NARIÑO","52418","LOS ANDES","ARTICULO 169. SECUESTRO EXTORSIVO","1"
"04/04/2003","52","NARIÑO","52418","LOS ANDES","ARTICULO 169. SECUESTRO EXTORSIVO","1"
"04/04/2003","19","CAUCA","19698","SANTANDER DE QUILICHAO","ARTICULO 168. SECUESTRO SIMPLE","1"
"04/04/2003","76","VALLE DEL CAUCA","76306","GINEBRA","ARTICULO 169. SECUESTRO EXTORSIVO","1"
"04/04/2003","18","CAQUETA","18150","CARTAGENA DEL CHAIRA","ARTICULO 169. SECUESTRO EXTORSIVO","1"
"04/04/2003","11","BOGOTA D.C.","11001","BOGOTA D.C.","ARTICULO 168. SECUESTRO SIMPLE","1"
"04/04/2003","05","ANTIOQUIA","05004","ABRIAQUI","ARTICULO 169. SECUESTRO EXTORSIVO","1"
"03/04/2003","05","ANTIOQUIA","05690","SANTO DOMINGO","ARTICULO 169. SECUESTRO EXTORSIVO","1"
"03/04/2003","05","ANTIOQUIA","05001","MEDELLIN","ARTICULO 168. SECUESTRO SIMPLE","1"
"03/04/2003","05","ANTIOQUIA","05001","MEDELLIN","ARTICULO 168. SECUESTRO SIMPLE","1"
"03/04/2003","68","SANTANDER","68572","PUENTE NACIONAL","ARTICULO 169. SECUESTRO EXTORSIVO","1"
"03/04/2003","73","TOLIMA","73268","ESPINAL","ARTICULO 168. SECUESTRO SIMPLE","1"
"03/04/2003","47","MAGDALENA","47288","FUNDACION","ARTICULO 168. SECUESTRO SIMPLE","1"
"03/04/2003","76","VALLE DEL CAUCA","76001","CALI","ARTICULO 169. SECUESTRO EXTORSIVO","1"
"02/04/2003","05","ANTIOQUIA","05034","ANDES","ARTICULO 168. SECUESTRO SIMPLE","1"
"02/04/2003","18","CAQUETA","18860","VALPARAISO","ARTICULO 169. SECUESTRO EXTORSIVO","1"
"02/04/2003","05","ANTIOQUIA","05425","MACEO","ARTICULO 168. SECUESTRO SIMPLE","1"
"02/04/2003","18","CAQUETA","18001","FLORENCIA","ARTICULO 169. SECUESTRO EXTORSIVO","1"
"01/04/2003","73","TOLIMA","73268","ESPINAL","ARTICULO 168. SECUESTRO SIMPLE","1"
"01/04/2003","11","BOGOTA D.C.","11001","BOGOTA D.C.","ARTICULO 168. SECUESTRO SIMPLE","1"
"31/03/2003","50","META","50251","EL CASTILLO","ARTICULO 168. SECUESTRO SIMPLE","1"
"31/03/2003","50","META","50251","EL CASTILLO","ARTICULO 169. SECUESTRO EXTORSIVO","1"
"31/03/2003","15","BOYACA","15238","DUITAMA","ARTICULO 169. SECUESTRO EXTORSIVO","2"
"31/03/2003","15","BOYACA","15238","DUITAMA","ARTICULO 169. SECUESTRO EXTORSIVO","1"
"31/03/2003","41","HUILA","41001","NEIVA","ARTICULO 169. SECUESTRO EXTORSIVO","1"
"31/03/2003","50","META","50001","VILLAVICENCIO","ARTICULO 169. SECUESTRO EXTORSIVO","1"
"31/03/2003","11","BOGOTA D.C.","11001","BOGOTA D.C.","ARTICULO 168. SECUESTRO SIMPLE","1"
"30/03/2003","25","CUNDINAMARCA","25875","VILLETA","ARTICULO 168. SECUESTRO SIMPLE","1"
"30/03/2003","25","CUNDINAMARCA","25875","VILLETA","ARTICULO 169. SECUESTRO EXTORSIVO","1"
"30/03/2003","25","CUNDINAMARCA","25875","VILLETA","ARTICULO 169. SECUESTRO EXTORSIVO","1"
"30/03/2003","25","CUNDINAMARCA","25875","VILLETA","ARTICULO 168. SECUESTRO SIMPLE","1"
"30/03/2003","25","CUNDINAMARCA","25875","VILLETA","ARTICULO 168. SECUESTRO SIMPLE","1"
"30/03/2003","66","RISARALDA","66170","DOSQUEBRADAS","ARTICULO 168. SECUESTRO SIMPLE","1"
"29/03/2003","44","LA GUAJIRA","44001","RIOHACHA","ARTICULO 168. SECUESTRO SIMPLE","1"
"29/03/2003","41","HUILA","41001","NEIVA","ARTICULO 168. SECUESTRO SIMPLE","1"
"29/03/2003","05","ANTIOQUIA","05088","BELLO","ARTICULO 168. SECUESTRO SIMPLE","1"
"29/03/2003","11","BOGOTA D.C.","11001","BOGOTA D.C.","ARTICULO 168. SECUESTRO SIMPLE","1"
"29/03/2003","13","BOLIVAR","13473","MORALES","ARTICULO 169. SECUESTRO EXTORSIVO","1"
"29/03/2003","13","BOLIVAR","13473","MORALES","ARTICULO 169. SECUESTRO EXTORSIVO","1"
"29/03/2003","70","SUCRE","70001","SINCELEJO","ARTICULO 168. SECUESTRO SIMPLE","1"
"29/03/2003","05","ANTIOQUIA","05890","YOLOMBO","ARTICULO 168. SECUESTRO SIMPLE","1"
"28/03/2003","05","ANTIOQUIA","05101","CIUDAD BOLIVAR","ARTICULO 169. SECUESTRO EXTORSIVO","1"
"28/03/2003","20","CESAR","20517","PAILITAS","ARTICULO 169. SECUESTRO EXTORSIVO","1"
"28/03/2003","25","CUNDINAMARCA","25328","GUAYABAL DE SIQUIMA","ARTICULO 169. SECUESTRO EXTORSIVO","1"
"28/03/2003","50","META","50001","VILLAVICENCIO","ARTICULO 168. SECUESTRO SIMPLE","1"
"27/03/2003","19","CAUCA","19743","SILVIA","ARTICULO 169. SECUESTRO EXTORSIVO","2"
"27/03/2003","11","BOGOTA D.C.","11001","BOGOTA D.C.","ARTICULO 169. SECUESTRO EXTORSIVO","1"
"27/03/2003","76","VALLE DEL CAUCA","76109","BUENAVENTURA","ARTICULO 168. SECUESTRO SIMPLE","1"
"26/03/2003","44","LA GUAJIRA","44874","VILLANUEVA","ARTICULO 169. SECUESTRO EXTORSIVO","1"
"26/03/2003","73","TOLIMA","73319","GUAMO","ARTICULO 169. SECUESTRO EXTORSIVO","1"
"26/03/2003","50","META","50001","VILLAVICENCIO","ARTICULO 168. SECUESTRO SIMPLE","1"
"26/03/2003","05","ANTIOQUIA","05001","MEDELLIN","ARTICULO 168. SECUESTRO SIMPLE","1"
"25/03/2003","70","SUCRE","70429","MAJAGUAL","ARTICULO 169. SECUESTRO EXTORSIVO","1"
"25/03/2003","05","ANTIOQUIA","05890","YOLOMBO","ARTICULO 169. SECUESTRO EXTORSIVO","1"
"25/03/2003","05","ANTIOQUIA","05890","YOLOMBO","ARTICULO 169. SECUESTRO EXTORSIVO","1"
"25/03/2003","27","CHOCO","27075","BAHIA SOLANO","ARTICULO 168. SECUESTRO SIMPLE","1"
"25/03/2003","27","CHOCO","27075","BAHIA SOLANO","ARTICULO 169. SECUESTRO EXTORSIVO","1"
"25/03/2003","27","CHOCO","27075","BAHIA SOLANO","ARTICULO 169. SECUESTRO EXTORSIVO","1"
"25/03/2003","50","META","50001","VILLAVICENCIO","ARTICULO 168. SECUESTRO SIMPLE","1"
"25/03/2003","25","CUNDINAMARCA","25758","SOPO","ARTICULO 169. SECUESTRO EXTORSIVO","1"
"25/03/2003","11","BOGOTA D.C.","11001","BOGOTA D.C.","ARTICULO 169. SECUESTRO EXTORSIVO","1"
"24/03/2003","19","CAUCA","19212","CORINTO","ARTICULO 169. SECUESTRO EXTORSIVO","1"
"24/03/2003","25","CUNDINAMARCA","25377","LA CALERA","ARTICULO 168. SECUESTRO SIMPLE","1"
"24/03/2003","50","META","50006","ACACIAS","ARTICULO 168. SECUESTRO SIMPLE","1"
"24/03/2003","44","LA GUAJIRA","44650","SAN JUAN DEL CESAR","ARTICULO 168. SECUESTRO SIMPLE","1"
"23/03/2003","68","SANTANDER","68655","SABANA DE TORRES","ARTICULO 169. SECUESTRO EXTORSIVO","1"
"23/03/2003","11","BOGOTA D.C.","11001","BOGOTA D.C.","ARTICULO 168. SECUESTRO SIMPLE","1"
"22/03/2003","18","CAQUETA","18094","BELEN DE LOS ANDAQUIES","ARTICULO 169. SECUESTRO EXTORSIVO","1"
"22/03/2003","73","TOLIMA","73504","ORTEGA","ARTICULO 168. SECUESTRO SIMPLE","1"
"22/03/2003","50","META","50245","EL CALVARIO","ARTICULO 168. SECUESTRO SIMPLE","1"
"21/03/2003","25","CUNDINAMARCA","25740","SIBATE","ARTICULO 169. SECUESTRO EXTORSIVO","1"
"21/03/2003","25","CUNDINAMARCA","25297","GACHETA","ARTICULO 168. SECUESTRO SIMPLE","1"
"21/03/2003","25","CUNDINAMARCA","25740","SIBATE","ARTICULO 169. SECUESTRO EXTORSIVO","1"
"21/03/2003","19","CAUCA","19137","CALDONO","ARTICULO 169. SECUESTRO EXTORSIVO","1"
"21/03/2003","11","BOGOTA D.C.","11001","BOGOTA D.C.","ARTICULO 169. SECUESTRO EXTORSIVO","1"
"21/03/2003","68","SANTANDER","68081","BARRANCABERMEJA","ARTICULO 169. SECUESTRO EXTORSIVO","1"
"21/03/2003","11","BOGOTA D.C.","11001","BOGOTA D.C.","ARTICULO 169. SECUESTRO EXTORSIVO","1"
"21/03/2003","25","CUNDINAMARCA","25743","SILVANIA","ARTICULO 168. SECUESTRO SIMPLE","1"
"20/03/2003","85","CASANARE","85440","VILLANUEVA","ARTICULO 169. SECUESTRO EXTORSIVO","1"
"20/03/2003","05","ANTIOQUIA","05313","GRANADA","ARTICULO 169. SECUESTRO EXTORSIVO","1"
"20/03/2003","05","ANTIOQUIA","05002","ABEJORRAL","ARTICULO 169. SECUESTRO EXTORSIVO","1"
"20/03/2003","05","ANTIOQUIA","05002","ABEJORRAL","ARTICULO 169. SECUESTRO EXTORSIVO","1"
"19/03/2003","81","ARAUCA","81001","ARAUCA","ARTICULO 169. SECUESTRO EXTORSIVO","1"
"19/03/2003","76","VALLE DEL CAUCA","76001","CALI","ARTICULO 169. SECUESTRO EXTORSIVO","1"
"19/03/2003","76","VALLE DEL CAUCA","76001","CALI","ARTICULO 169. SECUESTRO EXTORSIVO","1"
"19/03/2003","41","HUILA","41872","VILLAVIEJA","ARTICULO 169. SECUESTRO EXTORSIVO","1"
"19/03/2003","50","META","50001","VILLAVICENCIO","ARTICULO 169. SECUESTRO EXTORSIVO","1"
"18/03/2003","08","ATLANTICO","08001","BARRANQUILLA","ARTICULO 169. SECUESTRO EXTORSIVO","1"
"18/03/2003","76","VALLE DEL CAUCA","76111","GUADALAJARA DE BUGA","ARTICULO 168. SECUESTRO SIMPLE","1"
"18/03/2003","11","BOGOTA D.C.","11001","BOGOTA D.C.","ARTICULO 168. SECUESTRO SIMPLE","1"
"18/03/2003","17","CALDAS","17174","CHINCHINA","ARTICULO 169. SECUESTRO EXTORSIVO","1"
"18/03/2003","73","TOLIMA","73861","VENADILLO","ARTICULO 168. SECUESTRO SIMPLE","1"
"18/03/2003","17","CALDAS","17616","RISARALDA","ARTICULO 169. SECUESTRO EXTORSIVO","1"
"18/03/2003","17","CALDAS","17616","RISARALDA","ARTICULO 169. SECUESTRO EXTORSIVO","1"
"17/03/2003","20","CESAR","20550","PELAYA","ARTICULO 169. SECUESTRO EXTORSIVO","1"
"17/03/2003","20","CESAR","20550","PELAYA","ARTICULO 169. SECUESTRO EXTORSIVO","1"
"17/03/2003","15","BOYACA","15272","FIRAVITOBA","ARTICULO 169. SECUESTRO EXTORSIVO","1"
"17/03/2003","05","ANTIOQUIA","05001","MEDELLIN","ARTICULO 168. SECUESTRO SIMPLE","1"
"17/03/2003","11","BOGOTA D.C.","11001","BOGOTA D.C.","ARTICULO 169. SECUESTRO EXTORSIVO","1"
"17/03/2003","15","BOYACA","15272","FIRAVITOBA","ARTICULO 169. SECUESTRO EXTORSIVO","1"
"16/03/2003","05","ANTIOQUIA","05890","YOLOMBO","ARTICULO 168. SECUESTRO SIMPLE","1"
"15/03/2003","41","HUILA","41551","PITALITO","ARTICULO 169. SECUESTRO EXTORSIVO","1"
"15/03/2003","47","MAGDALENA","47258","EL PIÑON","ARTICULO 169. SECUESTRO EXTORSIVO","1"
"15/03/2003","13","BOLIVAR","13473","MORALES","ARTICULO 169. SECUESTRO EXTORSIVO","1"
"15/03/2003","50","META","50001","VILLAVICENCIO","ARTICULO 168. SECUESTRO SIMPLE","1"
"15/03/2003","05","ANTIOQUIA","05129","CALDAS","ARTICULO 168. SECUESTRO SIMPLE","1"
"15/03/2003","73","TOLIMA","73411","LIBANO","ARTICULO 169. SECUESTRO EXTORSIVO","1"
"14/03/2003","70","SUCRE","70000","SIN ESTABLECER","ARTICULO 169. SECUESTRO EXTORSIVO","1"
"14/03/2003","70","SUCRE","70000","SIN ESTABLECER","ARTICULO 169. SECUESTRO EXTORSIVO","1"
"14/03/2003","70","SUCRE","70000","SIN ESTABLECER","ARTICULO 169. SECUESTRO EXTORSIVO","1"
"14/03/2003","11","BOGOTA D.C.","11001","BOGOTA D.C.","ARTICULO 168. SECUESTRO SIMPLE","1"
"14/03/2003","13","BOLIVAR","13001","CARTAGENA DE INDIAS","ARTICULO 168. SECUESTRO SIMPLE","1"
"14/03/2003","11","BOGOTA D.C.","11001","BOGOTA D.C.","ARTICULO 169. SECUESTRO EXTORSIVO","1"
"14/03/2003","85","CASANARE","85001","YOPAL","ARTICULO 169. SECUESTRO EXTORSIVO","1"
"14/03/2003","18","CAQUETA","18860","VALPARAISO","ARTICULO 169. SECUESTRO EXTORSIVO","1"
"14/03/2003","18","CAQUETA","18860","VALPARAISO","ARTICULO 169. SECUESTRO EXTORSIVO","1"
"13/03/2003","50","META","50400","LEJANIAS","ARTICULO 168. SECUESTRO SIMPLE","1"
"13/03/2003","50","META","50110","BARRANCA DE UPIA","ARTICULO 168. SECUESTRO SIMPLE","1"
"13/03/2003","19","CAUCA","19001","POPAYAN","ARTICULO 168. SECUESTRO SIMPLE","1"
"13/03/2003","81","ARAUCA","81065","ARAUQUITA","ARTICULO 169. SECUESTRO EXTORSIVO","1"
"13/03/2003","11","BOGOTA D.C.","11001","BOGOTA D.C.","ARTICULO 168. SECUESTRO SIMPLE","1"
"13/03/2003","44","LA GUAJIRA","44001","RIOHACHA","ARTICULO 169. SECUESTRO EXTORSIVO","1"
"12/03/2003","73","TOLIMA","73349","HONDA","ARTICULO 169. SECUESTRO EXTORSIVO","1"
"12/03/2003","73","TOLIMA","73268","ESPINAL","ARTICULO 168. SECUESTRO SIMPLE","1"
"12/03/2003","11","BOGOTA D.C.","11001","BOGOTA D.C.","ARTICULO 169. SECUESTRO EXTORSIVO","1"
"12/03/2003","15","BOYACA","15897","ZETAQUIRA","ARTICULO 168. SECUESTRO SIMPLE","2"
"12/03/2003","15","BOYACA","15897","ZETAQUIRA","ARTICULO 168. SECUESTRO SIMPLE","1"
"12/03/2003","15","BOYACA","15897","ZETAQUIRA","ARTICULO 168. SECUESTRO SIMPLE","1"
"12/03/2003","18","CAQUETA","18205","CURILLO","ARTICULO 169. SECUESTRO EXTORSIVO","1"
"11/03/2003","85","CASANARE","85139","MANI","ARTICULO 169. SECUESTRO EXTORSIVO","1"
"11/03/2003","68","SANTANDER","68770","SUAITA","ARTICULO 169. SECUESTRO EXTORSIVO","1"
"11/03/2003","11","BOGOTA D.C.","11001","BOGOTA D.C.","ARTICULO 168. SECUESTRO SIMPLE","1"
"11/03/2003","05","ANTIOQUIA","05001","MEDELLIN","ARTICULO 169. SECUESTRO EXTORSIVO","1"
"11/03/2003","11","BOGOTA D.C.","11001","BOGOTA D.C.","ARTICULO 169. SECUESTRO EXTORSIVO","1"
"11/03/2003","05","ANTIOQUIA","05113","BURITICA","ARTICULO 169. SECUESTRO EXTORSIVO","1"
"10/03/2003","41","HUILA","41551","PITALITO","ARTICULO 168. SECUESTRO SIMPLE","1"
"10/03/2003","70","SUCRE","70221","COVEÑAS","ARTICULO 168. SECUESTRO SIMPLE","1"
"10/03/2003","17","CALDAS","17001","MANIZALES","ARTICULO 169. SECUESTRO EXTORSIVO","1"
"10/03/2003","41","HUILA","41668","SAN AGUSTIN","ARTICULO 169. SECUESTRO EXTORSIVO","1"
"10/03/2003","25","CUNDINAMARCA","25758","SOPO","ARTICULO 169. SECUESTRO EXTORSIVO","1"
"10/03/2003","41","HUILA","41668","SAN AGUSTIN","ARTICULO 169. SECUESTRO EXTORSIVO","1"
"10/03/2003","05","ANTIOQUIA","05001","MEDELLIN","ARTICULO 169. SECUESTRO EXTORSIVO","1"
"09/03/2003","05","ANTIOQUIA","05736","SEGOVIA","ARTICULO 168. SECUESTRO SIMPLE","1"
"09/03/2003","05","ANTIOQUIA","05001","MEDELLIN","ARTICULO 169. SECUESTRO EXTORSIVO","1"
"09/03/2003","68","SANTANDER","68307","GIRON","ARTICULO 168. SECUESTRO SIMPLE","1"
"09/03/2003","81","ARAUCA","81794","TAME","ARTICULO 169. SECUESTRO EXTORSIVO","1"
"09/03/2003","25","CUNDINAMARCA","25875","VILLETA","ARTICULO 169. SECUESTRO EXTORSIVO","1"
"08/03/2003","05","ANTIOQUIA","05001","MEDELLIN","ARTICULO 169. SECUESTRO EXTORSIVO","1"
"08/03/2003","76","VALLE DEL CAUCA","76109","BUENAVENTURA","ARTICULO 168. SECUESTRO SIMPLE","2"
"08/03/2003","20","CESAR","20238","EL COPEY","ARTICULO 169. SECUESTRO EXTORSIVO","1"
"08/03/2003","20","CESAR","20228","CURUMANI","ARTICULO 168. SECUESTRO SIMPLE","1"
"08/03/2003","20","CESAR","20228","CURUMANI","ARTICULO 168. SECUESTRO SIMPLE","1"
"07/03/2003","66","RISARALDA","66001","PEREIRA","ARTICULO 169. SECUESTRO EXTORSIVO","1"
"07/03/2003","70","SUCRE","70823","SAN JOSE DE TOLUVIEJO","ARTICULO 169. SECUESTRO EXTORSIVO","1"
"07/03/2003","05","ANTIOQUIA","05093","BETULIA","ARTICULO 169. SECUESTRO EXTORSIVO","1"
"06/03/2003","68","SANTANDER","68276","FLORIDABLANCA","ARTICULO 168. SECUESTRO SIMPLE","1"
"06/03/2003","68","SANTANDER","68276","FLORIDABLANCA","ARTICULO 168. SECUESTRO SIMPLE","1"
"06/03/2003","41","HUILA","41524","PALERMO","ARTICULO 168. SECUESTRO SIMPLE","1"
"06/03/2003","41","HUILA","41524","PALERMO","ARTICULO 169. SECUESTRO EXTORSIVO","1"
"06/03/2003","52","NARIÑO","52110","BUESACO","ARTICULO 168. SECUESTRO SIMPLE","1"
"06/03/2003","05","ANTIOQUIA","05129","CALDAS","ARTICULO 169. SECUESTRO EXTORSIVO","1"
"05/03/2003","73","TOLIMA","73001","IBAGUE","ARTICULO 168. SECUESTRO SIMPLE","1"
"05/03/2003","05","ANTIOQUIA","05088","BELLO","ARTICULO 168. SECUESTRO SIMPLE","1"
"04/03/2003","05","ANTIOQUIA","05893","YONDO","ARTICULO 168. SECUESTRO SIMPLE","1"
"04/03/2003","05","ANTIOQUIA","05308","GIRARDOTA","ARTICULO 169. SECUESTRO EXTORSIVO","1"
"04/03/2003","05","ANTIOQUIA","05001","MEDELLIN","ARTICULO 169. SECUESTRO EXTORSIVO","1"
"04/03/2003","50","META","50400","LEJANIAS","ARTICULO 168. SECUESTRO SIMPLE","1"
"04/03/2003","76","VALLE DEL CAUCA","76306","GINEBRA","ARTICULO 169. SECUESTRO EXTORSIVO","1"
"04/03/2003","50","META","50001","VILLAVICENCIO","ARTICULO 168. SECUESTRO SIMPLE","1"
"04/03/2003","05","ANTIOQUIA","05887","YARUMAL","ARTICULO 169. SECUESTRO EXTORSIVO","1"
"04/03/2003","05","ANTIOQUIA","05887","YARUMAL","ARTICULO 169. SECUESTRO EXTORSIVO","1"
"04/03/2003","41","HUILA","41001","NEIVA","ARTICULO 168. SECUESTRO SIMPLE","2"
"04/03/2003","05","ANTIOQUIA","05887","YARUMAL","ARTICULO 168. SECUESTRO SIMPLE","1"
"04/03/2003","05","ANTIOQUIA","05887","YARUMAL","ARTICULO 168. SECUESTRO SIMPLE","1"
"04/03/2003","05","ANTIOQUIA","05887","YARUMAL","ARTICULO 169. SECUESTRO EXTORSIVO","1"
"03/03/2003","11","BOGOTA D.C.","11001","BOGOTA D.C.","ARTICULO 168. SECUESTRO SIMPLE","1"
"03/03/2003","20","CESAR","20001","VALLEDUPAR","ARTICULO 168. SECUESTRO SIMPLE","1"
"03/03/2003","17","CALDAS","17013","AGUADAS","ARTICULO 169. SECUESTRO EXTORSIVO","1"
"03/03/2003","18","CAQUETA","18001","FLORENCIA","ARTICULO 169. SECUESTRO EXTORSIVO","1"
"03/03/2003","68","SANTANDER","68307","GIRON","ARTICULO 169. SECUESTRO EXTORSIVO","1"
"03/03/2003","41","HUILA","41548","PITAL","ARTICULO 169. SECUESTRO EXTORSIVO","1"
"02/03/2003","05","ANTIOQUIA","05887","YARUMAL","ARTICULO 169. SECUESTRO EXTORSIVO","1"
"02/03/2003","47","MAGDALENA","47053","ARACATACA","ARTICULO 169. SECUESTRO EXTORSIVO","3"
"02/03/2003","25","CUNDINAMARCA","25035","ANAPOIMA","ARTICULO 169. SECUESTRO EXTORSIVO","1"
"02/03/2003","47","MAGDALENA","47053","ARACATACA","ARTICULO 169. SECUESTRO EXTORSIVO","1"
"02/03/2003","47","MAGDALENA","47053","ARACATACA","ARTICULO 169. SECUESTRO EXTORSIVO","1"
"02/03/2003","47","MAGDALENA","47053","ARACATACA","ARTICULO 169. SECUESTRO EXTORSIVO","1"
"02/03/2003","47","MAGDALENA","47053","ARACATACA","ARTICULO 169. SECUESTRO EXTORSIVO","1"
"02/03/2003","47","MAGDALENA","47053","ARACATACA","ARTICULO 169. SECUESTRO EXTORSIVO","1"
"01/03/2003","86","PUTUMAYO","86568","PUERTO ASIS","ARTICULO 169. SECUESTRO EXTORSIVO","1"
"01/03/2003","05","ANTIOQUIA","05002","ABEJORRAL","ARTICULO 168. SECUESTRO SIMPLE","1"
"01/03/2003","11","BOGOTA D.C.","11001","BOGOTA D.C.","ARTICULO 168. SECUESTRO SIMPLE","1"
"01/03/2003","25","CUNDINAMARCA","25718","SASAIMA","ARTICULO 169. SECUESTRO EXTORSIVO","1"
"01/03/2003","25","CUNDINAMARCA","25718","SASAIMA","ARTICULO 169. SECUESTRO EXTORSIVO","1"
"01/03/2003","25","CUNDINAMARCA","25718","SASAIMA","ARTICULO 169. SECUESTRO EXTORSIVO","1"
"01/03/2003","50","META","50370","URIBE","ARTICULO 169. SECUESTRO EXTORSIVO","1"
"01/03/2003","25","CUNDINAMARCA","25035","ANAPOIMA","ARTICULO 169. SECUESTRO EXTORSIVO","1"
"28/02/2003","25","CUNDINAMARCA","25645","SAN ANTONIO DEL TEQUENDAMA","ARTICULO 169. SECUESTRO EXTORSIVO","1"
"28/02/2003","11","BOGOTA D.C.","11001","BOGOTA D.C.","ARTICULO 168. SECUESTRO SIMPLE","1"
"28/02/2003","20","CESAR","20001","VALLEDUPAR","ARTICULO 169. SECUESTRO EXTORSIVO","2"
"28/02/2003","20","CESAR","20001","VALLEDUPAR","ARTICULO 169. SECUESTRO EXTORSIVO","1"
"28/02/2003","20","CESAR","20001","VALLEDUPAR","ARTICULO 169. SECUESTRO EXTORSIVO","1"
"27/02/2003","85","CASANARE","85279","RECETOR","ARTICULO 169. SECUESTRO EXTORSIVO","1"
"27/02/2003","85","CASANARE","85279","RECETOR","ARTICULO 169. SECUESTRO EXTORSIVO","1"
"27/02/2003","11","BOGOTA D.C.","11001","BOGOTA D.C.","ARTICULO 168. SECUESTRO SIMPLE","1"
"27/02/2003","11","BOGOTA D.C.","11001","BOGOTA D.C.","ARTICULO 169. SECUESTRO EXTORSIVO","1"
"27/02/2003","52","NARIÑO","52001","PASTO","ARTICULO 168. SECUESTRO SIMPLE","1"
"27/02/2003","20","CESAR","20013","AGUSTIN CODAZZI","ARTICULO 169. SECUESTRO EXTORSIVO","1"
"27/02/2003","19","CAUCA","19355","INZA","ARTICULO 169. SECUESTRO EXTORSIVO","1"
"27/02/2003","63","QUINDIO","63130","CALARCA","ARTICULO 168. SECUESTRO SIMPLE","1"
"27/02/2003","63","QUINDIO","63130","CALARCA","ARTICULO 169. SECUESTRO EXTORSIVO","1"
"26/02/2003","85","CASANARE","85139","MANI","ARTICULO 169. SECUESTRO EXTORSIVO","2"
"26/02/2003","73","TOLIMA","73124","CAJAMARCA","ARTICULO 168. SECUESTRO SIMPLE","1"
"26/02/2003","76","VALLE DEL CAUCA","76109","BUENAVENTURA","ARTICULO 168. SECUESTRO SIMPLE","1"
"26/02/2003","41","HUILA","41396","LA PLATA","ARTICULO 168. SECUESTRO SIMPLE","1"
"25/02/2003","25","CUNDINAMARCA","25258","EL PEÑON","ARTICULO 169. SECUESTRO EXTORSIVO","1"
"25/02/2003","73","TOLIMA","73268","ESPINAL","ARTICULO 168. SECUESTRO SIMPLE","1"
"25/02/2003","85","CASANARE","85010","AGUAZUL","ARTICULO 169. SECUESTRO EXTORSIVO","1"
"25/02/2003","11","BOGOTA D.C.","11001","BOGOTA D.C.","ARTICULO 168. SECUESTRO SIMPLE","1"
"24/02/2003","85","CASANARE","85001","YOPAL","ARTICULO 169. SECUESTRO EXTORSIVO","1"
"24/02/2003","05","ANTIOQUIA","05686","SANTA ROSA DE OSOS","ARTICULO 168. SECUESTRO SIMPLE","1"
"24/02/2003","18","CAQUETA","18001","FLORENCIA","ARTICULO 169. SECUESTRO EXTORSIVO","1"
"24/02/2003","25","CUNDINAMARCA","25740","SIBATE","ARTICULO 169. SECUESTRO EXTORSIVO","1"
"23/02/2003","11","BOGOTA D.C.","11001","BOGOTA D.C.","ARTICULO 168. SECUESTRO SIMPLE","1"
"23/02/2003","25","CUNDINAMARCA","25438","MEDINA","ARTICULO 169. SECUESTRO EXTORSIVO","1"
"23/02/2003","50","META","50251","EL CASTILLO","ARTICULO 169. SECUESTRO EXTORSIVO","1"
"23/02/2003","73","TOLIMA","73001","IBAGUE","ARTICULO 168. SECUESTRO SIMPLE","1"
"23/02/2003","05","ANTIOQUIA","05266","ENVIGADO","ARTICULO 169. SECUESTRO EXTORSIVO","1"
"23/02/2003","44","LA GUAJIRA","44855","URUMITA","ARTICULO 168. SECUESTRO SIMPLE","3"
"23/02/2003","50","META","50001","VILLAVICENCIO","ARTICULO 169. SECUESTRO EXTORSIVO","1"
"23/02/2003","50","META","50001","VILLAVICENCIO","ARTICULO 169. SECUESTRO EXTORSIVO","1"
"23/02/2003","05","ANTIOQUIA","05001","MEDELLIN","ARTICULO 169. SECUESTRO EXTORSIVO","1"
"23/02/2003","44","LA GUAJIRA","44855","URUMITA","ARTICULO 168. SECUESTRO SIMPLE","1"
"23/02/2003","44","LA GUAJIRA","44855","URUMITA","ARTICULO 169. SECUESTRO EXTORSIVO","1"
"23/02/2003","20","CESAR","20621","LA PAZ","ARTICULO 169. SECUESTRO EXTORSIVO","1"
"23/02/2003","20","CESAR","20621","LA PAZ","ARTICULO 169. SECUESTRO EXTORSIVO","1"
"23/02/2003","20","CESAR","20621","LA PAZ","ARTICULO 169. SECUESTRO EXTORSIVO","1"
"23/02/2003","73","TOLIMA","73001","IBAGUE","ARTICULO 169. SECUESTRO EXTORSIVO","1"
"22/02/2003","11","BOGOTA D.C.","11001","BOGOTA D.C.","ARTICULO 169. SECUESTRO EXTORSIVO","1"
"22/02/2003","18","CAQUETA","18610","SAN JOSE DEL FRAGUA","ARTICULO 169. SECUESTRO EXTORSIVO","1"
"22/02/2003","19","CAUCA","19548","PIENDAMO - TUNIA","ARTICULO 168. SECUESTRO SIMPLE","1"
"22/02/2003","41","HUILA","41298","GARZON","ARTICULO 168. SECUESTRO SIMPLE","1"
"22/02/2003","05","ANTIOQUIA","05129","CALDAS","ARTICULO 169. SECUESTRO EXTORSIVO","1"
"22/02/2003","05","ANTIOQUIA","05129","CALDAS","ARTICULO 169. SECUESTRO EXTORSIVO","1"
"22/02/2003","05","ANTIOQUIA","05129","CALDAS","ARTICULO 169. SECUESTRO EXTORSIVO","1"
"22/02/2003","25","CUNDINAMARCA","25718","SASAIMA","ARTICULO 169. SECUESTRO EXTORSIVO","1"
"22/02/2003","17","CALDAS","17042","ANSERMA","ARTICULO 169. SECUESTRO EXTORSIVO","1"
"22/02/2003","17","CALDAS","17042","ANSERMA","ARTICULO 169. SECUESTRO EXTORSIVO","1"
"22/02/2003","52","NARIÑO","52110","BUESACO","ARTICULO 169. SECUESTRO EXTORSIVO","1"
"21/02/2003","18","CAQUETA","18001","FLORENCIA","ARTICULO 169. SECUESTRO EXTORSIVO","1"
"21/02/2003","18","CAQUETA","18001","FLORENCIA","ARTICULO 169. SECUESTRO EXTORSIVO","1"
"21/02/2003","76","VALLE DEL CAUCA","76001","CALI","ARTICULO 169. SECUESTRO EXTORSIVO","1"
"21/02/2003","18","CAQUETA","18753","SAN VICENTE DEL CAGUAN","ARTICULO 169. SECUESTRO EXTORSIVO","1"
"21/02/2003","54","NORTE DE SANTANDER","54820","TOLEDO","ARTICULO 169. SECUESTRO EXTORSIVO","1"
"20/02/2003","25","CUNDINAMARCA","25086","BELTRAN","ARTICULO 168. SECUESTRO SIMPLE","1"
"20/02/2003","25","CUNDINAMARCA","25086","BELTRAN","ARTICULO 168. SECUESTRO SIMPLE","1"
"20/02/2003","25","CUNDINAMARCA","25086","BELTRAN","ARTICULO 168. SECUESTRO SIMPLE","1"
"20/02/2003","73","TOLIMA","73861","VENADILLO","ARTICULO 169. SECUESTRO EXTORSIVO","1"
"20/02/2003","05","ANTIOQUIA","05001","MEDELLIN","ARTICULO 168. SECUESTRO SIMPLE","1"
"20/02/2003","68","SANTANDER","68001","BUCARAMANGA","ARTICULO 169. SECUESTRO EXTORSIVO","1"
"19/02/2003","44","LA GUAJIRA","44430","MAICAO","ARTICULO 168. SECUESTRO SIMPLE","1"
"19/02/2003","99","VICHADA","99773","CUMARIBO","ARTICULO 169. SECUESTRO EXTORSIVO","2"
"19/02/2003","99","VICHADA","99773","CUMARIBO","ARTICULO 169. SECUESTRO EXTORSIVO","1"
"18/02/2003","27","CHOCO","27787","TADO","ARTICULO 169. SECUESTRO EXTORSIVO","1"
"18/02/2003","27","CHOCO","27787","TADO","ARTICULO 169. SECUESTRO EXTORSIVO","1"
"18/02/2003","27","CHOCO","27787","TADO","ARTICULO 169. SECUESTRO EXTORSIVO","1"
"18/02/2003","27","CHOCO","27787","TADO","ARTICULO 169. SECUESTRO EXTORSIVO","1"
"18/02/2003","27","CHOCO","27787","TADO","ARTICULO 169. SECUESTRO EXTORSIVO","1"
"18/02/2003","27","CHOCO","27787","TADO","ARTICULO 169. SECUESTRO EXTORSIVO","1"
"18/02/2003","27","CHOCO","27787","TADO","ARTICULO 169. SECUESTRO EXTORSIVO","1"
"18/02/2003","50","META","50006","ACACIAS","ARTICULO 168. SECUESTRO SIMPLE","1"
"18/02/2003","50","META","50006","ACACIAS","ARTICULO 168. SECUESTRO SIMPLE","1"
"18/02/2003","05","ANTIOQUIA","05154","CAUCASIA","ARTICULO 168. SECUESTRO SIMPLE","1"
"18/02/2003","76","VALLE DEL CAUCA","76001","CALI","ARTICULO 169. SECUESTRO EXTORSIVO","1"
"18/02/2003","20","CESAR","20178","CHIRIGUANA","ARTICULO 169. SECUESTRO EXTORSIVO","1"
"18/02/2003","94","GUAINIA","94001","INIRIDA","ARTICULO 168. SECUESTRO SIMPLE","1"
"18/02/2003","94","GUAINIA","94001","INIRIDA","ARTICULO 168. SECUESTRO SIMPLE","1"
"18/02/2003","25","CUNDINAMARCA","25875","VILLETA","ARTICULO 169. SECUESTRO EXTORSIVO","1"
"17/02/2003","19","CAUCA","19001","POPAYAN","ARTICULO 168. SECUESTRO SIMPLE","1"
"17/02/2003","73","TOLIMA","73001","IBAGUE","ARTICULO 168. SECUESTRO SIMPLE","1"
"17/02/2003","05","ANTIOQUIA","05001","MEDELLIN","ARTICULO 168. SECUESTRO SIMPLE","1"
"17/02/2003","05","ANTIOQUIA","05001","MEDELLIN","ARTICULO 168. SECUESTRO SIMPLE","1"
"17/02/2003","05","ANTIOQUIA","05001","MEDELLIN","ARTICULO 169. SECUESTRO EXTORSIVO","1"
"17/02/2003","20","CESAR","20060","BOSCONIA","ARTICULO 169. SECUESTRO EXTORSIVO","1"
"17/02/2003","27","CHOCO","27001","QUIBDO","ARTICULO 168. SECUESTRO SIMPLE","1"
"16/02/2003","05","ANTIOQUIA","05001","MEDELLIN","ARTICULO 169. SECUESTRO EXTORSIVO","1"
"16/02/2003","11","BOGOTA D.C.","11001","BOGOTA D.C.","ARTICULO 168. SECUESTRO SIMPLE","1"
"16/02/2003","52","NARIÑO","52354","IMUES","ARTICULO 168. SECUESTRO SIMPLE","1"
"16/02/2003","05","ANTIOQUIA","05642","SALGAR","ARTICULO 168. SECUESTRO SIMPLE","1"
"16/02/2003","50","META","50245","EL CALVARIO","ARTICULO 168. SECUESTRO SIMPLE","1"
"15/02/2003","95","GUAVIARE","95000","SIN ESTABLECER","ARTICULO 168. SECUESTRO SIMPLE","1"
"15/02/2003","27","CHOCO","27787","TADO","ARTICULO 169. SECUESTRO EXTORSIVO","2"
"15/02/2003","18","CAQUETA","18479","MORELIA","ARTICULO 169. SECUESTRO EXTORSIVO","1"
"15/02/2003","70","SUCRE","70717","SAN PEDRO","ARTICULO 169. SECUESTRO EXTORSIVO","1"
"15/02/2003","70","SUCRE","70717","SAN PEDRO","ARTICULO 169. SECUESTRO EXTORSIVO","1"
"15/02/2003","18","CAQUETA","18479","MORELIA","ARTICULO 169. SECUESTRO EXTORSIVO","1"
"15/02/2003","18","CAQUETA","18479","MORELIA","ARTICULO 169. SECUESTRO EXTORSIVO","1"
"14/02/2003","68","SANTANDER","68001","BUCARAMANGA","ARTICULO 169. SECUESTRO EXTORSIVO","1"
"14/02/2003","18","CAQUETA","18479","MORELIA","ARTICULO 169. SECUESTRO EXTORSIVO","1"
"14/02/2003","68","SANTANDER","68001","BUCARAMANGA","ARTICULO 168. SECUESTRO SIMPLE","1"
"14/02/2003","05","ANTIOQUIA","05001","MEDELLIN","ARTICULO 169. SECUESTRO EXTORSIVO","1"
"13/02/2003","50","META","50001","VILLAVICENCIO","ARTICULO 168. SECUESTRO SIMPLE","1"
"13/02/2003","66","RISARALDA","66001","PEREIRA","ARTICULO 169. SECUESTRO EXTORSIVO","1"
"13/02/2003","20","CESAR","20228","CURUMANI","ARTICULO 168. SECUESTRO SIMPLE","1"
"13/02/2003","20","CESAR","20228","CURUMANI","ARTICULO 168. SECUESTRO SIMPLE","1"
"13/02/2003","18","CAQUETA","18001","FLORENCIA","ARTICULO 169. SECUESTRO EXTORSIVO","1"
"12/02/2003","47","MAGDALENA","47245","EL BANCO","ARTICULO 168. SECUESTRO SIMPLE","1"
"12/02/2003","05","ANTIOQUIA","05890","YOLOMBO","ARTICULO 169. SECUESTRO EXTORSIVO","1"
"12/02/2003","19","CAUCA","19698","SANTANDER DE QUILICHAO","ARTICULO 168. SECUESTRO SIMPLE","8"
"12/02/2003","19","CAUCA","19698","SANTANDER DE QUILICHAO","ARTICULO 168. SECUESTRO SIMPLE","3"
"12/02/2003","18","CAQUETA","18001","FLORENCIA","ARTICULO 169. SECUESTRO EXTORSIVO","1"
"12/02/2003","18","CAQUETA","18001","FLORENCIA","ARTICULO 169. SECUESTRO EXTORSIVO","1"
"12/02/2003","18","CAQUETA","18001","FLORENCIA","ARTICULO 169. SECUESTRO EXTORSIVO","1"
"12/02/2003","18","CAQUETA","18001","FLORENCIA","ARTICULO 169. SECUESTRO EXTORSIVO","1"
"11/02/2003","76","VALLE DEL CAUCA","76001","CALI","ARTICULO 169. SECUESTRO EXTORSIVO","1"
"11/02/2003","76","VALLE DEL CAUCA","76001","CALI","ARTICULO 169. SECUESTRO EXTORSIVO","1"
"11/02/2003","50","META","50711","VISTAHERMOSA","ARTICULO 169. SECUESTRO EXTORSIVO","1"
"11/02/2003","76","VALLE DEL CAUCA","76520","PALMIRA","ARTICULO 169. SECUESTRO EXTORSIVO","1"
"10/02/2003","81","ARAUCA","81794","TAME","ARTICULO 169. SECUESTRO EXTORSIVO","2"
"10/02/2003","81","ARAUCA","81794","TAME","ARTICULO 169. SECUESTRO EXTORSIVO","1"
"10/02/2003","81","ARAUCA","81794","TAME","ARTICULO 169. SECUESTRO EXTORSIVO","1"
"10/02/2003","81","ARAUCA","81794","TAME","ARTICULO 169. SECUESTRO EXTORSIVO","1"
"10/02/2003","05","ANTIOQUIA","05129","CALDAS","ARTICULO 168. SECUESTRO SIMPLE","1"
"10/02/2003","05","ANTIOQUIA","05364","JARDIN","ARTICULO 168. SECUESTRO SIMPLE","1"
"10/02/2003","05","ANTIOQUIA","05364","JARDIN","ARTICULO 168. SECUESTRO SIMPLE","1"
"10/02/2003","70","SUCRE","70473","MORROA","ARTICULO 169. SECUESTRO EXTORSIVO","1"
"10/02/2003","85","CASANARE","85263","PORE","ARTICULO 169. SECUESTRO EXTORSIVO","1"
"09/02/2003","18","CAQUETA","18001","FLORENCIA","ARTICULO 169. SECUESTRO EXTORSIVO","1"
"09/02/2003","25","CUNDINAMARCA","25873","VILLAPINZON","ARTICULO 169. SECUESTRO EXTORSIVO","1"
"09/02/2003","73","TOLIMA","73030","AMBALEMA","ARTICULO 169. SECUESTRO EXTORSIVO","1"
"09/02/2003","05","ANTIOQUIA","05607","RETIRO","ARTICULO 168. SECUESTRO SIMPLE","1"
"08/02/2003","25","CUNDINAMARCA","25386","LA MESA","ARTICULO 169. SECUESTRO EXTORSIVO","1"
"08/02/2003","68","SANTANDER","68573","PUERTO PARRA","ARTICULO 169. SECUESTRO EXTORSIVO","1"
"07/02/2003","41","HUILA","41298","GARZON","ARTICULO 169. SECUESTRO EXTORSIVO","1"
"07/02/2003","11","BOGOTA D.C.","11001","BOGOTA D.C.","ARTICULO 169. SECUESTRO EXTORSIVO","1"
"07/02/2003","05","ANTIOQUIA","05093","BETULIA","ARTICULO 168. SECUESTRO SIMPLE","1"
"07/02/2003","05","ANTIOQUIA","05093","BETULIA","ARTICULO 169. SECUESTRO EXTORSIVO","1"
"07/02/2003","05","ANTIOQUIA","05664","SAN PEDRO DE LOS MILAGROS","ARTICULO 169. SECUESTRO EXTORSIVO","1"
"06/02/2003","54","NORTE DE SANTANDER","54498","OCAÑA","ARTICULO 169. SECUESTRO EXTORSIVO","1"
"06/02/2003","25","CUNDINAMARCA","25772","SUESCA","ARTICULO 169. SECUESTRO EXTORSIVO","1"
"06/02/2003","76","VALLE DEL CAUCA","76001","CALI","ARTICULO 169. SECUESTRO EXTORSIVO","1"
"06/02/2003","73","TOLIMA","73168","CHAPARRAL","ARTICULO 169. SECUESTRO EXTORSIVO","1"
"06/02/2003","05","ANTIOQUIA","05660","SAN LUIS","ARTICULO 168. SECUESTRO SIMPLE","1"
"06/02/2003","52","NARIÑO","52678","SAMANIEGO","ARTICULO 169. SECUESTRO EXTORSIVO","1"
"05/02/2003","05","ANTIOQUIA","05659","SAN JUAN DE URABA","ARTICULO 169. SECUESTRO EXTORSIVO","1"
"05/02/2003","18","CAQUETA","18001","FLORENCIA","ARTICULO 169. SECUESTRO EXTORSIVO","2"
"05/02/2003","44","LA GUAJIRA","44430","MAICAO","ARTICULO 169. SECUESTRO EXTORSIVO","1"
"05/02/2003","50","META","50287","FUENTE DE ORO","ARTICULO 168. SECUESTRO SIMPLE","1"
"05/02/2003","13","BOLIVAR","13654","SAN JACINTO","ARTICULO 169. SECUESTRO EXTORSIVO","1"
"05/02/2003","13","BOLIVAR","13654","SAN JACINTO","ARTICULO 169. SECUESTRO EXTORSIVO","1"
"05/02/2003","13","BOLIVAR","13654","SAN JACINTO","ARTICULO 169. SECUESTRO EXTORSIVO","1"
"04/02/2003","11","BOGOTA D.C.","11001","BOGOTA D.C.","ARTICULO 169. SECUESTRO EXTORSIVO","1"
"04/02/2003","05","ANTIOQUIA","05001","MEDELLIN","ARTICULO 169. SECUESTRO EXTORSIVO","1"
"04/02/2003","25","CUNDINAMARCA","25839","UBALA","ARTICULO 169. SECUESTRO EXTORSIVO","1"
"04/02/2003","25","CUNDINAMARCA","25839","UBALA","ARTICULO 169. SECUESTRO EXTORSIVO","1"
"04/02/2003","76","VALLE DEL CAUCA","76001","CALI","ARTICULO 169. SECUESTRO EXTORSIVO","1"
"04/02/2003","19","CAUCA","19075","BALBOA","ARTICULO 169. SECUESTRO EXTORSIVO","1"
"03/02/2003","05","ANTIOQUIA","05368","JERICO","ARTICULO 169. SECUESTRO EXTORSIVO","1"
"03/02/2003","17","CALDAS","17001","MANIZALES","ARTICULO 169. SECUESTRO EXTORSIVO","1"
"03/02/2003","50","META","50001","VILLAVICENCIO","ARTICULO 169. SECUESTRO EXTORSIVO","1"
"03/02/2003","05","ANTIOQUIA","05197","COCORNA","ARTICULO 168. SECUESTRO SIMPLE","1"
"03/02/2003","27","CHOCO","27001","QUIBDO","ARTICULO 168. SECUESTRO SIMPLE","1"
"03/02/2003","05","ANTIOQUIA","05197","COCORNA","ARTICULO 169. SECUESTRO EXTORSIVO","1"
"03/02/2003","13","BOLIVAR","13244","EL CARMEN DE BOLIVAR","ARTICULO 169. SECUESTRO EXTORSIVO","4"
"03/02/2003","27","CHOCO","27787","TADO","ARTICULO 168. SECUESTRO SIMPLE","1"
"03/02/2003","27","CHOCO","27787","TADO","ARTICULO 169. SECUESTRO EXTORSIVO","1"
"03/02/2003","27","CHOCO","27787","TADO","ARTICULO 169. SECUESTRO EXTORSIVO","1"
"03/02/2003","50","META","50711","VISTAHERMOSA","ARTICULO 168. SECUESTRO SIMPLE","1"
"02/02/2003","73","TOLIMA","73268","ESPINAL","ARTICULO 169. SECUESTRO EXTORSIVO","1"
"02/02/2003","05","ANTIOQUIA","05660","SAN LUIS","ARTICULO 168. SECUESTRO SIMPLE","1"
"02/02/2003","18","CAQUETA","18753","SAN VICENTE DEL CAGUAN","ARTICULO 169. SECUESTRO EXTORSIVO","1"
"02/02/2003","20","CESAR","20400","LA JAGUA DE IBIRICO","ARTICULO 169. SECUESTRO EXTORSIVO","2"
"02/02/2003","68","SANTANDER","68575","PUERTO WILCHES","ARTICULO 168. SECUESTRO SIMPLE","1"
"01/02/2003","05","ANTIOQUIA","05197","COCORNA","ARTICULO 169. SECUESTRO EXTORSIVO","1"
"31/01/2003","85","CASANARE","85139","MANI","ARTICULO 169. SECUESTRO EXTORSIVO","5"
"31/01/2003","25","CUNDINAMARCA","25320","GUADUAS","ARTICULO 169. SECUESTRO EXTORSIVO","1"
"31/01/2003","05","ANTIOQUIA","05138","CAÑASGORDAS","ARTICULO 169. SECUESTRO EXTORSIVO","1"
"31/01/2003","05","ANTIOQUIA","05148","EL CARMEN DE VIBORAL","ARTICULO 169. SECUESTRO EXTORSIVO","1"
"30/01/2003","11","BOGOTA D.C.","11001","BOGOTA D.C.","ARTICULO 168. SECUESTRO SIMPLE","1"
"30/01/2003","76","VALLE DEL CAUCA","76001","CALI","ARTICULO 168. SECUESTRO SIMPLE","1"
"29/01/2003","50","META","50683","SAN JUAN DE ARAMA","ARTICULO 169. SECUESTRO EXTORSIVO","1"
"29/01/2003","05","ANTIOQUIA","05887","YARUMAL","ARTICULO 169. SECUESTRO EXTORSIVO","1"
"29/01/2003","05","ANTIOQUIA","05887","YARUMAL","ARTICULO 169. SECUESTRO EXTORSIVO","1"
"29/01/2003","50","META","50001","VILLAVICENCIO","ARTICULO 169. SECUESTRO EXTORSIVO","1"
"29/01/2003","50","META","50683","SAN JUAN DE ARAMA","ARTICULO 169. SECUESTRO EXTORSIVO","3"
"29/01/2003","20","CESAR","20011","AGUACHICA","ARTICULO 168. SECUESTRO SIMPLE","2"
"29/01/2003","50","META","50683","SAN JUAN DE ARAMA","ARTICULO 169. SECUESTRO EXTORSIVO","2"
"29/01/2003","41","HUILA","41615","RIVERA","ARTICULO 169. SECUESTRO EXTORSIVO","1"
"28/01/2003","11","BOGOTA D.C.","11001","BOGOTA D.C.","ARTICULO 168. SECUESTRO SIMPLE","1"
"28/01/2003","68","SANTANDER","68051","ARATOCA","ARTICULO 169. SECUESTRO EXTORSIVO","1"
"28/01/2003","68","SANTANDER","68051","ARATOCA","ARTICULO 169. SECUESTRO EXTORSIVO","1"
"26/01/2003","81","ARAUCA","81794","TAME","ARTICULO 168. SECUESTRO SIMPLE","4"
"26/01/2003","15","BOYACA","15660","SAN EDUARDO","ARTICULO 169. SECUESTRO EXTORSIVO","1"
"26/01/2003","81","ARAUCA","81794","TAME","ARTICULO 168. SECUESTRO SIMPLE","1"
"26/01/2003","15","BOYACA","15660","SAN EDUARDO","ARTICULO 169. SECUESTRO EXTORSIVO","1"
"26/01/2003","18","CAQUETA","18460","MILAN","ARTICULO 169. SECUESTRO EXTORSIVO","1"
"26/01/2003","05","ANTIOQUIA","05129","CALDAS","ARTICULO 169. SECUESTRO EXTORSIVO","1"
"26/01/2003","76","VALLE DEL CAUCA","76233","DAGUA","ARTICULO 169. SECUESTRO EXTORSIVO","1"
"25/01/2003","15","BOYACA","15837","TUTA","ARTICULO 169. SECUESTRO EXTORSIVO","1"
"25/01/2003","15","BOYACA","15837","TUTA","ARTICULO 169. SECUESTRO EXTORSIVO","1"
"25/01/2003","15","BOYACA","15837","TUTA","ARTICULO 169. SECUESTRO EXTORSIVO","1"
"25/01/2003","15","BOYACA","15837","TUTA","ARTICULO 169. SECUESTRO EXTORSIVO","1"
"25/01/2003","25","CUNDINAMARCA","25805","TIBACUY","ARTICULO 169. SECUESTRO EXTORSIVO","1"
"25/01/2003","52","NARIÑO","52258","EL TABLON DE GOMEZ","ARTICULO 169. SECUESTRO EXTORSIVO","1"
"25/01/2003","47","MAGDALENA","47001","SANTA MARTA","ARTICULO 169. SECUESTRO EXTORSIVO","1"
"24/01/2003","19","CAUCA","19698","SANTANDER DE QUILICHAO","ARTICULO 169. SECUESTRO EXTORSIVO","1"
"24/01/2003","13","BOLIVAR","13244","EL CARMEN DE BOLIVAR","ARTICULO 169. SECUESTRO EXTORSIVO","1"
"24/01/2003","20","CESAR","20060","BOSCONIA","ARTICULO 169. SECUESTRO EXTORSIVO","1"
"24/01/2003","68","SANTANDER","68500","OIBA","ARTICULO 169. SECUESTRO EXTORSIVO","1"
"23/01/2003","20","CESAR","20621","LA PAZ","ARTICULO 169. SECUESTRO EXTORSIVO","1"
"23/01/2003","20","CESAR","20001","VALLEDUPAR","ARTICULO 169. SECUESTRO EXTORSIVO","1"
"23/01/2003","76","VALLE DEL CAUCA","76001","CALI","ARTICULO 169. SECUESTRO EXTORSIVO","1"
"23/01/2003","05","ANTIOQUIA","05001","MEDELLIN","ARTICULO 169. SECUESTRO EXTORSIVO","1"
"22/01/2003","25","CUNDINAMARCA","25805","TIBACUY","ARTICULO 169. SECUESTRO EXTORSIVO","1"
"22/01/2003","44","LA GUAJIRA","44430","MAICAO","ARTICULO 169. SECUESTRO EXTORSIVO","1"
"22/01/2003","68","SANTANDER","68020","ALBANIA","ARTICULO 169. SECUESTRO EXTORSIVO","1"
"22/01/2003","44","LA GUAJIRA","44430","MAICAO","ARTICULO 169. SECUESTRO EXTORSIVO","1"
"22/01/2003","44","LA GUAJIRA","44001","RIOHACHA","ARTICULO 169. SECUESTRO EXTORSIVO","1"
"22/01/2003","44","LA GUAJIRA","44001","RIOHACHA","ARTICULO 169. SECUESTRO EXTORSIVO","1"
"22/01/2003","63","QUINDIO","63001","ARMENIA","ARTICULO 168. SECUESTRO SIMPLE","1"
"22/01/2003","25","CUNDINAMARCA","25386","LA MESA","ARTICULO 168. SECUESTRO SIMPLE","1"
"22/01/2003","20","CESAR","20060","BOSCONIA","ARTICULO 169. SECUESTRO EXTORSIVO","1"
"21/01/2003","47","MAGDALENA","47288","FUNDACION","ARTICULO 169. SECUESTRO EXTORSIVO","1"
"21/01/2003","47","MAGDALENA","47288","FUNDACION","ARTICULO 169. SECUESTRO EXTORSIVO","1"
"21/01/2003","05","ANTIOQUIA","05266","ENVIGADO","ARTICULO 169. SECUESTRO EXTORSIVO","1"
"21/01/2003","54","NORTE DE SANTANDER","54001","CUCUTA","ARTICULO 169. SECUESTRO EXTORSIVO","1"
"21/01/2003","05","ANTIOQUIA","05001","MEDELLIN","ARTICULO 169. SECUESTRO EXTORSIVO","1"
"21/01/2003","81","ARAUCA","81736","SARAVENA","ARTICULO 169. SECUESTRO EXTORSIVO","1"
"21/01/2003","81","ARAUCA","81736","SARAVENA","ARTICULO 169. SECUESTRO EXTORSIVO","1"
"20/01/2003","68","SANTANDER","68255","EL PLAYON","ARTICULO 169. SECUESTRO EXTORSIVO","1"
"20/01/2003","05","ANTIOQUIA","05697","EL SANTUARIO","ARTICULO 169. SECUESTRO EXTORSIVO","1"
"20/01/2003","15","BOYACA","15047","AQUITANIA","ARTICULO 169. SECUESTRO EXTORSIVO","1"
"20/01/2003","05","ANTIOQUIA","05837","TURBO","ARTICULO 169. SECUESTRO EXTORSIVO","2"
"20/01/2003","05","ANTIOQUIA","05837","TURBO","ARTICULO 169. SECUESTRO EXTORSIVO","1"
"19/01/2003","20","CESAR","20001","VALLEDUPAR","ARTICULO 169. SECUESTRO EXTORSIVO","1"
"18/01/2003","68","SANTANDER","68001","BUCARAMANGA","ARTICULO 168. SECUESTRO SIMPLE","1"
"18/01/2003","73","TOLIMA","73001","IBAGUE","ARTICULO 169. SECUESTRO EXTORSIVO","1"
"17/01/2003","13","BOLIVAR","13244","EL CARMEN DE BOLIVAR","ARTICULO 169. SECUESTRO EXTORSIVO","1"
"17/01/2003","05","ANTIOQUIA","05237","DONMATIAS","ARTICULO 168. SECUESTRO SIMPLE","2"
"17/01/2003","25","CUNDINAMARCA","25875","VILLETA","ARTICULO 169. SECUESTRO EXTORSIVO","1"
"17/01/2003","50","META","50287","FUENTE DE ORO","ARTICULO 169. SECUESTRO EXTORSIVO","1"
"16/01/2003","52","NARIÑO","52685","SAN BERNARDO","ARTICULO 169. SECUESTRO EXTORSIVO","1"
"16/01/2003","20","CESAR","20001","VALLEDUPAR","ARTICULO 169. SECUESTRO EXTORSIVO","1"
"16/01/2003","05","ANTIOQUIA","05360","ITAGUI","ARTICULO 169. SECUESTRO EXTORSIVO","1"
"16/01/2003","05","ANTIOQUIA","05001","MEDELLIN","ARTICULO 169. SECUESTRO EXTORSIVO","1"
"16/01/2003","18","CAQUETA","18001","FLORENCIA","ARTICULO 169. SECUESTRO EXTORSIVO","1"
"16/01/2003","85","CASANARE","85263","PORE","ARTICULO 169. SECUESTRO EXTORSIVO","1"
"16/01/2003","20","CESAR","20750","SAN DIEGO","ARTICULO 169. SECUESTRO EXTORSIVO","1"
"16/01/2003","20","CESAR","20750","SAN DIEGO","ARTICULO 169. SECUESTRO EXTORSIVO","1"
"15/01/2003","25","CUNDINAMARCA","25053","ARBELAEZ","ARTICULO 168. SECUESTRO SIMPLE","1"
"15/01/2003","15","BOYACA","15238","DUITAMA","ARTICULO 168. SECUESTRO SIMPLE","1"
"14/01/2003","20","CESAR","20001","VALLEDUPAR","ARTICULO 168. SECUESTRO SIMPLE","1"
"14/01/2003","05","ANTIOQUIA","05660","SAN LUIS","ARTICULO 169. SECUESTRO EXTORSIVO","1"
"13/01/2003","19","CAUCA","19001","POPAYAN","ARTICULO 168. SECUESTRO SIMPLE","1"
"13/01/2003","19","CAUCA","19001","POPAYAN","ARTICULO 169. SECUESTRO EXTORSIVO","1"
"13/01/2003","19","CAUCA","19001","POPAYAN","ARTICULO 169. SECUESTRO EXTORSIVO","1"
"13/01/2003","11","BOGOTA D.C.","11001","BOGOTA D.C.","ARTICULO 169. SECUESTRO EXTORSIVO","1"
"13/01/2003","18","CAQUETA","18001","FLORENCIA","ARTICULO 169. SECUESTRO EXTORSIVO","1"
"13/01/2003","85","CASANARE","85315","SACAMA","ARTICULO 169. SECUESTRO EXTORSIVO","1"
"12/01/2003","27","CHOCO","27001","QUIBDO","ARTICULO 169. SECUESTRO EXTORSIVO","2"
"12/01/2003","19","CAUCA","19001","POPAYAN","ARTICULO 168. SECUESTRO SIMPLE","1"
"12/01/2003","25","CUNDINAMARCA","25645","SAN ANTONIO DEL TEQUENDAMA","ARTICULO 169. SECUESTRO EXTORSIVO","1"
"12/01/2003","25","CUNDINAMARCA","25851","UTICA","ARTICULO 169. SECUESTRO EXTORSIVO","1"
"11/01/2003","50","META","50606","RESTREPO","ARTICULO 169. SECUESTRO EXTORSIVO","1"
"11/01/2003","18","CAQUETA","18001","FLORENCIA","ARTICULO 169. SECUESTRO EXTORSIVO","1"
"11/01/2003","05","ANTIOQUIA","05129","CALDAS","ARTICULO 168. SECUESTRO SIMPLE","1"
"11/01/2003","05","ANTIOQUIA","05756","SONSON","ARTICULO 169. SECUESTRO EXTORSIVO","1"
"11/01/2003","05","ANTIOQUIA","05002","ABEJORRAL","ARTICULO 169. SECUESTRO EXTORSIVO","1"
"11/01/2003","41","HUILA","41551","PITALITO","ARTICULO 168. SECUESTRO SIMPLE","1"
"11/01/2003","25","CUNDINAMARCA","25322","GUASCA","ARTICULO 169. SECUESTRO EXTORSIVO","1"
"11/01/2003","25","CUNDINAMARCA","25326","GUATAVITA","ARTICULO 169. SECUESTRO EXTORSIVO","1"
"11/01/2003","25","CUNDINAMARCA","25743","SILVANIA","ARTICULO 169. SECUESTRO EXTORSIVO","1"
"10/01/2003","81","ARAUCA","81794","TAME","ARTICULO 169. SECUESTRO EXTORSIVO","1"
"10/01/2003","11","BOGOTA D.C.","11001","BOGOTA D.C.","ARTICULO 169. SECUESTRO EXTORSIVO","1"
"10/01/2003","15","BOYACA","15822","TOTA","ARTICULO 169. SECUESTRO EXTORSIVO","1"
"10/01/2003","20","CESAR","20238","EL COPEY","ARTICULO 168. SECUESTRO SIMPLE","1"
"10/01/2003","20","CESAR","20238","EL COPEY","ARTICULO 169. SECUESTRO EXTORSIVO","1"
"10/01/2003","20","CESAR","20238","EL COPEY","ARTICULO 169. SECUESTRO EXTORSIVO","1"
"10/01/2003","11","BOGOTA D.C.","11001","BOGOTA D.C.","ARTICULO 168. SECUESTRO SIMPLE","1"
"09/01/2003","15","BOYACA","15646","SAMACA","ARTICULO 169. SECUESTRO EXTORSIVO","1"
"09/01/2003","15","BOYACA","15646","SAMACA","ARTICULO 169. SECUESTRO EXTORSIVO","1"
"09/01/2003","18","CAQUETA","18610","SAN JOSE DEL FRAGUA","ARTICULO 169. SECUESTRO EXTORSIVO","1"
"09/01/2003","18","CAQUETA","18460","MILAN","ARTICULO 169. SECUESTRO EXTORSIVO","1"
"09/01/2003","05","ANTIOQUIA","05172","CHIGORODO","ARTICULO 169. SECUESTRO EXTORSIVO","1"
"08/01/2003","05","ANTIOQUIA","05679","SANTA BARBARA","ARTICULO 169. SECUESTRO EXTORSIVO","1"
"08/01/2003","05","ANTIOQUIA","05031","AMALFI","ARTICULO 168. SECUESTRO SIMPLE","1"
"08/01/2003","05","ANTIOQUIA","05697","EL SANTUARIO","ARTICULO 168. SECUESTRO SIMPLE","1"
"08/01/2003","05","ANTIOQUIA","05697","EL SANTUARIO","ARTICULO 168. SECUESTRO SIMPLE","1"
"07/01/2003","25","CUNDINAMARCA","25599","APULO","ARTICULO 169. SECUESTRO EXTORSIVO","1"
"07/01/2003","05","ANTIOQUIA","05890","YOLOMBO","ARTICULO 169. SECUESTRO EXTORSIVO","1"
"06/01/2003","85","CASANARE","85250","PAZ DE ARIPORO","ARTICULO 169. SECUESTRO EXTORSIVO","1"
"05/01/2003","68","SANTANDER","68211","CONTRATACION","ARTICULO 168. SECUESTRO SIMPLE","1"
"05/01/2003","76","VALLE DEL CAUCA","76233","DAGUA","ARTICULO 169. SECUESTRO EXTORSIVO","1"
"05/01/2003","20","CESAR","20011","AGUACHICA","ARTICULO 169. SECUESTRO EXTORSIVO","1"
"05/01/2003","20","CESAR","20011","AGUACHICA","ARTICULO 169. SECUESTRO EXTORSIVO","1"
"05/01/2003","73","TOLIMA","73268","ESPINAL","ARTICULO 168. SECUESTRO SIMPLE","1"
"05/01/2003","05","ANTIOQUIA","05652","SAN FRANCISCO","ARTICULO 168. SECUESTRO SIMPLE","1"
"05/01/2003","05","ANTIOQUIA","05652","SAN FRANCISCO","ARTICULO 168. SECUESTRO SIMPLE","1"
"04/01/2003","41","HUILA","41770","SUAZA","ARTICULO 169. SECUESTRO EXTORSIVO","2"
"04/01/2003","41","HUILA","41770","SUAZA","ARTICULO 169. SECUESTRO EXTORSIVO","1"
"04/01/2003","41","HUILA","41770","SUAZA","ARTICULO 169. SECUESTRO EXTORSIVO","1"
"04/01/2003","41","HUILA","41770","SUAZA","ARTICULO 169. SECUESTRO EXTORSIVO","1"
"04/01/2003","18","CAQUETA","18001","FLORENCIA","ARTICULO 169. SECUESTRO EXTORSIVO","1"
"04/01/2003","20","CESAR","20011","AGUACHICA","ARTICULO 168. SECUESTRO SIMPLE","8"
"04/01/2003","20","CESAR","20011","AGUACHICA","ARTICULO 168. SECUESTRO SIMPLE","3"
"04/01/2003","20","CESAR","20011","AGUACHICA","ARTICULO 168. SECUESTRO SIMPLE","3"
"04/01/2003","20","CESAR","20011","AGUACHICA","ARTICULO 168. SECUESTRO SIMPLE","3"
"04/01/2003","20","CESAR","20011","AGUACHICA","ARTICULO 168. SECUESTRO SIMPLE","2"
"04/01/2003","20","CESAR","20011","AGUACHICA","ARTICULO 168. SECUESTRO SIMPLE","1"
"04/01/2003","20","CESAR","20011","AGUACHICA","ARTICULO 168. SECUESTRO SIMPLE","1"
"04/01/2003","20","CESAR","20011","AGUACHICA","ARTICULO 169. SECUESTRO EXTORSIVO","1"
"04/01/2003","20","CESAR","20011","AGUACHICA","ARTICULO 168. SECUESTRO SIMPLE","1"
"03/01/2003","81","ARAUCA","81794","TAME","ARTICULO 169. SECUESTRO EXTORSIVO","1"
"03/01/2003","81","ARAUCA","81794","TAME","ARTICULO 169. SECUESTRO EXTORSIVO","1"
"03/01/2003","81","ARAUCA","81794","TAME","ARTICULO 169. SECUESTRO EXTORSIVO","1"
"03/01/2003","76","VALLE DEL CAUCA","76001","CALI","ARTICULO 168. SECUESTRO SIMPLE","1"
"03/01/2003","68","SANTANDER","68444","MATANZA","ARTICULO 169. SECUESTRO EXTORSIVO","1"
"03/01/2003","68","SANTANDER","68780","SURATA","ARTICULO 169. SECUESTRO EXTORSIVO","1"
"02/01/2003","19","CAUCA","19698","SANTANDER DE QUILICHAO","ARTICULO 168. SECUESTRO SIMPLE","1"
"02/01/2003","19","CAUCA","19698","SANTANDER DE QUILICHAO","ARTICULO 169. SECUESTRO EXTORSIVO","1"
"02/01/2003","70","SUCRE","70418","LOS PALMITOS","ARTICULO 169. SECUESTRO EXTORSIVO","1"
"02/01/2003","68","SANTANDER","68001","BUCARAMANGA","ARTICULO 168. SECUESTRO SIMPLE","1"
"02/01/2003","05","ANTIOQUIA","05854","VALDIVIA","ARTICULO 168. SECUESTRO SIMPLE","1"
"02/01/2003","05","ANTIOQUIA","05887","YARUMAL","ARTICULO 168. SECUESTRO SIMPLE","1"
"01/01/2003","17","CALDAS","17662","SAMANA","ARTICULO 169. SECUESTRO EXTORSIVO","1"
"01/01/2003","25","CUNDINAMARCA","25845","UNE","ARTICULO 168. SECUESTRO SIMPLE","1"
"01/01/2003","41","HUILA","41551","PITALITO","ARTICULO 169. SECUESTRO EXTORSIVO","1"
"01/01/2003","15","BOYACA","15759","SOGAMOSO","ARTICULO 169. SECUESTRO EXTORSIVO","1"
"01/01/2003","54","NORTE DE SANTANDER","54172","CHINACOTA","ARTICULO 168. SECUESTRO SIMPLE","1"
"01/01/2003","05","ANTIOQUIA","05001","MEDELLIN","ARTICULO 168. SECUESTRO SIMPLE","1"
