"FECHA","COD_DEPTO","DEPARTAMENTO","COD_MUNI","MUNICIPIO","GRUPO"
"2020 Nov 11 12:00:00 AM","19","CAUCA","19698","SANTANDER DE QUILICHAO","GAOR"
"2020 Nov 11 12:00:00 AM","19","CAUCA","19573","PUERTO TEJADA","GAOR"
"2020 Nov 11 12:00:00 AM","19","CAUCA","19573","PUERTO TEJADA","GAOR"
"2020 Nov 11 12:00:00 AM","27","CHOCO","27361","ISTMINA","CLAN DEL GOLFO"
"2020 Nov 11 12:00:00 AM","27","CHOCO","27025","ALTO BAUDO","CLAN DEL GOLFO"
"2020 Nov 11 12:00:00 AM","05","ANTIOQUIA","05001","MEDELLIN","GAOR"
"2020 Nov 12 12:00:00 AM","81","ARAUCA","81065","ARAUQUITA","GAOR"
"2020 Nov 20 12:00:00 AM","52","NARIÑO","52835","SAN ANDRES DE TUMACO","GAOR"
"2020 Nov 20 12:00:00 AM","52","NARIÑO","52835","SAN ANDRES DE TUMACO","GAOR"
"2020 Nov 20 12:00:00 AM","52","NARIÑO","52835","SAN ANDRES DE TUMACO","GAOR"
"2020 Nov 23 12:00:00 AM","73","TOLIMA","73349","HONDA","GAOR"
"2020 Nov 23 12:00:00 AM","63","QUINDIO","63470","MONTENEGRO","GAOR"
"2020 Nov 27 12:00:00 AM","85","CASANARE","85162","MONTERREY","GAOR"
"2020 Nov 27 12:00:00 AM","05","ANTIOQUIA","05154","CAUCASIA","CAPARROS"
"2020 Nov 27 12:00:00 AM","05","ANTIOQUIA","05120","CACERES","CLAN DEL GOLFO"
"2020 Nov 27 12:00:00 AM","52","NARIÑO","52490","OLAYA HERRERA","GAOR"
"2020 Nov 27 12:00:00 AM","52","NARIÑO","52490","OLAYA HERRERA","GAOR"
"2020 Nov 27 12:00:00 AM","05","ANTIOQUIA","05790","TARAZA","CAPARROS"
"2020 Nov 27 12:00:00 AM","19","CAUCA","19001","POPAYAN","GAOR"
"2020 Nov 27 12:00:00 AM","95","GUAVIARE","95015","CALAMAR","GAOR"
"2020 Dec 02 12:00:00 AM","99","VICHADA","99773","CUMARIBO","GAOR"
"2020 Dec 02 12:00:00 AM","99","VICHADA","99773","CUMARIBO","GAOR"
"2020 Dec 02 12:00:00 AM","99","VICHADA","99773","CUMARIBO","GAOR"
"2020 Dec 04 12:00:00 AM","52","NARIÑO","52001","PASTO","CLAN DEL GOLFO"
"2020 Dec 04 12:00:00 AM","54","NORTE DE SANTANDER","54344","HACARI","PELUSOS"
"2020 Dec 07 12:00:00 AM","52","NARIÑO","52079","BARBACOAS","CLAN DEL GOLFO"
"2020 Dec 07 12:00:00 AM","99","VICHADA","99773","CUMARIBO","GAOR"
"2020 Dec 07 12:00:00 AM","99","VICHADA","99773","CUMARIBO","GAOR"
"2020 Dec 10 12:00:00 AM","95","GUAVIARE","95200","MIRAFLORES","GAOR"
"2020 Dec 10 12:00:00 AM","95","GUAVIARE","95200","MIRAFLORES","GAOR"
"2020 Dec 10 12:00:00 AM","95","GUAVIARE","95200","MIRAFLORES","GAOR"
"2020 Dec 11 12:00:00 AM","19","CAUCA","19001","POPAYAN","GAOR"
"2020 Dec 15 12:00:00 AM","41","HUILA","41483","NATAGA","GAOR"
"2020 Dec 21 12:00:00 AM","95","GUAVIARE","95001","SAN JOSE DEL GUAVIARE","GAOR"
"2021 Jan 04 12:00:00 AM","05","ANTIOQUIA","05250","EL BAGRE","CLAN DEL GOLFO"
"2021 Jan 15 12:00:00 AM","52","NARIÑO","52835","SAN ANDRES DE TUMACO","GAOR"
"2021 Jan 15 12:00:00 AM","19","CAUCA","19573","PUERTO TEJADA","GAOR"
"2021 Jan 15 12:00:00 AM","97","VAUPES","97161","CARURU","GAOR"
"2021 Jan 15 12:00:00 AM","95","GUAVIARE","95001","SAN JOSE DEL GUAVIARE","GAOR"
"2021 Jan 18 12:00:00 AM","05","ANTIOQUIA","05147","CAREPA","CLAN DEL GOLFO"
"2021 Jan 18 12:00:00 AM","05","ANTIOQUIA","05147","CAREPA","CLAN DEL GOLFO"
"2021 Jan 18 12:00:00 AM","27","CHOCO","27615","RIOSUCIO","CLAN DEL GOLFO"
"2021 Jan 19 12:00:00 AM","05","ANTIOQUIA","05361","ITUANGO","GAOR"
"2021 Jan 19 12:00:00 AM","05","ANTIOQUIA","05361","ITUANGO","CLAN DEL GOLFO"
"2021 Jan 19 12:00:00 AM","05","ANTIOQUIA","05543","PEQUE","CLAN DEL GOLFO"
"2021 Jan 20 12:00:00 AM","05","ANTIOQUIA","05361","ITUANGO","CLAN DEL GOLFO"
"2021 Jan 26 12:00:00 AM","19","CAUCA","19001","POPAYAN","GAOR"
"2021 Jan 29 12:00:00 AM","11","BOGOTA D.C.","11001","BOGOTA D.C.","GAOR"
"2021 Jan 29 12:00:00 AM","18","CAQUETA","18785","SOLITA","GAOR"
"2021 Jan 29 12:00:00 AM","18","CAQUETA","18785","SOLITA","GAOR"
"2021 Jan 29 12:00:00 AM","18","CAQUETA","18001","FLORENCIA","GAOR"
"2021 Feb 01 12:00:00 AM","18","CAQUETA","18785","SOLITA","GAOR"
"2021 Feb 02 12:00:00 AM","11","BOGOTA D.C.","11001","BOGOTA D.C.","GAOR"
"2021 Feb 08 12:00:00 AM","52","NARIÑO","52079","BARBACOAS","CLAN DEL GOLFO"
"2021 Feb 08 12:00:00 AM","18","CAQUETA","18592","PUERTO RICO","GAOR"
"2021 Feb 11 12:00:00 AM","19","CAUCA","19532","PATIA","GAOR"
"2021 Feb 15 12:00:00 AM","66","RISARALDA","66001","PEREIRA","GAOR"
"2021 Feb 15 12:00:00 AM","86","PUTUMAYO","86573","LEGUIZAMO","GAOR"
"2021 Feb 15 12:00:00 AM","86","PUTUMAYO","86573","LEGUIZAMO","GAOR"
"2021 Feb 15 12:00:00 AM","86","PUTUMAYO","86573","LEGUIZAMO","GAOR"
"2021 Feb 16 12:00:00 AM","68","SANTANDER","68001","BUCARAMANGA","PELUSOS"
"2021 Feb 17 12:00:00 AM","27","CHOCO","27006","ACANDI","CLAN DEL GOLFO"
"2021 Feb 23 12:00:00 AM","52","NARIÑO","52079","BARBACOAS","GAOR"
"2021 Feb 24 12:00:00 AM","95","GUAVIARE","95001","SAN JOSE DEL GUAVIARE","GAOR"
"2021 Feb 24 12:00:00 AM","95","GUAVIARE","95001","SAN JOSE DEL GUAVIARE","GAOR"
"2021 Feb 24 12:00:00 AM","95","GUAVIARE","95001","SAN JOSE DEL GUAVIARE","GAOR"
"2021 Feb 24 12:00:00 AM","95","GUAVIARE","95001","SAN JOSE DEL GUAVIARE","GAOR"
"2021 Mar 02 12:00:00 AM","95","GUAVIARE","95001","SAN JOSE DEL GUAVIARE","GAOR"
"2021 Mar 02 12:00:00 AM","95","GUAVIARE","95001","SAN JOSE DEL GUAVIARE","GAOR"
"2021 Mar 03 12:00:00 AM","19","CAUCA","19418","LOPEZ","GAOR"
"2021 Mar 03 12:00:00 AM","19","CAUCA","19418","LOPEZ","GAOR"
"2021 Mar 03 12:00:00 AM","19","CAUCA","19418","LOPEZ","GAOR"
"2021 Mar 08 12:00:00 AM","73","TOLIMA","73555","PLANADAS","GAOR"
"2021 Mar 08 12:00:00 AM","73","TOLIMA","73616","RIOBLANCO","GAOR"
"2021 Mar 08 12:00:00 AM","73","TOLIMA","73616","RIOBLANCO","GAOR"
"2021 Mar 10 12:00:00 AM","54","NORTE DE SANTANDER","54245","EL CARMEN","GAOR"
"2021 Mar 12 12:00:00 AM","19","CAUCA","19001","POPAYAN","GAOR"
"2021 Mar 12 12:00:00 AM","05","ANTIOQUIA","05790","TARAZA","CAPARROS"
"2021 Mar 12 12:00:00 AM","05","ANTIOQUIA","05790","TARAZA","CAPARROS"
"2021 Mar 12 12:00:00 AM","05","ANTIOQUIA","05490","NECOCLI","CLAN DEL GOLFO"
"2021 Mar 12 12:00:00 AM","27","CHOCO","27001","QUIBDO","CLAN DEL GOLFO"
"2021 Mar 12 12:00:00 AM","54","NORTE DE SANTANDER","54518","PAMPLONA","PELUSOS"
"2021 Mar 16 12:00:00 AM","52","NARIÑO","52786","TAMINANGO","GAOR"
"2021 Mar 17 12:00:00 AM","52","NARIÑO","52573","PUERRES","GAOR"
"2021 Mar 17 12:00:00 AM","68","SANTANDER","68755","SOCORRO","GAOR"
"2021 Mar 17 12:00:00 AM","68","SANTANDER","68755","SOCORRO","GAOR"
"2021 Mar 17 12:00:00 AM","76","VALLE DEL CAUCA","76001","CALI","GAOR"
"2021 Mar 19 12:00:00 AM","85","CASANARE","85410","TAURAMENA","GAOR"
"2021 Mar 19 12:00:00 AM","73","TOLIMA","73616","RIOBLANCO","GAOR"
"2021 Mar 23 12:00:00 AM","05","ANTIOQUIA","05147","CAREPA","CLAN DEL GOLFO"
"2021 Mar 23 12:00:00 AM","05","ANTIOQUIA","05873","VIGIA DEL FUERTE","CLAN DEL GOLFO"
"2021 Mar 24 12:00:00 AM","18","CAQUETA","18001","FLORENCIA","GAOR"
"2021 Mar 24 12:00:00 AM","18","CAQUETA","18001","FLORENCIA","GAOR"
"2021 Mar 29 12:00:00 AM","73","TOLIMA","73349","HONDA","GAOR"
"2021 Apr 05 12:00:00 AM","19","CAUCA","19532","PATIA","GAOR"
"2021 Apr 05 12:00:00 AM","19","CAUCA","19532","PATIA","GAOR"
"2021 Apr 05 12:00:00 AM","19","CAUCA","19532","PATIA","GAOR"
"2021 Apr 05 12:00:00 AM","95","GUAVIARE","95001","SAN JOSE DEL GUAVIARE","GAOR"
"2021 Apr 05 12:00:00 AM","52","NARIÑO","52490","OLAYA HERRERA","GAOR"
"2021 Apr 06 12:00:00 AM","05","ANTIOQUIA","05001","MEDELLIN","CLAN DEL GOLFO"
"2021 Apr 06 12:00:00 AM","05","ANTIOQUIA","05001","MEDELLIN","CLAN DEL GOLFO"
"2021 Apr 07 12:00:00 AM","05","ANTIOQUIA","05234","DABEIBA","CLAN DEL GOLFO"
"2021 Apr 09 12:00:00 AM","50","META","50001","VILLAVICENCIO","GAOR"
"2021 Apr 09 12:00:00 AM","50","META","50001","VILLAVICENCIO","GAOR"
"2021 Apr 13 12:00:00 AM","68","SANTANDER","68755","SOCORRO","GAOR"
"2021 Apr 20 12:00:00 AM","27","CHOCO","27615","RIOSUCIO","CLAN DEL GOLFO"
"2021 Apr 20 12:00:00 AM","05","ANTIOQUIA","05147","CAREPA","CLAN DEL GOLFO"
"2021 Apr 20 12:00:00 AM","05","ANTIOQUIA","05873","VIGIA DEL FUERTE","CLAN DEL GOLFO"
"2021 Apr 20 12:00:00 AM","27","CHOCO","27615","RIOSUCIO","CLAN DEL GOLFO"
"2021 Apr 23 12:00:00 AM","27","CHOCO","27425","MEDIO ATRATO","CLAN DEL GOLFO"
"2021 Apr 23 12:00:00 AM","27","CHOCO","27425","MEDIO ATRATO","CLAN DEL GOLFO"
"2021 Apr 23 12:00:00 AM","27","CHOCO","27425","MEDIO ATRATO","CLAN DEL GOLFO"
"2021 Apr 26 12:00:00 AM","19","CAUCA","19532","PATIA","GAOR"
"2021 Apr 29 12:00:00 AM","41","HUILA","41020","ALGECIRAS","GAOR"
"2021 Apr 29 12:00:00 AM","54","NORTE DE SANTANDER","54001","CUCUTA","GAOR"
"2021 Apr 29 12:00:00 AM","54","NORTE DE SANTANDER","54001","CUCUTA","GAOR"
"2021 Apr 29 12:00:00 AM","27","CHOCO","27425","MEDIO ATRATO","CLAN DEL GOLFO"
"2021 May 03 12:00:00 AM","19","CAUCA","19001","POPAYAN","GAOR"
"2021 May 03 12:00:00 AM","18","CAQUETA","18205","CURILLO","GAOR"
"2021 May 03 12:00:00 AM","27","CHOCO","27810","UNION PANAMERICANA","CLAN DEL GOLFO"
"2021 May 03 12:00:00 AM","27","CHOCO","27615","RIOSUCIO","CLAN DEL GOLFO"
"2021 May 03 12:00:00 AM","27","CHOCO","27810","UNION PANAMERICANA","CLAN DEL GOLFO"
"2021 May 03 12:00:00 AM","27","CHOCO","27615","RIOSUCIO","CLAN DEL GOLFO"
"2021 May 03 12:00:00 AM","27","CHOCO","27615","RIOSUCIO","CLAN DEL GOLFO"
"2021 May 04 12:00:00 AM","11","BOGOTA D.C.","11001","BOGOTA D.C.","GAOR"
"2021 May 04 12:00:00 AM","05","ANTIOQUIA","05475","MURINDO","CLAN DEL GOLFO"
"2021 May 04 12:00:00 AM","05","ANTIOQUIA","05475","MURINDO","CLAN DEL GOLFO"
"2021 May 04 12:00:00 AM","05","ANTIOQUIA","05147","CAREPA","CLAN DEL GOLFO"
"2021 May 10 12:00:00 AM","95","GUAVIARE","95015","CALAMAR","GAOR"
"2021 May 10 12:00:00 AM","95","GUAVIARE","95015","CALAMAR","GAOR"
"2021 May 11 12:00:00 AM","18","CAQUETA","18785","SOLITA","GAOR"
"2021 May 13 12:00:00 AM","52","NARIÑO","52490","OLAYA HERRERA","GAOR"
"2021 May 13 12:00:00 AM","52","NARIÑO","52490","OLAYA HERRERA","GAOR"
"2021 May 13 12:00:00 AM","11","BOGOTA D.C.","11001","BOGOTA D.C.","GAOR"
"2021 May 13 12:00:00 AM","52","NARIÑO","52490","OLAYA HERRERA","GAOR"
"2021 May 13 12:00:00 AM","52","NARIÑO","52490","OLAYA HERRERA","GAOR"
"2021 May 13 12:00:00 AM","52","NARIÑO","52490","OLAYA HERRERA","GAOR"
"2021 May 14 12:00:00 AM","86","PUTUMAYO","86571","PUERTO GUZMAN","GAOR"
"2021 May 14 12:00:00 AM","18","CAQUETA","18205","CURILLO","GAOR"
"2021 May 14 12:00:00 AM","18","CAQUETA","18785","SOLITA","GAOR"
"2021 May 14 12:00:00 AM","54","NORTE DE SANTANDER","54001","CUCUTA","GAOR"
"2021 May 21 12:00:00 AM","05","ANTIOQUIA","05147","CAREPA","CLAN DEL GOLFO"
"2021 May 21 12:00:00 AM","23","CORDOBA","23807","TIERRALTA","CLAN DEL GOLFO"
"2021 May 25 12:00:00 AM","27","CHOCO","27600","RIO QUITO","CLAN DEL GOLFO"
"2021 May 25 12:00:00 AM","27","CHOCO","27099","BOJAYA","CLAN DEL GOLFO"
"2021 May 25 12:00:00 AM","41","HUILA","41001","NEIVA","GAOR"
"2021 May 25 12:00:00 AM","41","HUILA","41001","NEIVA","GAOR"
"2021 May 25 12:00:00 AM","41","HUILA","41001","NEIVA","GAOR"
"2021 May 25 12:00:00 AM","41","HUILA","41001","NEIVA","GAOR"
"2021 May 25 12:00:00 AM","41","HUILA","41001","NEIVA","GAOR"
"2021 Jun 01 12:00:00 AM","27","CHOCO","27615","RIOSUCIO","CLAN DEL GOLFO"
"2021 Jun 01 12:00:00 AM","41","HUILA","41396","LA PLATA","GAOR"
"2021 Jun 01 12:00:00 AM","50","META","50450","PUERTO CONCORDIA","GAOR"
"2021 Jun 01 12:00:00 AM","19","CAUCA","19809","TIMBIQUI","GAOR"
"2021 Jun 01 12:00:00 AM","52","NARIÑO","52079","BARBACOAS","CLAN DEL GOLFO"
"2021 Jun 03 12:00:00 AM","05","ANTIOQUIA","05142","CARACOLI","CLAN DEL GOLFO"
"2021 Jun 03 12:00:00 AM","52","NARIÑO","52835","SAN ANDRES DE TUMACO","GAOR"
"2021 Jun 04 12:00:00 AM","52","NARIÑO","52540","POLICARPA","GAOR"
"2021 Jun 04 12:00:00 AM","52","NARIÑO","52540","POLICARPA","GAOR"
"2021 Jun 04 12:00:00 AM","18","CAQUETA","18785","SOLITA","GAOR"
"2021 Jun 04 12:00:00 AM","18","CAQUETA","18756","SOLANO","GAOR"
"2021 Jun 04 12:00:00 AM","11","BOGOTA D.C.","11001","BOGOTA D.C.","GAOR"
"2021 Jun 10 12:00:00 AM","19","CAUCA","19001","POPAYAN","GAOR"
"2021 Jun 10 12:00:00 AM","25","CUNDINAMARCA","25488","NILO","CLAN DEL GOLFO"
"2021 Jun 10 12:00:00 AM","19","CAUCA","19698","SANTANDER DE QUILICHAO","GAOR"
"2021 Jun 11 12:00:00 AM","86","PUTUMAYO","86568","PUERTO ASIS","GAOR"
"2021 Jun 11 12:00:00 AM","54","NORTE DE SANTANDER","54001","CUCUTA","GAOR"
"2021 Jun 11 12:00:00 AM","05","ANTIOQUIA","05579","PUERTO BERRIO","CLAN DEL GOLFO"
"2021 Jun 11 12:00:00 AM","86","PUTUMAYO","86573","LEGUIZAMO","GAOR"
"2021 Jun 14 12:00:00 AM","25","CUNDINAMARCA","25488","NILO","GAOR"
"2021 Jun 15 12:00:00 AM","81","ARAUCA","81794","TAME","GAOR"
"2021 Jun 15 12:00:00 AM","05","ANTIOQUIA","05147","CAREPA","CLAN DEL GOLFO"
"2021 Jun 15 12:00:00 AM","19","CAUCA","19256","EL TAMBO","GAOR"
"2021 Jun 15 12:00:00 AM","19","CAUCA","19075","BALBOA","GAOR"
"2021 Jun 15 12:00:00 AM","19","CAUCA","19075","BALBOA","GAOR"
"2021 Jun 17 12:00:00 AM","81","ARAUCA","81300","FORTUL","GAOR"
"2021 Jun 22 12:00:00 AM","05","ANTIOQUIA","05001","MEDELLIN","CAPARROS"
"2021 Jun 25 12:00:00 AM","52","NARIÑO","52405","LEIVA","GAOR"
"2021 Jun 25 12:00:00 AM","27","CHOCO","27001","QUIBDO","CLAN DEL GOLFO"
"2021 Jun 25 12:00:00 AM","27","CHOCO","27001","QUIBDO","CLAN DEL GOLFO"
"2021 Jun 25 12:00:00 AM","27","CHOCO","27001","QUIBDO","CLAN DEL GOLFO"
"2021 Jun 29 12:00:00 AM","52","NARIÑO","52001","PASTO","GAOR"
"2021 Jun 29 12:00:00 AM","27","CHOCO","27810","UNION PANAMERICANA","CLAN DEL GOLFO"
"2021 Jun 30 12:00:00 AM","52","NARIÑO","52001","PASTO","GAOR"
"2021 Jul 01 12:00:00 AM","73","TOLIMA","73616","RIOBLANCO","GAOR"
"2021 Jul 02 12:00:00 AM","54","NORTE DE SANTANDER","54344","HACARI","GAOR"
"2021 Jul 02 12:00:00 AM","18","CAQUETA","18592","PUERTO RICO","GAOR"
"2021 Jul 06 12:00:00 AM","54","NORTE DE SANTANDER","54810","TIBU","GAOR"
"2021 Jul 06 12:00:00 AM","05","ANTIOQUIA","05790","TARAZA","CAPARROS"
"2021 Jul 06 12:00:00 AM","05","ANTIOQUIA","05120","CACERES","CAPARROS"
"2021 Jul 08 12:00:00 AM","11","BOGOTA D.C.","11001","BOGOTA D.C.","CLAN DEL GOLFO"
"2021 Jul 09 12:00:00 AM","41","HUILA","41001","NEIVA","GAOR"
"2021 Jul 09 12:00:00 AM","41","HUILA","41001","NEIVA","GAOR"
"2021 Jul 09 12:00:00 AM","54","NORTE DE SANTANDER","54498","OCAÑA","GAOR"
"2021 Jul 09 12:00:00 AM","54","NORTE DE SANTANDER","54498","OCAÑA","GAOR"
"2021 Jul 12 12:00:00 AM","41","HUILA","41551","PITALITO","GAOR"
"2021 Jul 12 12:00:00 AM","86","PUTUMAYO","86568","PUERTO ASIS","GAOR"
"2021 Jul 12 12:00:00 AM","18","CAQUETA","18753","SAN VICENTE DEL CAGUAN","GAOR"
"2021 Jul 12 12:00:00 AM","05","ANTIOQUIA","05895","ZARAGOZA","CLAN DEL GOLFO"
"2021 Jul 16 12:00:00 AM","13","BOLIVAR","13688","SANTA ROSA DEL SUR","GAOR"
"2021 Jul 16 12:00:00 AM","25","CUNDINAMARCA","25754","SOACHA","GAOR"
"2021 Jul 19 12:00:00 AM","19","CAUCA","19050","ARGELIA","GAOR"
"2021 Jul 21 12:00:00 AM","73","TOLIMA","73001","IBAGUE","GAOR"
"2021 Jul 23 12:00:00 AM","05","ANTIOQUIA","05361","ITUANGO","CLAN DEL GOLFO"
"2021 Jul 23 12:00:00 AM","05","ANTIOQUIA","05361","ITUANGO","GAOR"
"2021 Jul 27 12:00:00 AM","86","PUTUMAYO","86573","LEGUIZAMO","GAOR"
"2021 Jul 27 12:00:00 AM","86","PUTUMAYO","86573","LEGUIZAMO","GAOR"
"2021 Jul 27 12:00:00 AM","86","PUTUMAYO","86573","LEGUIZAMO","GAOR"
"2021 Jul 28 12:00:00 AM","27","CHOCO","27615","RIOSUCIO","CLAN DEL GOLFO"
"2021 Jul 28 12:00:00 AM","27","CHOCO","27615","RIOSUCIO","CLAN DEL GOLFO"
"2021 Jul 28 12:00:00 AM","27","CHOCO","27615","RIOSUCIO","CLAN DEL GOLFO"
"2021 Jul 28 12:00:00 AM","27","CHOCO","27615","RIOSUCIO","CLAN DEL GOLFO"
"2021 Jul 28 12:00:00 AM","27","CHOCO","27615","RIOSUCIO","CLAN DEL GOLFO"
"2021 Jul 28 12:00:00 AM","27","CHOCO","27615","RIOSUCIO","CLAN DEL GOLFO"
"2021 Jul 28 12:00:00 AM","27","CHOCO","27615","RIOSUCIO","CLAN DEL GOLFO"
"2021 Jul 29 12:00:00 AM","86","PUTUMAYO","86885","VILLAGARZON","GAOR"
"2021 Jul 29 12:00:00 AM","68","SANTANDER","68081","BARRANCABERMEJA","PELUSOS"
"2021 Jul 29 12:00:00 AM","05","ANTIOQUIA","05361","ITUANGO","GAOR"
"2021 Jul 30 12:00:00 AM","19","CAUCA","19698","SANTANDER DE QUILICHAO","GAOR"
"2021 Jul 30 12:00:00 AM","19","CAUCA","19698","SANTANDER DE QUILICHAO","GAOR"
"2021 Jul 30 12:00:00 AM","05","ANTIOQUIA","05658","SAN JOSE DE LA MONTAÑA","GAOR"
"2021 Jul 30 12:00:00 AM","73","TOLIMA","73349","HONDA","GAOR"
"2021 Jul 30 12:00:00 AM","73","TOLIMA","73349","HONDA","GAOR"
"2021 Jul 30 12:00:00 AM","73","TOLIMA","73349","HONDA","GAOR"
"2021 Aug 02 12:00:00 AM","11","BOGOTA D.C.","11001","BOGOTA D.C.","CLAN DEL GOLFO"
"2021 Aug 03 12:00:00 AM","52","NARIÑO","52001","PASTO","GAOR"
"2021 Aug 04 12:00:00 AM","86","PUTUMAYO","86568","PUERTO ASIS","GAOR"
"2021 Aug 06 12:00:00 AM","73","TOLIMA","73349","HONDA","GAOR"
"2021 Aug 09 12:00:00 AM","73","TOLIMA","73555","PLANADAS","GAOR"
"2021 Aug 09 12:00:00 AM","18","CAQUETA","18150","CARTAGENA DEL CHAIRA","GAOR"
"2021 Aug 09 12:00:00 AM","52","NARIÑO","52835","SAN ANDRES DE TUMACO","GAOR"
"2021 Aug 09 12:00:00 AM","52","NARIÑO","52835","SAN ANDRES DE TUMACO","GAOR"
"2021 Aug 10 12:00:00 AM","19","CAUCA","19001","POPAYAN","GAOR"
"2021 Aug 12 12:00:00 AM","27","CHOCO","27075","BAHIA SOLANO","CLAN DEL GOLFO"
"2021 Aug 12 12:00:00 AM","27","CHOCO","27075","BAHIA SOLANO","CLAN DEL GOLFO"
"2021 Aug 12 12:00:00 AM","18","CAQUETA","18001","FLORENCIA","GAOR"
"2021 Aug 13 12:00:00 AM","13","BOLIVAR","13042","ARENAL","GAOR"
"2021 Aug 13 12:00:00 AM","13","BOLIVAR","13042","ARENAL","GAOR"
"2021 Aug 13 12:00:00 AM","27","CHOCO","27025","ALTO BAUDO","CLAN DEL GOLFO"
"2021 Aug 13 12:00:00 AM","86","PUTUMAYO","86568","PUERTO ASIS","GAOR"
"2021 Aug 13 12:00:00 AM","19","CAUCA","19573","PUERTO TEJADA","GAOR"
"2021 Aug 13 12:00:00 AM","76","VALLE DEL CAUCA","76147","CARTAGO","GAOR"
"2021 Aug 13 12:00:00 AM","25","CUNDINAMARCA","25269","FACATATIVA","GAOR"
"2021 Aug 17 12:00:00 AM","05","ANTIOQUIA","05873","VIGIA DEL FUERTE","CLAN DEL GOLFO"
"2021 Aug 17 12:00:00 AM","27","CHOCO","27050","ATRATO","CLAN DEL GOLFO"
"2021 Aug 17 12:00:00 AM","27","CHOCO","27025","ALTO BAUDO","CLAN DEL GOLFO"
"2021 Aug 18 12:00:00 AM","05","ANTIOQUIA","05045","APARTADO","CLAN DEL GOLFO"
"2021 Aug 20 12:00:00 AM","19","CAUCA","19050","ARGELIA","GAOR"
"2021 Aug 20 12:00:00 AM","86","PUTUMAYO","86573","LEGUIZAMO","GAOR"
"2021 Aug 20 12:00:00 AM","86","PUTUMAYO","86573","LEGUIZAMO","GAOR"
"2021 Aug 20 12:00:00 AM","86","PUTUMAYO","86573","LEGUIZAMO","GAOR"
"2021 Aug 20 12:00:00 AM","86","PUTUMAYO","86573","LEGUIZAMO","GAOR"
"2021 Aug 20 12:00:00 AM","86","PUTUMAYO","86573","LEGUIZAMO","GAOR"
"2021 Aug 20 12:00:00 AM","73","TOLIMA","73349","HONDA","GAOR"
"2021 Aug 25 12:00:00 AM","05","ANTIOQUIA","05001","MEDELLIN","GAOR"
"2021 Aug 25 12:00:00 AM","05","ANTIOQUIA","05001","MEDELLIN","CLAN DEL GOLFO"
"2021 Aug 27 12:00:00 AM","52","NARIÑO","52835","SAN ANDRES DE TUMACO","GAOR"
"2021 Aug 27 12:00:00 AM","27","CHOCO","27150","CARMEN DEL DARIEN","CLAN DEL GOLFO"
"2021 Aug 27 12:00:00 AM","27","CHOCO","27150","CARMEN DEL DARIEN","CLAN DEL GOLFO"
"2021 Aug 27 12:00:00 AM","27","CHOCO","27150","CARMEN DEL DARIEN","CLAN DEL GOLFO"
"2021 Aug 27 12:00:00 AM","27","CHOCO","27150","CARMEN DEL DARIEN","CLAN DEL GOLFO"
"2021 Aug 30 12:00:00 AM","52","NARIÑO","52405","LEIVA","GAOR"
"2021 Aug 30 12:00:00 AM","27","CHOCO","27025","ALTO BAUDO","CLAN DEL GOLFO"
"2021 Aug 30 12:00:00 AM","27","CHOCO","27025","ALTO BAUDO","CLAN DEL GOLFO"
"2021 Aug 30 12:00:00 AM","27","CHOCO","27025","ALTO BAUDO","CLAN DEL GOLFO"
"2021 Sep 02 12:00:00 AM","13","BOLIVAR","13688","SANTA ROSA DEL SUR","GAOR"
"2021 Sep 02 12:00:00 AM","52","NARIÑO","52490","OLAYA HERRERA","GAOR"
"2021 Sep 03 12:00:00 AM","11","BOGOTA D.C.","11001","BOGOTA D.C.","GAOR"
"2021 Sep 13 12:00:00 AM","52","NARIÑO","52490","OLAYA HERRERA","GAOR"
"2021 Sep 15 12:00:00 AM","52","NARIÑO","52001","PASTO","GAOR"
"2021 Sep 16 12:00:00 AM","25","CUNDINAMARCA","25297","GACHETA","GAOR"
"2021 Sep 17 12:00:00 AM","81","ARAUCA","81065","ARAUQUITA","GAOR"
"2021 Oct 01 12:00:00 AM","11","BOGOTA D.C.","11001","BOGOTA D.C.","GAOR"
"2021 Oct 01 12:00:00 AM","86","PUTUMAYO","86865","VALLE DEL GUAMUEZ","GAOR"
"2021 Oct 01 12:00:00 AM","27","CHOCO","27787","TADO","CLAN DEL GOLFO"
"2021 Oct 01 12:00:00 AM","52","NARIÑO","52835","SAN ANDRES DE TUMACO","GAOR"
"2021 Oct 01 12:00:00 AM","13","BOLIVAR","13458","MONTECRISTO","GAOR"
"2021 Oct 01 12:00:00 AM","81","ARAUCA","81001","ARAUCA","GAOR"
"2021 Oct 01 12:00:00 AM","05","ANTIOQUIA","05854","VALDIVIA","CLAN DEL GOLFO"
"2021 Oct 01 12:00:00 AM","19","CAUCA","19573","PUERTO TEJADA","GAOR"
"2021 Oct 01 12:00:00 AM","19","CAUCA","19573","PUERTO TEJADA","GAOR"
"2021 Oct 01 12:00:00 AM","19","CAUCA","19573","PUERTO TEJADA","GAOR"
"2021 Oct 01 12:00:00 AM","11","BOGOTA D.C.","11001","BOGOTA D.C.","GAOR"
"2021 Oct 01 12:00:00 AM","11","BOGOTA D.C.","11001","BOGOTA D.C.","GAOR"
"2021 Oct 01 12:00:00 AM","19","CAUCA","19001","POPAYAN","GAOR"
"2021 Oct 01 12:00:00 AM","50","META","50313","GRANADA","GAOR"
"2021 Oct 04 12:00:00 AM","19","CAUCA","19212","CORINTO","GAOR"
"2021 Oct 04 12:00:00 AM","27","CHOCO","27430","MEDIO BAUDO","CLAN DEL GOLFO"
"2021 Oct 06 12:00:00 AM","25","CUNDINAMARCA","25269","FACATATIVA","GAOR"
"2021 Oct 08 12:00:00 AM","05","ANTIOQUIA","05154","CAUCASIA","CLAN DEL GOLFO"
"2021 Oct 08 12:00:00 AM","05","ANTIOQUIA","05250","EL BAGRE","CLAN DEL GOLFO"
"2021 Oct 11 12:00:00 AM","54","NORTE DE SANTANDER","54001","CUCUTA","GAOR"
"2021 Oct 11 12:00:00 AM","19","CAUCA","19001","POPAYAN","GAOR"
"2021 Oct 12 12:00:00 AM","50","META","50711","VISTAHERMOSA","GAOR"
"2021 Oct 15 12:00:00 AM","86","PUTUMAYO","86569","PUERTO CAICEDO","GAOR"
"2021 Oct 15 12:00:00 AM","13","BOLIVAR","13458","MONTECRISTO","GAOR"
"2021 Oct 15 12:00:00 AM","05","ANTIOQUIA","05154","CAUCASIA","CLAN DEL GOLFO"
"2021 Oct 15 12:00:00 AM","76","VALLE DEL CAUCA","76001","CALI","GAOR"
"2021 Oct 19 12:00:00 AM","25","CUNDINAMARCA","25290","FUSAGASUGA","CLAN DEL GOLFO"
"2021 Oct 21 12:00:00 AM","52","NARIÑO","52001","PASTO","GAOR"
"2021 Oct 22 12:00:00 AM","20","CESAR","20001","VALLEDUPAR","PELUSOS"
"2021 Oct 25 12:00:00 AM","41","HUILA","41001","NEIVA","GAOR"
"2021 Oct 25 12:00:00 AM","41","HUILA","41001","NEIVA","GAOR"
"2021 Oct 25 12:00:00 AM","11","BOGOTA D.C.","11001","BOGOTA D.C.","GAOR"
"2021 Oct 25 12:00:00 AM","27","CHOCO","27001","QUIBDO","CLAN DEL GOLFO"
"2021 Oct 25 12:00:00 AM","27","CHOCO","27001","QUIBDO","CLAN DEL GOLFO"
"2021 Oct 26 12:00:00 AM","27","CHOCO","27025","ALTO BAUDO","CLAN DEL GOLFO"
"2021 Oct 26 12:00:00 AM","27","CHOCO","27025","ALTO BAUDO","CLAN DEL GOLFO"
"2021 Oct 26 12:00:00 AM","76","VALLE DEL CAUCA","76863","VERSALLES","CLAN DEL GOLFO"
"2021 Oct 27 12:00:00 AM","76","VALLE DEL CAUCA","76001","CALI","GAOR"
"2021 Oct 27 12:00:00 AM","76","VALLE DEL CAUCA","76001","CALI","GAOR"
"2021 Oct 27 12:00:00 AM","19","CAUCA","19573","PUERTO TEJADA","GAOR"
"2021 Oct 28 12:00:00 AM","73","TOLIMA","73555","PLANADAS","GAOR"
"2021 Oct 29 12:00:00 AM","05","ANTIOQUIA","05361","ITUANGO","CLAN DEL GOLFO"
"2021 Oct 29 12:00:00 AM","05","ANTIOQUIA","05819","TOLEDO","GAOR"
"2021 Oct 29 12:00:00 AM","05","ANTIOQUIA","05361","ITUANGO","CLAN DEL GOLFO"
"2021 Oct 29 12:00:00 AM","05","ANTIOQUIA","05361","ITUANGO","CLAN DEL GOLFO"
"2021 Oct 29 12:00:00 AM","05","ANTIOQUIA","05001","MEDELLIN","GAOR"
"2021 Oct 29 12:00:00 AM","25","CUNDINAMARCA","25269","FACATATIVA","GAOR"
"2021 Nov 02 12:00:00 AM","86","PUTUMAYO","86568","PUERTO ASIS","GAOR"
"2021 Nov 02 12:00:00 AM","27","CHOCO","27077","BAJO BAUDO","CLAN DEL GOLFO"
"2021 Nov 02 12:00:00 AM","27","CHOCO","27205","CONDOTO","CLAN DEL GOLFO"
"2021 Nov 03 12:00:00 AM","05","ANTIOQUIA","05361","ITUANGO","GAOR"
"2021 Nov 03 12:00:00 AM","05","ANTIOQUIA","05361","ITUANGO","CLAN DEL GOLFO"
"2021 Nov 03 12:00:00 AM","05","ANTIOQUIA","05361","ITUANGO","GAOR"
"2021 Nov 03 12:00:00 AM","05","ANTIOQUIA","05543","PEQUE","CLAN DEL GOLFO"
"2021 Nov 03 12:00:00 AM","05","ANTIOQUIA","05361","ITUANGO","CLAN DEL GOLFO"
"2021 Nov 03 12:00:00 AM","05","ANTIOQUIA","05361","ITUANGO","CLAN DEL GOLFO"
"2021 Nov 03 12:00:00 AM","05","ANTIOQUIA","05361","ITUANGO","GAOR"
"2021 Nov 03 12:00:00 AM","05","ANTIOQUIA","05543","PEQUE","CLAN DEL GOLFO"
"2021 Nov 04 12:00:00 AM","76","VALLE DEL CAUCA","76001","CALI","GAOR"
"2021 Nov 05 12:00:00 AM","86","PUTUMAYO","86568","PUERTO ASIS","GAOR"
"2021 Nov 08 12:00:00 AM","27","CHOCO","27099","BOJAYA","CLAN DEL GOLFO"
"2021 Nov 08 12:00:00 AM","27","CHOCO","27099","BOJAYA","CLAN DEL GOLFO"
"2021 Nov 08 12:00:00 AM","27","CHOCO","27099","BOJAYA","CLAN DEL GOLFO"
"2021 Nov 08 12:00:00 AM","27","CHOCO","27099","BOJAYA","CLAN DEL GOLFO"
"2021 Nov 08 12:00:00 AM","27","CHOCO","27099","BOJAYA","CLAN DEL GOLFO"
"2021 Nov 08 12:00:00 AM","27","CHOCO","27099","BOJAYA","CLAN DEL GOLFO"
"2021 Nov 08 12:00:00 AM","76","VALLE DEL CAUCA","76834","TULUA","GAOR"
"2021 Nov 08 12:00:00 AM","52","NARIÑO","52835","SAN ANDRES DE TUMACO","GAOR"
"2021 Nov 09 12:00:00 AM","85","CASANARE","85001","YOPAL","GAOR"
"2021 Nov 10 12:00:00 AM","27","CHOCO","27099","BOJAYA","CLAN DEL GOLFO"
"2021 Nov 10 12:00:00 AM","27","CHOCO","27099","BOJAYA","CLAN DEL GOLFO"
"2021 Nov 10 12:00:00 AM","27","CHOCO","27099","BOJAYA","CLAN DEL GOLFO"
"2021 Nov 10 12:00:00 AM","27","CHOCO","27099","BOJAYA","CLAN DEL GOLFO"
"2021 Nov 10 12:00:00 AM","81","ARAUCA","81001","ARAUCA","GAOR"
"2021 Nov 11 12:00:00 AM","20","CESAR","20517","PAILITAS","CLAN DEL GOLFO"
"2021 Nov 11 12:00:00 AM","27","CHOCO","27099","BOJAYA","CLAN DEL GOLFO"
"2021 Nov 11 12:00:00 AM","27","CHOCO","27099","BOJAYA","CLAN DEL GOLFO"
"2021 Nov 12 12:00:00 AM","25","CUNDINAMARCA","25290","FUSAGASUGA","CLAN DEL GOLFO"
"2021 Nov 17 12:00:00 AM","19","CAUCA","19001","POPAYAN","GAOR"
"2021 Nov 17 12:00:00 AM","27","CHOCO","27099","BOJAYA","CLAN DEL GOLFO"
"2021 Nov 17 12:00:00 AM","54","NORTE DE SANTANDER","54001","CUCUTA","GAOR"
"2021 Nov 18 12:00:00 AM","19","CAUCA","19001","POPAYAN","GAOR"
"2021 Nov 18 12:00:00 AM","19","CAUCA","19001","POPAYAN","GAOR"
"2021 Nov 18 12:00:00 AM","54","NORTE DE SANTANDER","54498","OCAÑA","GAOR"
"2021 Nov 19 12:00:00 AM","11","BOGOTA D.C.","11001","BOGOTA D.C.","GAOR"
"2021 Nov 19 12:00:00 AM","52","NARIÑO","52612","RICAURTE","GAOR"
"2021 Nov 22 12:00:00 AM","19","CAUCA","19318","GUAPI","GAOR"
"2021 Nov 22 12:00:00 AM","19","CAUCA","19318","GUAPI","GAOR"
"2021 Nov 22 12:00:00 AM","19","CAUCA","19318","GUAPI","GAOR"
"2021 Nov 22 12:00:00 AM","19","CAUCA","19318","GUAPI","GAOR"
"2021 Nov 22 12:00:00 AM","19","CAUCA","19318","GUAPI","GAOR"
"2021 Nov 22 12:00:00 AM","19","CAUCA","19318","GUAPI","GAOR"
"2021 Nov 22 12:00:00 AM","19","CAUCA","19318","GUAPI","GAOR"
"2021 Nov 22 12:00:00 AM","19","CAUCA","19318","GUAPI","GAOR"
"2021 Nov 22 12:00:00 AM","19","CAUCA","19318","GUAPI","GAOR"
"2021 Nov 22 12:00:00 AM","19","CAUCA","19318","GUAPI","GAOR"
"2021 Nov 23 12:00:00 AM","52","NARIÑO","52835","SAN ANDRES DE TUMACO","GAOR"
"2021 Nov 30 12:00:00 AM","25","CUNDINAMARCA","25839","UBALA","CLAN DEL GOLFO"
"2021 Dec 01 12:00:00 AM","05","ANTIOQUIA","05873","VIGIA DEL FUERTE","CLAN DEL GOLFO"
"2021 Dec 01 12:00:00 AM","19","CAUCA","19573","PUERTO TEJADA","GAOR"
"2021 Dec 01 12:00:00 AM","05","ANTIOQUIA","05873","VIGIA DEL FUERTE","CLAN DEL GOLFO"
"2021 Dec 01 12:00:00 AM","18","CAQUETA","18150","CARTAGENA DEL CHAIRA","GAOR"
"2021 Dec 02 12:00:00 AM","27","CHOCO","27099","BOJAYA","CLAN DEL GOLFO"
"2021 Dec 02 12:00:00 AM","41","HUILA","41298","GARZON","GAOR"
"2021 Dec 03 12:00:00 AM","52","NARIÑO","52490","OLAYA HERRERA","GAOR"
"2021 Dec 03 12:00:00 AM","52","NARIÑO","52490","OLAYA HERRERA","GAOR"
"2021 Dec 03 12:00:00 AM","52","NARIÑO","52490","OLAYA HERRERA","GAOR"
"2021 Dec 03 12:00:00 AM","52","NARIÑO","52490","OLAYA HERRERA","GAOR"
"2021 Dec 03 12:00:00 AM","54","NORTE DE SANTANDER","54001","CUCUTA","PELUSOS"
"2021 Dec 06 12:00:00 AM","25","CUNDINAMARCA","25754","SOACHA","CLAN DEL GOLFO"
"2021 Dec 06 12:00:00 AM","05","ANTIOQUIA","05361","ITUANGO","CLAN DEL GOLFO"
"2021 Dec 07 12:00:00 AM","52","NARIÑO","52356","IPIALES","GAOR"
"2021 Dec 07 12:00:00 AM","20","CESAR","20001","VALLEDUPAR","GAOR"
"2021 Dec 13 12:00:00 AM","25","CUNDINAMARCA","25290","FUSAGASUGA","CLAN DEL GOLFO"
"2021 Dec 14 12:00:00 AM","25","CUNDINAMARCA","25290","FUSAGASUGA","GAOR"
"2021 Dec 14 12:00:00 AM","19","CAUCA","19256","EL TAMBO","GAOR"
"2021 Dec 15 12:00:00 AM","25","CUNDINAMARCA","25754","SOACHA","GAOR"
"2021 Dec 16 12:00:00 AM","68","SANTANDER","68755","SOCORRO","GAOR"
"2021 Dec 16 12:00:00 AM","52","NARIÑO","52835","SAN ANDRES DE TUMACO","GAOR"
"2021 Dec 16 12:00:00 AM","52","NARIÑO","52835","SAN ANDRES DE TUMACO","GAOR"
"2021 Dec 16 12:00:00 AM","52","NARIÑO","52835","SAN ANDRES DE TUMACO","GAOR"
"2021 Dec 16 12:00:00 AM","19","CAUCA","19573","PUERTO TEJADA","GAOR"
"2021 Dec 17 12:00:00 AM","13","BOLIVAR","13600","RIO VIEJO","CLAN DEL GOLFO"
"2021 Dec 20 12:00:00 AM","81","ARAUCA","81001","ARAUCA","GAOR"
"2021 Dec 21 12:00:00 AM","18","CAQUETA","18753","SAN VICENTE DEL CAGUAN","GAOR"
"2021 Dec 21 12:00:00 AM","73","TOLIMA","73616","RIOBLANCO","GAOR"
"2022 Jan 03 12:00:00 AM","27","CHOCO","27615","RIOSUCIO","CLAN DEL GOLFO"
"2022 Jan 03 12:00:00 AM","15","BOYACA","15759","SOGAMOSO","GAOR"
"2022 Jan 05 12:00:00 AM","19","CAUCA","19573","PUERTO TEJADA","GAOR"
"2022 Jan 12 12:00:00 AM","52","NARIÑO","52835","SAN ANDRES DE TUMACO","GAOR"
"2022 Jan 17 12:00:00 AM","18","CAQUETA","18756","SOLANO","GAOR"
"2022 Jan 18 12:00:00 AM","85","CASANARE","85001","YOPAL","GAOR"
"2022 Jan 20 12:00:00 AM","19","CAUCA","19050","ARGELIA","GAOR"
"2022 Jan 20 12:00:00 AM","19","CAUCA","19050","ARGELIA","GAOR"
"2022 Jan 20 12:00:00 AM","81","ARAUCA","81001","ARAUCA","GAOR"
"2022 Jan 21 12:00:00 AM","50","META","50711","VISTAHERMOSA","GAOR"
"2022 Jan 21 12:00:00 AM","50","META","50711","VISTAHERMOSA","GAOR"
"2022 Jan 21 12:00:00 AM","50","META","50711","VISTAHERMOSA","GAOR"
"2022 Jan 21 12:00:00 AM","50","META","50711","VISTAHERMOSA","GAOR"
"2022 Jan 25 12:00:00 AM","41","HUILA","41298","GARZON","GAOR"
"2022 Jan 25 12:00:00 AM","50","META","50711","VISTAHERMOSA","GAOR"
"2022 Jan 25 12:00:00 AM","52","NARIÑO","52356","IPIALES","GAOR"
"2022 Jan 25 12:00:00 AM","13","BOLIVAR","13688","SANTA ROSA DEL SUR","GAOR"
"2022 Jan 31 12:00:00 AM","25","CUNDINAMARCA","25754","SOACHA","GAOR"
"2022 Feb 01 12:00:00 AM","18","CAQUETA","18479","MORELIA","GAOR"
"2022 Feb 02 12:00:00 AM","81","ARAUCA","81736","SARAVENA","GAOR"
"2022 Feb 04 12:00:00 AM","63","QUINDIO","63302","GENOVA","GAOR"
"2022 Feb 04 12:00:00 AM","63","QUINDIO","63302","GENOVA","GAOR"
"2022 Feb 04 12:00:00 AM","63","QUINDIO","63302","GENOVA","GAOR"
"2022 Feb 09 12:00:00 AM","52","NARIÑO","52835","SAN ANDRES DE TUMACO","GAOR"
"2022 Feb 09 12:00:00 AM","52","NARIÑO","52835","SAN ANDRES DE TUMACO","GAOR"
"2022 Feb 09 12:00:00 AM","52","NARIÑO","52835","SAN ANDRES DE TUMACO","GAOR"
"2022 Feb 09 12:00:00 AM","18","CAQUETA","18785","SOLITA","GAOR"
"2022 Feb 09 12:00:00 AM","52","NARIÑO","52835","SAN ANDRES DE TUMACO","GAOR"
"2022 Feb 10 12:00:00 AM","11","BOGOTA D.C.","11001","BOGOTA D.C.","GAOR"
"2022 Feb 10 12:00:00 AM","05","ANTIOQUIA","05001","MEDELLIN","GAOR"
"2022 Feb 10 12:00:00 AM","11","BOGOTA D.C.","11001","BOGOTA D.C.","GAOR"
"2022 Feb 10 12:00:00 AM","05","ANTIOQUIA","05001","MEDELLIN","CLAN DEL GOLFO"
"2022 Feb 11 12:00:00 AM","18","CAQUETA","18753","SAN VICENTE DEL CAGUAN","GAOR"
"2022 Feb 11 12:00:00 AM","76","VALLE DEL CAUCA","76109","BUENAVENTURA","GAOR"
"2022 Feb 11 12:00:00 AM","76","VALLE DEL CAUCA","76109","BUENAVENTURA","GAOR"
"2022 Feb 11 12:00:00 AM","76","VALLE DEL CAUCA","76109","BUENAVENTURA","GAOR"
"2022 Feb 11 12:00:00 AM","76","VALLE DEL CAUCA","76109","BUENAVENTURA","GAOR"
"2022 Feb 11 12:00:00 AM","76","VALLE DEL CAUCA","76109","BUENAVENTURA","GAOR"
"2022 Feb 14 12:00:00 AM","52","NARIÑO","52835","SAN ANDRES DE TUMACO","GAOR"
"2022 Feb 14 12:00:00 AM","52","NARIÑO","52835","SAN ANDRES DE TUMACO","GAOR"
"2022 Feb 14 12:00:00 AM","52","NARIÑO","52835","SAN ANDRES DE TUMACO","GAOR"
"2022 Feb 14 12:00:00 AM","52","NARIÑO","52835","SAN ANDRES DE TUMACO","GAOR"
"2022 Feb 15 12:00:00 AM","27","CHOCO","27025","ALTO BAUDO","CLAN DEL GOLFO"
"2022 Feb 15 12:00:00 AM","25","CUNDINAMARCA","25488","NILO","GAOR"
"2022 Feb 16 12:00:00 AM","19","CAUCA","19573","PUERTO TEJADA","GAOR"
"2022 Feb 18 12:00:00 AM","54","NORTE DE SANTANDER","54498","OCAÑA","GAOR"
"2022 Feb 18 12:00:00 AM","05","ANTIOQUIA","05361","ITUANGO","CLAN DEL GOLFO"
"2022 Feb 18 12:00:00 AM","05","ANTIOQUIA","05361","ITUANGO","CLAN DEL GOLFO"
"2022 Feb 18 12:00:00 AM","81","ARAUCA","81001","ARAUCA","GAOR"
"2022 Feb 18 12:00:00 AM","27","CHOCO","27025","ALTO BAUDO","CLAN DEL GOLFO"
"2022 Feb 21 12:00:00 AM","18","CAQUETA","18592","PUERTO RICO","GAOR"
"2022 Feb 21 12:00:00 AM","76","VALLE DEL CAUCA","76001","CALI","GAOR"
"2022 Feb 22 12:00:00 AM","27","CHOCO","27025","ALTO BAUDO","CLAN DEL GOLFO"
"2022 Feb 22 12:00:00 AM","86","PUTUMAYO","86573","LEGUIZAMO","GAOR"
"2022 Feb 22 12:00:00 AM","76","VALLE DEL CAUCA","76109","BUENAVENTURA","GAOR"
"2022 Feb 23 12:00:00 AM","19","CAUCA","19001","POPAYAN","GAOR"
"2022 Feb 23 12:00:00 AM","11","BOGOTA D.C.","11001","BOGOTA D.C.","GAOR"
"2022 Feb 23 12:00:00 AM","19","CAUCA","19001","POPAYAN","GAOR"
"2022 Feb 24 12:00:00 AM","19","CAUCA","19001","POPAYAN","GAOR"
"2022 Feb 28 12:00:00 AM","27","CHOCO","27615","RIOSUCIO","CLAN DEL GOLFO"
"2022 Feb 28 12:00:00 AM","27","CHOCO","27800","UNGUIA","CLAN DEL GOLFO"
"2022 Mar 02 12:00:00 AM","19","CAUCA","19256","EL TAMBO","GAOR"
"2022 Mar 02 12:00:00 AM","52","NARIÑO","52490","OLAYA HERRERA","GAOR"
"2022 Mar 03 12:00:00 AM","85","CASANARE","85125","HATO COROZAL","GAOR"
"2022 Mar 03 12:00:00 AM","41","HUILA","41298","GARZON","GAOR"
"2022 Mar 03 12:00:00 AM","27","CHOCO","27001","QUIBDO","CLAN DEL GOLFO"
"2022 Mar 03 12:00:00 AM","27","CHOCO","27001","QUIBDO","CLAN DEL GOLFO"
"2022 Mar 03 12:00:00 AM","27","CHOCO","27025","ALTO BAUDO","CLAN DEL GOLFO"
"2022 Mar 03 12:00:00 AM","27","CHOCO","27001","QUIBDO","CLAN DEL GOLFO"
"2022 Mar 03 12:00:00 AM","27","CHOCO","27001","QUIBDO","CLAN DEL GOLFO"
"2022 Mar 03 12:00:00 AM","27","CHOCO","27001","QUIBDO","CLAN DEL GOLFO"
"2022 Mar 04 12:00:00 AM","81","ARAUCA","81794","TAME","GAOR"
"2022 Mar 07 12:00:00 AM","95","GUAVIARE","95001","SAN JOSE DEL GUAVIARE","GAOR"
"2022 Mar 08 12:00:00 AM","86","PUTUMAYO","86569","PUERTO CAICEDO","GAOR"
"2022 Mar 09 12:00:00 AM","76","VALLE DEL CAUCA","76111","GUADALAJARA DE BUGA","GAOR"
"2022 Mar 10 12:00:00 AM","11","BOGOTA D.C.","11001","BOGOTA D.C.","GAOR"
"2022 Mar 11 12:00:00 AM","76","VALLE DEL CAUCA","76001","CALI","GAOR"
"2022 Mar 14 12:00:00 AM","52","NARIÑO","52490","OLAYA HERRERA","GAOR"
"2022 Mar 14 12:00:00 AM","18","CAQUETA","18753","SAN VICENTE DEL CAGUAN","GAOR"
"2022 Mar 14 12:00:00 AM","25","CUNDINAMARCA","25297","GACHETA","GAOR"
"2022 Mar 14 12:00:00 AM","25","CUNDINAMARCA","25297","GACHETA","CLAN DEL GOLFO"
"2022 Mar 15 12:00:00 AM","19","CAUCA","19318","GUAPI","GAOR"
"2022 Mar 16 12:00:00 AM","81","ARAUCA","81065","ARAUQUITA","GAOR"
"2022 Mar 18 12:00:00 AM","19","CAUCA","19050","ARGELIA","GAOR"
"2022 Mar 18 12:00:00 AM","76","VALLE DEL CAUCA","76001","CALI","GAOR"
"2022 Mar 22 12:00:00 AM","05","ANTIOQUIA","05361","ITUANGO","CLAN DEL GOLFO"
"2022 Mar 22 12:00:00 AM","27","CHOCO","27491","NOVITA","CLAN DEL GOLFO"
"2022 Mar 22 12:00:00 AM","27","CHOCO","27491","NOVITA","CLAN DEL GOLFO"
"2022 Mar 22 12:00:00 AM","27","CHOCO","27491","NOVITA","CLAN DEL GOLFO"
"2022 Mar 23 12:00:00 AM","19","CAUCA","19001","POPAYAN","GAOR"
"2022 Mar 23 12:00:00 AM","05","ANTIOQUIA","05120","CACERES","CLAN DEL GOLFO"
"2022 Mar 23 12:00:00 AM","41","HUILA","41001","NEIVA","GAOR"
"2022 Mar 24 12:00:00 AM","63","QUINDIO","63001","ARMENIA","GAOR"
"2022 Mar 24 12:00:00 AM","63","QUINDIO","63001","ARMENIA","GAOR"
"2022 Mar 24 12:00:00 AM","18","CAQUETA","18753","SAN VICENTE DEL CAGUAN","GAOR"
"2022 Mar 24 12:00:00 AM","63","QUINDIO","63001","ARMENIA","GAOR"
"2022 Mar 25 12:00:00 AM","19","CAUCA","19573","PUERTO TEJADA","GAOR"
"2022 Mar 25 12:00:00 AM","11","BOGOTA D.C.","11001","BOGOTA D.C.","GAOR"
"2022 Mar 25 12:00:00 AM","05","ANTIOQUIA","05736","SEGOVIA","CLAN DEL GOLFO"
"2022 Mar 29 12:00:00 AM","19","CAUCA","19050","ARGELIA","GAOR"
"2022 Mar 31 12:00:00 AM","81","ARAUCA","81001","ARAUCA","GAOR"
"2022 Mar 31 12:00:00 AM","13","BOLIVAR","13600","RIO VIEJO","CLAN DEL GOLFO"
"2022 Apr 04 12:00:00 AM","27","CHOCO","27006","ACANDI","CLAN DEL GOLFO"
"2022 Apr 04 12:00:00 AM","27","CHOCO","27075","BAHIA SOLANO","CLAN DEL GOLFO"
"2022 Apr 04 12:00:00 AM","27","CHOCO","27075","BAHIA SOLANO","CLAN DEL GOLFO"
"2022 Apr 05 12:00:00 AM","27","CHOCO","27075","BAHIA SOLANO","CLAN DEL GOLFO"
"2022 Apr 07 12:00:00 AM","86","PUTUMAYO","86568","PUERTO ASIS","GAOR"
"2022 Apr 07 12:00:00 AM","52","NARIÑO","52835","SAN ANDRES DE TUMACO","GAOR"
"2022 Apr 08 12:00:00 AM","63","QUINDIO","63001","ARMENIA","GAOR"
"2022 Apr 08 12:00:00 AM","63","QUINDIO","63401","LA TEBAIDA","GAOR"
"2022 Apr 08 12:00:00 AM","11","BOGOTA D.C.","11001","BOGOTA D.C.","GAOR"
"2022 Apr 11 12:00:00 AM","19","CAUCA","19001","POPAYAN","GAOR"
"2022 Apr 12 12:00:00 AM","05","ANTIOQUIA","05001","MEDELLIN","CLAN DEL GOLFO"
"2022 Apr 13 12:00:00 AM","27","CHOCO","27025","ALTO BAUDO","CLAN DEL GOLFO"
"2022 Apr 13 12:00:00 AM","19","CAUCA","19573","PUERTO TEJADA","GAOR"
"2022 Apr 13 12:00:00 AM","27","CHOCO","27025","ALTO BAUDO","CLAN DEL GOLFO"
"2022 Apr 18 12:00:00 AM","41","HUILA","41298","GARZON","GAOR"
"2022 Apr 18 12:00:00 AM","52","NARIÑO","52001","PASTO","GAOR"
"2022 Apr 20 12:00:00 AM","11","BOGOTA D.C.","11001","BOGOTA D.C.","GAOR"
"2022 Apr 20 12:00:00 AM","25","CUNDINAMARCA","25488","NILO","CLAN DEL GOLFO"
"2022 Apr 21 12:00:00 AM","25","CUNDINAMARCA","25290","FUSAGASUGA","CLAN DEL GOLFO"
"2022 Apr 21 12:00:00 AM","25","CUNDINAMARCA","25290","FUSAGASUGA","CLAN DEL GOLFO"
"2022 Apr 22 12:00:00 AM","18","CAQUETA","18001","FLORENCIA","GAOR"
"2022 Apr 22 12:00:00 AM","18","CAQUETA","18001","FLORENCIA","GAOR"
"2022 Apr 22 12:00:00 AM","52","NARIÑO","52356","IPIALES","GAOR"
"2022 Apr 22 12:00:00 AM","52","NARIÑO","52835","SAN ANDRES DE TUMACO","GAOR"
"2022 Apr 22 12:00:00 AM","25","CUNDINAMARCA","25269","FACATATIVA","GAOR"
"2022 Apr 22 12:00:00 AM","52","NARIÑO","52356","IPIALES","GAOR"
"2022 Apr 25 12:00:00 AM","13","BOLIVAR","13074","BARRANCO DE LOBA","CLAN DEL GOLFO"
"2022 Apr 25 12:00:00 AM","13","BOLIVAR","13074","BARRANCO DE LOBA","CLAN DEL GOLFO"
"2022 Apr 25 12:00:00 AM","13","BOLIVAR","13074","BARRANCO DE LOBA","CLAN DEL GOLFO"
"2022 Apr 26 12:00:00 AM","05","ANTIOQUIA","05837","TURBO","CLAN DEL GOLFO"
"2022 Apr 29 12:00:00 AM","11","BOGOTA D.C.","11001","BOGOTA D.C.","GAOR"
"2022 Apr 29 12:00:00 AM","27","CHOCO","27001","QUIBDO","CLAN DEL GOLFO"
"2022 Apr 29 12:00:00 AM","41","HUILA","41551","PITALITO","GAOR"
"2022 May 02 12:00:00 AM","27","CHOCO","27615","RIOSUCIO","CLAN DEL GOLFO"
"2022 May 02 12:00:00 AM","27","CHOCO","27615","RIOSUCIO","CLAN DEL GOLFO"
"2022 May 02 12:00:00 AM","18","CAQUETA","18592","PUERTO RICO","GAOR"
"2022 May 03 12:00:00 AM","18","CAQUETA","18001","FLORENCIA","GAOR"
"2022 May 04 12:00:00 AM","13","BOLIVAR","13458","MONTECRISTO","CLAN DEL GOLFO"
"2022 May 05 12:00:00 AM","86","PUTUMAYO","86573","LEGUIZAMO","GAOR"
"2022 May 05 12:00:00 AM","27","CHOCO","27099","BOJAYA","CLAN DEL GOLFO"
"2022 May 05 12:00:00 AM","27","CHOCO","27099","BOJAYA","CLAN DEL GOLFO"
"2022 May 06 12:00:00 AM","25","CUNDINAMARCA","25488","NILO","CLAN DEL GOLFO"
"2022 May 06 12:00:00 AM","52","NARIÑO","52696","SANTA BARBARA","GAOR"
"2022 May 13 12:00:00 AM","19","CAUCA","19532","PATIA","GAOR"
"2022 May 13 12:00:00 AM","66","RISARALDA","66001","PEREIRA","GAOR"
"2022 May 13 12:00:00 AM","27","CHOCO","27495","NUQUI","CLAN DEL GOLFO"
"2022 May 17 12:00:00 AM","63","QUINDIO","63470","MONTENEGRO","GAOR"
"2022 May 17 12:00:00 AM","27","CHOCO","27006","ACANDI","CLAN DEL GOLFO"
"2022 May 18 12:00:00 AM","19","CAUCA","19573","PUERTO TEJADA","GAOR"
"2022 May 19 12:00:00 AM","27","CHOCO","27001","QUIBDO","CLAN DEL GOLFO"
"2022 May 19 12:00:00 AM","27","CHOCO","27001","QUIBDO","CLAN DEL GOLFO"
"2022 May 20 12:00:00 AM","86","PUTUMAYO","86568","PUERTO ASIS","GAOR"
"2022 May 23 12:00:00 AM","27","CHOCO","27025","ALTO BAUDO","CLAN DEL GOLFO"
"2022 May 24 12:00:00 AM","41","HUILA","41298","GARZON","GAOR"
"2022 May 25 12:00:00 AM","18","CAQUETA","18001","FLORENCIA","GAOR"
"2022 May 25 12:00:00 AM","54","NORTE DE SANTANDER","54001","CUCUTA","CLAN DEL GOLFO"
"2022 May 25 12:00:00 AM","54","NORTE DE SANTANDER","54001","CUCUTA","CLAN DEL GOLFO"
"2022 May 27 12:00:00 AM","05","ANTIOQUIA","05361","ITUANGO","CLAN DEL GOLFO"
"2022 May 27 12:00:00 AM","05","ANTIOQUIA","05361","ITUANGO","CLAN DEL GOLFO"
"2022 May 31 12:00:00 AM","19","CAUCA","19573","PUERTO TEJADA","GAOR"
"2022 May 31 12:00:00 AM","05","ANTIOQUIA","05172","CHIGORODO","CLAN DEL GOLFO"
"2022 May 31 12:00:00 AM","85","CASANARE","85001","YOPAL","GAOR"
"2022 Jun 01 12:00:00 AM","05","ANTIOQUIA","05842","URAMITA","CLAN DEL GOLFO"
"2022 Jun 01 12:00:00 AM","81","ARAUCA","81794","TAME","GAOR"
"2022 Jun 01 12:00:00 AM","05","ANTIOQUIA","05001","MEDELLIN","CLAN DEL GOLFO"
"2022 Jun 02 12:00:00 AM","27","CHOCO","27025","ALTO BAUDO","CLAN DEL GOLFO"
"2022 Jun 02 12:00:00 AM","18","CAQUETA","18001","FLORENCIA","GAOR"
"2022 Jun 02 12:00:00 AM","95","GUAVIARE","95015","CALAMAR","GAOR"
"2022 Jun 03 12:00:00 AM","52","NARIÑO","52250","EL CHARCO","GAOR"
"2022 Jun 03 12:00:00 AM","52","NARIÑO","52356","IPIALES","GAOR"
"2022 Jun 03 12:00:00 AM","27","CHOCO","27025","ALTO BAUDO","CLAN DEL GOLFO"
"2022 Jun 03 12:00:00 AM","19","CAUCA","19256","EL TAMBO","GAOR"
"2022 Jun 03 12:00:00 AM","73","TOLIMA","73067","ATACO","GAOR"
"2022 Jun 03 12:00:00 AM","13","BOLIVAR","13688","SANTA ROSA DEL SUR","CLAN DEL GOLFO"
"2022 Jun 03 12:00:00 AM","11","BOGOTA D.C.","11001","BOGOTA D.C.","CLAN DEL GOLFO"
"2022 Jun 06 12:00:00 AM","25","CUNDINAMARCA","25290","FUSAGASUGA","GAOR"
"2022 Jun 06 12:00:00 AM","25","CUNDINAMARCA","25290","FUSAGASUGA","GAOR"
"2022 Jun 06 12:00:00 AM","85","CASANARE","85001","YOPAL","GAOR"
"2022 Jun 06 12:00:00 AM","27","CHOCO","27025","ALTO BAUDO","CLAN DEL GOLFO"
"2022 Jun 06 12:00:00 AM","18","CAQUETA","18001","FLORENCIA","GAOR"
"2022 Jun 07 12:00:00 AM","27","CHOCO","27099","BOJAYA","CLAN DEL GOLFO"
"2022 Jun 07 12:00:00 AM","50","META","50001","VILLAVICENCIO","GAOR"
"2022 Jun 09 12:00:00 AM","50","META","50001","VILLAVICENCIO","GAOR"
"2022 Jun 13 12:00:00 AM","25","CUNDINAMARCA","25290","FUSAGASUGA","GAOR"
"2022 Jun 13 12:00:00 AM","11","BOGOTA D.C.","11001","BOGOTA D.C.","GAOR"
"2022 Jun 13 12:00:00 AM","18","CAQUETA","18753","SAN VICENTE DEL CAGUAN","GAOR"
"2022 Jun 14 12:00:00 AM","25","CUNDINAMARCA","25269","FACATATIVA","GAOR"
"2022 Jun 14 12:00:00 AM","05","ANTIOQUIA","05361","ITUANGO","CLAN DEL GOLFO"
"2022 Jun 17 12:00:00 AM","85","CASANARE","85001","YOPAL","GAOR"
"2022 Jun 17 12:00:00 AM","76","VALLE DEL CAUCA","76109","BUENAVENTURA","CLAN DEL GOLFO"
"2022 Jun 21 12:00:00 AM","05","ANTIOQUIA","05579","PUERTO BERRIO","GAOR"
"2022 Jun 21 12:00:00 AM","05","ANTIOQUIA","05490","NECOCLI","CLAN DEL GOLFO"
"2022 Jun 21 12:00:00 AM","05","ANTIOQUIA","05120","CACERES","CLAN DEL GOLFO"
"2022 Jun 22 12:00:00 AM","52","NARIÑO","52001","PASTO","GAOR"
"2022 Jun 22 12:00:00 AM","27","CHOCO","27025","ALTO BAUDO","CLAN DEL GOLFO"
"2022 Jun 23 12:00:00 AM","41","HUILA","41298","GARZON","GAOR"
"2022 Jun 23 12:00:00 AM","47","MAGDALENA","47001","SANTA MARTA","CLAN DEL GOLFO"
"2022 Jun 24 12:00:00 AM","95","GUAVIARE","95001","SAN JOSE DEL GUAVIARE","GAOR"
"2022 Jun 28 12:00:00 AM","50","META","50001","VILLAVICENCIO","GAOR"
"2022 Jun 28 12:00:00 AM","27","CHOCO","27025","ALTO BAUDO","CLAN DEL GOLFO"
"2022 Jun 28 12:00:00 AM","27","CHOCO","27745","SIPI","CLAN DEL GOLFO"
"2022 Jun 29 12:00:00 AM","27","CHOCO","27810","UNION PANAMERICANA","CLAN DEL GOLFO"
"2022 Jun 30 12:00:00 AM","20","CESAR","20001","VALLEDUPAR","CLAN DEL GOLFO"
"2022 Jun 30 12:00:00 AM","20","CESAR","20001","VALLEDUPAR","CLAN DEL GOLFO"
"2022 Jul 01 12:00:00 AM","11","BOGOTA D.C.","11001","BOGOTA D.C.","GAOR"
"2022 Jul 01 12:00:00 AM","95","GUAVIARE","95001","SAN JOSE DEL GUAVIARE","GAOR"
"2022 Jul 05 12:00:00 AM","52","NARIÑO","52356","IPIALES","GAOR"
"2022 Jul 06 12:00:00 AM","27","CHOCO","27025","ALTO BAUDO","CLAN DEL GOLFO"
"2022 Jul 11 12:00:00 AM","19","CAUCA","19256","EL TAMBO","GAOR"
"2022 Jul 13 12:00:00 AM","13","BOLIVAR","13688","SANTA ROSA DEL SUR","GAOR"
"2022 Jul 13 12:00:00 AM","95","GUAVIARE","95015","CALAMAR","GAOR"
"2022 Jul 13 12:00:00 AM","05","ANTIOQUIA","05120","CACERES","CLAN DEL GOLFO"
"2022 Jul 18 12:00:00 AM","18","CAQUETA","18753","SAN VICENTE DEL CAGUAN","GAOR"
"2022 Jul 18 12:00:00 AM","20","CESAR","20001","VALLEDUPAR","CLAN DEL GOLFO"
"2022 Jul 18 12:00:00 AM","20","CESAR","20001","VALLEDUPAR","CLAN DEL GOLFO"
"2022 Jul 18 12:00:00 AM","19","CAUCA","19809","TIMBIQUI","GAOR"
"2022 Jul 19 12:00:00 AM","11","BOGOTA D.C.","11001","BOGOTA D.C.","GAOR"
"2022 Jul 19 12:00:00 AM","52","NARIÑO","52835","SAN ANDRES DE TUMACO","GAOR"
"2022 Jul 19 12:00:00 AM","11","BOGOTA D.C.","11001","BOGOTA D.C.","GAOR"
"2022 Jul 21 12:00:00 AM","05","ANTIOQUIA","05001","MEDELLIN","CLAN DEL GOLFO"
"2022 Jul 21 12:00:00 AM","27","CHOCO","27615","RIOSUCIO","CLAN DEL GOLFO"
"2022 Jul 22 12:00:00 AM","73","TOLIMA","73067","ATACO","GAOR"
"2022 Jul 22 12:00:00 AM","73","TOLIMA","73067","ATACO","GAOR"
"2022 Jul 25 12:00:00 AM","81","ARAUCA","81591","PUERTO RONDON","GAOR"
"2022 Jul 25 12:00:00 AM","05","ANTIOQUIA","05790","TARAZA","CLAN DEL GOLFO"
"2022 Jul 25 12:00:00 AM","81","ARAUCA","81591","PUERTO RONDON","GAOR"
"2022 Jul 25 12:00:00 AM","27","CHOCO","27615","RIOSUCIO","CLAN DEL GOLFO"
"2022 Jul 26 12:00:00 AM","19","CAUCA","19573","PUERTO TEJADA","GAOR"
"2022 Jul 26 12:00:00 AM","19","CAUCA","19573","PUERTO TEJADA","GAOR"
"2022 Jul 27 12:00:00 AM","76","VALLE DEL CAUCA","76834","TULUA","GAOR"
"2022 Jul 27 12:00:00 AM","54","NORTE DE SANTANDER","54498","OCAÑA","GAOR"
"2022 Jul 27 12:00:00 AM","27","CHOCO","27025","ALTO BAUDO","CLAN DEL GOLFO"
"2022 Jul 28 12:00:00 AM","05","ANTIOQUIA","05040","ANORI","GAOR"
"2022 Jul 28 12:00:00 AM","05","ANTIOQUIA","05854","VALDIVIA","CLAN DEL GOLFO"
"2022 Jul 28 12:00:00 AM","50","META","50001","VILLAVICENCIO","GAOR"
"2022 Jul 29 12:00:00 AM","19","CAUCA","19001","POPAYAN","GAOR"
"2022 Aug 01 12:00:00 AM","81","ARAUCA","81736","SARAVENA","GAOR"
"2022 Aug 02 12:00:00 AM","19","CAUCA","19050","ARGELIA","GAOR"
"2022 Aug 02 12:00:00 AM","23","CORDOBA","23001","MONTERIA","CLAN DEL GOLFO"
"2022 Aug 02 12:00:00 AM","19","CAUCA","19050","ARGELIA","GAOR"
"2022 Aug 04 12:00:00 AM","05","ANTIOQUIA","05250","EL BAGRE","CLAN DEL GOLFO"
"2022 Aug 04 12:00:00 AM","05","ANTIOQUIA","05250","EL BAGRE","CLAN DEL GOLFO"
"2022 Aug 08 12:00:00 AM","19","CAUCA","19001","POPAYAN","GAOR"
"2022 Aug 08 12:00:00 AM","85","CASANARE","85001","YOPAL","GAOR"
"2022 Aug 08 12:00:00 AM","68","SANTANDER","68575","PUERTO WILCHES","CLAN DEL GOLFO"
"2022 Aug 09 12:00:00 AM","81","ARAUCA","81736","SARAVENA","GAOR"
"2022 Aug 09 12:00:00 AM","54","NORTE DE SANTANDER","54001","CUCUTA","CLAN DEL GOLFO"
"2022 Aug 11 12:00:00 AM","54","NORTE DE SANTANDER","54001","CUCUTA","GAOR"
"2022 Aug 17 12:00:00 AM","18","CAQUETA","18001","FLORENCIA","GAOR"
"2022 Aug 17 12:00:00 AM","52","NARIÑO","52356","IPIALES","GAOR"
"2022 Aug 26 12:00:00 AM","19","CAUCA","19001","POPAYAN","GAOR"
"2022 Aug 26 12:00:00 AM","19","CAUCA","19001","POPAYAN","GAOR"
"2022 Aug 26 12:00:00 AM","27","CHOCO","27077","BAJO BAUDO","CLAN DEL GOLFO"
"2022 Aug 26 12:00:00 AM","47","MAGDALENA","47245","EL BANCO","CLAN DEL GOLFO"
"2022 Aug 26 12:00:00 AM","50","META","50001","VILLAVICENCIO","CLAN DEL GOLFO"
"2022 Aug 26 12:00:00 AM","13","BOLIVAR","13688","SANTA ROSA DEL SUR","CLAN DEL GOLFO"
"2022 Aug 29 12:00:00 AM","52","NARIÑO","52612","RICAURTE","GAOR"
"2022 Aug 29 12:00:00 AM","27","CHOCO","27099","BOJAYA","CLAN DEL GOLFO"
"2022 Aug 29 12:00:00 AM","27","CHOCO","27001","QUIBDO","CLAN DEL GOLFO"
"2022 Aug 29 12:00:00 AM","27","CHOCO","27001","QUIBDO","CLAN DEL GOLFO"
"2022 Aug 29 12:00:00 AM","27","CHOCO","27001","QUIBDO","CLAN DEL GOLFO"
"2022 Aug 30 12:00:00 AM","52","NARIÑO","52835","SAN ANDRES DE TUMACO","GAOR"
"2022 Aug 30 12:00:00 AM","68","SANTANDER","68575","PUERTO WILCHES","CLAN DEL GOLFO"
"2022 Aug 31 12:00:00 AM","19","CAUCA","19110","BUENOS AIRES","GAOR"
"2022 Aug 31 12:00:00 AM","52","NARIÑO","52356","IPIALES","GAOR"
"2022 Aug 31 12:00:00 AM","52","NARIÑO","52356","IPIALES","GAOR"
"2022 Aug 31 12:00:00 AM","81","ARAUCA","81001","ARAUCA","GAOR"
"2022 Aug 31 12:00:00 AM","41","HUILA","41298","GARZON","GAOR"
"2022 Aug 31 12:00:00 AM","52","NARIÑO","52490","OLAYA HERRERA","GAOR"
"2022 Aug 31 12:00:00 AM","54","NORTE DE SANTANDER","54001","CUCUTA","GAOR"
"2022 Sep 01 12:00:00 AM","76","VALLE DEL CAUCA","76001","CALI","GAOR"
"2022 Sep 01 12:00:00 AM","76","VALLE DEL CAUCA","76001","CALI","GAOR"
"2022 Sep 01 12:00:00 AM","76","VALLE DEL CAUCA","76001","CALI","GAOR"
"2022 Sep 01 12:00:00 AM","76","VALLE DEL CAUCA","76001","CALI","GAOR"
"2022 Sep 01 12:00:00 AM","76","VALLE DEL CAUCA","76001","CALI","GAOR"
"2022 Sep 01 12:00:00 AM","76","VALLE DEL CAUCA","76001","CALI","GAOR"
"2022 Sep 01 12:00:00 AM","68","SANTANDER","68755","SOCORRO","GAOR"
"2022 Sep 01 12:00:00 AM","19","CAUCA","19001","POPAYAN","GAOR"
"2022 Sep 02 12:00:00 AM","41","HUILA","41001","NEIVA","GAOR"
"2022 Sep 02 12:00:00 AM","41","HUILA","41001","NEIVA","GAOR"
"2022 Sep 02 12:00:00 AM","41","HUILA","41020","ALGECIRAS","GAOR"
"2022 Sep 02 12:00:00 AM","85","CASANARE","85001","YOPAL","CLAN DEL GOLFO"
"2022 Sep 05 12:00:00 AM","95","GUAVIARE","95200","MIRAFLORES","GAOR"
"2022 Sep 05 12:00:00 AM","05","ANTIOQUIA","05034","ANDES","CLAN DEL GOLFO"
"2022 Sep 05 12:00:00 AM","85","CASANARE","85250","PAZ DE ARIPORO","GAOR"
"2022 Sep 06 12:00:00 AM","18","CAQUETA","18001","FLORENCIA","GAOR"
"2022 Sep 06 12:00:00 AM","27","CHOCO","27099","BOJAYA","CLAN DEL GOLFO"
"2022 Sep 07 12:00:00 AM","73","TOLIMA","73349","HONDA","GAOR"
"2022 Sep 07 12:00:00 AM","27","CHOCO","27077","BAJO BAUDO","CLAN DEL GOLFO"
"2022 Sep 08 12:00:00 AM","05","ANTIOQUIA","05490","NECOCLI","CLAN DEL GOLFO"
"2022 Sep 08 12:00:00 AM","52","NARIÑO","52490","OLAYA HERRERA","GAOR"
"2022 Sep 08 12:00:00 AM","05","ANTIOQUIA","05490","NECOCLI","CLAN DEL GOLFO"
"2022 Sep 08 12:00:00 AM","52","NARIÑO","52490","OLAYA HERRERA","GAOR"
"2022 Sep 09 12:00:00 AM","11","BOGOTA D.C.","11001","BOGOTA D.C.","GAOR"
"2022 Sep 12 12:00:00 AM","19","CAUCA","19001","POPAYAN","GAOR"
"2022 Sep 12 12:00:00 AM","19","CAUCA","19256","EL TAMBO","GAOR"
"2022 Sep 12 12:00:00 AM","19","CAUCA","19256","EL TAMBO","GAOR"
"2022 Sep 13 12:00:00 AM","76","VALLE DEL CAUCA","76001","CALI","GAOR"
"2022 Sep 13 12:00:00 AM","13","BOLIVAR","13688","SANTA ROSA DEL SUR","CLAN DEL GOLFO"
"2022 Sep 15 12:00:00 AM","76","VALLE DEL CAUCA","76001","CALI","GAOR"
"2022 Sep 15 12:00:00 AM","68","SANTANDER","68081","BARRANCABERMEJA","GAOR"
"2022 Sep 19 12:00:00 AM","18","CAQUETA","18001","FLORENCIA","GAOR"
"2022 Sep 19 12:00:00 AM","05","ANTIOQUIA","05658","SAN JOSE DE LA MONTAÑA","CLAN DEL GOLFO"
"2022 Sep 19 12:00:00 AM","97","VAUPES","97001","MITU","GAOR"
"2022 Sep 19 12:00:00 AM","18","CAQUETA","18001","FLORENCIA","GAOR"
"2022 Sep 19 12:00:00 AM","76","VALLE DEL CAUCA","76109","BUENAVENTURA","CLAN DEL GOLFO"
"2022 Sep 20 12:00:00 AM","52","NARIÑO","52885","YACUANQUER","GAOR"
"2022 Sep 20 12:00:00 AM","76","VALLE DEL CAUCA","76109","BUENAVENTURA","GAOR"
"2022 Sep 20 12:00:00 AM","76","VALLE DEL CAUCA","76109","BUENAVENTURA","GAOR"
"2022 Sep 21 12:00:00 AM","18","CAQUETA","18001","FLORENCIA","GAOR"
"2022 Sep 21 12:00:00 AM","54","NORTE DE SANTANDER","54810","TIBU","GAOR"
"2022 Sep 22 12:00:00 AM","52","NARIÑO","52079","BARBACOAS","GAOR"
"2022 Sep 22 12:00:00 AM","20","CESAR","20001","VALLEDUPAR","CLAN DEL GOLFO"
"2022 Sep 23 12:00:00 AM","18","CAQUETA","18001","FLORENCIA","GAOR"
"2022 Sep 23 12:00:00 AM","86","PUTUMAYO","86885","VILLAGARZON","GAOR"
"2022 Sep 23 12:00:00 AM","85","CASANARE","85001","YOPAL","GAOR"
"2022 Sep 23 12:00:00 AM","41","HUILA","41001","NEIVA","GAOR"
"2022 Sep 23 12:00:00 AM","41","HUILA","41001","NEIVA","GAOR"
"2022 Sep 26 12:00:00 AM","19","CAUCA","19256","EL TAMBO","GAOR"
"2022 Sep 26 12:00:00 AM","27","CHOCO","27361","ISTMINA","CLAN DEL GOLFO"
"2022 Sep 27 12:00:00 AM","05","ANTIOQUIA","05790","TARAZA","CLAN DEL GOLFO"
"2022 Sep 27 12:00:00 AM","05","ANTIOQUIA","05854","VALDIVIA","CLAN DEL GOLFO"
"2022 Sep 27 12:00:00 AM","19","CAUCA","19573","PUERTO TEJADA","GAOR"
"2022 Sep 27 12:00:00 AM","19","CAUCA","19573","PUERTO TEJADA","GAOR"
"2022 Sep 27 12:00:00 AM","27","CHOCO","27099","BOJAYA","CLAN DEL GOLFO"
"2022 Sep 27 12:00:00 AM","13","BOLIVAR","13160","CANTAGALLO","GAOR"
"2022 Sep 27 12:00:00 AM","18","CAQUETA","18592","PUERTO RICO","GAOR"
"2022 Sep 29 12:00:00 AM","05","ANTIOQUIA","05854","VALDIVIA","CLAN DEL GOLFO"
"2022 Sep 29 12:00:00 AM","27","CHOCO","27001","QUIBDO","CLAN DEL GOLFO"
"2022 Sep 29 12:00:00 AM","25","CUNDINAMARCA","25269","FACATATIVA","CLAN DEL GOLFO"
"2022 Oct 03 12:00:00 AM","73","TOLIMA","73555","PLANADAS","GAOR"
"2022 Oct 03 12:00:00 AM","41","HUILA","41001","NEIVA","GAOR"
"2022 Oct 05 12:00:00 AM","73","TOLIMA","73001","IBAGUE","GAOR"
"2022 Oct 05 12:00:00 AM","25","CUNDINAMARCA","25290","FUSAGASUGA","GAOR"
"2022 Oct 05 12:00:00 AM","52","NARIÑO","52001","PASTO","GAOR"
"2022 Oct 06 12:00:00 AM","27","CHOCO","27361","ISTMINA","CLAN DEL GOLFO"
"2022 Oct 07 12:00:00 AM","27","CHOCO","27361","ISTMINA","CLAN DEL GOLFO"
"2022 Oct 10 12:00:00 AM","13","BOLIVAR","13688","SANTA ROSA DEL SUR","CLAN DEL GOLFO"
"2022 Oct 10 12:00:00 AM","13","BOLIVAR","13688","SANTA ROSA DEL SUR","CLAN DEL GOLFO"
"2022 Oct 10 12:00:00 AM","05","ANTIOQUIA","05001","MEDELLIN","CLAN DEL GOLFO"
"2022 Oct 10 12:00:00 AM","85","CASANARE","85410","TAURAMENA","GAOR"
"2022 Oct 11 12:00:00 AM","05","ANTIOQUIA","05790","TARAZA","CLAN DEL GOLFO"
"2022 Oct 11 12:00:00 AM","05","ANTIOQUIA","05790","TARAZA","CLAN DEL GOLFO"
"2022 Oct 12 12:00:00 AM","05","ANTIOQUIA","05647","SAN ANDRES DE CUERQUIA","CLAN DEL GOLFO"
"2022 Oct 13 12:00:00 AM","52","NARIÑO","52490","OLAYA HERRERA","GAOR"
"2022 Oct 13 12:00:00 AM","52","NARIÑO","52490","OLAYA HERRERA","GAOR"
"2022 Oct 13 12:00:00 AM","76","VALLE DEL CAUCA","76001","CALI","GAOR"
"2022 Oct 14 12:00:00 AM","52","NARIÑO","52490","OLAYA HERRERA","GAOR"
"2022 Oct 14 12:00:00 AM","95","GUAVIARE","95001","SAN JOSE DEL GUAVIARE","GAOR"
"2022 Oct 14 12:00:00 AM","27","CHOCO","27099","BOJAYA","CLAN DEL GOLFO"
"2022 Oct 20 12:00:00 AM","50","META","50001","VILLAVICENCIO","GAOR"
"2022 Oct 20 12:00:00 AM","50","META","50001","VILLAVICENCIO","GAOR"
"2022 Oct 21 12:00:00 AM","50","META","50001","VILLAVICENCIO","CLAN DEL GOLFO"
"2022 Oct 24 12:00:00 AM","18","CAQUETA","18001","FLORENCIA","GAOR"
"2022 Oct 24 12:00:00 AM","68","SANTANDER","68081","BARRANCABERMEJA","CLAN DEL GOLFO"
"2022 Oct 25 12:00:00 AM","18","CAQUETA","18001","FLORENCIA","GAOR"
"2022 Oct 25 12:00:00 AM","19","CAUCA","19573","PUERTO TEJADA","GAOR"
"2022 Oct 28 12:00:00 AM","27","CHOCO","27361","ISTMINA","CLAN DEL GOLFO"
"2022 Oct 28 12:00:00 AM","50","META","50330","MESETAS","GAOR"
"2022 Nov 01 12:00:00 AM","54","NORTE DE SANTANDER","54810","TIBU","GAOR"
"2022 Nov 03 12:00:00 AM","05","ANTIOQUIA","05736","SEGOVIA","GAOR"
"2022 Nov 03 12:00:00 AM","05","ANTIOQUIA","05736","SEGOVIA","GAOR"
"2022 Nov 03 12:00:00 AM","27","CHOCO","27025","ALTO BAUDO","CLAN DEL GOLFO"
"2022 Nov 04 12:00:00 AM","13","BOLIVAR","13670","SAN PABLO","CLAN DEL GOLFO"
"2022 Nov 04 12:00:00 AM","68","SANTANDER","68081","BARRANCABERMEJA","GAOR"
"2022 Nov 10 12:00:00 AM","52","NARIÑO","52001","PASTO","GAOR"
"2022 Nov 10 12:00:00 AM","76","VALLE DEL CAUCA","76001","CALI","GAOR"
"2022 Nov 10 12:00:00 AM","76","VALLE DEL CAUCA","76109","BUENAVENTURA","CLAN DEL GOLFO"
"2022 Nov 11 12:00:00 AM","68","SANTANDER","68001","BUCARAMANGA","GAOR"
"2022 Nov 15 12:00:00 AM","11","BOGOTA D.C.","11001","BOGOTA D.C.","GAOR"
"2022 Nov 15 12:00:00 AM","11","BOGOTA D.C.","11001","BOGOTA D.C.","GAOR"
"2022 Nov 15 12:00:00 AM","05","ANTIOQUIA","05172","CHIGORODO","CLAN DEL GOLFO"
"2022 Nov 15 12:00:00 AM","52","NARIÑO","52356","IPIALES","GAOR"
"2022 Nov 15 12:00:00 AM","19","CAUCA","19001","POPAYAN","GAOR"
"2022 Nov 16 12:00:00 AM","25","CUNDINAMARCA","25269","FACATATIVA","GAOR"
"2022 Nov 17 12:00:00 AM","19","CAUCA","19364","JAMBALO","GAOR"
"2022 Nov 17 12:00:00 AM","19","CAUCA","19001","POPAYAN","GAOR"
"2022 Nov 17 12:00:00 AM","52","NARIÑO","52835","SAN ANDRES DE TUMACO","GAOR"
"2022 Nov 21 12:00:00 AM","19","CAUCA","19075","BALBOA","GAOR"
"2022 Nov 21 12:00:00 AM","19","CAUCA","19075","BALBOA","GAOR"
"2022 Nov 21 12:00:00 AM","19","CAUCA","19573","PUERTO TEJADA","GAOR"
"2022 Nov 21 12:00:00 AM","19","CAUCA","19573","PUERTO TEJADA","GAOR"
"2022 Nov 21 12:00:00 AM","52","NARIÑO","52490","OLAYA HERRERA","GAOR"
"2022 Nov 21 12:00:00 AM","19","CAUCA","19075","BALBOA","GAOR"
"2022 Nov 21 12:00:00 AM","19","CAUCA","19573","PUERTO TEJADA","GAOR"
"2022 Nov 22 12:00:00 AM","52","NARIÑO","52250","EL CHARCO","GAOR"
"2022 Nov 22 12:00:00 AM","05","ANTIOQUIA","05120","CACERES","CLAN DEL GOLFO"
"2022 Nov 22 12:00:00 AM","19","CAUCA","19001","POPAYAN","GAOR"
"2022 Nov 23 12:00:00 AM","13","BOLIVAR","13810","TIQUISIO","CLAN DEL GOLFO"
"2022 Nov 24 12:00:00 AM","11","BOGOTA D.C.","11001","BOGOTA D.C.","GAOR"
"2022 Nov 25 12:00:00 AM","18","CAQUETA","18001","FLORENCIA","GAOR"
"2022 Nov 28 12:00:00 AM","85","CASANARE","85250","PAZ DE ARIPORO","GAOR"
"2022 Nov 28 12:00:00 AM","05","ANTIOQUIA","05001","MEDELLIN","CLAN DEL GOLFO"
"2022 Nov 28 12:00:00 AM","05","ANTIOQUIA","05001","MEDELLIN","CLAN DEL GOLFO"
"2022 Nov 28 12:00:00 AM","05","ANTIOQUIA","05001","MEDELLIN","CLAN DEL GOLFO"
"2022 Nov 29 12:00:00 AM","19","CAUCA","19392","LA SIERRA","GAOR"
"2022 Nov 29 12:00:00 AM","19","CAUCA","19392","LA SIERRA","GAOR"
"2022 Nov 29 12:00:00 AM","19","CAUCA","19001","POPAYAN","GAOR"
"2022 Nov 29 12:00:00 AM","19","CAUCA","19622","ROSAS","GAOR"
"2022 Nov 29 12:00:00 AM","41","HUILA","41551","PITALITO","GAOR"
"2022 Nov 30 12:00:00 AM","05","ANTIOQUIA","05001","MEDELLIN","CLAN DEL GOLFO"
"2022 Nov 30 12:00:00 AM","05","ANTIOQUIA","05147","CAREPA","CLAN DEL GOLFO"
"2022 Nov 30 12:00:00 AM","05","ANTIOQUIA","05147","CAREPA","CLAN DEL GOLFO"
"2022 Nov 30 12:00:00 AM","05","ANTIOQUIA","05147","CAREPA","CLAN DEL GOLFO"
"2022 Nov 30 12:00:00 AM","85","CASANARE","85001","YOPAL","GAOR"
"2022 Nov 30 12:00:00 AM","13","BOLIVAR","13030","ALTOS DEL ROSARIO","CLAN DEL GOLFO"
"2022 Nov 30 12:00:00 AM","13","BOLIVAR","13430","MAGANGUE","CLAN DEL GOLFO"
"2022 Dec 01 12:00:00 AM","19","CAUCA","19001","POPAYAN","GAOR"
"2022 Dec 01 12:00:00 AM","05","ANTIOQUIA","05120","CACERES","CLAN DEL GOLFO"
"2022 Dec 01 12:00:00 AM","05","ANTIOQUIA","05790","TARAZA","CLAN DEL GOLFO"
"2022 Dec 02 12:00:00 AM","19","CAUCA","19001","POPAYAN","GAOR"
"2022 Dec 02 12:00:00 AM","19","CAUCA","19001","POPAYAN","GAOR"
"2022 Dec 02 12:00:00 AM","19","CAUCA","19001","POPAYAN","GAOR"
"2022 Dec 02 12:00:00 AM","19","CAUCA","19001","POPAYAN","GAOR"
"2022 Dec 02 12:00:00 AM","27","CHOCO","27615","RIOSUCIO","CLAN DEL GOLFO"
"2022 Dec 02 12:00:00 AM","27","CHOCO","27025","ALTO BAUDO","CLAN DEL GOLFO"
"2022 Dec 05 12:00:00 AM","18","CAQUETA","18001","FLORENCIA","GAOR"
"2022 Dec 05 12:00:00 AM","19","CAUCA","19001","POPAYAN","GAOR"
"2022 Dec 05 12:00:00 AM","19","CAUCA","19001","POPAYAN","GAOR"
"2022 Dec 05 12:00:00 AM","19","CAUCA","19001","POPAYAN","GAOR"
"2022 Dec 05 12:00:00 AM","19","CAUCA","19001","POPAYAN","GAOR"
"2022 Dec 05 12:00:00 AM","19","CAUCA","19573","PUERTO TEJADA","GAOR"
"2022 Dec 05 12:00:00 AM","05","ANTIOQUIA","05250","EL BAGRE","CLAN DEL GOLFO"
"2022 Dec 05 12:00:00 AM","27","CHOCO","27025","ALTO BAUDO","CLAN DEL GOLFO"
"2022 Dec 05 12:00:00 AM","19","CAUCA","19001","POPAYAN","GAOR"
"2022 Dec 05 12:00:00 AM","05","ANTIOQUIA","05250","EL BAGRE","CLAN DEL GOLFO"
"2022 Dec 06 12:00:00 AM","86","PUTUMAYO","86573","LEGUIZAMO","GAOR"
"2022 Dec 07 12:00:00 AM","05","ANTIOQUIA","05001","MEDELLIN","CLAN DEL GOLFO"
"2022 Dec 09 12:00:00 AM","19","CAUCA","19001","POPAYAN","GAOR"
"2022 Dec 12 12:00:00 AM","05","ANTIOQUIA","05120","CACERES","GAOR"
"2022 Dec 12 12:00:00 AM","81","ARAUCA","81794","TAME","GAOR"
"2022 Dec 12 12:00:00 AM","05","ANTIOQUIA","05120","CACERES","GAOR"
"2022 Dec 13 12:00:00 AM","52","NARIÑO","52835","SAN ANDRES DE TUMACO","GAOR"
"2022 Dec 13 12:00:00 AM","52","NARIÑO","52835","SAN ANDRES DE TUMACO","GAOR"
"2022 Dec 13 12:00:00 AM","52","NARIÑO","52835","SAN ANDRES DE TUMACO","GAOR"
"2022 Dec 13 12:00:00 AM","13","BOLIVAR","13688","SANTA ROSA DEL SUR","GAOR"
"2022 Dec 14 12:00:00 AM","50","META","50001","VILLAVICENCIO","GAOR"
"2022 Dec 14 12:00:00 AM","73","TOLIMA","73001","IBAGUE","GAOR"
"2022 Dec 15 12:00:00 AM","19","CAUCA","19001","POPAYAN","GAOR"
"2022 Dec 16 12:00:00 AM","19","CAUCA","19573","PUERTO TEJADA","GAOR"
"2022 Dec 16 12:00:00 AM","27","CHOCO","27025","ALTO BAUDO","CLAN DEL GOLFO"
"2022 Dec 16 12:00:00 AM","19","CAUCA","19573","PUERTO TEJADA","GAOR"
"2022 Dec 19 12:00:00 AM","19","CAUCA","19532","PATIA","GAOR"
"2022 Dec 19 12:00:00 AM","19","CAUCA","19532","PATIA","GAOR"
"2022 Dec 19 12:00:00 AM","52","NARIÑO","52835","SAN ANDRES DE TUMACO","GAOR"
"2022 Dec 19 12:00:00 AM","19","CAUCA","19050","ARGELIA","GAOR"
"2022 Dec 20 12:00:00 AM","52","NARIÑO","52835","SAN ANDRES DE TUMACO","GAOR"
"2022 Dec 20 12:00:00 AM","52","NARIÑO","52835","SAN ANDRES DE TUMACO","GAOR"
"2022 Dec 20 12:00:00 AM","52","NARIÑO","52835","SAN ANDRES DE TUMACO","GAOR"
"2022 Dec 20 12:00:00 AM","52","NARIÑO","52835","SAN ANDRES DE TUMACO","GAOR"
"2022 Dec 20 12:00:00 AM","52","NARIÑO","52835","SAN ANDRES DE TUMACO","GAOR"
"2022 Dec 20 12:00:00 AM","52","NARIÑO","52835","SAN ANDRES DE TUMACO","GAOR"
"2022 Dec 21 12:00:00 AM","76","VALLE DEL CAUCA","76109","BUENAVENTURA","CLAN DEL GOLFO"
"2023 Jan 02 12:00:00 AM","27","CHOCO","27025","ALTO BAUDO","CLAN DEL GOLFO"
"2023 Jan 02 12:00:00 AM","19","CAUCA","19318","GUAPI","GAOR"
"2023 Jan 02 12:00:00 AM","63","QUINDIO","63401","LA TEBAIDA","GAOR"
"2023 Jan 02 12:00:00 AM","19","CAUCA","19001","POPAYAN","GAOR"
"2023 Jan 03 12:00:00 AM","18","CAQUETA","18001","FLORENCIA","GAOR"
"2023 Jan 04 12:00:00 AM","52","NARIÑO","52233","CUMBITARA","GAOR"
"2023 Jan 10 12:00:00 AM","05","ANTIOQUIA","05120","CACERES","CLAN DEL GOLFO"
"2023 Jan 11 12:00:00 AM","27","CHOCO","27615","RIOSUCIO","CLAN DEL GOLFO"
"2023 Jan 11 12:00:00 AM","27","CHOCO","27615","RIOSUCIO","CLAN DEL GOLFO"
"2023 Jan 11 12:00:00 AM","27","CHOCO","27615","RIOSUCIO","CLAN DEL GOLFO"
"2023 Jan 11 12:00:00 AM","27","CHOCO","27615","RIOSUCIO","CLAN DEL GOLFO"
"2023 Jan 11 12:00:00 AM","11","BOGOTA D.C.","11001","BOGOTA D.C.","GAOR"
"2023 Jan 12 12:00:00 AM","52","NARIÑO","52435","MALLAMA","GAOR"
"2023 Jan 12 12:00:00 AM","52","NARIÑO","52540","POLICARPA","GAOR"
"2023 Jan 12 12:00:00 AM","05","ANTIOQUIA","05147","CAREPA","CLAN DEL GOLFO"
"2023 Jan 18 12:00:00 AM","11","BOGOTA D.C.","11001","BOGOTA D.C.","CLAN DEL GOLFO"
"2023 Jan 18 12:00:00 AM","76","VALLE DEL CAUCA","76001","CALI","GAOR"
"2023 Jan 20 12:00:00 AM","54","NORTE DE SANTANDER","54498","OCAÑA","GAOR"
"2023 Jan 24 12:00:00 AM","86","PUTUMAYO","86573","LEGUIZAMO","GAOR"
"2023 Jan 25 12:00:00 AM","18","CAQUETA","18001","FLORENCIA","GAOR"
"2023 Jan 25 12:00:00 AM","19","CAUCA","19001","POPAYAN","GAOR"
"2023 Jan 25 12:00:00 AM","19","CAUCA","19573","PUERTO TEJADA","GAOR"
"2023 Jan 26 12:00:00 AM","27","CHOCO","27001","QUIBDO","CLAN DEL GOLFO"
"2023 Jan 26 12:00:00 AM","11","BOGOTA D.C.","11001","BOGOTA D.C.","GAOR"
"2023 Jan 26 12:00:00 AM","41","HUILA","41298","GARZON","GAOR"
"2023 Jan 30 12:00:00 AM","52","NARIÑO","52490","OLAYA HERRERA","GAOR"
"2023 Jan 30 12:00:00 AM","52","NARIÑO","52490","OLAYA HERRERA","GAOR"
"2023 Jan 30 12:00:00 AM","52","NARIÑO","52835","SAN ANDRES DE TUMACO","GAOR"
"2023 Feb 01 12:00:00 AM","52","NARIÑO","52835","SAN ANDRES DE TUMACO","GAOR"
"2023 Feb 02 12:00:00 AM","19","CAUCA","19573","PUERTO TEJADA","GAOR"
"2023 Feb 03 12:00:00 AM","11","BOGOTA D.C.","11001","BOGOTA D.C.","GAOR"
"2023 Feb 03 12:00:00 AM","11","BOGOTA D.C.","11001","BOGOTA D.C.","GAOR"
"2023 Feb 06 12:00:00 AM","18","CAQUETA","18001","FLORENCIA","GAOR"
"2023 Feb 06 12:00:00 AM","50","META","50313","GRANADA","GAOR"
"2023 Feb 06 12:00:00 AM","19","CAUCA","19001","POPAYAN","GAOR"
"2023 Feb 06 12:00:00 AM","19","CAUCA","19001","POPAYAN","GAOR"
"2023 Feb 06 12:00:00 AM","18","CAQUETA","18001","FLORENCIA","GAOR"
"2023 Feb 06 12:00:00 AM","18","CAQUETA","18001","FLORENCIA","GAOR"
"2023 Feb 07 12:00:00 AM","05","ANTIOQUIA","05120","CACERES","CLAN DEL GOLFO"
"2023 Feb 07 12:00:00 AM","13","BOLIVAR","13688","SANTA ROSA DEL SUR","GAOR"
"2023 Feb 08 12:00:00 AM","18","CAQUETA","18001","FLORENCIA","GAOR"
"2023 Feb 09 12:00:00 AM","27","CHOCO","27025","ALTO BAUDO","CLAN DEL GOLFO"
"2023 Feb 09 12:00:00 AM","27","CHOCO","27025","ALTO BAUDO","CLAN DEL GOLFO"
"2023 Feb 09 12:00:00 AM","27","CHOCO","27025","ALTO BAUDO","CLAN DEL GOLFO"
"2023 Feb 09 12:00:00 AM","63","QUINDIO","63001","ARMENIA","GAOR"
"2023 Feb 10 12:00:00 AM","27","CHOCO","27491","NOVITA","CLAN DEL GOLFO"
"2023 Feb 10 12:00:00 AM","18","CAQUETA","18001","FLORENCIA","GAOR"
"2023 Feb 10 12:00:00 AM","19","CAUCA","19318","GUAPI","GAOR"
"2023 Feb 13 12:00:00 AM","18","CAQUETA","18756","SOLANO","GAOR"
"2023 Feb 14 12:00:00 AM","95","GUAVIARE","95015","CALAMAR","GAOR"
"2023 Feb 14 12:00:00 AM","95","GUAVIARE","95015","CALAMAR","GAOR"
"2023 Feb 15 12:00:00 AM","20","CESAR","20001","VALLEDUPAR","CLAN DEL GOLFO"
"2023 Feb 16 12:00:00 AM","18","CAQUETA","18001","FLORENCIA","GAOR"
"2023 Feb 17 12:00:00 AM","18","CAQUETA","18001","FLORENCIA","GAOR"
"2023 Feb 17 12:00:00 AM","50","META","50313","GRANADA","GAOR"
"2023 Feb 17 12:00:00 AM","95","GUAVIARE","95001","SAN JOSE DEL GUAVIARE","GAOR"
"2023 Feb 20 12:00:00 AM","18","CAQUETA","18001","FLORENCIA","GAOR"
"2023 Feb 20 12:00:00 AM","41","HUILA","41298","GARZON","GAOR"
"2023 Feb 20 12:00:00 AM","41","HUILA","41001","NEIVA","GAOR"
"2023 Feb 20 12:00:00 AM","19","CAUCA","19001","POPAYAN","GAOR"
"2023 Feb 21 12:00:00 AM","05","ANTIOQUIA","05147","CAREPA","CLAN DEL GOLFO"
"2023 Feb 21 12:00:00 AM","27","CHOCO","27361","ISTMINA","CLAN DEL GOLFO"
"2023 Feb 22 12:00:00 AM","19","CAUCA","19573","PUERTO TEJADA","GAOR"
"2023 Feb 24 12:00:00 AM","05","ANTIOQUIA","05001","MEDELLIN","CLAN DEL GOLFO"
"2023 Feb 24 12:00:00 AM","27","CHOCO","27001","QUIBDO","CLAN DEL GOLFO"
"2023 Feb 24 12:00:00 AM","27","CHOCO","27001","QUIBDO","CLAN DEL GOLFO"
"2023 Feb 24 12:00:00 AM","50","META","50350","LA MACARENA","GAOR"
"2023 Feb 27 12:00:00 AM","27","CHOCO","27077","BAJO BAUDO","CLAN DEL GOLFO"
"2023 Feb 27 12:00:00 AM","76","VALLE DEL CAUCA","76109","BUENAVENTURA","CLAN DEL GOLFO"
"2023 Feb 28 12:00:00 AM","52","NARIÑO","52356","IPIALES","GAOR"
"2023 Mar 01 12:00:00 AM","05","ANTIOQUIA","05854","VALDIVIA","CLAN DEL GOLFO"
"2023 Mar 01 12:00:00 AM","11","BOGOTA D.C.","11001","BOGOTA D.C.","GAOR"
"2023 Mar 01 12:00:00 AM","11","BOGOTA D.C.","11001","BOGOTA D.C.","GAOR"
"2023 Mar 02 12:00:00 AM","11","BOGOTA D.C.","11001","BOGOTA D.C.","GAOR"
"2023 Mar 03 12:00:00 AM","50","META","50313","GRANADA","GAOR"
"2023 Mar 06 12:00:00 AM","27","CHOCO","27099","BOJAYA","CLAN DEL GOLFO"
"2023 Mar 06 12:00:00 AM","41","HUILA","41551","PITALITO","GAOR"
"2023 Mar 07 12:00:00 AM","18","CAQUETA","18001","FLORENCIA","GAOR"
"2023 Mar 07 12:00:00 AM","05","ANTIOQUIA","05001","MEDELLIN","CLAN DEL GOLFO"
"2023 Mar 07 12:00:00 AM","05","ANTIOQUIA","05001","MEDELLIN","GAOR"
"2023 Mar 09 12:00:00 AM","52","NARIÑO","52250","EL CHARCO","GAOR"
"2023 Mar 10 12:00:00 AM","70","SUCRE","70215","COROZAL","CLAN DEL GOLFO"
"2023 Mar 10 12:00:00 AM","52","NARIÑO","52540","POLICARPA","GAOR"
"2023 Mar 13 12:00:00 AM","73","TOLIMA","73001","IBAGUE","GAOR"
"2023 Mar 16 12:00:00 AM","18","CAQUETA","18001","FLORENCIA","GAOR"
"2023 Mar 16 12:00:00 AM","18","CAQUETA","18001","FLORENCIA","GAOR"
"2023 Mar 21 12:00:00 AM","11","BOGOTA D.C.","11001","BOGOTA D.C.","CLAN DEL GOLFO"
"2023 Mar 22 12:00:00 AM","76","VALLE DEL CAUCA","76111","GUADALAJARA DE BUGA","GAOR"
"2023 Mar 24 12:00:00 AM","86","PUTUMAYO","86001","MOCOA","GAOR"
"2023 Mar 24 12:00:00 AM","86","PUTUMAYO","86001","MOCOA","GAOR"
"2023 Mar 24 12:00:00 AM","81","ARAUCA","81736","SARAVENA","GAOR"
"2023 Mar 24 12:00:00 AM","20","CESAR","20400","LA JAGUA DE IBIRICO","CLAN DEL GOLFO"
"2023 Mar 27 12:00:00 AM","18","CAQUETA","18256","EL PAUJIL","GAOR"
"2023 Mar 27 12:00:00 AM","18","CAQUETA","18001","FLORENCIA","GAOR"
"2023 Mar 28 12:00:00 AM","47","MAGDALENA","47245","EL BANCO","CLAN DEL GOLFO"
"2023 Mar 28 12:00:00 AM","23","CORDOBA","23580","PUERTO LIBERTADOR","CLAN DEL GOLFO"
"2023 Mar 28 12:00:00 AM","76","VALLE DEL CAUCA","76001","CALI","GAOR"
"2023 Mar 29 12:00:00 AM","76","VALLE DEL CAUCA","76001","CALI","GAOR"
"2023 Mar 29 12:00:00 AM","66","RISARALDA","66001","PEREIRA","GAOR"
"2023 Mar 30 12:00:00 AM","41","HUILA","41298","GARZON","GAOR"
"2023 Mar 30 12:00:00 AM","52","NARIÑO","52490","OLAYA HERRERA","GAOR"
"2023 Mar 31 12:00:00 AM","54","NORTE DE SANTANDER","54206","CONVENCION","GAOR"
"2023 Mar 31 12:00:00 AM","41","HUILA","41001","NEIVA","GAOR"
"2023 Mar 31 12:00:00 AM","19","CAUCA","19001","POPAYAN","GAOR"
"2023 Mar 31 12:00:00 AM","76","VALLE DEL CAUCA","76109","BUENAVENTURA","CLAN DEL GOLFO"
"2023 Mar 31 12:00:00 AM","52","NARIÑO","52490","OLAYA HERRERA","GAOR"
"2023 Mar 31 12:00:00 AM","52","NARIÑO","52490","OLAYA HERRERA","GAOR"
"2023 Apr 03 12:00:00 AM","95","GUAVIARE","95001","SAN JOSE DEL GUAVIARE","GAOR"
"2023 Apr 03 12:00:00 AM","81","ARAUCA","81736","SARAVENA","GAOR"
"2023 Apr 04 12:00:00 AM","05","ANTIOQUIA","05001","MEDELLIN","CLAN DEL GOLFO"
"2023 Apr 04 12:00:00 AM","20","CESAR","20001","VALLEDUPAR","CLAN DEL GOLFO"
"2023 Apr 04 12:00:00 AM","20","CESAR","20001","VALLEDUPAR","CLAN DEL GOLFO"
"2023 Apr 04 12:00:00 AM","85","CASANARE","85001","YOPAL","CLAN DEL GOLFO"
"2023 Apr 17 12:00:00 AM","11","BOGOTA D.C.","11001","BOGOTA D.C.","GAOR"
"2023 Apr 18 12:00:00 AM","05","ANTIOQUIA","05250","EL BAGRE","CLAN DEL GOLFO"
"2023 Apr 18 12:00:00 AM","05","ANTIOQUIA","05495","NECHI","CLAN DEL GOLFO"
"2023 Apr 18 12:00:00 AM","86","PUTUMAYO","86568","PUERTO ASIS","GAOR"
"2023 Apr 18 12:00:00 AM","52","NARIÑO","52835","SAN ANDRES DE TUMACO","GAOR"
"2023 Apr 19 12:00:00 AM","18","CAQUETA","18001","FLORENCIA","GAOR"
"2023 Apr 19 12:00:00 AM","18","CAQUETA","18001","FLORENCIA","GAOR"
"2023 Apr 19 12:00:00 AM","18","CAQUETA","18001","FLORENCIA","GAOR"
"2023 Apr 19 12:00:00 AM","18","CAQUETA","18001","FLORENCIA","GAOR"
"2023 Apr 19 12:00:00 AM","18","CAQUETA","18001","FLORENCIA","GAOR"
"2023 Apr 19 12:00:00 AM","19","CAUCA","19256","EL TAMBO","GAOR"
"2023 Apr 19 12:00:00 AM","19","CAUCA","19256","EL TAMBO","GAOR"
"2023 Apr 19 12:00:00 AM","27","CHOCO","27025","ALTO BAUDO","CLAN DEL GOLFO"
"2023 Apr 19 12:00:00 AM","27","CHOCO","27025","ALTO BAUDO","CLAN DEL GOLFO"
"2023 Apr 19 12:00:00 AM","19","CAUCA","19256","EL TAMBO","GAOR"
"2023 Apr 19 12:00:00 AM","19","CAUCA","19256","EL TAMBO","GAOR"
"2023 Apr 20 12:00:00 AM","20","CESAR","20001","VALLEDUPAR","CLAN DEL GOLFO"
"2023 Apr 20 12:00:00 AM","11","BOGOTA D.C.","11001","BOGOTA D.C.","GAOR"
"2023 Apr 20 12:00:00 AM","19","CAUCA","19001","POPAYAN","GAOR"
"2023 Apr 20 12:00:00 AM","19","CAUCA","19001","POPAYAN","GAOR"
"2023 Apr 20 12:00:00 AM","19","CAUCA","19573","PUERTO TEJADA","GAOR"
"2023 Apr 20 12:00:00 AM","76","VALLE DEL CAUCA","76001","CALI","GAOR"
"2023 Apr 20 12:00:00 AM","25","CUNDINAMARCA","25120","CABRERA","GAOR"
"2023 Apr 21 12:00:00 AM","85","CASANARE","85001","YOPAL","GAOR"
"2023 Apr 27 12:00:00 AM","76","VALLE DEL CAUCA","76001","CALI","GAOR"
"2023 Apr 27 12:00:00 AM","18","CAQUETA","18001","FLORENCIA","GAOR"
"2023 Apr 28 12:00:00 AM","11","BOGOTA D.C.","11001","BOGOTA D.C.","CLAN DEL GOLFO"
"2023 May 02 12:00:00 AM","18","CAQUETA","18001","FLORENCIA","CLAN DEL GOLFO"
"2023 May 02 12:00:00 AM","81","ARAUCA","81736","SARAVENA","GAOR"
"2023 May 03 12:00:00 AM","05","ANTIOQUIA","05790","TARAZA","CLAN DEL GOLFO"
"2023 May 03 12:00:00 AM","86","PUTUMAYO","86865","VALLE DEL GUAMUEZ","GAOR"
"2023 May 03 12:00:00 AM","86","PUTUMAYO","86571","PUERTO GUZMAN","GAOR"
"2023 May 05 12:00:00 AM","13","BOLIVAR","13433","MAHATES","CLAN DEL GOLFO"
"2023 May 05 12:00:00 AM","13","BOLIVAR","13433","MAHATES","CLAN DEL GOLFO"
"2023 May 05 12:00:00 AM","19","CAUCA","19001","POPAYAN","GAOR"
"2023 May 05 12:00:00 AM","76","VALLE DEL CAUCA","76001","CALI","GAOR"
"2023 May 08 12:00:00 AM","19","CAUCA","19001","POPAYAN","GAOR"
"2023 May 10 12:00:00 AM","05","ANTIOQUIA","05887","YARUMAL","GAOR"
"2023 May 12 12:00:00 AM","76","VALLE DEL CAUCA","76111","GUADALAJARA DE BUGA","GAOR"
"2023 May 12 12:00:00 AM","20","CESAR","20238","EL COPEY","CLAN DEL GOLFO"
"2023 May 12 12:00:00 AM","20","CESAR","20238","EL COPEY","CLAN DEL GOLFO"
"2023 May 12 12:00:00 AM","20","CESAR","20238","EL COPEY","CLAN DEL GOLFO"
"2023 May 12 12:00:00 AM","20","CESAR","20238","EL COPEY","CLAN DEL GOLFO"
"2023 May 12 12:00:00 AM","50","META","50313","GRANADA","GAOR"
"2023 May 15 12:00:00 AM","85","CASANARE","85001","YOPAL","GAOR"
"2023 May 15 12:00:00 AM","76","VALLE DEL CAUCA","76109","BUENAVENTURA","GAOR"
"2023 May 15 12:00:00 AM","76","VALLE DEL CAUCA","76109","BUENAVENTURA","GAOR"
"2023 May 15 12:00:00 AM","76","VALLE DEL CAUCA","76109","BUENAVENTURA","GAOR"
"2023 May 15 12:00:00 AM","76","VALLE DEL CAUCA","76109","BUENAVENTURA","GAOR"
"2023 May 15 12:00:00 AM","18","CAQUETA","18001","FLORENCIA","GAOR"
"2023 May 15 12:00:00 AM","76","VALLE DEL CAUCA","76109","BUENAVENTURA","GAOR"
"2023 May 15 12:00:00 AM","76","VALLE DEL CAUCA","76109","BUENAVENTURA","GAOR"
"2023 May 15 12:00:00 AM","76","VALLE DEL CAUCA","76109","BUENAVENTURA","GAOR"
"2023 May 16 12:00:00 AM","47","MAGDALENA","47245","EL BANCO","CLAN DEL GOLFO"
"2023 May 16 12:00:00 AM","25","CUNDINAMARCA","25839","UBALA","GAOR"
"2023 May 17 12:00:00 AM","25","CUNDINAMARCA","25269","FACATATIVA","GAOR"
"2023 May 17 12:00:00 AM","86","PUTUMAYO","86001","MOCOA","GAOR"
"2023 May 17 12:00:00 AM","86","PUTUMAYO","86001","MOCOA","GAOR"
"2023 May 17 12:00:00 AM","05","ANTIOQUIA","05736","SEGOVIA","CLAN DEL GOLFO"
"2023 May 17 12:00:00 AM","52","NARIÑO","52835","SAN ANDRES DE TUMACO","GAOR"
"2023 May 18 12:00:00 AM","52","NARIÑO","52835","SAN ANDRES DE TUMACO","GAOR"
"2023 May 19 12:00:00 AM","86","PUTUMAYO","86885","VILLAGARZON","GAOR"
"2023 May 24 12:00:00 AM","76","VALLE DEL CAUCA","76109","BUENAVENTURA","GAOR"
"2023 May 24 12:00:00 AM","76","VALLE DEL CAUCA","76109","BUENAVENTURA","GAOR"
"2023 May 24 12:00:00 AM","85","CASANARE","85001","YOPAL","GAOR"
"2023 May 25 12:00:00 AM","27","CHOCO","27615","RIOSUCIO","CLAN DEL GOLFO"
"2023 May 25 12:00:00 AM","27","CHOCO","27615","RIOSUCIO","CLAN DEL GOLFO"
"2023 May 26 12:00:00 AM","18","CAQUETA","18410","LA MONTAÑITA","GAOR"
"2023 May 26 12:00:00 AM","25","CUNDINAMARCA","25120","CABRERA","GAOR"
"2023 May 30 12:00:00 AM","66","RISARALDA","66001","PEREIRA","GAOR"
"2023 May 30 12:00:00 AM","18","CAQUETA","18001","FLORENCIA","GAOR"
"2023 May 31 12:00:00 AM","91","AMAZONAS","91407","LA PEDRERA","GAOR"
"2023 May 31 12:00:00 AM","11","BOGOTA D.C.","11001","BOGOTA D.C.","GAOR"
"2023 Jun 01 12:00:00 AM","91","AMAZONAS","91407","LA PEDRERA","GAOR"
"2023 Jun 02 12:00:00 AM","18","CAQUETA","18001","FLORENCIA","GAOR"
"2023 Jun 02 12:00:00 AM","68","SANTANDER","68081","BARRANCABERMEJA","CLAN DEL GOLFO"
"2023 Jun 02 12:00:00 AM","68","SANTANDER","68081","BARRANCABERMEJA","CLAN DEL GOLFO"
"2023 Jun 05 12:00:00 AM","18","CAQUETA","18001","FLORENCIA","GAOR"
"2023 Jun 07 12:00:00 AM","68","SANTANDER","68081","BARRANCABERMEJA","CLAN DEL GOLFO"
"2023 Jun 07 12:00:00 AM","05","ANTIOQUIA","05495","NECHI","CLAN DEL GOLFO"
"2023 Jun 07 12:00:00 AM","05","ANTIOQUIA","05495","NECHI","CLAN DEL GOLFO"
"2023 Jun 08 12:00:00 AM","25","CUNDINAMARCA","25290","FUSAGASUGA","GAOR"
"2023 Jun 08 12:00:00 AM","47","MAGDALENA","47245","EL BANCO","CLAN DEL GOLFO"
"2023 Jun 09 12:00:00 AM","18","CAQUETA","18001","FLORENCIA","GAOR"
"2023 Jun 13 12:00:00 AM","86","PUTUMAYO","86573","LEGUIZAMO","GAOR"
"2023 Jun 14 12:00:00 AM","54","NORTE DE SANTANDER","54001","CUCUTA","GAOR"
"2023 Jun 14 12:00:00 AM","81","ARAUCA","81001","ARAUCA","GAOR"
"2023 Jun 14 12:00:00 AM","54","NORTE DE SANTANDER","54250","EL TARRA","GAOR"
"2023 Jun 15 12:00:00 AM","18","CAQUETA","18001","FLORENCIA","GAOR"
"2023 Jun 16 12:00:00 AM","05","ANTIOQUIA","05147","CAREPA","CLAN DEL GOLFO"
"2023 Jun 16 12:00:00 AM","05","ANTIOQUIA","05147","CAREPA","CLAN DEL GOLFO"
"2023 Jun 20 12:00:00 AM","05","ANTIOQUIA","05147","CAREPA","CLAN DEL GOLFO"
"2023 Jun 20 12:00:00 AM","05","ANTIOQUIA","05659","SAN JUAN DE URABA","CLAN DEL GOLFO"
"2023 Jun 21 12:00:00 AM","25","CUNDINAMARCA","25269","FACATATIVA","CLAN DEL GOLFO"
"2023 Jun 21 12:00:00 AM","76","VALLE DEL CAUCA","76001","CALI","GAOR"
"2023 Jun 21 12:00:00 AM","54","NORTE DE SANTANDER","54001","CUCUTA","GAOR"
"2023 Jun 21 12:00:00 AM","52","NARIÑO","52490","OLAYA HERRERA","GAOR"
"2023 Jun 21 12:00:00 AM","85","CASANARE","85001","YOPAL","GAOR"
"2023 Jun 22 12:00:00 AM","41","HUILA","41020","ALGECIRAS","GAOR"
"2023 Jun 22 12:00:00 AM","41","HUILA","41020","ALGECIRAS","GAOR"
"2023 Jun 22 12:00:00 AM","86","PUTUMAYO","86568","PUERTO ASIS","GAOR"
"2023 Jun 22 12:00:00 AM","86","PUTUMAYO","86568","PUERTO ASIS","GAOR"
"2023 Jun 23 12:00:00 AM","11","BOGOTA D.C.","11001","BOGOTA D.C.","CLAN DEL GOLFO"
"2023 Jun 23 12:00:00 AM","05","ANTIOQUIA","05001","MEDELLIN","CLAN DEL GOLFO"
"2023 Jun 23 12:00:00 AM","05","ANTIOQUIA","05001","MEDELLIN","GAOR"
"2023 Jun 23 12:00:00 AM","52","NARIÑO","52540","POLICARPA","GAOR"
"2023 Jun 26 12:00:00 AM","41","HUILA","41020","ALGECIRAS","GAOR"
"2023 Jun 26 12:00:00 AM","19","CAUCA","19001","POPAYAN","GAOR"
"2023 Jun 27 12:00:00 AM","91","AMAZONAS","91407","LA PEDRERA","GAOR"
"2023 Jun 28 12:00:00 AM","95","GUAVIARE","95015","CALAMAR","GAOR"
"2023 Jun 28 12:00:00 AM","54","NORTE DE SANTANDER","54810","TIBU","GAOR"
"2023 Jun 29 12:00:00 AM","19","CAUCA","19001","POPAYAN","GAOR"
"2023 Jun 29 12:00:00 AM","19","CAUCA","19001","POPAYAN","GAOR"
"2023 Jun 29 12:00:00 AM","19","CAUCA","19001","POPAYAN","GAOR"
"2023 Jun 29 12:00:00 AM","19","CAUCA","19001","POPAYAN","GAOR"
"2023 Jun 29 12:00:00 AM","19","CAUCA","19001","POPAYAN","GAOR"
"2023 Jun 30 12:00:00 AM","27","CHOCO","27001","QUIBDO","CLAN DEL GOLFO"
"2023 Jun 30 12:00:00 AM","19","CAUCA","19001","POPAYAN","GAOR"
"2023 Jun 30 12:00:00 AM","19","CAUCA","19001","POPAYAN","GAOR"
"2023 Jun 30 12:00:00 AM","19","CAUCA","19001","POPAYAN","GAOR"
"2023 Jun 30 12:00:00 AM","18","CAQUETA","18592","PUERTO RICO","GAOR"
"2023 Jun 30 12:00:00 AM","25","CUNDINAMARCA","25290","FUSAGASUGA","GAOR"
"2023 Jul 04 12:00:00 AM","50","META","50711","VISTAHERMOSA","GAOR"
"2023 Jul 04 12:00:00 AM","19","CAUCA","19001","POPAYAN","GAOR"
"2023 Jul 05 12:00:00 AM","81","ARAUCA","81794","TAME","GAOR"
"2023 Jul 06 12:00:00 AM","76","VALLE DEL CAUCA","76001","CALI","GAOR"
"2023 Jul 07 12:00:00 AM","11","BOGOTA D.C.","11001","BOGOTA D.C.","GAOR"
"2023 Jul 07 12:00:00 AM","11","BOGOTA D.C.","11001","BOGOTA D.C.","GAOR"
"2023 Jul 11 12:00:00 AM","18","CAQUETA","18592","PUERTO RICO","GAOR"
"2023 Jul 11 12:00:00 AM","27","CHOCO","27099","BOJAYA","CLAN DEL GOLFO"
"2023 Jul 14 12:00:00 AM","52","NARIÑO","52835","SAN ANDRES DE TUMACO","GAOR"
"2023 Jul 17 12:00:00 AM","41","HUILA","41020","ALGECIRAS","GAOR"
"2023 Jul 17 12:00:00 AM","41","HUILA","41551","PITALITO","GAOR"
"2023 Jul 18 12:00:00 AM","76","VALLE DEL CAUCA","76001","CALI","GAOR"
"2023 Jul 18 12:00:00 AM","19","CAUCA","19001","POPAYAN","GAOR"
"2023 Jul 18 12:00:00 AM","19","CAUCA","19001","POPAYAN","GAOR"
"2023 Jul 18 12:00:00 AM","86","PUTUMAYO","86885","VILLAGARZON","GAOR"
"2023 Jul 19 12:00:00 AM","05","ANTIOQUIA","05250","EL BAGRE","CLAN DEL GOLFO"
"2023 Jul 19 12:00:00 AM","05","ANTIOQUIA","05250","EL BAGRE","CLAN DEL GOLFO"
"2023 Jul 24 12:00:00 AM","27","CHOCO","27372","JURADO","CLAN DEL GOLFO"
"2023 Jul 24 12:00:00 AM","27","CHOCO","27372","JURADO","CLAN DEL GOLFO"
"2023 Jul 24 12:00:00 AM","27","CHOCO","27372","JURADO","CLAN DEL GOLFO"
"2023 Jul 24 12:00:00 AM","27","CHOCO","27372","JURADO","CLAN DEL GOLFO"
"2023 Jul 24 12:00:00 AM","27","CHOCO","27372","JURADO","CLAN DEL GOLFO"
"2023 Jul 24 12:00:00 AM","27","CHOCO","27372","JURADO","CLAN DEL GOLFO"
"2023 Jul 24 12:00:00 AM","27","CHOCO","27372","JURADO","CLAN DEL GOLFO"
"2023 Jul 24 12:00:00 AM","27","CHOCO","27372","JURADO","CLAN DEL GOLFO"
"2023 Jul 24 12:00:00 AM","27","CHOCO","27372","JURADO","CLAN DEL GOLFO"
"2023 Jul 28 12:00:00 AM","27","CHOCO","27025","ALTO BAUDO","CLAN DEL GOLFO"
"2023 Jul 28 12:00:00 AM","05","ANTIOQUIA","05649","SAN CARLOS","CLAN DEL GOLFO"
"2023 Jul 28 12:00:00 AM","13","BOLIVAR","13670","SAN PABLO","CLAN DEL GOLFO"
"2023 Jul 28 12:00:00 AM","13","BOLIVAR","13744","SIMITI","CLAN DEL GOLFO"
"2023 Jul 28 12:00:00 AM","18","CAQUETA","18150","CARTAGENA DEL CHAIRA","GAOR"
"2023 Jul 28 12:00:00 AM","18","CAQUETA","18150","CARTAGENA DEL CHAIRA","GAOR"
"2023 Jul 28 12:00:00 AM","50","META","50350","LA MACARENA","GAOR"
"2023 Jul 28 12:00:00 AM","41","HUILA","41001","NEIVA","GAOR"
"2023 Jul 28 12:00:00 AM","19","CAUCA","19001","POPAYAN","GAOR"
"2023 Jul 28 12:00:00 AM","19","CAUCA","19001","POPAYAN","GAOR"
"2023 Jul 28 12:00:00 AM","19","CAUCA","19698","SANTANDER DE QUILICHAO","GAOR"
"2023 Aug 01 12:00:00 AM","18","CAQUETA","18001","FLORENCIA","GAOR"
"2023 Aug 01 12:00:00 AM","20","CESAR","20001","VALLEDUPAR","CLAN DEL GOLFO"
"2023 Aug 01 12:00:00 AM","11","BOGOTA D.C.","11001","BOGOTA D.C.","GAOR"
"2023 Aug 01 12:00:00 AM","11","BOGOTA D.C.","11001","BOGOTA D.C.","GAOR"
"2023 Aug 01 12:00:00 AM","81","ARAUCA","81065","ARAUQUITA","GAOR"
"2023 Aug 01 12:00:00 AM","81","ARAUCA","81065","ARAUQUITA","GAOR"
"2023 Aug 01 12:00:00 AM","18","CAQUETA","18001","FLORENCIA","GAOR"
"2023 Aug 01 12:00:00 AM","18","CAQUETA","18001","FLORENCIA","GAOR"
"2023 Aug 01 12:00:00 AM","18","CAQUETA","18001","FLORENCIA","GAOR"
"2023 Aug 01 12:00:00 AM","18","CAQUETA","18479","MORELIA","GAOR"
"2023 Aug 01 12:00:00 AM","18","CAQUETA","18753","SAN VICENTE DEL CAGUAN","GAOR"
"2023 Aug 03 12:00:00 AM","27","CHOCO","27001","QUIBDO","CLAN DEL GOLFO"
"2023 Aug 03 12:00:00 AM","18","CAQUETA","18001","FLORENCIA","GAOR"
"2023 Aug 04 12:00:00 AM","11","BOGOTA D.C.","11001","BOGOTA D.C.","GAOR"
"2023 Aug 04 12:00:00 AM","20","CESAR","20001","VALLEDUPAR","CLAN DEL GOLFO"
"2023 Aug 04 12:00:00 AM","54","NORTE DE SANTANDER","54250","EL TARRA","GAOR"
"2023 Aug 09 12:00:00 AM","05","ANTIOQUIA","05147","CAREPA","CLAN DEL GOLFO"
"2023 Aug 09 12:00:00 AM","05","ANTIOQUIA","05147","CAREPA","CLAN DEL GOLFO"
"2023 Aug 09 12:00:00 AM","05","ANTIOQUIA","05147","CAREPA","CLAN DEL GOLFO"
"2023 Aug 09 12:00:00 AM","86","PUTUMAYO","86865","VALLE DEL GUAMUEZ","CLAN DEL GOLFO"
"2023 Aug 09 12:00:00 AM","25","CUNDINAMARCA","25297","GACHETA","GAOR"
"2023 Aug 10 12:00:00 AM","05","ANTIOQUIA","05579","PUERTO BERRIO","GAOR"
"2023 Aug 11 12:00:00 AM","81","ARAUCA","81794","TAME","GAOR"
"2023 Aug 11 12:00:00 AM","81","ARAUCA","81794","TAME","GAOR"
"2023 Aug 11 12:00:00 AM","81","ARAUCA","81794","TAME","GAOR"
"2023 Aug 14 12:00:00 AM","11","BOGOTA D.C.","11001","BOGOTA D.C.","GAOR"
"2023 Aug 14 12:00:00 AM","20","CESAR","20383","LA GLORIA","GAOR"
"2023 Aug 14 12:00:00 AM","76","VALLE DEL CAUCA","76520","PALMIRA","GAOR"
"2023 Aug 14 12:00:00 AM","95","GUAVIARE","95001","SAN JOSE DEL GUAVIARE","GAOR"
"2023 Aug 15 12:00:00 AM","05","ANTIOQUIA","05001","MEDELLIN","GAOR"
"2023 Aug 15 12:00:00 AM","05","ANTIOQUIA","05001","MEDELLIN","GAOR"
"2023 Aug 15 12:00:00 AM","23","CORDOBA","23068","AYAPEL","CLAN DEL GOLFO"
"2023 Aug 15 12:00:00 AM","23","CORDOBA","23068","AYAPEL","CLAN DEL GOLFO"
"2023 Aug 18 12:00:00 AM","05","ANTIOQUIA","05001","MEDELLIN","CLAN DEL GOLFO"
"2023 Aug 18 12:00:00 AM","27","CHOCO","27025","ALTO BAUDO","CLAN DEL GOLFO"
"2023 Aug 18 12:00:00 AM","11","BOGOTA D.C.","11001","BOGOTA D.C.","GAOR"
"2023 Aug 22 12:00:00 AM","27","CHOCO","27099","BOJAYA","CLAN DEL GOLFO"
"2023 Aug 23 12:00:00 AM","52","NARIÑO","52390","LA TOLA","GAOR"
"2023 Aug 23 12:00:00 AM","19","CAUCA","19809","TIMBIQUI","GAOR"
"2023 Aug 23 12:00:00 AM","52","NARIÑO","52490","OLAYA HERRERA","GAOR"
"2023 Aug 23 12:00:00 AM","19","CAUCA","19809","TIMBIQUI","GAOR"
"2023 Aug 23 12:00:00 AM","19","CAUCA","19809","TIMBIQUI","GAOR"
"2023 Aug 23 12:00:00 AM","19","CAUCA","19809","TIMBIQUI","GAOR"
"2023 Aug 23 12:00:00 AM","19","CAUCA","19809","TIMBIQUI","GAOR"
"2023 Aug 24 12:00:00 AM","13","BOLIVAR","13458","MONTECRISTO","CLAN DEL GOLFO"
"2023 Aug 24 12:00:00 AM","13","BOLIVAR","13458","MONTECRISTO","CLAN DEL GOLFO"
"2023 Aug 29 12:00:00 AM","20","CESAR","20001","VALLEDUPAR","CLAN DEL GOLFO"
"2023 Aug 29 12:00:00 AM","11","BOGOTA D.C.","11001","BOGOTA D.C.","GAOR"
"2023 Aug 29 12:00:00 AM","11","BOGOTA D.C.","11001","BOGOTA D.C.","GAOR"
"2023 Aug 29 12:00:00 AM","18","CAQUETA","18592","PUERTO RICO","GAOR"
"2023 Aug 29 12:00:00 AM","18","CAQUETA","18592","PUERTO RICO","GAOR"
"2023 Aug 30 12:00:00 AM","47","MAGDALENA","47245","EL BANCO","CLAN DEL GOLFO"
"2023 Aug 30 12:00:00 AM","19","CAUCA","19809","TIMBIQUI","GAOR"
"2023 Aug 31 12:00:00 AM","05","ANTIOQUIA","05147","CAREPA","CLAN DEL GOLFO"
"2023 Aug 31 12:00:00 AM","94","GUAINIA","94343","BARRANCO MINAS","GAOR"
"2023 Sep 04 12:00:00 AM","18","CAQUETA","18001","FLORENCIA","GAOR"
"2023 Sep 04 12:00:00 AM","18","CAQUETA","18001","FLORENCIA","GAOR"
"2023 Sep 04 12:00:00 AM","86","PUTUMAYO","86001","MOCOA","GAOR"
"2023 Sep 05 12:00:00 AM","05","ANTIOQUIA","05147","CAREPA","CLAN DEL GOLFO"
"2023 Sep 06 12:00:00 AM","81","ARAUCA","81065","ARAUQUITA","GAOR"
"2023 Sep 06 12:00:00 AM","52","NARIÑO","52356","IPIALES","GAOR"
"2023 Sep 06 12:00:00 AM","52","NARIÑO","52356","IPIALES","GAOR"
"2023 Sep 07 12:00:00 AM","11","BOGOTA D.C.","11001","BOGOTA D.C.","CLAN DEL GOLFO"
"2023 Sep 07 12:00:00 AM","11","BOGOTA D.C.","11001","BOGOTA D.C.","GAOR"
"2023 Sep 11 12:00:00 AM","18","CAQUETA","18001","FLORENCIA","GAOR"
"2023 Sep 11 12:00:00 AM","73","TOLIMA","73555","PLANADAS","GAOR"
"2023 Sep 11 12:00:00 AM","73","TOLIMA","73555","PLANADAS","GAOR"
"2023 Sep 11 12:00:00 AM","20","CESAR","20001","VALLEDUPAR","GAOR"
"2023 Sep 12 12:00:00 AM","11","BOGOTA D.C.","11001","BOGOTA D.C.","CLAN DEL GOLFO"
"2023 Sep 12 12:00:00 AM","05","ANTIOQUIA","05045","APARTADO","CLAN DEL GOLFO"
"2023 Sep 13 12:00:00 AM","81","ARAUCA","81065","ARAUQUITA","GAOR"
"2023 Sep 13 12:00:00 AM","25","CUNDINAMARCA","25269","FACATATIVA","GAOR"
"2023 Sep 13 12:00:00 AM","18","CAQUETA","18001","FLORENCIA","GAOR"
"2023 Sep 15 12:00:00 AM","18","CAQUETA","18001","FLORENCIA","GAOR"
"2023 Sep 15 12:00:00 AM","50","META","50711","VISTAHERMOSA","GAOR"
"2023 Sep 18 12:00:00 AM","05","ANTIOQUIA","05001","MEDELLIN","CLAN DEL GOLFO"
"2023 Sep 19 12:00:00 AM","27","CHOCO","27099","BOJAYA","CLAN DEL GOLFO"
"2023 Sep 19 12:00:00 AM","68","SANTANDER","68575","PUERTO WILCHES","CLAN DEL GOLFO"
"2023 Sep 20 12:00:00 AM","05","ANTIOQUIA","05837","TURBO","CLAN DEL GOLFO"
"2023 Sep 20 12:00:00 AM","20","CESAR","20383","LA GLORIA","GAOR"
"2023 Sep 22 12:00:00 AM","27","CHOCO","27077","BAJO BAUDO","CLAN DEL GOLFO"
"2023 Sep 22 12:00:00 AM","27","CHOCO","27077","BAJO BAUDO","CLAN DEL GOLFO"
"2023 Sep 22 12:00:00 AM","94","GUAINIA","94001","INIRIDA","GAOR"
"2023 Sep 22 12:00:00 AM","94","GUAINIA","94001","INIRIDA","GAOR"
"2023 Sep 25 12:00:00 AM","73","TOLIMA","73001","IBAGUE","GAOR"
"2023 Sep 25 12:00:00 AM","11","BOGOTA D.C.","11001","BOGOTA D.C.","GAOR"
"2023 Sep 26 12:00:00 AM","13","BOLIVAR","13430","MAGANGUE","CLAN DEL GOLFO"
"2023 Sep 26 12:00:00 AM","27","CHOCO","27077","BAJO BAUDO","CLAN DEL GOLFO"
"2023 Sep 26 12:00:00 AM","27","CHOCO","27077","BAJO BAUDO","CLAN DEL GOLFO"
"2023 Sep 26 12:00:00 AM","27","CHOCO","27077","BAJO BAUDO","CLAN DEL GOLFO"
"2023 Sep 27 12:00:00 AM","11","BOGOTA D.C.","11001","BOGOTA D.C.","GAOR"
"2023 Sep 27 12:00:00 AM","11","BOGOTA D.C.","11001","BOGOTA D.C.","GAOR"
"2023 Sep 28 12:00:00 AM","05","ANTIOQUIA","05147","CAREPA","CLAN DEL GOLFO"
"2023 Sep 28 12:00:00 AM","05","ANTIOQUIA","05147","CAREPA","CLAN DEL GOLFO"
"2023 Sep 28 12:00:00 AM","11","BOGOTA D.C.","11001","BOGOTA D.C.","GAOR"
"2023 Sep 28 12:00:00 AM","11","BOGOTA D.C.","11001","BOGOTA D.C.","GAOR"
"2023 Sep 28 12:00:00 AM","11","BOGOTA D.C.","11001","BOGOTA D.C.","GAOR"
"2023 Sep 28 12:00:00 AM","11","BOGOTA D.C.","11001","BOGOTA D.C.","GAOR"
"2023 Oct 02 12:00:00 AM","19","CAUCA","19533","PIAMONTE","GAOR"
"2023 Oct 02 12:00:00 AM","19","CAUCA","19533","PIAMONTE","GAOR"
"2023 Oct 02 12:00:00 AM","86","PUTUMAYO","86885","VILLAGARZON","GAOR"
"2023 Oct 03 12:00:00 AM","20","CESAR","20001","VALLEDUPAR","CLAN DEL GOLFO"
"2023 Oct 03 12:00:00 AM","81","ARAUCA","81001","ARAUCA","GAOR"
"2023 Oct 03 12:00:00 AM","81","ARAUCA","81065","ARAUQUITA","GAOR"
"2023 Oct 03 12:00:00 AM","19","CAUCA","19533","PIAMONTE","GAOR"
"2023 Oct 03 12:00:00 AM","81","ARAUCA","81794","TAME","GAOR"
"2023 Oct 04 12:00:00 AM","18","CAQUETA","18001","FLORENCIA","GAOR"
"2023 Oct 04 12:00:00 AM","18","CAQUETA","18001","FLORENCIA","GAOR"
"2023 Oct 04 12:00:00 AM","18","CAQUETA","18001","FLORENCIA","GAOR"
"2023 Oct 04 12:00:00 AM","18","CAQUETA","18001","FLORENCIA","GAOR"
"2023 Oct 05 12:00:00 AM","18","CAQUETA","18001","FLORENCIA","GAOR"
"2023 Oct 05 12:00:00 AM","18","CAQUETA","18001","FLORENCIA","GAOR"
"2023 Oct 05 12:00:00 AM","05","ANTIOQUIA","05001","MEDELLIN","GAOR"
"2023 Oct 05 12:00:00 AM","05","ANTIOQUIA","05001","MEDELLIN","GAOR"
"2023 Oct 05 12:00:00 AM","19","CAUCA","19450","MERCADERES","GAOR"
"2023 Oct 06 12:00:00 AM","27","CHOCO","27025","ALTO BAUDO","CLAN DEL GOLFO"
"2023 Oct 06 12:00:00 AM","19","CAUCA","19050","ARGELIA","GAOR"
"2023 Oct 06 12:00:00 AM","19","CAUCA","19050","ARGELIA","GAOR"
"2023 Oct 09 12:00:00 AM","05","ANTIOQUIA","05736","SEGOVIA","GAOR"
"2023 Oct 09 12:00:00 AM","81","ARAUCA","81736","SARAVENA","GAOR"
"2023 Oct 11 12:00:00 AM","41","HUILA","41551","PITALITO","GAOR"
"2023 Oct 11 12:00:00 AM","41","HUILA","41020","ALGECIRAS","GAOR"
"2023 Oct 11 12:00:00 AM","41","HUILA","41020","ALGECIRAS","GAOR"
"2023 Oct 11 12:00:00 AM","18","CAQUETA","18001","FLORENCIA","GAOR"
"2023 Oct 12 12:00:00 AM","19","CAUCA","19418","LOPEZ","GAOR"
"2023 Oct 18 12:00:00 AM","05","ANTIOQUIA","05147","CAREPA","CLAN DEL GOLFO"
"2023 Oct 18 12:00:00 AM","13","BOLIVAR","13430","MAGANGUE","CLAN DEL GOLFO"
"2023 Oct 18 12:00:00 AM","19","CAUCA","19318","GUAPI","GAOR"
"2023 Oct 18 12:00:00 AM","19","CAUCA","19418","LOPEZ","GAOR"
"2023 Oct 19 12:00:00 AM","95","GUAVIARE","95001","SAN JOSE DEL GUAVIARE","GAOR"
"2023 Oct 19 12:00:00 AM","19","CAUCA","19698","SANTANDER DE QUILICHAO","GAOR"
"2023 Oct 20 12:00:00 AM","41","HUILA","41298","GARZON","GAOR"
"2023 Oct 20 12:00:00 AM","50","META","50313","GRANADA","GAOR"
"2023 Oct 20 12:00:00 AM","50","META","50711","VISTAHERMOSA","GAOR"
"2023 Oct 24 12:00:00 AM","05","ANTIOQUIA","05790","TARAZA","CLAN DEL GOLFO"
"2023 Oct 24 12:00:00 AM","05","ANTIOQUIA","05790","TARAZA","CLAN DEL GOLFO"
"2023 Oct 24 12:00:00 AM","18","CAQUETA","18001","FLORENCIA","GAOR"
"2023 Oct 25 12:00:00 AM","76","VALLE DEL CAUCA","76111","GUADALAJARA DE BUGA","GAOR"
"2023 Oct 30 12:00:00 AM","76","VALLE DEL CAUCA","76111","GUADALAJARA DE BUGA","GAOR"
"2023 Oct 30 12:00:00 AM","52","NARIÑO","52490","OLAYA HERRERA","GAOR"
"2023 Oct 30 12:00:00 AM","52","NARIÑO","52490","OLAYA HERRERA","GAOR"
"2023 Oct 30 12:00:00 AM","11","BOGOTA D.C.","11001","BOGOTA D.C.","CLAN DEL GOLFO"
"2023 Oct 30 12:00:00 AM","76","VALLE DEL CAUCA","76111","GUADALAJARA DE BUGA","GAOR"
"2023 Oct 31 12:00:00 AM","05","ANTIOQUIA","05120","CACERES","CLAN DEL GOLFO"
"2023 Oct 31 12:00:00 AM","05","ANTIOQUIA","05120","CACERES","CLAN DEL GOLFO"
"2023 Nov 01 12:00:00 AM","54","NORTE DE SANTANDER","54001","CUCUTA","GAOR"
"2023 Nov 02 12:00:00 AM","50","META","50711","VISTAHERMOSA","GAOR"
"2023 Nov 03 12:00:00 AM","19","CAUCA","19050","ARGELIA","GAOR"
"2023 Nov 03 12:00:00 AM","95","GUAVIARE","95001","SAN JOSE DEL GUAVIARE","GAOR"
"2023 Nov 03 12:00:00 AM","95","GUAVIARE","95001","SAN JOSE DEL GUAVIARE","GAOR"
"2023 Nov 03 12:00:00 AM","18","CAQUETA","18001","FLORENCIA","GAOR"
"2023 Nov 07 12:00:00 AM","05","ANTIOQUIA","05001","MEDELLIN","CLAN DEL GOLFO"
"2023 Nov 07 12:00:00 AM","18","CAQUETA","18001","FLORENCIA","GAOR"
"2023 Nov 07 12:00:00 AM","19","CAUCA","19001","POPAYAN","GAOR"
"2023 Nov 07 12:00:00 AM","05","ANTIOQUIA","05736","SEGOVIA","GAOR"
"2023 Nov 08 12:00:00 AM","68","SANTANDER","68081","BARRANCABERMEJA","CLAN DEL GOLFO"
"2023 Nov 08 12:00:00 AM","68","SANTANDER","68081","BARRANCABERMEJA","CLAN DEL GOLFO"
"2023 Nov 09 12:00:00 AM","86","PUTUMAYO","86568","PUERTO ASIS","GAOR"
"2023 Nov 09 12:00:00 AM","52","NARIÑO","52621","ROBERTO PAYAN","GAOR"
"2023 Nov 09 12:00:00 AM","52","NARIÑO","52621","ROBERTO PAYAN","GAOR"
"2023 Nov 10 12:00:00 AM","18","CAQUETA","18001","FLORENCIA","GAOR"
"2023 Nov 10 12:00:00 AM","27","CHOCO","27075","BAHIA SOLANO","CLAN DEL GOLFO"
"2023 Nov 10 12:00:00 AM","27","CHOCO","27001","QUIBDO","CLAN DEL GOLFO"
"2023 Nov 10 12:00:00 AM","27","CHOCO","27001","QUIBDO","CLAN DEL GOLFO"
"2023 Nov 14 12:00:00 AM","91","AMAZONAS","91001","LETICIA","GAOR"
"2023 Nov 15 12:00:00 AM","86","PUTUMAYO","86885","VILLAGARZON","GAOR"
"2023 Nov 15 12:00:00 AM","05","ANTIOQUIA","05001","MEDELLIN","CLAN DEL GOLFO"
"2023 Nov 15 12:00:00 AM","11","BOGOTA D.C.","11001","BOGOTA D.C.","GAOR"
"2023 Nov 15 12:00:00 AM","18","CAQUETA","18001","FLORENCIA","GAOR"
"2023 Nov 16 12:00:00 AM","19","CAUCA","19001","POPAYAN","GAOR"
"2023 Nov 16 12:00:00 AM","18","CAQUETA","18001","FLORENCIA","GAOR"
"2023 Nov 16 12:00:00 AM","18","CAQUETA","18001","FLORENCIA","GAOR"
"2023 Nov 17 12:00:00 AM","20","CESAR","20011","AGUACHICA","CLAN DEL GOLFO"
"2023 Nov 17 12:00:00 AM","05","ANTIOQUIA","05088","BELLO","CLAN DEL GOLFO"
"2023 Nov 17 12:00:00 AM","20","CESAR","20011","AGUACHICA","GAOR"
"2023 Nov 20 12:00:00 AM","05","ANTIOQUIA","05790","TARAZA","CLAN DEL GOLFO"
"2023 Nov 20 12:00:00 AM","47","MAGDALENA","47189","CIENAGA","GAOR"
"2023 Nov 20 12:00:00 AM","18","CAQUETA","18205","CURILLO","GAOR"
"2023 Nov 21 12:00:00 AM","18","CAQUETA","18001","FLORENCIA","GAOR"
"2023 Nov 21 12:00:00 AM","18","CAQUETA","18001","FLORENCIA","GAOR"
"2023 Nov 21 12:00:00 AM","18","CAQUETA","18001","FLORENCIA","GAOR"
"2023 Nov 23 12:00:00 AM","20","CESAR","20001","VALLEDUPAR","CLAN DEL GOLFO"
"2023 Nov 24 12:00:00 AM","76","VALLE DEL CAUCA","76001","CALI","GAOR"
"2023 Nov 27 12:00:00 AM","18","CAQUETA","18001","FLORENCIA","GAOR"
"2023 Nov 28 12:00:00 AM","27","CHOCO","27006","ACANDI","CLAN DEL GOLFO"
"2023 Nov 28 12:00:00 AM","27","CHOCO","27361","ISTMINA","CLAN DEL GOLFO"
"2023 Nov 29 12:00:00 AM","73","TOLIMA","73349","HONDA","GAOR"
"2023 Nov 30 12:00:00 AM","19","CAUCA","19001","POPAYAN","GAOR"
"2023 Nov 30 12:00:00 AM","20","CESAR","20001","VALLEDUPAR","CLAN DEL GOLFO"
"2023 Nov 30 12:00:00 AM","25","CUNDINAMARCA","25269","FACATATIVA","GAOR"
"2023 Dec 01 12:00:00 AM","76","VALLE DEL CAUCA","76001","CALI","GAOR"
"2023 Dec 01 12:00:00 AM","76","VALLE DEL CAUCA","76001","CALI","GAOR"
"2023 Dec 05 12:00:00 AM","76","VALLE DEL CAUCA","76001","CALI","GAOR"
"2023 Dec 05 12:00:00 AM","54","NORTE DE SANTANDER","54001","CUCUTA","GAOR"
"2023 Dec 05 12:00:00 AM","54","NORTE DE SANTANDER","54498","OCAÑA","GAOR"
"2023 Dec 06 12:00:00 AM","44","LA GUAJIRA","44430","MAICAO","CLAN DEL GOLFO"
"2023 Dec 06 12:00:00 AM","44","LA GUAJIRA","44430","MAICAO","CLAN DEL GOLFO"
"2023 Dec 06 12:00:00 AM","05","ANTIOQUIA","05790","TARAZA","CLAN DEL GOLFO"
"2023 Dec 06 12:00:00 AM","05","ANTIOQUIA","05790","TARAZA","CLAN DEL GOLFO"
"2023 Dec 06 12:00:00 AM","05","ANTIOQUIA","05790","TARAZA","CLAN DEL GOLFO"
"2023 Dec 07 12:00:00 AM","05","ANTIOQUIA","05250","EL BAGRE","CLAN DEL GOLFO"
"2023 Dec 07 12:00:00 AM","05","ANTIOQUIA","05250","EL BAGRE","CLAN DEL GOLFO"
"2023 Dec 07 12:00:00 AM","54","NORTE DE SANTANDER","54001","CUCUTA","GAOR"
"2023 Dec 07 12:00:00 AM","50","META","50251","EL CASTILLO","GAOR"
"2023 Dec 07 12:00:00 AM","19","CAUCA","19001","POPAYAN","GAOR"
"2023 Dec 07 12:00:00 AM","19","CAUCA","19001","POPAYAN","GAOR"
"2023 Dec 07 12:00:00 AM","20","CESAR","20001","VALLEDUPAR","GAOR"
"2023 Dec 12 12:00:00 AM","18","CAQUETA","18410","LA MONTAÑITA","GAOR"
"2023 Dec 12 12:00:00 AM","05","ANTIOQUIA","05001","MEDELLIN","GAOR"
"2023 Dec 12 12:00:00 AM","05","ANTIOQUIA","05001","MEDELLIN","GAOR"
"2023 Dec 12 12:00:00 AM","19","CAUCA","19001","POPAYAN","GAOR"
"2023 Dec 12 12:00:00 AM","50","META","50590","PUERTO RICO","GAOR"
"2023 Dec 12 12:00:00 AM","50","META","50590","PUERTO RICO","GAOR"
"2023 Dec 12 12:00:00 AM","81","ARAUCA","81736","SARAVENA","GAOR"
"2023 Dec 13 12:00:00 AM","20","CESAR","20443","MANAURE","GAOR"
"2024 Jan 02 12:00:00 AM","91","AMAZONAS","91407","LA PEDRERA","GAOR"
"2024 Jan 02 12:00:00 AM","18","CAQUETA","18001","FLORENCIA","GAOR"
"2024 Jan 02 12:00:00 AM","18","CAQUETA","18001","FLORENCIA","GAOR"
"2024 Jan 02 12:00:00 AM","19","CAUCA","19256","EL TAMBO","GAOR"
"2024 Jan 02 12:00:00 AM","19","CAUCA","19001","POPAYAN","GAOR"
"2024 Jan 02 12:00:00 AM","95","GUAVIARE","95001","SAN JOSE DEL GUAVIARE","GAOR"
"2024 Jan 02 12:00:00 AM","44","LA GUAJIRA","44035","ALBANIA","CLAN DEL GOLFO"
"2024 Jan 02 12:00:00 AM","54","NORTE DE SANTANDER","54518","PAMPLONA","GAOR"
"2024 Jan 02 12:00:00 AM","73","TOLIMA","73067","ATACO","GAOR"
"2024 Jan 02 12:00:00 AM","73","TOLIMA","73067","ATACO","GAOR"
"2024 Jan 02 12:00:00 AM","73","TOLIMA","73555","PLANADAS","GAOR"
"2024 Jan 02 12:00:00 AM","73","TOLIMA","73555","PLANADAS","GAOR"
"2024 Jan 04 12:00:00 AM","05","ANTIOQUIA","05147","CAREPA","CLAN DEL GOLFO"
"2024 Jan 04 12:00:00 AM","05","ANTIOQUIA","05665","SAN PEDRO DE URABA","CLAN DEL GOLFO"
"2024 Jan 05 12:00:00 AM","13","BOLIVAR","13458","MONTECRISTO","CLAN DEL GOLFO"
"2024 Jan 09 12:00:00 AM","91","AMAZONAS","91001","LETICIA","GAOR"
"2024 Jan 09 12:00:00 AM","76","VALLE DEL CAUCA","76111","GUADALAJARA DE BUGA","GAOR"
"2024 Jan 10 12:00:00 AM","13","BOLIVAR","13670","SAN PABLO","CLAN DEL GOLFO"
"2024 Jan 12 12:00:00 AM","13","BOLIVAR","13600","RIO VIEJO","CLAN DEL GOLFO"
"2024 Jan 12 12:00:00 AM","18","CAQUETA","18592","PUERTO RICO","GAOR"
"2024 Jan 12 12:00:00 AM","18","CAQUETA","18753","SAN VICENTE DEL CAGUAN","GAOR"
"2024 Jan 12 12:00:00 AM","41","HUILA","41020","ALGECIRAS","GAOR"
"2024 Jan 12 12:00:00 AM","52","NARIÑO","52427","MAGÜI","GAOR"
"2024 Jan 17 12:00:00 AM","52","NARIÑO","52427","MAGÜI","GAOR"
"2024 Jan 17 12:00:00 AM","52","NARIÑO","52427","MAGÜI","GAOR"
"2024 Jan 17 12:00:00 AM","52","NARIÑO","52427","MAGÜI","GAOR"
"2024 Jan 18 12:00:00 AM","05","ANTIOQUIA","05579","PUERTO BERRIO","CLAN DEL GOLFO"
"2024 Jan 18 12:00:00 AM","11","BOGOTA D.C.","11001","BOGOTA D.C.","GAOR"
"2024 Jan 18 12:00:00 AM","18","CAQUETA","18001","FLORENCIA","GAOR"
"2024 Jan 19 12:00:00 AM","05","ANTIOQUIA","05154","CAUCASIA","CLAN DEL GOLFO"
"2024 Jan 19 12:00:00 AM","05","ANTIOQUIA","05154","CAUCASIA","CLAN DEL GOLFO"
"2024 Jan 19 12:00:00 AM","05","ANTIOQUIA","05154","CAUCASIA","CLAN DEL GOLFO"
"2024 Jan 19 12:00:00 AM","05","ANTIOQUIA","05154","CAUCASIA","CLAN DEL GOLFO"
"2024 Jan 19 12:00:00 AM","13","BOLIVAR","13688","SANTA ROSA DEL SUR","CLAN DEL GOLFO"
"2024 Jan 19 12:00:00 AM","13","BOLIVAR","13688","SANTA ROSA DEL SUR","CLAN DEL GOLFO"
"2024 Jan 19 12:00:00 AM","52","NARIÑO","52323","GUALMATAN","GAOR"
"2024 Jan 19 12:00:00 AM","52","NARIÑO","52427","MAGÜI","GAOR"
"2024 Jan 23 12:00:00 AM","05","ANTIOQUIA","05147","CAREPA","CLAN DEL GOLFO"
"2024 Jan 23 12:00:00 AM","05","ANTIOQUIA","05147","CAREPA","CLAN DEL GOLFO"
"2024 Jan 23 12:00:00 AM","05","ANTIOQUIA","05147","CAREPA","CLAN DEL GOLFO"
"2024 Jan 23 12:00:00 AM","05","ANTIOQUIA","05147","CAREPA","CLAN DEL GOLFO"
"2024 Jan 23 12:00:00 AM","27","CHOCO","27810","UNION PANAMERICANA","CLAN DEL GOLFO"
"2024 Jan 24 12:00:00 AM","20","CESAR","20011","AGUACHICA","GAOR"
"2024 Jan 24 12:00:00 AM","41","HUILA","41020","ALGECIRAS","GAOR"
"2024 Jan 26 12:00:00 AM","23","CORDOBA","23001","MONTERIA","CLAN DEL GOLFO"
"2024 Jan 26 12:00:00 AM","54","NORTE DE SANTANDER","54344","HACARI","GAOR"
"2024 Jan 30 12:00:00 AM","27","CHOCO","27025","ALTO BAUDO","CLAN DEL GOLFO"
"2024 Jan 30 12:00:00 AM","23","CORDOBA","23580","PUERTO LIBERTADOR","CLAN DEL GOLFO"
"2024 Jan 31 12:00:00 AM","27","CHOCO","27372","JURADO","CLAN DEL GOLFO"
"2024 Jan 31 12:00:00 AM","27","CHOCO","27372","JURADO","CLAN DEL GOLFO"
"2024 Jan 31 12:00:00 AM","41","HUILA","41001","NEIVA","GAOR"
"2024 Jan 31 12:00:00 AM","52","NARIÑO","52490","OLAYA HERRERA","GAOR"
"2024 Feb 01 12:00:00 AM","11","BOGOTA D.C.","11001","BOGOTA D.C.","CLAN DEL GOLFO"
"2024 Feb 01 12:00:00 AM","15","BOYACA","15572","PUERTO BOYACA","CLAN DEL GOLFO"
"2024 Feb 01 12:00:00 AM","18","CAQUETA","18001","FLORENCIA","GAOR"
"2024 Feb 01 12:00:00 AM","41","HUILA","41001","NEIVA","GAOR"
"2024 Feb 05 12:00:00 AM","05","ANTIOQUIA","05665","SAN PEDRO DE URABA","CLAN DEL GOLFO"
"2024 Feb 05 12:00:00 AM","18","CAQUETA","18001","FLORENCIA","GAOR"
"2024 Feb 05 12:00:00 AM","66","RISARALDA","66001","PEREIRA","CLAN DEL GOLFO"
"2024 Feb 06 12:00:00 AM","73","TOLIMA","73001","IBAGUE","GAOR"
"2024 Feb 06 12:00:00 AM","73","TOLIMA","73001","IBAGUE","GAOR"
"2024 Feb 06 12:00:00 AM","73","TOLIMA","73001","IBAGUE","GAOR"
"2024 Feb 06 12:00:00 AM","73","TOLIMA","73001","IBAGUE","GAOR"
"2024 Feb 06 12:00:00 AM","73","TOLIMA","73001","IBAGUE","GAOR"
"2024 Feb 07 12:00:00 AM","05","ANTIOQUIA","05147","CAREPA","CLAN DEL GOLFO"
"2024 Feb 07 12:00:00 AM","23","CORDOBA","23001","MONTERIA","CLAN DEL GOLFO"
"2024 Feb 09 12:00:00 AM","05","ANTIOQUIA","05250","EL BAGRE","CLAN DEL GOLFO"
"2024 Feb 09 12:00:00 AM","18","CAQUETA","18001","FLORENCIA","GAOR"
"2024 Feb 09 12:00:00 AM","18","CAQUETA","18001","FLORENCIA","GAOR"
"2024 Feb 12 12:00:00 AM","11","BOGOTA D.C.","11001","BOGOTA D.C.","CLAN DEL GOLFO"
"2024 Feb 13 12:00:00 AM","13","BOLIVAR","13688","SANTA ROSA DEL SUR","GAOR"
"2024 Feb 13 12:00:00 AM","18","CAQUETA","18001","FLORENCIA","GAOR"
"2024 Feb 14 12:00:00 AM","52","NARIÑO","52490","OLAYA HERRERA","GAOR"
"2024 Feb 14 12:00:00 AM","76","VALLE DEL CAUCA","76001","CALI","GAOR"
"2024 Feb 15 12:00:00 AM","11","BOGOTA D.C.","11001","BOGOTA D.C.","GAOR"
"2024 Feb 15 12:00:00 AM","25","CUNDINAMARCA","25290","FUSAGASUGA","CLAN DEL GOLFO"
"2024 Feb 15 12:00:00 AM","25","CUNDINAMARCA","25290","FUSAGASUGA","CLAN DEL GOLFO"
"2024 Feb 16 12:00:00 AM","73","TOLIMA","73168","CHAPARRAL","GAOR"
"2024 Feb 19 12:00:00 AM","05","ANTIOQUIA","05579","PUERTO BERRIO","GAOR"
"2024 Feb 19 12:00:00 AM","18","CAQUETA","18001","FLORENCIA","GAOR"
"2024 Feb 19 12:00:00 AM","54","NORTE DE SANTANDER","54498","OCAÑA","GAOR"
"2024 Feb 20 12:00:00 AM","05","ANTIOQUIA","05854","VALDIVIA","CLAN DEL GOLFO"
"2024 Feb 20 12:00:00 AM","05","ANTIOQUIA","05854","VALDIVIA","CLAN DEL GOLFO"
"2024 Feb 21 12:00:00 AM","76","VALLE DEL CAUCA","76834","TULUA","GAOR"
"2024 Feb 22 12:00:00 AM","11","BOGOTA D.C.","11001","BOGOTA D.C.","GAOR"
"2024 Feb 22 12:00:00 AM","95","GUAVIARE","95001","SAN JOSE DEL GUAVIARE","GAOR"
"2024 Feb 22 12:00:00 AM","95","GUAVIARE","95001","SAN JOSE DEL GUAVIARE","GAOR"
"2024 Feb 22 12:00:00 AM","95","GUAVIARE","95001","SAN JOSE DEL GUAVIARE","GAOR"
"2024 Feb 23 12:00:00 AM","11","BOGOTA D.C.","11001","BOGOTA D.C.","CLAN DEL GOLFO"
"2024 Feb 23 12:00:00 AM","66","RISARALDA","66001","PEREIRA","CLAN DEL GOLFO"
"2024 Feb 26 12:00:00 AM","05","ANTIOQUIA","05147","CAREPA","CLAN DEL GOLFO"
"2024 Feb 27 12:00:00 AM","18","CAQUETA","18753","SAN VICENTE DEL CAGUAN","GAOR"
"2024 Feb 28 12:00:00 AM","27","CHOCO","27372","JURADO","CLAN DEL GOLFO"
"2024 Feb 29 12:00:00 AM","66","RISARALDA","66001","PEREIRA","GAOR"
"2024 Mar 01 12:00:00 AM","18","CAQUETA","18001","FLORENCIA","GAOR"
"2024 Mar 04 12:00:00 AM","54","NORTE DE SANTANDER","54001","CUCUTA","GAOR"
"2024 Mar 05 12:00:00 AM","27","CHOCO","27372","JURADO","CLAN DEL GOLFO"
"2024 Mar 05 12:00:00 AM","25","CUNDINAMARCA","25290","FUSAGASUGA","CLAN DEL GOLFO"
"2024 Mar 05 12:00:00 AM","86","PUTUMAYO","86568","PUERTO ASIS","GAOR"
"2024 Mar 06 12:00:00 AM","27","CHOCO","27025","ALTO BAUDO","CLAN DEL GOLFO"
"2024 Mar 07 12:00:00 AM","18","CAQUETA","18753","SAN VICENTE DEL CAGUAN","GAOR"
"2024 Mar 07 12:00:00 AM","20","CESAR","20011","AGUACHICA","GAOR"
"2024 Mar 07 12:00:00 AM","20","CESAR","20011","AGUACHICA","GAOR"
"2024 Mar 07 12:00:00 AM","52","NARIÑO","52490","OLAYA HERRERA","GAOR"
"2024 Mar 11 12:00:00 AM","05","ANTIOQUIA","05147","CAREPA","CLAN DEL GOLFO"
"2024 Mar 11 12:00:00 AM","05","ANTIOQUIA","05147","CAREPA","CLAN DEL GOLFO"
"2024 Mar 11 12:00:00 AM","05","ANTIOQUIA","05665","SAN PEDRO DE URABA","CLAN DEL GOLFO"
"2024 Mar 13 12:00:00 AM","27","CHOCO","27077","BAJO BAUDO","CLAN DEL GOLFO"
"2024 Mar 14 12:00:00 AM","19","CAUCA","19001","POPAYAN","GAOR"
"2024 Mar 14 12:00:00 AM","27","CHOCO","27077","BAJO BAUDO","CLAN DEL GOLFO"
"2024 Mar 14 12:00:00 AM","27","CHOCO","27077","BAJO BAUDO","CLAN DEL GOLFO"
"2024 Mar 14 12:00:00 AM","27","CHOCO","27077","BAJO BAUDO","CLAN DEL GOLFO"
"2024 Mar 15 12:00:00 AM","19","CAUCA","19001","POPAYAN","GAOR"
"2024 Mar 18 12:00:00 AM","73","TOLIMA","73001","IBAGUE","GAOR"
"2024 Mar 19 12:00:00 AM","44","LA GUAJIRA","44430","MAICAO","GAOR"
"2024 Mar 20 12:00:00 AM","76","VALLE DEL CAUCA","76834","TULUA","GAOR"
"2024 Mar 20 12:00:00 AM","76","VALLE DEL CAUCA","76834","TULUA","GAOR"
"2024 Mar 21 12:00:00 AM","05","ANTIOQUIA","05147","CAREPA","GAOR"
"2024 Mar 21 12:00:00 AM","18","CAQUETA","18753","SAN VICENTE DEL CAGUAN","GAOR"
"2024 Mar 21 12:00:00 AM","86","PUTUMAYO","86885","VILLAGARZON","GAOR"
"2024 Apr 03 12:00:00 AM","52","NARIÑO","52079","BARBACOAS","GAOR"
"2024 Apr 03 12:00:00 AM","52","NARIÑO","52079","BARBACOAS","GAOR"
"2024 Apr 03 12:00:00 AM","52","NARIÑO","52385","LA LLANADA","GAOR"
"2024 Apr 03 12:00:00 AM","52","NARIÑO","52385","LA LLANADA","GAOR"
"2024 Apr 03 12:00:00 AM","54","NORTE DE SANTANDER","54001","CUCUTA","GAOR"
"2024 Apr 03 12:00:00 AM","54","NORTE DE SANTANDER","54001","CUCUTA","GAOR"
"2024 Apr 04 12:00:00 AM","05","ANTIOQUIA","05579","PUERTO BERRIO","GAOR"
"2024 Apr 04 12:00:00 AM","11","BOGOTA D.C.","11001","BOGOTA D.C.","GAOR"
"2024 Apr 04 12:00:00 AM","19","CAUCA","19418","LOPEZ DE MICAY","GAOR"
"2024 Apr 04 12:00:00 AM","20","CESAR","20570","PUEBLO BELLO","CLAN DEL GOLFO"
"2024 Apr 04 12:00:00 AM","27","CHOCO","27615","RIOSUCIO","CLAN DEL GOLFO"
"2024 Apr 04 12:00:00 AM","41","HUILA","41551","PITALITO","GAOR"
"2024 Apr 04 12:00:00 AM","41","HUILA","41551","PITALITO","GAOR"
"2024 Apr 04 12:00:00 AM","73","TOLIMA","73168","CHAPARRAL","GAOR"
"2024 Apr 05 12:00:00 AM","05","ANTIOQUIA","05615","RIONEGRO","CLAN DEL GOLFO"
"2024 Apr 05 12:00:00 AM","81","ARAUCA","81794","TAME","GAOR"
"2024 Apr 05 12:00:00 AM","81","ARAUCA","81794","TAME","GAOR"
"2024 Apr 05 12:00:00 AM","18","CAQUETA","18592","PUERTO RICO","GAOR"
"2024 Apr 05 12:00:00 AM","50","META","50568","PUERTO GAITAN","GAOR"
"2024 Apr 05 12:00:00 AM","52","NARIÑO","52233","CUMBITARA","GAOR"
"2024 Apr 05 12:00:00 AM","52","NARIÑO","52490","OLAYA HERRERA","GAOR"
"2024 Apr 05 12:00:00 AM","52","NARIÑO","52835","SAN ANDRES DE TUMACO","GAOR"
"2024 Apr 08 12:00:00 AM","19","CAUCA","19050","ARGELIA","GAOR"
"2024 Apr 08 12:00:00 AM","19","CAUCA","19001","POPAYAN","GAOR"
"2024 Apr 08 12:00:00 AM","73","TOLIMA","73001","IBAGUE","GAOR"
"2024 Apr 09 12:00:00 AM","05","ANTIOQUIA","05147","CAREPA","CLAN DEL GOLFO"
"2024 Apr 09 12:00:00 AM","05","ANTIOQUIA","05147","CAREPA","CLAN DEL GOLFO"
"2024 Apr 09 12:00:00 AM","41","HUILA","41020","ALGECIRAS","GAOR"
"2024 Apr 09 12:00:00 AM","52","NARIÑO","52250","EL CHARCO","GAOR"
"2024 Apr 10 12:00:00 AM","05","ANTIOQUIA","05670","SAN ROQUE","CLAN DEL GOLFO"
"2024 Apr 10 12:00:00 AM","11","BOGOTA D.C.","11001","BOGOTA D.C.","GAOR"
"2024 Apr 10 12:00:00 AM","52","NARIÑO","52001","PASTO","GAOR"
"2024 Apr 11 12:00:00 AM","19","CAUCA","19001","POPAYAN","GAOR"
"2024 Apr 15 12:00:00 AM","05","ANTIOQUIA","05873","VIGIA DEL FUERTE","CLAN DEL GOLFO"
"2024 Apr 15 12:00:00 AM","27","CHOCO","27001","QUIBDO","CLAN DEL GOLFO"
"2024 Apr 16 12:00:00 AM","86","PUTUMAYO","86885","VILLAGARZON","GAOR"
"2024 Apr 16 12:00:00 AM","86","PUTUMAYO","86885","VILLAGARZON","GAOR"
"2024 Apr 16 12:00:00 AM","86","PUTUMAYO","86885","VILLAGARZON","GAOR"
"2024 Apr 17 12:00:00 AM","18","CAQUETA","18753","SAN VICENTE DEL CAGUAN","GAOR"
"2024 Apr 17 12:00:00 AM","47","MAGDALENA","47745","SITIONUEVO","GAOR"
"2024 Apr 17 12:00:00 AM","73","TOLIMA","73001","IBAGUE","GAOR"
"2024 Apr 18 12:00:00 AM","23","CORDOBA","23001","MONTERIA","CLAN DEL GOLFO"
"2024 Apr 23 12:00:00 AM","19","CAUCA","19075","BALBOA","GAOR"
"2024 Apr 23 12:00:00 AM","27","CHOCO","27077","BAJO BAUDO","CLAN DEL GOLFO"
"2024 Apr 24 12:00:00 AM","05","ANTIOQUIA","05819","TOLEDO","GAOR"
"2024 Apr 24 12:00:00 AM","20","CESAR","20001","VALLEDUPAR","CLAN DEL GOLFO"
"2024 Apr 25 12:00:00 AM","05","ANTIOQUIA","05154","CAUCASIA","CLAN DEL GOLFO"
"2024 Apr 25 12:00:00 AM","52","NARIÑO","52390","LA TOLA","GAOR"
"2024 Apr 25 12:00:00 AM","52","NARIÑO","52490","OLAYA HERRERA","GAOR"
"2024 Apr 30 12:00:00 AM","85","CASANARE","85410","TAURAMENA","GAOR"
"2024 Apr 30 12:00:00 AM","27","CHOCO","27361","ISTMINA","CLAN DEL GOLFO"
"2024 Apr 30 12:00:00 AM","27","CHOCO","27810","UNION PANAMERICANA","CLAN DEL GOLFO"
"2024 Apr 30 12:00:00 AM","86","PUTUMAYO","86569","PUERTO CAICEDO","GAOR"
"2024 May 02 12:00:00 AM","11","BOGOTA D.C.","11001","BOGOTA D.C.","GAOR"
"2024 May 02 12:00:00 AM","19","CAUCA","19050","ARGELIA","GAOR"
"2024 May 02 12:00:00 AM","19","CAUCA","19050","ARGELIA","GAOR"
"2024 May 02 12:00:00 AM","19","CAUCA","19142","CALOTO","GAOR"
"2024 May 02 12:00:00 AM","94","GUAINIA","94001","INIRIDA","GAOR"
"2024 May 02 12:00:00 AM","52","NARIÑO","52612","RICAURTE","GAOR"
"2024 May 06 12:00:00 AM","11","BOGOTA D.C.","11001","BOGOTA D.C.","GAOR"
"2024 May 06 12:00:00 AM","27","CHOCO","27745","SIPI","CLAN DEL GOLFO"
"2024 May 06 12:00:00 AM","50","META","50568","PUERTO GAITAN","GAOR"
"2024 May 06 12:00:00 AM","52","NARIÑO","52001","PASTO","GAOR"
"2024 May 06 12:00:00 AM","76","VALLE DEL CAUCA","76109","BUENAVENTURA","GAOR"
"2024 May 07 12:00:00 AM","05","ANTIOQUIA","05147","CAREPA","CLAN DEL GOLFO"
"2024 May 07 12:00:00 AM","05","ANTIOQUIA","05147","CAREPA","CLAN DEL GOLFO"
"2024 May 07 12:00:00 AM","05","ANTIOQUIA","05147","CAREPA","CLAN DEL GOLFO"
"2024 May 07 12:00:00 AM","05","ANTIOQUIA","05147","CAREPA","CLAN DEL GOLFO"
"2024 May 07 12:00:00 AM","81","ARAUCA","81794","TAME","GAOR"
"2024 May 07 12:00:00 AM","11","BOGOTA D.C.","11001","BOGOTA D.C.","CLAN DEL GOLFO"
"2024 May 07 12:00:00 AM","13","BOLIVAR","13468","SANTA CRUZ DE MOMPOX","CLAN DEL GOLFO"
"2024 May 07 12:00:00 AM","76","VALLE DEL CAUCA","76001","CALI","GAOR"
"2024 May 08 12:00:00 AM","05","ANTIOQUIA","05736","SEGOVIA","CLAN DEL GOLFO"
"2024 May 08 12:00:00 AM","05","ANTIOQUIA","05736","SEGOVIA","CLAN DEL GOLFO"
"2024 May 08 12:00:00 AM","05","ANTIOQUIA","05736","SEGOVIA","CLAN DEL GOLFO"
"2024 May 08 12:00:00 AM","05","ANTIOQUIA","05736","SEGOVIA","CLAN DEL GOLFO"
"2024 May 08 12:00:00 AM","50","META","50001","VILLAVICENCIO","CLAN DEL GOLFO"
"2024 May 09 12:00:00 AM","20","CESAR","20011","AGUACHICA","CLAN DEL GOLFO"
"2024 May 09 12:00:00 AM","68","SANTANDER","68001","BUCARAMANGA","GAOR"
"2024 May 15 12:00:00 AM","19","CAUCA","19075","BALBOA","GAOR"
"2024 May 15 12:00:00 AM","19","CAUCA","19075","BALBOA","GAOR"
"2024 May 15 12:00:00 AM","27","CHOCO","27361","ISTMINA","CLAN DEL GOLFO"
"2024 May 15 12:00:00 AM","27","CHOCO","27361","ISTMINA","CLAN DEL GOLFO"
"2024 May 15 12:00:00 AM","76","VALLE DEL CAUCA","76834","TULUA","GAOR"
"2024 May 16 12:00:00 AM","13","BOLIVAR","13688","SANTA ROSA DEL SUR","GAOR"
"2024 May 16 12:00:00 AM","41","HUILA","41551","PITALITO","GAOR"
"2024 May 16 12:00:00 AM","54","NORTE DE SANTANDER","54001","CUCUTA","GAOR"
"2024 May 17 12:00:00 AM","95","GUAVIARE","95001","SAN JOSE DEL GUAVIARE","GAOR"
"2024 May 17 12:00:00 AM","95","GUAVIARE","95001","SAN JOSE DEL GUAVIARE","GAOR"
"2024 May 17 12:00:00 AM","95","GUAVIARE","95001","SAN JOSE DEL GUAVIARE","GAOR"
"2024 May 17 12:00:00 AM","50","META","50313","GRANADA","GAOR"
"2024 May 17 12:00:00 AM","50","META","50350","LA MACARENA","GAOR"
"2024 May 17 12:00:00 AM","50","META","50350","LA MACARENA","GAOR"
"2024 May 17 12:00:00 AM","86","PUTUMAYO","86885","VILLAGARZON","GAOR"
"2024 May 20 12:00:00 AM","05","ANTIOQUIA","05736","SEGOVIA","GAOR"
"2024 May 20 12:00:00 AM","05","ANTIOQUIA","05736","SEGOVIA","GAOR"
"2024 May 20 12:00:00 AM","05","ANTIOQUIA","05736","SEGOVIA","GAOR"
"2024 May 21 12:00:00 AM","05","ANTIOQUIA","05120","CACERES","CLAN DEL GOLFO"
"2024 May 21 12:00:00 AM","05","ANTIOQUIA","05001","MEDELLIN","GAOR"
"2024 May 21 12:00:00 AM","05","ANTIOQUIA","05790","TARAZA","CLAN DEL GOLFO"
"2024 May 21 12:00:00 AM","11","BOGOTA D.C.","11001","BOGOTA D.C.","GAOR"
"2024 May 21 12:00:00 AM","11","BOGOTA D.C.","11001","BOGOTA D.C.","GAOR"
"2024 May 21 12:00:00 AM","25","CUNDINAMARCA","25488","NILO","GAOR"
"2024 May 21 12:00:00 AM","86","PUTUMAYO","86885","VILLAGARZON","GAOR"
"2024 May 23 12:00:00 AM","19","CAUCA","19418","LOPEZ DE MICAY","GAOR"
"2024 May 23 12:00:00 AM","19","CAUCA","19418","LOPEZ DE MICAY","GAOR"
"2024 May 23 12:00:00 AM","19","CAUCA","19001","POPAYAN","GAOR"
"2024 May 23 12:00:00 AM","54","NORTE DE SANTANDER","54518","PAMPLONA","GAOR"
"2024 May 24 12:00:00 AM","91","AMAZONAS","91001","LETICIA","GAOR"
"2024 May 24 12:00:00 AM","91","AMAZONAS","91001","LETICIA","GAOR"
"2024 May 24 12:00:00 AM","13","BOLIVAR","13688","SANTA ROSA DEL SUR","CLAN DEL GOLFO"
"2024 May 24 12:00:00 AM","13","BOLIVAR","13688","SANTA ROSA DEL SUR","GAOR"
"2024 May 24 12:00:00 AM","18","CAQUETA","18753","SAN VICENTE DEL CAGUAN","GAOR"
"2024 May 24 12:00:00 AM","18","CAQUETA","18753","SAN VICENTE DEL CAGUAN","GAOR"
"2024 May 28 12:00:00 AM","25","CUNDINAMARCA","25290","FUSAGASUGA","GAOR"
"2024 May 28 12:00:00 AM","41","HUILA","41001","NEIVA","GAOR"
"2024 May 28 12:00:00 AM","41","HUILA","41001","NEIVA","GAOR"
"2024 May 28 12:00:00 AM","52","NARIÑO","52427","MAGÜI","GAOR"
"2024 May 28 12:00:00 AM","54","NORTE DE SANTANDER","54001","CUCUTA","GAOR"
"2024 May 28 12:00:00 AM","54","NORTE DE SANTANDER","54001","CUCUTA","GAOR"
"2024 May 30 12:00:00 AM","11","BOGOTA D.C.","11001","BOGOTA D.C.","CLAN DEL GOLFO"
"2024 May 30 12:00:00 AM","11","BOGOTA D.C.","11001","BOGOTA D.C.","CLAN DEL GOLFO"
"2024 May 30 12:00:00 AM","11","BOGOTA D.C.","11001","BOGOTA D.C.","CLAN DEL GOLFO"
"2024 May 30 12:00:00 AM","11","BOGOTA D.C.","11001","BOGOTA D.C.","CLAN DEL GOLFO"
"2024 May 30 12:00:00 AM","11","BOGOTA D.C.","11001","BOGOTA D.C.","CLAN DEL GOLFO"
"2024 May 30 12:00:00 AM","11","BOGOTA D.C.","11001","BOGOTA D.C.","CLAN DEL GOLFO"
"2024 May 30 12:00:00 AM","19","CAUCA","19050","ARGELIA","GAOR"
"2024 May 30 12:00:00 AM","19","CAUCA","19050","ARGELIA","GAOR"
"2024 May 30 12:00:00 AM","52","NARIÑO","52835","SAN ANDRES DE TUMACO","GAOR"
"2024 May 30 12:00:00 AM","52","NARIÑO","52696","SANTA BARBARA","GAOR"
"2024 May 30 12:00:00 AM","86","PUTUMAYO","86568","PUERTO ASIS","GAOR"
"2024 May 31 12:00:00 AM","19","CAUCA","19001","POPAYAN","GAOR"
"2024 May 31 12:00:00 AM","19","CAUCA","19001","POPAYAN","GAOR"
"2024 Jun 05 12:00:00 AM","27","CHOCO","27001","QUIBDO","CLAN DEL GOLFO"
"2024 Jun 06 12:00:00 AM","05","ANTIOQUIA","05887","YARUMAL","CLAN DEL GOLFO"
"2024 Jun 06 12:00:00 AM","05","ANTIOQUIA","05887","YARUMAL","CLAN DEL GOLFO"
"2024 Jun 06 12:00:00 AM","05","ANTIOQUIA","05887","YARUMAL","CLAN DEL GOLFO"
"2024 Jun 06 12:00:00 AM","19","CAUCA","19050","ARGELIA","GAOR"
"2024 Jun 06 12:00:00 AM","23","CORDOBA","23001","MONTERIA","CLAN DEL GOLFO"
"2024 Jun 06 12:00:00 AM","41","HUILA","41020","ALGECIRAS","GAOR"
"2024 Jun 11 12:00:00 AM","19","CAUCA","19075","BALBOA","GAOR"
"2024 Jun 11 12:00:00 AM","19","CAUCA","19001","POPAYAN","GAOR"
"2024 Jun 11 12:00:00 AM","19","CAUCA","19001","POPAYAN","GAOR"
"2024 Jun 12 12:00:00 AM","05","ANTIOQUIA","05147","CAREPA","CLAN DEL GOLFO"
"2024 Jun 12 12:00:00 AM","18","CAQUETA","18592","PUERTO RICO","GAOR"
"2024 Jun 12 12:00:00 AM","19","CAUCA","19075","BALBOA","GAOR"
"2024 Jun 12 12:00:00 AM","19","CAUCA","19075","BALBOA","GAOR"
"2024 Jun 12 12:00:00 AM","19","CAUCA","19075","BALBOA","GAOR"
"2024 Jun 12 12:00:00 AM","19","CAUCA","19001","POPAYAN","GAOR"
"2024 Jun 12 12:00:00 AM","76","VALLE DEL CAUCA","76834","TULUA","GAOR"
"2024 Jun 13 12:00:00 AM","18","CAQUETA","18001","FLORENCIA","GAOR"
"2024 Jun 13 12:00:00 AM","18","CAQUETA","18001","FLORENCIA","GAOR"
"2024 Jun 13 12:00:00 AM","18","CAQUETA","18001","FLORENCIA","GAOR"
"2024 Jun 13 12:00:00 AM","18","CAQUETA","18001","FLORENCIA","GAOR"
"2024 Jun 13 12:00:00 AM","18","CAQUETA","18001","FLORENCIA","GAOR"
"2024 Jun 13 12:00:00 AM","18","CAQUETA","18001","FLORENCIA","GAOR"
"2024 Jun 14 12:00:00 AM","18","CAQUETA","18001","FLORENCIA","GAOR"
"2024 Jun 17 12:00:00 AM","81","ARAUCA","81794","TAME","GAOR"
"2024 Jun 17 12:00:00 AM","81","ARAUCA","81794","TAME","GAOR"
"2024 Jun 18 12:00:00 AM","05","ANTIOQUIA","05120","CACERES","CLAN DEL GOLFO"
"2024 Jun 18 12:00:00 AM","05","ANTIOQUIA","05147","CAREPA","CLAN DEL GOLFO"
"2024 Jun 18 12:00:00 AM","05","ANTIOQUIA","05887","YARUMAL","CLAN DEL GOLFO"
"2024 Jun 18 12:00:00 AM","81","ARAUCA","81794","TAME","GAOR"
"2024 Jun 18 12:00:00 AM","81","ARAUCA","81794","TAME","GAOR"
"2024 Jun 18 12:00:00 AM","13","BOLIVAR","13688","SANTA ROSA DEL SUR","CLAN DEL GOLFO"
"2024 Jun 18 12:00:00 AM","13","BOLIVAR","13688","SANTA ROSA DEL SUR","CLAN DEL GOLFO"
"2024 Jun 18 12:00:00 AM","19","CAUCA","19001","POPAYAN","GAOR"
"2024 Jun 18 12:00:00 AM","54","NORTE DE SANTANDER","54498","OCAÑA","GAOR"
"2024 Jun 19 12:00:00 AM","05","ANTIOQUIA","05093","BETULIA","CLAN DEL GOLFO"
"2024 Jun 20 12:00:00 AM","19","CAUCA","19001","POPAYAN","GAOR"
"2024 Jun 20 12:00:00 AM","25","CUNDINAMARCA","25290","FUSAGASUGA","CLAN DEL GOLFO"
"2024 Jun 20 12:00:00 AM","50","META","50313","GRANADA","GAOR"
"2024 Jun 21 12:00:00 AM","19","CAUCA","19001","POPAYAN","GAOR"
"2024 Jun 21 12:00:00 AM","41","HUILA","41020","ALGECIRAS","GAOR"
"2024 Jun 21 12:00:00 AM","41","HUILA","41020","ALGECIRAS","GAOR"
"2024 Jun 24 12:00:00 AM","19","CAUCA","19001","POPAYAN","GAOR"
"2024 Jun 24 12:00:00 AM","19","CAUCA","19001","POPAYAN","GAOR"
"2024 Jun 24 12:00:00 AM","19","CAUCA","19001","POPAYAN","GAOR"
"2024 Jun 25 12:00:00 AM","11","BOGOTA D.C.","11001","BOGOTA D.C.","GAOR"
"2024 Jun 26 12:00:00 AM","20","CESAR","20621","LA PAZ","CLAN DEL GOLFO"
"2024 Jun 27 12:00:00 AM","19","CAUCA","19001","POPAYAN","GAOR"
"2024 Jun 27 12:00:00 AM","19","CAUCA","19001","POPAYAN","GAOR"
"2024 Jun 27 12:00:00 AM","86","PUTUMAYO","86885","VILLAGARZON","GAOR"
"2024 Jun 27 12:00:00 AM","66","RISARALDA","66001","PEREIRA","GAOR"
"2024 Jun 27 12:00:00 AM","76","VALLE DEL CAUCA","76001","CALI","GAOR"
"2024 Jun 28 12:00:00 AM","63","QUINDIO","63470","MONTENEGRO","GAOR"
"2024 Jul 02 12:00:00 AM","05","ANTIOQUIA","05001","MEDELLIN","CLAN DEL GOLFO"
"2024 Jul 02 12:00:00 AM","94","GUAINIA","94001","INIRIDA","GAOR"
"2024 Jul 02 12:00:00 AM","76","VALLE DEL CAUCA","76001","CALI","GAOR"
"2024 Jul 03 12:00:00 AM","05","ANTIOQUIA","05147","CAREPA","CLAN DEL GOLFO"
"2024 Jul 04 12:00:00 AM","11","BOGOTA D.C.","11001","BOGOTA D.C.","GAOR"
"2024 Jul 05 12:00:00 AM","73","TOLIMA","73001","IBAGUE","GAOR"
"2024 Jul 08 12:00:00 AM","13","BOLIVAR","13042","ARENAL","CLAN DEL GOLFO"
"2024 Jul 08 12:00:00 AM","13","BOLIVAR","13458","MONTECRISTO","CLAN DEL GOLFO"
"2024 Jul 08 12:00:00 AM","13","BOLIVAR","13458","MONTECRISTO","CLAN DEL GOLFO"
"2024 Jul 08 12:00:00 AM","25","CUNDINAMARCA","25290","FUSAGASUGA","GAOR"
"2024 Jul 10 12:00:00 AM","05","ANTIOQUIA","05887","YARUMAL","CLAN DEL GOLFO"
"2024 Jul 10 12:00:00 AM","17","CALDAS","17001","MANIZALES","GAOR"
"2024 Jul 10 12:00:00 AM","17","CALDAS","17001","MANIZALES","GAOR"
"2024 Jul 10 12:00:00 AM","19","CAUCA","19001","POPAYAN","GAOR"
"2024 Jul 10 12:00:00 AM","52","NARIÑO","52256","EL ROSARIO","GAOR"
"2024 Jul 11 12:00:00 AM","18","CAQUETA","18753","SAN VICENTE DEL CAGUAN","GAOR"
"2024 Jul 11 12:00:00 AM","18","CAQUETA","18753","SAN VICENTE DEL CAGUAN","GAOR"
"2024 Jul 11 12:00:00 AM","76","VALLE DEL CAUCA","76001","CALI","GAOR"
"2024 Jul 16 12:00:00 AM","05","ANTIOQUIA","05895","ZARAGOZA","CLAN DEL GOLFO"
"2024 Jul 16 12:00:00 AM","20","CESAR","20383","LA GLORIA","CLAN DEL GOLFO"
"2024 Jul 17 12:00:00 AM","05","ANTIOQUIA","05120","CACERES","GAOR"
"2024 Jul 17 12:00:00 AM","05","ANTIOQUIA","05120","CACERES","GAOR"
"2024 Jul 17 12:00:00 AM","41","HUILA","41298","GARZON","GAOR"
"2024 Jul 18 12:00:00 AM","25","CUNDINAMARCA","25269","FACATATIVA","GAOR"
"2024 Jul 19 12:00:00 AM","05","ANTIOQUIA","05615","RIONEGRO","CLAN DEL GOLFO"
"2024 Jul 19 12:00:00 AM","11","BOGOTA D.C.","11001","BOGOTA D.C.","GAOR"
"2024 Jul 23 12:00:00 AM","27","CHOCO","27810","UNION PANAMERICANA","CLAN DEL GOLFO"
"2024 Jul 23 12:00:00 AM","52","NARIÑO","52001","PASTO","GAOR"
"2024 Jul 24 12:00:00 AM","11","BOGOTA D.C.","11001","BOGOTA D.C.","CLAN DEL GOLFO"
"2024 Jul 24 12:00:00 AM","47","MAGDALENA","47555","PLATO","CLAN DEL GOLFO"
"2024 Jul 24 12:00:00 AM","66","RISARALDA","66001","PEREIRA","GAOR"
"2024 Jul 24 12:00:00 AM","66","RISARALDA","66001","PEREIRA","CLAN DEL GOLFO"
"2024 Jul 24 12:00:00 AM","66","RISARALDA","66001","PEREIRA","GAOR"
"2024 Jul 25 12:00:00 AM","91","AMAZONAS","91001","LETICIA","GAOR"
"2024 Jul 25 12:00:00 AM","18","CAQUETA","18001","FLORENCIA","GAOR"
"2024 Jul 25 12:00:00 AM","18","CAQUETA","18756","SOLANO","GAOR"
"2024 Jul 29 12:00:00 AM","05","ANTIOQUIA","05480","MUTATA","CLAN DEL GOLFO"
"2024 Jul 30 12:00:00 AM","19","CAUCA","19001","POPAYAN","GAOR"
"2024 Jul 30 12:00:00 AM","86","PUTUMAYO","86573","PUERTO LEGUIZAMO","GAOR"
"2024 Jul 31 12:00:00 AM","13","BOLIVAR","13458","MONTECRISTO","CLAN DEL GOLFO"
"2024 Jul 31 12:00:00 AM","13","BOLIVAR","13458","MONTECRISTO","CLAN DEL GOLFO"
"2024 Jul 31 12:00:00 AM","13","BOLIVAR","13458","MONTECRISTO","CLAN DEL GOLFO"
"2024 Jul 31 12:00:00 AM","13","BOLIVAR","13458","MONTECRISTO","CLAN DEL GOLFO"
"2024 Jul 31 12:00:00 AM","13","BOLIVAR","13458","MONTECRISTO","CLAN DEL GOLFO"
"2024 Jul 31 12:00:00 AM","13","BOLIVAR","13458","MONTECRISTO","CLAN DEL GOLFO"
"2024 Aug 01 12:00:00 AM","05","ANTIOQUIA","05234","DABEIBA","GAOR"
"2024 Aug 01 12:00:00 AM","05","ANTIOQUIA","05234","DABEIBA","CLAN DEL GOLFO"
"2024 Aug 01 12:00:00 AM","81","ARAUCA","81001","ARAUCA","GAOR"
"2024 Aug 01 12:00:00 AM","41","HUILA","41020","ALGECIRAS","GAOR"
"2024 Aug 01 12:00:00 AM","47","MAGDALENA","47245","EL BANCO","GAOR"
"2024 Aug 01 12:00:00 AM","52","NARIÑO","52490","OLAYA HERRERA","GAOR"
"2024 Aug 01 12:00:00 AM","52","NARIÑO","52490","OLAYA HERRERA","GAOR"
"2024 Aug 05 12:00:00 AM","05","ANTIOQUIA","05001","MEDELLIN","CLAN DEL GOLFO"
"2024 Aug 05 12:00:00 AM","81","ARAUCA","81794","TAME","GAOR"
"2024 Aug 05 12:00:00 AM","19","CAUCA","19001","POPAYAN","GAOR"
"2024 Aug 05 12:00:00 AM","76","VALLE DEL CAUCA","76111","GUADALAJARA DE BUGA","GAOR"
"2024 Aug 06 12:00:00 AM","86","PUTUMAYO","86865","VALLE DEL GUAMUEZ","GAOR"
"2024 Aug 06 12:00:00 AM","86","PUTUMAYO","86865","VALLE DEL GUAMUEZ","GAOR"
"2024 Aug 08 12:00:00 AM","86","PUTUMAYO","86885","VILLAGARZON","GAOR"
"2024 Aug 13 12:00:00 AM","19","CAUCA","19001","POPAYAN","GAOR"
"2024 Aug 13 12:00:00 AM","19","CAUCA","19001","POPAYAN","GAOR"
"2024 Aug 13 12:00:00 AM","27","CHOCO","27025","ALTO BAUDO","CLAN DEL GOLFO"
"2024 Aug 13 12:00:00 AM","27","CHOCO","27450","MEDIO SAN JUAN","CLAN DEL GOLFO"
"2024 Aug 13 12:00:00 AM","27","CHOCO","27450","MEDIO SAN JUAN","CLAN DEL GOLFO"
"2024 Aug 14 12:00:00 AM","05","ANTIOQUIA","05250","EL BAGRE","CLAN DEL GOLFO"
"2024 Aug 14 12:00:00 AM","81","ARAUCA","81794","TAME","GAOR"
"2024 Aug 14 12:00:00 AM","11","BOGOTA D.C.","11001","BOGOTA D.C.","GAOR"
"2024 Aug 14 12:00:00 AM","19","CAUCA","19001","POPAYAN","GAOR"
"2024 Aug 14 12:00:00 AM","52","NARIÑO","52473","MOSQUERA","GAOR"
"2024 Aug 14 12:00:00 AM","54","NORTE DE SANTANDER","54001","CUCUTA","GAOR"
"2024 Aug 14 12:00:00 AM","68","SANTANDER","68081","BARRANCABERMEJA","GAOR"
"2024 Aug 16 12:00:00 AM","05","ANTIOQUIA","05147","CAREPA","CLAN DEL GOLFO"
"2024 Aug 16 12:00:00 AM","86","PUTUMAYO","86001","MOCOA","GAOR"
"2024 Aug 16 12:00:00 AM","86","PUTUMAYO","86885","VILLAGARZON","GAOR"
"2024 Aug 21 12:00:00 AM","05","ANTIOQUIA","05736","SEGOVIA","SIN ESTABLECER"
"2024 Aug 21 12:00:00 AM","05","ANTIOQUIA","05736","SEGOVIA","CLAN DEL GOLFO"
"2024 Aug 21 12:00:00 AM","05","ANTIOQUIA","05736","SEGOVIA","GAOR"
"2024 Aug 21 12:00:00 AM","18","CAQUETA","18001","FLORENCIA","GAOR"
"2024 Aug 21 12:00:00 AM","50","META","50001","VILLAVICENCIO","GAOR"
"2024 Aug 21 12:00:00 AM","50","META","50001","VILLAVICENCIO","GAOR"
"2024 Aug 21 12:00:00 AM","86","PUTUMAYO","86865","VALLE DEL GUAMUEZ","GAOR"
"2024 Aug 22 12:00:00 AM","86","PUTUMAYO","86568","PUERTO ASIS","GAOR"
"2024 Aug 22 12:00:00 AM","86","PUTUMAYO","86568","PUERTO ASIS","GAOR"
"2024 Aug 22 12:00:00 AM","76","VALLE DEL CAUCA","76001","CALI","GAOR"
"2024 Aug 23 12:00:00 AM","68","SANTANDER","68081","BARRANCABERMEJA","GAOR"
"2024 Aug 23 12:00:00 AM","68","SANTANDER","68081","BARRANCABERMEJA","GAOR"
"2024 Aug 26 12:00:00 AM","17","CALDAS","17001","MANIZALES","CLAN DEL GOLFO"
"2024 Aug 26 12:00:00 AM","27","CHOCO","27099","BOJAYA","CLAN DEL GOLFO"
"2024 Aug 26 12:00:00 AM","50","META","50001","VILLAVICENCIO","GAOR"
"2024 Aug 27 12:00:00 AM","11","BOGOTA D.C.","11001","BOGOTA D.C.","GAOR"
"2024 Aug 27 12:00:00 AM","18","CAQUETA","18001","FLORENCIA","GAOR"
"2024 Aug 27 12:00:00 AM","76","VALLE DEL CAUCA","76109","BUENAVENTURA","GAOR"
"2024 Aug 27 12:00:00 AM","76","VALLE DEL CAUCA","76109","BUENAVENTURA","GAOR"
"2024 Aug 28 12:00:00 AM","19","CAUCA","19001","POPAYAN","GAOR"
"2024 Sep 02 12:00:00 AM","05","ANTIOQUIA","05154","CAUCASIA","CLAN DEL GOLFO"
"2024 Sep 02 12:00:00 AM","05","ANTIOQUIA","05579","PUERTO BERRIO","GAOR"
"2024 Sep 02 12:00:00 AM","19","CAUCA","19001","POPAYAN","GAOR"
"2024 Sep 02 12:00:00 AM","52","NARIÑO","52356","IPIALES","GAOR"
"2024 Sep 02 12:00:00 AM","54","NORTE DE SANTANDER","54001","CUCUTA","GAOR"
"2024 Sep 03 12:00:00 AM","05","ANTIOQUIA","05045","APARTADO","CLAN DEL GOLFO"
"2024 Sep 03 12:00:00 AM","52","NARIÑO","52490","OLAYA HERRERA","GAOR"
"2024 Sep 03 12:00:00 AM","76","VALLE DEL CAUCA","76109","BUENAVENTURA","GAOR"
"2024 Sep 04 12:00:00 AM","41","HUILA","41518","PAICOL","GAOR"
"2024 Sep 04 12:00:00 AM","41","HUILA","41518","PAICOL","GAOR"
"2024 Sep 04 12:00:00 AM","52","NARIÑO","52001","PASTO","GAOR"
"2024 Sep 05 12:00:00 AM","19","CAUCA","19001","POPAYAN","GAOR"
"2024 Sep 05 12:00:00 AM","19","CAUCA","19001","POPAYAN","GAOR"
"2024 Sep 05 12:00:00 AM","19","CAUCA","19780","SUAREZ","GAOR"
"2024 Sep 06 12:00:00 AM","13","BOLIVAR","13688","SANTA ROSA DEL SUR","CLAN DEL GOLFO"
"2024 Sep 06 12:00:00 AM","13","BOLIVAR","13688","SANTA ROSA DEL SUR","CLAN DEL GOLFO"
"2024 Sep 06 12:00:00 AM","13","BOLIVAR","13688","SANTA ROSA DEL SUR","CLAN DEL GOLFO"
"2024 Sep 06 12:00:00 AM","13","BOLIVAR","13688","SANTA ROSA DEL SUR","CLAN DEL GOLFO"
"2024 Sep 06 12:00:00 AM","27","CHOCO","27077","BAJO BAUDO","CLAN DEL GOLFO"
"2024 Sep 09 12:00:00 AM","18","CAQUETA","18001","FLORENCIA","GAOR"
"2024 Sep 10 12:00:00 AM","50","META","50313","GRANADA","GAOR"
"2024 Sep 11 12:00:00 AM","25","CUNDINAMARCA","25290","FUSAGASUGA","GAOR"
"2024 Sep 16 12:00:00 AM","76","VALLE DEL CAUCA","76001","CALI","GAOR"
"2024 Sep 17 12:00:00 AM","18","CAQUETA","18785","SOLITA","GAOR"
"2024 Sep 17 12:00:00 AM","19","CAUCA","19001","POPAYAN","GAOR"
"2024 Sep 17 12:00:00 AM","19","CAUCA","19001","POPAYAN","GAOR"
"2024 Sep 17 12:00:00 AM","54","NORTE DE SANTANDER","54498","OCAÑA","GAOR"
"2024 Sep 18 12:00:00 AM","05","ANTIOQUIA","05887","YARUMAL","CLAN DEL GOLFO"
"2024 Sep 18 12:00:00 AM","18","CAQUETA","18001","FLORENCIA","GAOR"
"2024 Sep 18 12:00:00 AM","85","CASANARE","85315","SACAMA","GAOR"
"2024 Sep 18 12:00:00 AM","52","NARIÑO","52079","BARBACOAS","GAOR"
"2024 Sep 18 12:00:00 AM","52","NARIÑO","52079","BARBACOAS","GAOR"
"2024 Sep 18 12:00:00 AM","68","SANTANDER","68081","BARRANCABERMEJA","CLAN DEL GOLFO"
"2024 Sep 18 12:00:00 AM","76","VALLE DEL CAUCA","76001","CALI","GAOR"
"2024 Sep 19 12:00:00 AM","19","CAUCA","19050","ARGELIA","GAOR"
"2024 Sep 19 12:00:00 AM","19","CAUCA","19050","ARGELIA","GAOR"
"2024 Sep 19 12:00:00 AM","19","CAUCA","19050","ARGELIA","GAOR"
"2024 Sep 19 12:00:00 AM","19","CAUCA","19050","ARGELIA","GAOR"
"2024 Sep 19 12:00:00 AM","19","CAUCA","19001","POPAYAN","GAOR"
"2024 Sep 19 12:00:00 AM","41","HUILA","41001","NEIVA","GAOR"
"2024 Sep 19 12:00:00 AM","86","PUTUMAYO","86885","VILLAGARZON","GAOR"
"2024 Sep 23 12:00:00 AM","81","ARAUCA","81065","ARAUQUITA","GAOR"
"2024 Sep 25 12:00:00 AM","05","ANTIOQUIA","05887","YARUMAL","CLAN DEL GOLFO"
"2024 Sep 25 12:00:00 AM","50","META","50711","VISTAHERMOSA","GAOR"
"2024 Sep 26 12:00:00 AM","86","PUTUMAYO","86885","VILLAGARZON","GAOR"
"2024 Sep 27 12:00:00 AM","18","CAQUETA","18001","FLORENCIA","GAOR"
"2024 Sep 27 12:00:00 AM","54","NORTE DE SANTANDER","54250","EL TARRA","GAOR"
"2024 Sep 30 12:00:00 AM","25","CUNDINAMARCA","25839","UBALA","GAOR"
"2024 Sep 30 12:00:00 AM","25","CUNDINAMARCA","25839","UBALA","GAOR"
"2024 Oct 01 12:00:00 AM","05","ANTIOQUIA","05147","CAREPA","CLAN DEL GOLFO"
"2024 Oct 01 12:00:00 AM","05","ANTIOQUIA","05147","CAREPA","CLAN DEL GOLFO"
"2024 Oct 01 12:00:00 AM","05","ANTIOQUIA","05147","CAREPA","CLAN DEL GOLFO"
"2024 Oct 01 12:00:00 AM","05","ANTIOQUIA","05147","CAREPA","CLAN DEL GOLFO"
"2024 Oct 01 12:00:00 AM","05","ANTIOQUIA","05147","CAREPA","CLAN DEL GOLFO"
"2024 Oct 01 12:00:00 AM","85","CASANARE","85400","TAMARA","GAOR"
"2024 Oct 02 12:00:00 AM","11","BOGOTA D.C.","11001","BOGOTA D.C.","GAOR"
"2024 Oct 02 12:00:00 AM","19","CAUCA","19050","ARGELIA","GAOR"
"2024 Oct 02 12:00:00 AM","27","CHOCO","27025","ALTO BAUDO","CLAN DEL GOLFO"
"2024 Oct 02 12:00:00 AM","27","CHOCO","27025","ALTO BAUDO","CLAN DEL GOLFO"
"2024 Oct 02 12:00:00 AM","27","CHOCO","27430","MEDIO BAUDO","CLAN DEL GOLFO"
"2024 Oct 02 12:00:00 AM","27","CHOCO","27810","UNION PANAMERICANA","CLAN DEL GOLFO"
"2024 Oct 02 12:00:00 AM","52","NARIÑO","52233","CUMBITARA","GAOR"
"2024 Oct 02 12:00:00 AM","76","VALLE DEL CAUCA","76001","CALI","GAOR"
"2024 Oct 04 12:00:00 AM","05","ANTIOQUIA","05154","CAUCASIA","CLAN DEL GOLFO"
"2024 Oct 04 12:00:00 AM","05","ANTIOQUIA","05154","CAUCASIA","CLAN DEL GOLFO"
"2024 Oct 04 12:00:00 AM","05","ANTIOQUIA","05154","CAUCASIA","CLAN DEL GOLFO"
"2024 Oct 04 12:00:00 AM","41","HUILA","41551","PITALITO","GAOR"
"2024 Oct 04 12:00:00 AM","52","NARIÑO","52490","OLAYA HERRERA","GAOR"
"2024 Oct 07 12:00:00 AM","05","ANTIOQUIA","05147","CAREPA","CLAN DEL GOLFO"
"2024 Oct 07 12:00:00 AM","05","ANTIOQUIA","05147","CAREPA","CLAN DEL GOLFO"
"2024 Oct 07 12:00:00 AM","52","NARIÑO","52001","PASTO","GAOR"
"2024 Oct 07 12:00:00 AM","52","NARIÑO","52835","SAN ANDRES DE TUMACO","GAOR"
"2024 Oct 08 12:00:00 AM","47","MAGDALENA","47001","SANTA MARTA","CLAN DEL GOLFO"
"2024 Oct 08 12:00:00 AM","52","NARIÑO","52233","CUMBITARA","GAOR"
"2024 Oct 09 12:00:00 AM","05","ANTIOQUIA","05665","SAN PEDRO DE URABA","CLAN DEL GOLFO"
"2024 Oct 09 12:00:00 AM","05","ANTIOQUIA","05837","TURBO","CLAN DEL GOLFO"
"2024 Oct 09 12:00:00 AM","13","BOLIVAR","13688","SANTA ROSA DEL SUR","GAOR"
"2024 Oct 09 12:00:00 AM","27","CHOCO","27810","UNION PANAMERICANA","CLAN DEL GOLFO"
"2024 Oct 10 12:00:00 AM","81","ARAUCA","81001","ARAUCA","GAOR"
"2024 Oct 10 12:00:00 AM","81","ARAUCA","81001","ARAUCA","GAOR"
"2024 Oct 16 12:00:00 AM","05","ANTIOQUIA","05234","DABEIBA","CLAN DEL GOLFO"
"2024 Oct 16 12:00:00 AM","05","ANTIOQUIA","05475","MURINDO","CLAN DEL GOLFO"
"2024 Oct 16 12:00:00 AM","50","META","50313","GRANADA","GAOR"
"2024 Oct 16 12:00:00 AM","50","META","50313","GRANADA","GAOR"
"2024 Oct 16 12:00:00 AM","76","VALLE DEL CAUCA","76109","BUENAVENTURA","CLAN DEL GOLFO"
"2024 Oct 17 12:00:00 AM","18","CAQUETA","18001","FLORENCIA","GAOR"
"2024 Oct 17 12:00:00 AM","50","META","50568","PUERTO GAITAN","GAOR"
"2024 Oct 17 12:00:00 AM","50","META","50001","VILLAVICENCIO","GAOR"
"2024 Oct 18 12:00:00 AM","05","ANTIOQUIA","05147","CAREPA","CLAN DEL GOLFO"
"2024 Oct 18 12:00:00 AM","23","CORDOBA","23580","PUERTO LIBERTADOR","CLAN DEL GOLFO"
"2024 Oct 18 12:00:00 AM","95","GUAVIARE","95001","SAN JOSE DEL GUAVIARE","GAOR"
"2024 Oct 18 12:00:00 AM","95","GUAVIARE","95001","SAN JOSE DEL GUAVIARE","GAOR"
"2024 Oct 21 12:00:00 AM","15","BOYACA","15238","DUITAMA","GAOR"
"2024 Oct 21 12:00:00 AM","15","BOYACA","15238","DUITAMA","GAOR"
"2024 Oct 21 12:00:00 AM","15","BOYACA","15238","DUITAMA","GAOR"
"2024 Oct 21 12:00:00 AM","15","BOYACA","15238","DUITAMA","GAOR"
"2024 Oct 21 12:00:00 AM","18","CAQUETA","18001","FLORENCIA","GAOR"
"2024 Oct 22 12:00:00 AM","05","ANTIOQUIA","05234","DABEIBA","CLAN DEL GOLFO"
"2024 Oct 22 12:00:00 AM","19","CAUCA","19001","POPAYAN","GAOR"
"2024 Oct 22 12:00:00 AM","19","CAUCA","19001","POPAYAN","GAOR"
"2024 Oct 22 12:00:00 AM","19","CAUCA","19780","SUAREZ","GAOR"
"2024 Oct 22 12:00:00 AM","19","CAUCA","19845","VILLA RICA","GAOR"
"2024 Oct 23 12:00:00 AM","13","BOLIVAR","13458","MONTECRISTO","CLAN DEL GOLFO"
"2024 Oct 23 12:00:00 AM","27","CHOCO","27077","BAJO BAUDO","CLAN DEL GOLFO"
"2024 Oct 23 12:00:00 AM","73","TOLIMA","73001","IBAGUE","GAOR"
"2024 Oct 23 12:00:00 AM","76","VALLE DEL CAUCA","76001","CALI","CLAN DEL GOLFO"
"2024 Oct 25 12:00:00 AM","05","ANTIOQUIA","05579","PUERTO BERRIO","CLAN DEL GOLFO"
"2024 Oct 25 12:00:00 AM","41","HUILA","41551","PITALITO","GAOR"
"2024 Oct 25 12:00:00 AM","52","NARIÑO","52490","OLAYA HERRERA","GAOR"
"2024 Oct 25 12:00:00 AM","52","NARIÑO","52835","SAN ANDRES DE TUMACO","GAOR"
"2024 Oct 31 12:00:00 AM","73","TOLIMA","73349","HONDA","GAOR"
"2024 Oct 31 12:00:00 AM","73","TOLIMA","73349","HONDA","GAOR"
"2024 Oct 31 12:00:00 AM","73","TOLIMA","73349","HONDA","GAOR"
"2024 Oct 31 12:00:00 AM","73","TOLIMA","73349","HONDA","GAOR"
"2024 Nov 06 12:00:00 AM","05","ANTIOQUIA","05579","PUERTO BERRIO","GAOR"
"2024 Nov 06 12:00:00 AM","05","ANTIOQUIA","05579","PUERTO BERRIO","GAOR"
"2024 Nov 06 12:00:00 AM","63","QUINDIO","63001","ARMENIA","GAOR"
"2024 Nov 07 12:00:00 AM","47","MAGDALENA","47001","SANTA MARTA","CLAN DEL GOLFO"
"2024 Nov 08 12:00:00 AM","18","CAQUETA","18410","LA MONTAÑITA","GAOR"
"2024 Nov 08 12:00:00 AM","52","NARIÑO","52233","CUMBITARA","GAOR"
"2024 Nov 08 12:00:00 AM","86","PUTUMAYO","86885","VILLAGARZON","GAOR"
"2024 Nov 08 12:00:00 AM","86","PUTUMAYO","86885","VILLAGARZON","GAOR"
"2024 Nov 12 12:00:00 AM","52","NARIÑO","52001","PASTO","GAOR"
"2024 Nov 13 12:00:00 AM","91","AMAZONAS","91407","LA PEDRERA","GAOR"
"2024 Nov 13 12:00:00 AM","05","ANTIOQUIA","05147","CAREPA","CLAN DEL GOLFO"
"2024 Nov 13 12:00:00 AM","05","ANTIOQUIA","05147","CAREPA","CLAN DEL GOLFO"
"2024 Nov 13 12:00:00 AM","05","ANTIOQUIA","05736","SEGOVIA","CLAN DEL GOLFO"
"2024 Nov 13 12:00:00 AM","52","NARIÑO","52079","BARBACOAS","GAOR"
"2024 Nov 14 12:00:00 AM","05","ANTIOQUIA","05154","CAUCASIA","CLAN DEL GOLFO"
"2024 Nov 14 12:00:00 AM","05","ANTIOQUIA","05250","EL BAGRE","CLAN DEL GOLFO"
"2024 Nov 14 12:00:00 AM","05","ANTIOQUIA","05873","VIGIA DEL FUERTE","CLAN DEL GOLFO"
"2024 Nov 15 12:00:00 AM","50","META","50251","EL CASTILLO","GAOR"
"2024 Nov 15 12:00:00 AM","50","META","50001","VILLAVICENCIO","GAOR"
"2024 Nov 18 12:00:00 AM","11","BOGOTA D.C.","11001","BOGOTA D.C.","GAOR"
"2024 Nov 18 12:00:00 AM","11","BOGOTA D.C.","11001","BOGOTA D.C.","GAOR"
"2024 Nov 19 12:00:00 AM","11","BOGOTA D.C.","11001","BOGOTA D.C.","GAOR"
"2024 Nov 19 12:00:00 AM","18","CAQUETA","18592","PUERTO RICO","GAOR"
"2024 Nov 19 12:00:00 AM","41","HUILA","41020","ALGECIRAS","GAOR"
"2024 Nov 19 12:00:00 AM","41","HUILA","41001","NEIVA","GAOR"
"2024 Nov 19 12:00:00 AM","52","NARIÑO","52001","PASTO","GAOR"
"2024 Nov 20 12:00:00 AM","11","BOGOTA D.C.","11001","BOGOTA D.C.","GAOR"
"2024 Nov 21 12:00:00 AM","11","BOGOTA D.C.","11001","BOGOTA D.C.","GAOR"
"2024 Nov 21 12:00:00 AM","76","VALLE DEL CAUCA","76001","CALI","GAOR"
"2024 Nov 25 12:00:00 AM","05","ANTIOQUIA","05172","CHIGORODO","CLAN DEL GOLFO"
"2024 Nov 25 12:00:00 AM","18","CAQUETA","18001","FLORENCIA","GAOR"
"2024 Nov 25 12:00:00 AM","19","CAUCA","19318","GUAPI","GAOR"
"2024 Nov 25 12:00:00 AM","19","CAUCA","19318","GUAPI","GAOR"
"2024 Nov 25 12:00:00 AM","19","CAUCA","19318","GUAPI","GAOR"
"2024 Nov 25 12:00:00 AM","19","CAUCA","19318","GUAPI","GAOR"
"2024 Nov 25 12:00:00 AM","19","CAUCA","19318","GUAPI","GAOR"
"2024 Nov 26 12:00:00 AM","19","CAUCA","19698","SANTANDER DE QUILICHAO","GAOR"
"2024 Nov 26 12:00:00 AM","19","CAUCA","19698","SANTANDER DE QUILICHAO","GAOR"
"2024 Nov 26 12:00:00 AM","68","SANTANDER","68190","CIMITARRA","CLAN DEL GOLFO"
"2024 Nov 26 12:00:00 AM","76","VALLE DEL CAUCA","76001","CALI","GAOR"
"2024 Nov 27 12:00:00 AM","85","CASANARE","85315","SACAMA","GAOR"
"2024 Nov 28 12:00:00 AM","11","BOGOTA D.C.","11001","BOGOTA D.C.","CLAN DEL GOLFO"
"2024 Dec 03 12:00:00 AM","18","CAQUETA","18001","FLORENCIA","GAOR"
"2024 Dec 03 12:00:00 AM","18","CAQUETA","18001","FLORENCIA","GAOR"
"2024 Dec 03 12:00:00 AM","19","CAUCA","19050","ARGELIA","GAOR"
"2024 Dec 03 12:00:00 AM","19","CAUCA","19050","ARGELIA","GAOR"
"2024 Dec 03 12:00:00 AM","19","CAUCA","19318","GUAPI","GAOR"
"2024 Dec 03 12:00:00 AM","19","CAUCA","19809","TIMBIQUI","GAOR"
"2024 Dec 03 12:00:00 AM","41","HUILA","41551","PITALITO","GAOR"
"2024 Dec 03 12:00:00 AM","86","PUTUMAYO","86885","VILLAGARZON","GAOR"
"2024 Dec 03 12:00:00 AM","86","PUTUMAYO","86885","VILLAGARZON","GAOR"
"2024 Dec 04 12:00:00 AM","19","CAUCA","19698","SANTANDER DE QUILICHAO","GAOR"
"2024 Dec 04 12:00:00 AM","41","HUILA","41396","LA PLATA","GAOR"
"2024 Dec 06 12:00:00 AM","52","NARIÑO","52490","OLAYA HERRERA","GAOR"
"2024 Dec 09 12:00:00 AM","18","CAQUETA","18001","FLORENCIA","GAOR"
"2024 Dec 09 12:00:00 AM","18","CAQUETA","18001","FLORENCIA","GAOR"
"2024 Dec 09 12:00:00 AM","44","LA GUAJIRA","44001","RIOHACHA","CLAN DEL GOLFO"
"2024 Dec 09 12:00:00 AM","52","NARIÑO","52001","PASTO","GAOR"
"2024 Dec 10 12:00:00 AM","85","CASANARE","85001","YOPAL","GAOR"
"2024 Dec 10 12:00:00 AM","19","CAUCA","19698","SANTANDER DE QUILICHAO","GAOR"
"2024 Dec 10 12:00:00 AM","27","CHOCO","27077","BAJO BAUDO","CLAN DEL GOLFO"
"2024 Dec 10 12:00:00 AM","52","NARIÑO","52540","POLICARPA","GAOR"
"2024 Dec 11 12:00:00 AM","05","ANTIOQUIA","05147","CAREPA","CLAN DEL GOLFO"
"2024 Dec 11 12:00:00 AM","05","ANTIOQUIA","05147","CAREPA","CLAN DEL GOLFO"
"2024 Dec 11 12:00:00 AM","99","VICHADA","99524","LA PRIMAVERA","GAOR"
"2024 Dec 11 12:00:00 AM","99","VICHADA","99524","LA PRIMAVERA","GAOR"
"2024 Dec 12 12:00:00 AM","13","BOLIVAR","13688","SANTA ROSA DEL SUR","GAOR"
"2024 Dec 12 12:00:00 AM","13","BOLIVAR","13688","SANTA ROSA DEL SUR","GAOR"
"2024 Dec 12 12:00:00 AM","13","BOLIVAR","13688","SANTA ROSA DEL SUR","GAOR"
"2024 Dec 12 12:00:00 AM","13","BOLIVAR","13688","SANTA ROSA DEL SUR","GAOR"
"2024 Dec 16 12:00:00 AM","18","CAQUETA","18001","FLORENCIA","GAOR"
"2024 Dec 16 12:00:00 AM","18","CAQUETA","18001","FLORENCIA","GAOR"
"2024 Dec 20 12:00:00 AM","05","ANTIOQUIA","05361","ITUANGO","GAOR"
"2024 Dec 20 12:00:00 AM","05","ANTIOQUIA","05790","TARAZA","CLAN DEL GOLFO"
"2024 Dec 20 12:00:00 AM","17","CALDAS","17001","MANIZALES","GAOR"
"2024 Dec 20 12:00:00 AM","41","HUILA","41001","NEIVA","GAOR"
"2024 Dec 20 12:00:00 AM","50","META","50573","PUERTO LOPEZ","GAOR"
"2024 Dec 20 12:00:00 AM","73","TOLIMA","73555","PLANADAS","GAOR"
"2024 Dec 23 12:00:00 AM","13","BOLIVAR","13810","TIQUISIO","CLAN DEL GOLFO"
"2024 Dec 23 12:00:00 AM","19","CAUCA","19001","POPAYAN","GAOR"
"2024 Dec 23 12:00:00 AM","19","CAUCA","19001","POPAYAN","GAOR"
"2024 Dec 24 12:00:00 AM","50","META","50330","MESETAS","GAOR"
"2024 Dec 24 12:00:00 AM","50","META","50330","MESETAS","GAOR"
"2024 Dec 24 12:00:00 AM","50","META","50330","MESETAS","GAOR"
"2024 Dec 24 12:00:00 AM","50","META","50330","MESETAS","GAOR"
"2024 Dec 24 12:00:00 AM","50","META","50330","MESETAS","GAOR"
"2024 Dec 24 12:00:00 AM","50","META","50330","MESETAS","GAOR"
"2024 Dec 24 12:00:00 AM","50","META","50330","MESETAS","GAOR"
"2024 Dec 26 12:00:00 AM","19","CAUCA","19001","POPAYAN","GAOR"
"2024 Dec 26 12:00:00 AM","20","CESAR","20621","LA PAZ","CLAN DEL GOLFO"
"2024 Dec 26 12:00:00 AM","20","CESAR","20621","LA PAZ","CLAN DEL GOLFO"
"2024 Dec 26 12:00:00 AM","20","CESAR","20621","LA PAZ","CLAN DEL GOLFO"
"2024 Dec 26 12:00:00 AM","20","CESAR","20621","LA PAZ","CLAN DEL GOLFO"
"2024 Dec 26 12:00:00 AM","27","CHOCO","27615","RIOSUCIO","CLAN DEL GOLFO"
"2024 Dec 26 12:00:00 AM","52","NARIÑO","52250","EL CHARCO","GAOR"
"2024 Dec 26 12:00:00 AM","54","NORTE DE SANTANDER","54498","OCAÑA","GAOR"
"2024 Dec 26 12:00:00 AM","86","PUTUMAYO","86571","PUERTO GUZMAN","GAOR"
"2024 Dec 27 12:00:00 AM","25","CUNDINAMARCA","25290","FUSAGASUGA","GAOR"
"2024 Dec 27 12:00:00 AM","25","CUNDINAMARCA","25290","FUSAGASUGA","GAOR"
"2024 Dec 27 12:00:00 AM","52","NARIÑO","52490","OLAYA HERRERA","GAOR"
"2024 Dec 27 12:00:00 AM","52","NARIÑO","52490","OLAYA HERRERA","GAOR"
"2025 Jan 09 12:00:00 AM","13","BOLIVAR","13810","TIQUISIO","CLAN DEL GOLFO"
"2025 Jan 09 12:00:00 AM","52","NARIÑO","52250","EL CHARCO","GAOR"
"2025 Jan 09 12:00:00 AM","54","NORTE DE SANTANDER","54720","SARDINATA","GAOR"
"2025 Jan 13 12:00:00 AM","50","META","50400","LEJANIAS","GAOR"
"2025 Jan 13 12:00:00 AM","50","META","50400","LEJANIAS","GAOR"
"2025 Jan 13 12:00:00 AM","86","PUTUMAYO","86885","VILLAGARZON","GAOR"
"2025 Jan 14 12:00:00 AM","50","META","50001","VILLAVICENCIO","GAOR"
"2025 Jan 17 12:00:00 AM","05","ANTIOQUIA","05250","EL BAGRE","CLAN DEL GOLFO"
"2025 Jan 17 12:00:00 AM","05","ANTIOQUIA","05250","EL BAGRE","CLAN DEL GOLFO"
"2025 Jan 17 12:00:00 AM","05","ANTIOQUIA","05250","EL BAGRE","CLAN DEL GOLFO"
"2025 Jan 17 12:00:00 AM","05","ANTIOQUIA","05495","NECHI","CLAN DEL GOLFO"
"2025 Jan 17 12:00:00 AM","52","NARIÑO","52233","CUMBITARA","GAOR"
"2025 Jan 21 12:00:00 AM","05","ANTIOQUIA","05088","BELLO","CLAN DEL GOLFO"
"2025 Jan 21 12:00:00 AM","81","ARAUCA","81794","TAME","GAOR"
"2025 Jan 21 12:00:00 AM","81","ARAUCA","81794","TAME","GAOR"
"2025 Jan 21 12:00:00 AM","13","BOLIVAR","13688","SANTA ROSA DEL SUR","CLAN DEL GOLFO"
"2025 Jan 21 12:00:00 AM","19","CAUCA","19001","POPAYAN","GAOR"
"2025 Jan 23 12:00:00 AM","05","ANTIOQUIA","05361","ITUANGO","CLAN DEL GOLFO"
"2025 Jan 23 12:00:00 AM","05","ANTIOQUIA","05736","SEGOVIA","CLAN DEL GOLFO"
"2025 Jan 23 12:00:00 AM","52","NARIÑO","52001","PASTO","GAOR"
"2025 Jan 23 12:00:00 AM","52","NARIÑO","52001","PASTO","GAOR"
"2025 Jan 23 12:00:00 AM","52","NARIÑO","52835","SAN ANDRES DE TUMACO","GAOR"
"2025 Jan 23 12:00:00 AM","52","NARIÑO","52835","SAN ANDRES DE TUMACO","GAOR"
"2025 Jan 23 12:00:00 AM","52","NARIÑO","52835","SAN ANDRES DE TUMACO","GAOR"
"2025 Jan 24 12:00:00 AM","81","ARAUCA","81794","TAME","GAOR"
"2025 Jan 24 12:00:00 AM","81","ARAUCA","81794","TAME","GAOR"
"2025 Jan 24 12:00:00 AM","85","CASANARE","85410","TAURAMENA","GAOR"
"2025 Jan 24 12:00:00 AM","50","META","50001","VILLAVICENCIO","GAOR"
"2025 Jan 27 12:00:00 AM","11","BOGOTA D.C.","11001","BOGOTA D.C.","GAOR"
"2025 Jan 29 12:00:00 AM","41","HUILA","41001","NEIVA","GAOR"
"2025 Jan 30 12:00:00 AM","50","META","50313","GRANADA","GAOR"
"2025 Jan 30 12:00:00 AM","50","META","50313","GRANADA","GAOR"
"2025 Feb 03 12:00:00 AM","11","BOGOTA D.C.","11001","BOGOTA D.C.","GAOR"
"2025 Feb 05 12:00:00 AM","05","ANTIOQUIA","05615","RIONEGRO","GAOR"
"2025 Feb 07 12:00:00 AM","05","ANTIOQUIA","05628","SABANALARGA","CLAN DEL GOLFO"
"2025 Feb 07 12:00:00 AM","05","ANTIOQUIA","05665","SAN PEDRO DE URABA","CLAN DEL GOLFO"
"2025 Feb 10 12:00:00 AM","81","ARAUCA","81591","PUERTO RONDON","GAOR"
"2025 Feb 11 12:00:00 AM","05","ANTIOQUIA","05790","TARAZA","CLAN DEL GOLFO"
"2025 Feb 11 12:00:00 AM","13","BOLIVAR","13458","MONTECRISTO","CLAN DEL GOLFO"
"2025 Feb 11 12:00:00 AM","13","BOLIVAR","13688","SANTA ROSA DEL SUR","CLAN DEL GOLFO"
"2025 Feb 11 12:00:00 AM","13","BOLIVAR","13688","SANTA ROSA DEL SUR","CLAN DEL GOLFO"
"2025 Feb 11 12:00:00 AM","13","BOLIVAR","13810","TIQUISIO","CLAN DEL GOLFO"
"2025 Feb 11 12:00:00 AM","27","CHOCO","27615","RIOSUCIO","CLAN DEL GOLFO"
"2025 Feb 11 12:00:00 AM","27","CHOCO","27615","RIOSUCIO","CLAN DEL GOLFO"
"2025 Feb 11 12:00:00 AM","27","CHOCO","27615","RIOSUCIO","CLAN DEL GOLFO"
"2025 Feb 11 12:00:00 AM","41","HUILA","41551","PITALITO","GAOR"
"2025 Feb 11 12:00:00 AM","73","TOLIMA","73001","IBAGUE","GAOR"
"2025 Feb 12 12:00:00 AM","05","ANTIOQUIA","05001","MEDELLIN","CLAN DEL GOLFO"
"2025 Feb 12 12:00:00 AM","05","ANTIOQUIA","05887","YARUMAL","CLAN DEL GOLFO"
"2025 Feb 12 12:00:00 AM","19","CAUCA","19001","POPAYAN","GAOR"
"2025 Feb 12 12:00:00 AM","27","CHOCO","27075","BAHIA SOLANO","CLAN DEL GOLFO"
"2025 Feb 12 12:00:00 AM","95","GUAVIARE","95001","SAN JOSE DEL GUAVIARE","GAOR"
"2025 Feb 12 12:00:00 AM","95","GUAVIARE","95001","SAN JOSE DEL GUAVIARE","GAOR"
"2025 Feb 13 12:00:00 AM","11","BOGOTA D.C.","11001","BOGOTA D.C.","CLAN DEL GOLFO"
"2025 Feb 13 12:00:00 AM","11","BOGOTA D.C.","11001","BOGOTA D.C.","GAOR"
"2025 Feb 13 12:00:00 AM","19","CAUCA","19212","CORINTO","GAOR"
"2025 Feb 13 12:00:00 AM","19","CAUCA","19455","MIRANDA","GAOR"
"2025 Feb 13 12:00:00 AM","41","HUILA","41298","GARZON","GAOR"
"2025 Feb 17 12:00:00 AM","52","NARIÑO","52079","BARBACOAS","GAOR"
"2025 Feb 18 12:00:00 AM","05","ANTIOQUIA","05893","YONDO","GAOR"
"2025 Feb 19 12:00:00 AM","11","BOGOTA D.C.","11001","BOGOTA D.C.","GAOR"
"2025 Feb 19 12:00:00 AM","11","BOGOTA D.C.","11001","BOGOTA D.C.","GAOR"
"2025 Feb 20 12:00:00 AM","95","GUAVIARE","95001","SAN JOSE DEL GUAVIARE","CLAN DEL GOLFO"
"2025 Feb 20 12:00:00 AM","47","MAGDALENA","47245","EL BANCO","CLAN DEL GOLFO"
"2025 Feb 20 12:00:00 AM","73","TOLIMA","73001","IBAGUE","CLAN DEL GOLFO"
"2025 Feb 21 12:00:00 AM","05","ANTIOQUIA","05361","ITUANGO","CLAN DEL GOLFO"
"2025 Feb 21 12:00:00 AM","13","BOLIVAR","13688","SANTA ROSA DEL SUR","CLAN DEL GOLFO"
"2025 Feb 21 12:00:00 AM","18","CAQUETA","18001","FLORENCIA","CLAN DEL GOLFO"
"2025 Feb 21 12:00:00 AM","27","CHOCO","27077","BAJO BAUDO","CLAN DEL GOLFO"
"2025 Feb 21 12:00:00 AM","25","CUNDINAMARCA","25290","FUSAGASUGA","CLAN DEL GOLFO"
"2025 Feb 21 12:00:00 AM","76","VALLE DEL CAUCA","76109","BUENAVENTURA","CLAN DEL GOLFO"
"2025 Feb 21 12:00:00 AM","76","VALLE DEL CAUCA","76001","CALI","GAOR"
"2025 Feb 24 12:00:00 AM","94","GUAINIA","94343","BARRANCOMINAS","GAOR"
"2025 Feb 24 12:00:00 AM","95","GUAVIARE","95001","SAN JOSE DEL GUAVIARE","GAOR"
"2025 Feb 24 12:00:00 AM","95","GUAVIARE","95001","SAN JOSE DEL GUAVIARE","GAOR"
"2025 Feb 24 12:00:00 AM","52","NARIÑO","52390","LA TOLA","GAOR"
"2025 Feb 25 12:00:00 AM","27","CHOCO","27615","RIOSUCIO","CLAN DEL GOLFO"
"2025 Feb 26 12:00:00 AM","05","ANTIOQUIA","05147","CAREPA","CLAN DEL GOLFO"
"2025 Feb 26 12:00:00 AM","05","ANTIOQUIA","05480","MUTATA","CLAN DEL GOLFO"
"2025 Feb 26 12:00:00 AM","05","ANTIOQUIA","05736","SEGOVIA","CLAN DEL GOLFO"
"2025 Feb 26 12:00:00 AM","19","CAUCA","19001","POPAYAN","GAOR"
"2025 Feb 28 12:00:00 AM","41","HUILA","41551","PITALITO","GAOR"
"2025 Mar 04 12:00:00 AM","05","ANTIOQUIA","05147","CAREPA","CLAN DEL GOLFO"
"2025 Mar 04 12:00:00 AM","11","BOGOTA D.C.","11001","BOGOTA D.C.","CLAN DEL GOLFO"
"2025 Mar 04 12:00:00 AM","95","GUAVIARE","95001","SAN JOSE DEL GUAVIARE","GAOR"
"2025 Mar 04 12:00:00 AM","47","MAGDALENA","47001","SANTA MARTA","CLAN DEL GOLFO"
"2025 Mar 04 12:00:00 AM","50","META","50330","MESETAS","GAOR"
"2025 Mar 07 12:00:00 AM","05","ANTIOQUIA","05250","EL BAGRE","CLAN DEL GOLFO"
"2025 Mar 07 12:00:00 AM","05","ANTIOQUIA","05001","MEDELLIN","CLAN DEL GOLFO"
"2025 Mar 07 12:00:00 AM","05","ANTIOQUIA","05495","NECHI","CLAN DEL GOLFO"
"2025 Mar 07 12:00:00 AM","19","CAUCA","19455","MIRANDA","GAOR"
"2025 Mar 07 12:00:00 AM","76","VALLE DEL CAUCA","76109","BUENAVENTURA","GAOR"
"2025 Mar 07 12:00:00 AM","76","VALLE DEL CAUCA","76109","BUENAVENTURA","GAOR"
"2025 Mar 11 12:00:00 AM","50","META","50006","ACACIAS","GAOR"
"2025 Mar 11 12:00:00 AM","50","META","50006","ACACIAS","GAOR"
"2025 Mar 11 12:00:00 AM","50","META","50001","VILLAVICENCIO","GAOR"
"2025 Mar 12 12:00:00 AM","05","ANTIOQUIA","05895","ZARAGOZA","CLAN DEL GOLFO"
"2025 Mar 12 12:00:00 AM","11","BOGOTA D.C.","11001","BOGOTA D.C.","CLAN DEL GOLFO"
"2025 Mar 12 12:00:00 AM","50","META","50001","VILLAVICENCIO","GAOR"
"2025 Mar 13 12:00:00 AM","95","GUAVIARE","95200","MIRAFLORES","GAOR"
"2025 Mar 13 12:00:00 AM","95","GUAVIARE","95200","MIRAFLORES","GAOR"
"2025 Mar 14 12:00:00 AM","76","VALLE DEL CAUCA","76109","BUENAVENTURA","GAOR"
"2025 Mar 17 12:00:00 AM","76","VALLE DEL CAUCA","76001","CALI","GAOR"
"2025 Mar 19 12:00:00 AM","50","META","50313","GRANADA","GAOR"
"2025 Mar 21 12:00:00 AM","05","ANTIOQUIA","05147","CAREPA","CLAN DEL GOLFO"
"2025 Mar 21 12:00:00 AM","19","CAUCA","19050","ARGELIA","GAOR"
"2025 Mar 21 12:00:00 AM","19","CAUCA","19256","EL TAMBO","GAOR"
"2025 Mar 21 12:00:00 AM","95","GUAVIARE","95001","SAN JOSE DEL GUAVIARE","GAOR"
"2025 Mar 26 12:00:00 AM","13","BOLIVAR","13810","TIQUISIO","CLAN DEL GOLFO"
"2025 Mar 26 12:00:00 AM","13","BOLIVAR","13810","TIQUISIO","CLAN DEL GOLFO"
"2025 Mar 31 12:00:00 AM","05","ANTIOQUIA","05034","ANDES","CLAN DEL GOLFO"
"2025 Mar 31 12:00:00 AM","05","ANTIOQUIA","05579","PUERTO BERRIO","CLAN DEL GOLFO"
"2025 Mar 31 12:00:00 AM","27","CHOCO","27361","ISTMINA","CLAN DEL GOLFO"
"2025 Mar 31 12:00:00 AM","23","CORDOBA","23001","MONTERIA","CLAN DEL GOLFO"
"2025 Mar 31 12:00:00 AM","23","CORDOBA","23580","PUERTO LIBERTADOR","CLAN DEL GOLFO"
"2025 Mar 31 12:00:00 AM","50","META","50001","VILLAVICENCIO","GAOR"
"2025 Apr 04 12:00:00 AM","76","VALLE DEL CAUCA","76109","BUENAVENTURA","GAOR"
"2025 Apr 04 12:00:00 AM","76","VALLE DEL CAUCA","76113","BUGALAGRANDE","GAOR"
"2025 Apr 09 12:00:00 AM","18","CAQUETA","18001","FLORENCIA","GAOR"
"2025 Apr 09 12:00:00 AM","19","CAUCA","19698","SANTANDER DE QUILICHAO","GAOR"
"2025 Apr 09 12:00:00 AM","52","NARIÑO","52490","OLAYA HERRERA","GAOR"
"2025 Apr 09 12:00:00 AM","54","NORTE DE SANTANDER","54001","CUCUTA","CLAN DEL GOLFO"
"2025 Apr 11 12:00:00 AM","85","CASANARE","85410","TAURAMENA","GAOR"
"2025 Apr 11 12:00:00 AM","19","CAUCA","19532","PATIA","GAOR"
"2025 Apr 11 12:00:00 AM","19","CAUCA","19532","PATIA","GAOR"
"2025 Apr 11 12:00:00 AM","23","CORDOBA","23580","PUERTO LIBERTADOR","CLAN DEL GOLFO"
"2025 Apr 11 12:00:00 AM","95","GUAVIARE","95200","MIRAFLORES","GAOR"
"2025 Apr 14 12:00:00 AM","05","ANTIOQUIA","05480","MUTATA","CLAN DEL GOLFO"
"2025 Apr 14 12:00:00 AM","13","BOLIVAR","13468","SANTA CRUZ DE MOMPOX","CLAN DEL GOLFO"
"2025 Apr 22 12:00:00 AM","52","NARIÑO","52001","PASTO","GAOR"
"2025 Apr 22 12:00:00 AM","76","VALLE DEL CAUCA","76001","CALI","GAOR"
"2025 Apr 25 12:00:00 AM","52","NARIÑO","52001","PASTO","GAOR"
"2025 Apr 25 12:00:00 AM","52","NARIÑO","52001","PASTO","GAOR"
"2025 Apr 25 12:00:00 AM","52","NARIÑO","52001","PASTO","GAOR"
"2025 Apr 25 12:00:00 AM","86","PUTUMAYO","86320","ORITO","GAOR"
"2025 Apr 25 12:00:00 AM","76","VALLE DEL CAUCA","76520","PALMIRA","GAOR"
"2025 Apr 29 12:00:00 AM","11","BOGOTA D.C.","11001","BOGOTA D.C.","GAOR"
"2025 Apr 29 12:00:00 AM","19","CAUCA","19050","ARGELIA","GAOR"
"2025 Apr 29 12:00:00 AM","19","CAUCA","19050","ARGELIA","GAOR"
"2025 Apr 29 12:00:00 AM","19","CAUCA","19050","ARGELIA","GAOR"
"2025 Apr 30 12:00:00 AM","05","ANTIOQUIA","05154","CAUCASIA","CLAN DEL GOLFO"
"2025 Apr 30 12:00:00 AM","19","CAUCA","19455","MIRANDA","GAOR"
"2025 Apr 30 12:00:00 AM","52","NARIÑO","52540","POLICARPA","GAOR"
"2025 May 08 12:00:00 AM","68","SANTANDER","68081","BARRANCABERMEJA","CLAN DEL GOLFO"
"2025 May 09 12:00:00 AM","05","ANTIOQUIA","05250","EL BAGRE","CLAN DEL GOLFO"
"2025 May 09 12:00:00 AM","05","ANTIOQUIA","05736","SEGOVIA","CLAN DEL GOLFO"
"2025 May 09 12:00:00 AM","18","CAQUETA","18753","SAN VICENTE DEL CAGUAN","CLAN DEL GOLFO"
"2025 May 15 12:00:00 AM","95","GUAVIARE","95200","MIRAFLORES","GAOR"
"2025 May 15 12:00:00 AM","95","GUAVIARE","95200","MIRAFLORES","GAOR"
"2025 May 15 12:00:00 AM","50","META","50251","EL CASTILLO","GAOR"
"2025 May 15 12:00:00 AM","50","META","50251","EL CASTILLO","GAOR"
"2025 May 19 12:00:00 AM","05","ANTIOQUIA","05250","EL BAGRE","CLAN DEL GOLFO"
"2025 May 19 12:00:00 AM","23","CORDOBA","23001","MONTERIA","CLAN DEL GOLFO"
"2025 May 19 12:00:00 AM","76","VALLE DEL CAUCA","76233","DAGUA","GAOR"
"2025 May 20 12:00:00 AM","27","CHOCO","27361","ISTMINA","CLAN DEL GOLFO"
"2025 May 26 12:00:00 AM","91","AMAZONAS","91001","LETICIA","GAOR"
"2025 May 26 12:00:00 AM","05","ANTIOQUIA","05895","ZARAGOZA","CLAN DEL GOLFO"
"2025 May 26 12:00:00 AM","13","BOLIVAR","13458","MONTECRISTO","CLAN DEL GOLFO"
"2025 May 26 12:00:00 AM","13","BOLIVAR","13810","TIQUISIO","CLAN DEL GOLFO"
"2025 May 28 12:00:00 AM","05","ANTIOQUIA","05579","PUERTO BERRIO","CLAN DEL GOLFO"
"2025 May 28 12:00:00 AM","05","ANTIOQUIA","05887","YARUMAL","CLAN DEL GOLFO"
"2025 May 28 12:00:00 AM","13","BOLIVAR","13810","TIQUISIO","CLAN DEL GOLFO"
"2025 May 28 12:00:00 AM","73","TOLIMA","73555","PLANADAS","GAOR"
"2025 May 28 12:00:00 AM","76","VALLE DEL CAUCA","76001","CALI","GAOR"
"2025 Jun 03 12:00:00 AM","05","ANTIOQUIA","05250","EL BAGRE","CLAN DEL GOLFO"
"2025 Jun 03 12:00:00 AM","05","ANTIOQUIA","05250","EL BAGRE","CLAN DEL GOLFO"
"2025 Jun 03 12:00:00 AM","05","ANTIOQUIA","05250","EL BAGRE","CLAN DEL GOLFO"
"2025 Jun 03 12:00:00 AM","05","ANTIOQUIA","05895","ZARAGOZA","CLAN DEL GOLFO"
"2025 Jun 04 12:00:00 AM","13","BOLIVAR","13458","MONTECRISTO","CLAN DEL GOLFO"
"2025 Jun 04 12:00:00 AM","18","CAQUETA","18001","FLORENCIA","GAOR"
"2025 Jun 04 12:00:00 AM","52","NARIÑO","52233","CUMBITARA","GAOR"
"2025 Jun 04 12:00:00 AM","52","NARIÑO","52540","POLICARPA","GAOR"
"2025 Jun 05 12:00:00 AM","73","TOLIMA","73555","PLANADAS","GAOR"
"2025 Jun 12 12:00:00 AM","05","ANTIOQUIA","05854","VALDIVIA","CLAN DEL GOLFO"
"2025 Jun 12 12:00:00 AM","19","CAUCA","19001","POPAYAN","GAOR"
"2025 Jun 12 12:00:00 AM","95","GUAVIARE","95015","CALAMAR","GAOR"
"2025 Jun 12 12:00:00 AM","95","GUAVIARE","95015","CALAMAR","GAOR"
"2025 Jun 13 12:00:00 AM","11","BOGOTA D.C.","11001","BOGOTA D.C.","CLAN DEL GOLFO"
"2025 Jun 13 12:00:00 AM","50","META","50001","VILLAVICENCIO","GAOR"
"2025 Jun 13 12:00:00 AM","63","QUINDIO","63302","GENOVA","GAOR"
"2025 Jun 13 12:00:00 AM","73","TOLIMA","73168","CHAPARRAL","GAOR"
"2025 Jun 13 12:00:00 AM","97","VAUPES","97001","MITU","GAOR"
"2025 Jun 16 12:00:00 AM","05","ANTIOQUIA","05001","MEDELLIN","CLAN DEL GOLFO"
"2025 Jun 16 12:00:00 AM","13","BOLIVAR","13650","SAN FERNANDO","CLAN DEL GOLFO"
"2025 Jun 16 12:00:00 AM","13","BOLIVAR","13650","SAN FERNANDO","CLAN DEL GOLFO"
"2025 Jun 18 12:00:00 AM","13","BOLIVAR","13810","TIQUISIO","CLAN DEL GOLFO"
"2025 Jun 19 12:00:00 AM","91","AMAZONAS","91001","LETICIA","GAOR"
"2025 Jun 20 12:00:00 AM","13","BOLIVAR","13042","ARENAL","CLAN DEL GOLFO"
"2025 Jun 24 12:00:00 AM","13","BOLIVAR","13688","SANTA ROSA DEL SUR","CLAN DEL GOLFO"
"2025 Jun 25 12:00:00 AM","52","NARIÑO","52835","SAN ANDRES DE TUMACO","GAOR"
"2025 Jun 26 12:00:00 AM","85","CASANARE","85250","PAZ DE ARIPORO","GAOR"
"2025 Jun 26 12:00:00 AM","19","CAUCA","19075","BALBOA","GAOR"
"2025 Jun 26 12:00:00 AM","19","CAUCA","19001","POPAYAN","GAOR"
"2025 Jun 26 12:00:00 AM","27","CHOCO","27075","BAHIA SOLANO","CLAN DEL GOLFO"
"2025 Jun 26 12:00:00 AM","52","NARIÑO","52835","SAN ANDRES DE TUMACO","GAOR"
"2025 Jun 27 12:00:00 AM","05","ANTIOQUIA","05250","EL BAGRE","CLAN DEL GOLFO"
"2025 Jul 01 12:00:00 AM","91","AMAZONAS","91407","LA PEDRERA","GAOR"
"2025 Jul 01 12:00:00 AM","05","ANTIOQUIA","05665","SAN PEDRO DE URABA","CLAN DEL GOLFO"
"2025 Jul 01 12:00:00 AM","19","CAUCA","19001","POPAYAN","GAOR"
"2025 Jul 03 12:00:00 AM","05","ANTIOQUIA","05147","CAREPA","CLAN DEL GOLFO"
"2025 Jul 03 12:00:00 AM","05","ANTIOQUIA","05001","MEDELLIN","CLAN DEL GOLFO"
"2025 Jul 03 12:00:00 AM","05","ANTIOQUIA","05837","TURBO","CLAN DEL GOLFO"
"2025 Jul 07 12:00:00 AM","27","CHOCO","27077","BAJO BAUDO","CLAN DEL GOLFO"
"2025 Jul 08 12:00:00 AM","27","CHOCO","27075","BAHIA SOLANO","CLAN DEL GOLFO"
"2025 Jul 08 12:00:00 AM","27","CHOCO","27075","BAHIA SOLANO","CLAN DEL GOLFO"
"2025 Jul 09 12:00:00 AM","13","BOLIVAR","13468","SANTA CRUZ DE MOMPOX","CLAN DEL GOLFO"
"2025 Jul 09 12:00:00 AM","19","CAUCA","19050","ARGELIA","GAOR"
"2025 Jul 09 12:00:00 AM","19","CAUCA","19001","POPAYAN","GAOR"
"2025 Jul 14 12:00:00 AM","15","BOYACA","15572","PUERTO BOYACA","CLAN DEL GOLFO"
"2025 Jul 14 12:00:00 AM","20","CESAR","20383","LA GLORIA","CLAN DEL GOLFO"
"2025 Jul 14 12:00:00 AM","20","CESAR","20383","LA GLORIA","CLAN DEL GOLFO"
"2025 Jul 15 12:00:00 AM","13","BOLIVAR","13688","SANTA ROSA DEL SUR","CLAN DEL GOLFO"
"2025 Jul 15 12:00:00 AM","52","NARIÑO","52250","EL CHARCO","GAOR"
"2025 Jul 16 12:00:00 AM","27","CHOCO","27150","CARMEN DEL DARIEN","CLAN DEL GOLFO"
"2025 Jul 16 12:00:00 AM","52","NARIÑO","52250","EL CHARCO","GAOR"
"2025 Jul 23 12:00:00 AM","05","ANTIOQUIA","05172","CHIGORODO","CLAN DEL GOLFO"
"2025 Jul 23 12:00:00 AM","05","ANTIOQUIA","05579","PUERTO BERRIO","CLAN DEL GOLFO"
"2025 Jul 23 12:00:00 AM","13","BOLIVAR","13810","TIQUISIO","CLAN DEL GOLFO"
"2025 Jul 23 12:00:00 AM","27","CHOCO","27615","RIOSUCIO","CLAN DEL GOLFO"
"2025 Jul 24 12:00:00 AM","19","CAUCA","19532","PATIA","GAOR"
"2025 Jul 28 12:00:00 AM","05","ANTIOQUIA","05250","EL BAGRE","CLAN DEL GOLFO"
"2025 Jul 28 12:00:00 AM","18","CAQUETA","18592","PUERTO RICO","GAOR"
"2025 Jul 28 12:00:00 AM","95","GUAVIARE","95200","MIRAFLORES","GAOR"
"2025 Jul 28 12:00:00 AM","95","GUAVIARE","95200","MIRAFLORES","GAOR"
"2025 Jul 29 12:00:00 AM","73","TOLIMA","73555","PLANADAS","GAOR"
"2025 Jul 31 12:00:00 AM","11","BOGOTA D.C.","11001","BOGOTA D.C.","GAOR"
"2025 Aug 01 12:00:00 AM","05","ANTIOQUIA","05887","YARUMAL","CLAN DEL GOLFO"
"2025 Aug 01 12:00:00 AM","81","ARAUCA","81794","TAME","GAOR"
"2025 Aug 06 12:00:00 AM","05","ANTIOQUIA","05147","CAREPA","CLAN DEL GOLFO"
"2025 Aug 06 12:00:00 AM","05","ANTIOQUIA","05147","CAREPA","CLAN DEL GOLFO"
"2025 Aug 06 12:00:00 AM","05","ANTIOQUIA","05147","CAREPA","CLAN DEL GOLFO"
"2025 Aug 08 12:00:00 AM","15","BOYACA","15572","PUERTO BOYACA","CLAN DEL GOLFO"
"2025 Aug 08 12:00:00 AM","85","CASANARE","85410","TAURAMENA","GAOR"
"2025 Aug 08 12:00:00 AM","52","NARIÑO","52540","POLICARPA","GAOR"
"2025 Aug 11 12:00:00 AM","95","GUAVIARE","95001","SAN JOSE DEL GUAVIARE","GAOR"
"2025 Aug 12 12:00:00 AM","95","GUAVIARE","95001","SAN JOSE DEL GUAVIARE","GAOR"
"2025 Aug 12 12:00:00 AM","76","VALLE DEL CAUCA","76001","CALI","GAOR"
"2025 Aug 19 12:00:00 AM","19","CAUCA","19001","POPAYAN","GAOR"
"2025 Aug 19 12:00:00 AM","27","CHOCO","27491","NOVITA","CLAN DEL GOLFO"
"2025 Aug 19 12:00:00 AM","52","NARIÑO","52256","EL ROSARIO","GAOR"
"2025 Aug 19 12:00:00 AM","68","SANTANDER","68081","BARRANCABERMEJA","CLAN DEL GOLFO"
"2025 Aug 20 12:00:00 AM","05","ANTIOQUIA","05001","MEDELLIN","CLAN DEL GOLFO"
"2025 Aug 20 12:00:00 AM","19","CAUCA","19001","POPAYAN","GAOR"
"2025 Aug 21 12:00:00 AM","13","BOLIVAR","13458","MONTECRISTO","CLAN DEL GOLFO"
"2025 Aug 21 12:00:00 AM","13","BOLIVAR","13810","TIQUISIO","CLAN DEL GOLFO"
"2025 Aug 22 12:00:00 AM","05","ANTIOQUIA","05665","SAN PEDRO DE URABA","CLAN DEL GOLFO"
"2025 Aug 25 12:00:00 AM","50","META","50325","MAPIRIPAN","GAOR"
"2025 Aug 28 12:00:00 AM","73","TOLIMA","73001","IBAGUE","CLAN DEL GOLFO"
"2025 Aug 28 12:00:00 AM","73","TOLIMA","73001","IBAGUE","CLAN DEL GOLFO"
"2025 Sep 01 12:00:00 AM","19","CAUCA","19532","PATIA","GAOR"
"2025 Sep 02 12:00:00 AM","05","ANTIOQUIA","05147","CAREPA","CLAN DEL GOLFO"
"2025 Sep 02 12:00:00 AM","85","CASANARE","85410","TAURAMENA","CLAN DEL GOLFO"
"2025 Sep 02 12:00:00 AM","95","GUAVIARE","95001","SAN JOSE DEL GUAVIARE","GAOR"
"2025 Sep 02 12:00:00 AM","95","GUAVIARE","95001","SAN JOSE DEL GUAVIARE","GAOR"
"2025 Sep 02 12:00:00 AM","66","RISARALDA","66001","PEREIRA","CLAN DEL GOLFO"
"2025 Sep 03 12:00:00 AM","05","ANTIOQUIA","05051","ARBOLETES","CLAN DEL GOLFO"
"2025 Sep 03 12:00:00 AM","05","ANTIOQUIA","05154","CAUCASIA","CLAN DEL GOLFO"
"2025 Sep 03 12:00:00 AM","19","CAUCA","19001","POPAYAN","GAOR"
"2025 Sep 04 12:00:00 AM","15","BOYACA","15757","SOCHA","GAOR"
"2025 Sep 04 12:00:00 AM","70","SUCRE","70001","SINCELEJO","CLAN DEL GOLFO"
"2025 Sep 05 12:00:00 AM","66","RISARALDA","66001","PEREIRA","CLAN DEL GOLFO"
"2025 Sep 08 12:00:00 AM","95","GUAVIARE","95015","CALAMAR","GAOR"
"2025 Sep 09 12:00:00 AM","19","CAUCA","19256","EL TAMBO","GAOR"
"2025 Sep 10 12:00:00 AM","19","CAUCA","19001","POPAYAN","GAOR"
"2025 Sep 10 12:00:00 AM","19","CAUCA","19001","POPAYAN","GAOR"
"2025 Sep 11 12:00:00 AM","85","CASANARE","85250","PAZ DE ARIPORO","GAOR"
"2025 Sep 12 12:00:00 AM","13","BOLIVAR","13688","SANTA ROSA DEL SUR","CLAN DEL GOLFO"
"2025 Sep 12 12:00:00 AM","13","BOLIVAR","13688","SANTA ROSA DEL SUR","CLAN DEL GOLFO"
"2025 Sep 12 12:00:00 AM","19","CAUCA","19001","POPAYAN","GAOR"
"2025 Sep 15 12:00:00 AM","05","ANTIOQUIA","05579","PUERTO BERRIO","CLAN DEL GOLFO"
"2025 Sep 15 12:00:00 AM","05","ANTIOQUIA","05658","SAN JOSE DE LA MONTAÑA","CLAN DEL GOLFO"
"2025 Sep 17 12:00:00 AM","85","CASANARE","85001","YOPAL","GAOR"
"2025 Sep 17 12:00:00 AM","95","GUAVIARE","95001","SAN JOSE DEL GUAVIARE","GAOR"
"2025 Sep 18 12:00:00 AM","50","META","50251","EL CASTILLO","GAOR"
"2025 Sep 18 12:00:00 AM","52","NARIÑO","52786","TAMINANGO","GAOR"
"2025 Sep 19 12:00:00 AM","05","ANTIOQUIA","05665","SAN PEDRO DE URABA","CLAN DEL GOLFO"
"2025 Sep 19 12:00:00 AM","11","BOGOTA D.C.","11001","BOGOTA D.C.","GAOR"
"2025 Sep 19 12:00:00 AM","19","CAUCA","19001","POPAYAN","GAOR"
"2025 Sep 22 12:00:00 AM","19","CAUCA","19256","EL TAMBO","GAOR"
"2025 Sep 22 12:00:00 AM","19","CAUCA","19256","EL TAMBO","GAOR"
"2025 Sep 24 12:00:00 AM","05","ANTIOQUIA","05250","EL BAGRE","CLAN DEL GOLFO"
"2025 Sep 24 12:00:00 AM","05","ANTIOQUIA","05790","TARAZA","CLAN DEL GOLFO"
"2025 Sep 24 12:00:00 AM","23","CORDOBA","23807","TIERRALTA","CLAN DEL GOLFO"
"2025 Sep 25 12:00:00 AM","05","ANTIOQUIA","05154","CAUCASIA","CLAN DEL GOLFO"
"2025 Sep 25 12:00:00 AM","05","ANTIOQUIA","05790","TARAZA","CLAN DEL GOLFO"
"2025 Sep 25 12:00:00 AM","05","ANTIOQUIA","05790","TARAZA","CLAN DEL GOLFO"
"2025 Sep 25 12:00:00 AM","52","NARIÑO","52001","PASTO","GAOR"
"2025 Sep 25 12:00:00 AM","52","NARIÑO","52001","PASTO","GAOR"
"2025 Sep 25 12:00:00 AM","73","TOLIMA","73001","IBAGUE","GAOR"
"2025 Sep 25 12:00:00 AM","76","VALLE DEL CAUCA","76109","BUENAVENTURA","GAOR"
"2025 Sep 25 12:00:00 AM","76","VALLE DEL CAUCA","76109","BUENAVENTURA","GAOR"
"2025 Oct 01 12:00:00 AM","05","ANTIOQUIA","05250","EL BAGRE","CLAN DEL GOLFO"
"2025 Oct 01 12:00:00 AM","05","ANTIOQUIA","05001","MEDELLIN","CLAN DEL GOLFO"
"2025 Oct 01 12:00:00 AM","11","BOGOTA D.C.","11001","BOGOTA D.C.","CLAN DEL GOLFO"
"2025 Oct 01 12:00:00 AM","27","CHOCO","27361","ISTMINA","CLAN DEL GOLFO"
"2025 Oct 01 12:00:00 AM","63","QUINDIO","63302","GENOVA","CLAN DEL GOLFO"
"2025 Oct 02 12:00:00 AM","05","ANTIOQUIA","05001","MEDELLIN","CLAN DEL GOLFO"
"2025 Oct 02 12:00:00 AM","20","CESAR","20001","VALLEDUPAR","CLAN DEL GOLFO"
"2025 Oct 02 12:00:00 AM","20","CESAR","20001","VALLEDUPAR","CLAN DEL GOLFO"
"2025 Oct 02 12:00:00 AM","20","CESAR","20001","VALLEDUPAR","CLAN DEL GOLFO"
"2025 Oct 03 12:00:00 AM","52","NARIÑO","52001","PASTO","GAOR"
"2025 Oct 03 12:00:00 AM","76","VALLE DEL CAUCA","76109","BUENAVENTURA","GAOR"
"2025 Oct 06 12:00:00 AM","05","ANTIOQUIA","05819","TOLEDO","CLAN DEL GOLFO"
"2025 Oct 06 12:00:00 AM","81","ARAUCA","81794","TAME","GAOR"
"2025 Oct 06 12:00:00 AM","19","CAUCA","19809","TIMBIQUI","GAOR"
"2025 Oct 06 12:00:00 AM","66","RISARALDA","66456","MISTRATO","CLAN DEL GOLFO"
"2025 Oct 07 12:00:00 AM","13","BOLIVAR","13458","MONTECRISTO","CLAN DEL GOLFO"
"2025 Oct 07 12:00:00 AM","19","CAUCA","19532","PATIA","GAOR"
"2025 Oct 07 12:00:00 AM","19","CAUCA","19001","POPAYAN","GAOR"
"2025 Oct 07 12:00:00 AM","99","VICHADA","99773","CUMARIBO","GAOR"
"2025 Oct 08 12:00:00 AM","05","ANTIOQUIA","05647","SAN ANDRES DE CUERQUIA","CLAN DEL GOLFO"
"2025 Oct 14 12:00:00 AM","85","CASANARE","85001","YOPAL","GAOR"
"2025 Oct 16 12:00:00 AM","05","ANTIOQUIA","05579","PUERTO BERRIO","CLAN DEL GOLFO"
"2025 Oct 16 12:00:00 AM","13","BOLIVAR","13654","SAN JACINTO","CLAN DEL GOLFO"
"2025 Oct 16 12:00:00 AM","13","BOLIVAR","13688","SANTA ROSA DEL SUR","CLAN DEL GOLFO"
"2025 Oct 16 12:00:00 AM","18","CAQUETA","18150","CARTAGENA DEL CHAIRA","GAOR"
"2025 Oct 16 12:00:00 AM","20","CESAR","20001","VALLEDUPAR","CLAN DEL GOLFO"
"2025 Oct 16 12:00:00 AM","20","CESAR","20001","VALLEDUPAR","CLAN DEL GOLFO"
"2025 Oct 17 12:00:00 AM","05","ANTIOQUIA","05647","SAN ANDRES DE CUERQUIA","CLAN DEL GOLFO"
"2025 Oct 17 12:00:00 AM","05","ANTIOQUIA","05647","SAN ANDRES DE CUERQUIA","CLAN DEL GOLFO"
"2025 Oct 17 12:00:00 AM","85","CASANARE","85410","TAURAMENA","GAOR"
"2025 Oct 17 12:00:00 AM","19","CAUCA","19256","EL TAMBO","GAOR"
"2025 Oct 17 12:00:00 AM","19","CAUCA","19256","EL TAMBO","GAOR"
"2025 Oct 17 12:00:00 AM","19","CAUCA","19001","POPAYAN","GAOR"
"2025 Oct 17 12:00:00 AM","20","CESAR","20001","VALLEDUPAR","CLAN DEL GOLFO"
"2025 Oct 17 12:00:00 AM","20","CESAR","20001","VALLEDUPAR","CLAN DEL GOLFO"
"2025 Oct 20 12:00:00 AM","19","CAUCA","19001","POPAYAN","GAOR"
"2025 Oct 20 12:00:00 AM","19","CAUCA","19001","POPAYAN","GAOR"
"2025 Oct 22 12:00:00 AM","91","AMAZONAS","91407","LA PEDRERA","GAOR"
"2025 Oct 22 12:00:00 AM","11","BOGOTA D.C.","11001","BOGOTA D.C.","GAOR"
"2025 Oct 22 12:00:00 AM","19","CAUCA","19318","GUAPI","GAOR"
"2025 Oct 22 12:00:00 AM","19","CAUCA","19318","GUAPI","GAOR"
"2025 Oct 22 12:00:00 AM","27","CHOCO","27025","ALTO BAUDO","CLAN DEL GOLFO"
"2025 Oct 22 12:00:00 AM","27","CHOCO","27025","ALTO BAUDO","CLAN DEL GOLFO"
"2025 Oct 22 12:00:00 AM","27","CHOCO","27025","ALTO BAUDO","CLAN DEL GOLFO"
"2025 Oct 23 12:00:00 AM","73","TOLIMA","73168","CHAPARRAL","GAOR"
"2025 Oct 24 12:00:00 AM","18","CAQUETA","18001","FLORENCIA","GAOR"
"2025 Oct 24 12:00:00 AM","19","CAUCA","19256","EL TAMBO","GAOR"
"2025 Oct 24 12:00:00 AM","19","CAUCA","19256","EL TAMBO","GAOR"
"2025 Oct 24 12:00:00 AM","19","CAUCA","19809","TIMBIQUI","GAOR"
"2025 Oct 24 12:00:00 AM","27","CHOCO","27075","BAHIA SOLANO","CLAN DEL GOLFO"
"2025 Oct 24 12:00:00 AM","27","CHOCO","27372","JURADO","CLAN DEL GOLFO"
"2025 Oct 27 12:00:00 AM","19","CAUCA","19532","PATIA","GAOR"
"2025 Oct 28 12:00:00 AM","20","CESAR","20001","VALLEDUPAR","CLAN DEL GOLFO"
"2025 Oct 29 12:00:00 AM","11","BOGOTA D.C.","11001","BOGOTA D.C.","CLAN DEL GOLFO"
"2025 Oct 29 12:00:00 AM","20","CESAR","20001","VALLEDUPAR","CLAN DEL GOLFO"
"2025 Oct 29 12:00:00 AM","20","CESAR","20001","VALLEDUPAR","CLAN DEL GOLFO"
"2025 Oct 30 12:00:00 AM","05","ANTIOQUIA","05604","REMEDIOS","CLAN DEL GOLFO"
"2025 Oct 30 12:00:00 AM","05","ANTIOQUIA","05604","REMEDIOS","CLAN DEL GOLFO"
"2025 Oct 30 12:00:00 AM","63","QUINDIO","63302","GENOVA","GAOR"
"2025 Nov 04 12:00:00 AM","76","VALLE DEL CAUCA","76109","BUENAVENTURA","GAOR"
"2025 Nov 06 12:00:00 AM","05","ANTIOQUIA","05154","CAUCASIA","CLAN DEL GOLFO"
"2025 Nov 06 12:00:00 AM","27","CHOCO","27450","MEDIO SAN JUAN","CLAN DEL GOLFO"
"2025 Nov 06 12:00:00 AM","73","TOLIMA","73001","IBAGUE","GAOR"
"2025 Nov 10 12:00:00 AM","05","ANTIOQUIA","05001","MEDELLIN","CLAN DEL GOLFO"
"2025 Nov 10 12:00:00 AM","76","VALLE DEL CAUCA","76147","CARTAGO","GAOR"
"2025 Nov 10 12:00:00 AM","76","VALLE DEL CAUCA","76147","CARTAGO","CLAN DEL GOLFO"
"2025 Nov 12 12:00:00 AM","19","CAUCA","19001","POPAYAN","GAOR"
"2025 Nov 12 12:00:00 AM","19","CAUCA","19780","SUAREZ","GAOR"
"2025 Nov 12 12:00:00 AM","68","SANTANDER","68689","SAN VICENTE DE CHUCURI","CLAN DEL GOLFO"
"2025 Nov 12 12:00:00 AM","76","VALLE DEL CAUCA","76109","BUENAVENTURA","GAOR"
"2025 Nov 12 12:00:00 AM","76","VALLE DEL CAUCA","76001","CALI","GAOR"
"2025 Nov 14 12:00:00 AM","05","ANTIOQUIA","05001","MEDELLIN","CLAN DEL GOLFO"
"2025 Nov 14 12:00:00 AM","05","ANTIOQUIA","05001","MEDELLIN","CLAN DEL GOLFO"
"2025 Nov 20 12:00:00 AM","11","BOGOTA D.C.","11001","BOGOTA D.C.","CLAN DEL GOLFO"
"2025 Nov 21 12:00:00 AM","05","ANTIOQUIA","05790","TARAZA","CLAN DEL GOLFO"
"2025 Nov 21 12:00:00 AM","11","BOGOTA D.C.","11001","BOGOTA D.C.","GAOR"
"2025 Nov 21 12:00:00 AM","11","BOGOTA D.C.","11001","BOGOTA D.C.","CLAN DEL GOLFO"
"2025 Nov 21 12:00:00 AM","13","BOLIVAR","13688","SANTA ROSA DEL SUR","CLAN DEL GOLFO"
"2025 Nov 21 12:00:00 AM","19","CAUCA","19532","PATIA","GAOR"
"2025 Nov 21 12:00:00 AM","19","CAUCA","19001","POPAYAN","GAOR"
"2025 Nov 21 12:00:00 AM","95","GUAVIARE","95001","SAN JOSE DEL GUAVIARE","GAOR"
"2025 Nov 21 12:00:00 AM","52","NARIÑO","52490","OLAYA HERRERA","GAOR"
"2025 Nov 21 12:00:00 AM","52","NARIÑO","52696","SANTA BARBARA","GAOR"
"2025 Nov 25 12:00:00 AM","95","GUAVIARE","95015","CALAMAR","GAOR"
"2025 Nov 26 12:00:00 AM","66","RISARALDA","66001","PEREIRA","CLAN DEL GOLFO"
"2025 Nov 27 12:00:00 AM","19","CAUCA","19001","POPAYAN","GAOR"
"2025 Nov 27 12:00:00 AM","19","CAUCA","19001","POPAYAN","GAOR"
"2025 Nov 28 12:00:00 AM","85","CASANARE","85250","PAZ DE ARIPORO","GAOR"
"2025 Nov 28 12:00:00 AM","19","CAUCA","19698","SANTANDER DE QUILICHAO","GAOR"
"2025 Nov 28 12:00:00 AM","19","CAUCA","19698","SANTANDER DE QUILICHAO","GAOR"
"2025 Nov 28 12:00:00 AM","20","CESAR","20001","VALLEDUPAR","CLAN DEL GOLFO"
"2025 Nov 28 12:00:00 AM","20","CESAR","20001","VALLEDUPAR","CLAN DEL GOLFO"
"2025 Nov 28 12:00:00 AM","20","CESAR","20001","VALLEDUPAR","CLAN DEL GOLFO"
"2025 Nov 28 12:00:00 AM","20","CESAR","20001","VALLEDUPAR","CLAN DEL GOLFO"
"2025 Nov 28 12:00:00 AM","27","CHOCO","27430","MEDIO BAUDO","CLAN DEL GOLFO"
"2025 Nov 28 12:00:00 AM","97","VAUPES","97001","MITU","GAOR"
"2025 Dec 01 12:00:00 AM","27","CHOCO","27001","QUIBDO","CLAN DEL GOLFO"
"2025 Dec 01 12:00:00 AM","41","HUILA","41001","NEIVA","GAOR"
"2025 Dec 01 12:00:00 AM","41","HUILA","41001","NEIVA","GAOR"
"2025 Dec 01 12:00:00 AM","41","HUILA","41001","NEIVA","GAOR"
"2025 Dec 01 12:00:00 AM","41","HUILA","41001","NEIVA","GAOR"
"2025 Dec 01 12:00:00 AM","44","LA GUAJIRA","44001","RIOHACHA","CLAN DEL GOLFO"
"2025 Dec 01 12:00:00 AM","44","LA GUAJIRA","44001","RIOHACHA","CLAN DEL GOLFO"
"2025 Dec 01 12:00:00 AM","44","LA GUAJIRA","44001","RIOHACHA","CLAN DEL GOLFO"
"2025 Dec 02 12:00:00 AM","68","SANTANDER","68081","BARRANCABERMEJA","CLAN DEL GOLFO"
"2025 Dec 03 12:00:00 AM","05","ANTIOQUIA","05147","CAREPA","CLAN DEL GOLFO"
"2025 Dec 03 12:00:00 AM","05","ANTIOQUIA","05234","DABEIBA","CLAN DEL GOLFO"
"2025 Dec 03 12:00:00 AM","05","ANTIOQUIA","05250","EL BAGRE","CLAN DEL GOLFO"
"2025 Dec 03 12:00:00 AM","20","CESAR","20001","VALLEDUPAR","CLAN DEL GOLFO"
"2025 Dec 04 12:00:00 AM","05","ANTIOQUIA","05147","CAREPA","CLAN DEL GOLFO"
"2025 Dec 04 12:00:00 AM","05","ANTIOQUIA","05147","CAREPA","CLAN DEL GOLFO"
"2025 Dec 04 12:00:00 AM","05","ANTIOQUIA","05147","CAREPA","CLAN DEL GOLFO"
"2025 Dec 04 12:00:00 AM","05","ANTIOQUIA","05147","CAREPA","CLAN DEL GOLFO"
"2025 Dec 04 12:00:00 AM","05","ANTIOQUIA","05147","CAREPA","CLAN DEL GOLFO"
"2025 Dec 04 12:00:00 AM","05","ANTIOQUIA","05250","EL BAGRE","CLAN DEL GOLFO"
"2025 Dec 04 12:00:00 AM","05","ANTIOQUIA","05250","EL BAGRE","CLAN DEL GOLFO"
"2025 Dec 05 12:00:00 AM","05","ANTIOQUIA","05250","EL BAGRE","CLAN DEL GOLFO"
"2025 Dec 05 12:00:00 AM","05","ANTIOQUIA","05250","EL BAGRE","CLAN DEL GOLFO"
"2025 Dec 05 12:00:00 AM","05","ANTIOQUIA","05887","YARUMAL","CLAN DEL GOLFO"
"2025 Dec 05 12:00:00 AM","47","MAGDALENA","47001","SANTA MARTA","CLAN DEL GOLFO"
"2025 Dec 10 12:00:00 AM","27","CHOCO","27787","TADO","CLAN DEL GOLFO"
"2025 Dec 10 12:00:00 AM","52","NARIÑO","52835","SAN ANDRES DE TUMACO","GAOR"
"2025 Dec 11 12:00:00 AM","95","GUAVIARE","95015","CALAMAR","GAOR"
"2025 Dec 11 12:00:00 AM","95","GUAVIARE","95015","CALAMAR","GAOR"
"2025 Dec 16 12:00:00 AM","95","GUAVIARE","95200","MIRAFLORES","GAOR"
"2025 Dec 19 12:00:00 AM","13","BOLIVAR","13688","SANTA ROSA DEL SUR","CLAN DEL GOLFO"
"2025 Dec 19 12:00:00 AM","27","CHOCO","27075","BAHIA SOLANO","CLAN DEL GOLFO"
"2025 Dec 19 12:00:00 AM","23","CORDOBA","23001","MONTERIA","CLAN DEL GOLFO"
"2025 Dec 19 12:00:00 AM","52","NARIÑO","52540","POLICARPA","GAOR"
"2025 Dec 19 12:00:00 AM","76","VALLE DEL CAUCA","76109","BUENAVENTURA","GAOR"
"2025 Dec 22 12:00:00 AM","13","BOLIVAR","13458","MONTECRISTO","CLAN DEL GOLFO"
"2025 Dec 22 12:00:00 AM","13","BOLIVAR","13490","NOROSI","CLAN DEL GOLFO"
"2025 Dec 23 12:00:00 AM","11","BOGOTA D.C.","11001","BOGOTA D.C.","CLAN DEL GOLFO"
"2025 Dec 23 12:00:00 AM","76","VALLE DEL CAUCA","76109","BUENAVENTURA","GAOR"
"2025 Dec 24 12:00:00 AM","41","HUILA","41396","LA PLATA","GAOR"
"2026 Jan 07 12:00:00 AM","11","BOGOTA D.C.","11001","BOGOTA D.C.","GAOR"
"2026 Jan 07 12:00:00 AM","27","CHOCO","27075","BAHIA SOLANO","CLAN DEL GOLFO"
"2026 Jan 14 12:00:00 AM","91","AMAZONAS","91001","LETICIA","GAOR"
"2026 Jan 20 12:00:00 AM","41","HUILA","41396","LA PLATA","GAOR"
"2026 Jan 20 12:00:00 AM","73","TOLIMA","73555","PLANADAS","GAOR"
"2026 Jan 26 12:00:00 AM","13","BOLIVAR","13688","SANTA ROSA DEL SUR","CLAN DEL GOLFO"
"2026 Jan 26 12:00:00 AM","19","CAUCA","19418","LOPEZ DE MICAY","GAOR"
"2026 Jan 26 12:00:00 AM","86","PUTUMAYO","86568","PUERTO ASIS","GAOR"
"2026 Feb 03 12:00:00 AM","52","NARIÑO","52001","PASTO","GAOR"
"2026 Feb 06 12:00:00 AM","95","GUAVIARE","95001","SAN JOSE DEL GUAVIARE","GAOR"
"2026 Feb 10 12:00:00 AM","95","GUAVIARE","95001","SAN JOSE DEL GUAVIARE","GAOR"
"2026 Feb 12 12:00:00 AM","19","CAUCA","19001","POPAYAN","GAOR"
"2026 Feb 12 12:00:00 AM","95","GUAVIARE","95001","SAN JOSE DEL GUAVIARE","GAOR"
"2026 Feb 12 12:00:00 AM","97","VAUPES","97161","CARURU","GAOR"
"2026 Feb 13 12:00:00 AM","05","ANTIOQUIA","05579","PUERTO BERRIO","GAOR"
"2026 Feb 13 12:00:00 AM","76","VALLE DEL CAUCA","76109","BUENAVENTURA","GAOR"
"2026 Feb 16 12:00:00 AM","15","BOYACA","15176","CHIQUINQUIRA","CLAN DEL GOLFO"
"2026 Feb 16 12:00:00 AM","19","CAUCA","19418","LOPEZ DE MICAY","GAOR"
"2026 Feb 17 12:00:00 AM","19","CAUCA","19001","POPAYAN","GAOR"
"2026 Feb 17 12:00:00 AM","27","CHOCO","27361","ISTMINA","CLAN DEL GOLFO"
"2026 Feb 23 12:00:00 AM","19","CAUCA","19050","ARGELIA","GAOR"
"2026 Feb 24 12:00:00 AM","68","SANTANDER","68081","BARRANCABERMEJA","CLAN DEL GOLFO"
"2026 Feb 26 12:00:00 AM","05","ANTIOQUIA","05147","CAREPA","CLAN DEL GOLFO"
"2026 Feb 26 12:00:00 AM","11","BOGOTA D.C.","11001","BOGOTA D.C.","GAOR"
"2026 Feb 26 12:00:00 AM","95","GUAVIARE","95200","MIRAFLORES","GAOR"
"2026 Mar 03 12:00:00 AM","20","CESAR","20001","VALLEDUPAR","CLAN DEL GOLFO"
"2026 Mar 03 12:00:00 AM","81","ARAUCA","81001","ARAUCA","GAOR"
"2026 Mar 04 12:00:00 AM","05","ANTIOQUIA","05234","DABEIBA","CLAN DEL GOLFO"
"2026 Mar 04 12:00:00 AM","05","ANTIOQUIA","05819","TOLEDO","CLAN DEL GOLFO"
"2026 Mar 04 12:00:00 AM","13","BOLIVAR","13670","SAN PABLO","CLAN DEL GOLFO"
"2026 Mar 06 12:00:00 AM","52","NARIÑO","52356","IPIALES","GAOR"
"2026 Mar 09 12:00:00 AM","11","BOGOTA D.C.","11001","BOGOTA D.C.","CLAN DEL GOLFO"
"2026 Mar 09 12:00:00 AM","13","BOLIVAR","13600","RIO VIEJO","CLAN DEL GOLFO"
"2026 Mar 10 12:00:00 AM","91","AMAZONAS","91001","LETICIA","GAOR"
"2026 Mar 11 12:00:00 AM","50","META","50251","EL CASTILLO","GAOR"
"2026 Mar 12 12:00:00 AM","47","MAGDALENA","47555","PLATO","CLAN DEL GOLFO"
"2026 Mar 12 12:00:00 AM","95","GUAVIARE","95001","SAN JOSE DEL GUAVIARE","GAOR"
"2026 Mar 13 12:00:00 AM","11","BOGOTA D.C.","11001","BOGOTA D.C.","CLAN DEL GOLFO"
"2026 Mar 13 12:00:00 AM","27","CHOCO","27025","ALTO BAUDO","CLAN DEL GOLFO"
"2026 Mar 20 12:00:00 AM","05","ANTIOQUIA","05147","CAREPA","CLAN DEL GOLFO"
"2026 Mar 20 12:00:00 AM","76","VALLE DEL CAUCA","76109","BUENAVENTURA","GAOR"
"2026 Mar 20 12:00:00 AM","95","GUAVIARE","95001","SAN JOSE DEL GUAVIARE","GAOR"
"2026 Mar 24 12:00:00 AM","11","BOGOTA D.C.","11001","BOGOTA D.C.","CLAN DEL GOLFO"
"2026 Mar 25 12:00:00 AM","11","BOGOTA D.C.","11001","BOGOTA D.C.","SIN ESTABLECER"
"2026 Mar 26 12:00:00 AM","19","CAUCA","19050","ARGELIA","GAOR"
"2026 Mar 26 12:00:00 AM","27","CHOCO","27001","QUIBDO","CLAN DEL GOLFO"
"2026 Mar 26 12:00:00 AM","95","GUAVIARE","95001","SAN JOSE DEL GUAVIARE","GAOR"
"2026 Mar 26 12:00:00 AM","95","GUAVIARE","95015","CALAMAR","GAOR"
"2026 Mar 27 12:00:00 AM","50","META","50001","VILLAVICENCIO","GAOR"
"2026 Apr 01 12:00:00 AM","05","ANTIOQUIA","05480","MUTATA","CLAN DEL GOLFO"
"2026 Apr 01 12:00:00 AM","52","NARIÑO","52250","EL CHARCO","GAOR"
"2026 Apr 01 12:00:00 AM","66","RISARALDA","66001","PEREIRA","CLAN DEL GOLFO"
"2026 Apr 01 12:00:00 AM","76","VALLE DEL CAUCA","76109","BUENAVENTURA","GAOR"
"2026 Apr 01 12:00:00 AM","95","GUAVIARE","95001","SAN JOSE DEL GUAVIARE","GAOR"
"2026 Apr 07 12:00:00 AM","05","ANTIOQUIA","05480","MUTATA","CLAN DEL GOLFO"
"2026 Apr 07 12:00:00 AM","05","ANTIOQUIA","05579","PUERTO BERRIO","CLAN DEL GOLFO"
"2026 Apr 08 12:00:00 AM","05","ANTIOQUIA","05480","MUTATA","CLAN DEL GOLFO"
"2026 Apr 10 12:00:00 AM","52","NARIÑO","52835","SAN ANDRES DE TUMACO","GAOR"
"2026 Apr 10 12:00:00 AM","66","RISARALDA","66001","PEREIRA","CLAN DEL GOLFO"
"2026 Apr 13 12:00:00 AM","68","SANTANDER","68081","BARRANCABERMEJA","CLAN DEL GOLFO"
"2026 Apr 14 12:00:00 AM","95","GUAVIARE","95001","SAN JOSE DEL GUAVIARE","GAOR"
"2026 Apr 17 12:00:00 AM","27","CHOCO","27025","ALTO BAUDO","CLAN DEL GOLFO"
"2026 Apr 17 12:00:00 AM","27","CHOCO","27077","BAJO BAUDO","CLAN DEL GOLFO"
"2026 Apr 17 12:00:00 AM","76","VALLE DEL CAUCA","76001","CALI","GAOR"
"2026 Apr 17 12:00:00 AM","76","VALLE DEL CAUCA","76109","BUENAVENTURA","GAOR"
"2026 Apr 17 12:00:00 AM","95","GUAVIARE","95001","SAN JOSE DEL GUAVIARE","GAOR"
"2026 Apr 20 12:00:00 AM","19","CAUCA","19256","EL TAMBO","GAOR"
"2026 Apr 21 12:00:00 AM","18","CAQUETA","18592","PUERTO RICO","GAOR"
"2026 Apr 21 12:00:00 AM","50","META","50001","VILLAVICENCIO","GAOR"
"2026 Apr 21 12:00:00 AM","81","ARAUCA","81001","ARAUCA","GAOR"
"2026 Apr 22 12:00:00 AM","11","BOGOTA D.C.","11001","BOGOTA D.C.","GAOR"
"2026 Apr 22 12:00:00 AM","27","CHOCO","27075","BAHIA SOLANO","CLAN DEL GOLFO"
"2026 Apr 22 12:00:00 AM","50","META","50370","URIBE","GAOR"
"2026 Apr 24 12:00:00 AM","91","AMAZONAS","91001","LETICIA","GAOR"
"2026 Apr 27 12:00:00 AM","50","META","50313","GRANADA","GAOR"
"2026 Apr 28 12:00:00 AM","19","CAUCA","19001","POPAYAN","GAOR"
"2026 Apr 30 12:00:00 AM","19","CAUCA","19418","LOPEZ DE MICAY","GAOR"
"2026 Apr 30 12:00:00 AM","76","VALLE DEL CAUCA","76109","BUENAVENTURA","GAOR"
"2026 May 04 12:00:00 AM","05","ANTIOQUIA","05147","CAREPA","CLAN DEL GOLFO"
"2026 May 04 12:00:00 AM","19","CAUCA","19809","TIMBIQUI","GAOR"
"2026 May 04 12:00:00 AM","52","NARIÑO","52835","SAN ANDRES DE TUMACO","GAOR"
"2026 May 05 12:00:00 AM","50","META","50313","GRANADA","GAOR"
"2026 May 05 12:00:00 AM","76","VALLE DEL CAUCA","76670","SAN PEDRO","GAOR"
"2026 May 06 12:00:00 AM","05","ANTIOQUIA","05036","ANGELOPOLIS","CLAN DEL GOLFO"
"2026 May 06 12:00:00 AM","11","BOGOTA D.C.","11001","BOGOTA D.C.","GAOR"
"2026 May 08 12:00:00 AM","27","CHOCO","27787","TADO","CLAN DEL GOLFO"
"2026 May 11 12:00:00 AM","27","CHOCO","27025","ALTO BAUDO","CLAN DEL GOLFO"
"2026 May 11 12:00:00 AM","50","META","50313","GRANADA","GAOR"
"2026 May 12 12:00:00 AM","05","ANTIOQUIA","05579","PUERTO BERRIO","CLAN DEL GOLFO"
"2026 May 12 12:00:00 AM","13","BOLIVAR","13688","SANTA ROSA DEL SUR","CLAN DEL GOLFO"
"2026 May 14 12:00:00 AM","19","CAUCA","19001","POPAYAN","GAOR"
"2026 May 14 12:00:00 AM","27","CHOCO","27001","QUIBDO","CLAN DEL GOLFO"
"2026 May 14 12:00:00 AM","50","META","50001","VILLAVICENCIO","GAOR"
"2026 May 15 12:00:00 AM","19","CAUCA","19001","POPAYAN","GAOR"
"2026 May 15 12:00:00 AM","27","CHOCO","27075","BAHIA SOLANO","CLAN DEL GOLFO"
"2026 May 20 12:00:00 AM","13","BOLIVAR","13600","RIO VIEJO","CLAN DEL GOLFO"
"2026 May 20 12:00:00 AM","13","BOLIVAR","13688","SANTA ROSA DEL SUR","CLAN DEL GOLFO"
"2026 May 20 12:00:00 AM","20","CESAR","20011","AGUACHICA","CLAN DEL GOLFO"
"2026 May 20 12:00:00 AM","95","GUAVIARE","95015","CALAMAR","GAOR"
"2026 May 21 12:00:00 AM","05","ANTIOQUIA","05001","MEDELLIN","CLAN DEL GOLFO"
"2026 May 21 12:00:00 AM","95","GUAVIARE","95015","CALAMAR","GAOR"
"2026 May 26 12:00:00 AM","05","ANTIOQUIA","05120","CACERES","CLAN DEL GOLFO"
"2026 May 26 12:00:00 AM","13","BOLIVAR","13430","MAGANGUE","CLAN DEL GOLFO"
"2026 May 27 12:00:00 AM","05","ANTIOQUIA","05615","RIONEGRO","CLAN DEL GOLFO"
"2026 May 27 12:00:00 AM","15","BOYACA","15753","SOATA","GAOR"
"2026 May 27 12:00:00 AM","19","CAUCA","19001","POPAYAN","GAOR"
"2026 May 28 12:00:00 AM","05","ANTIOQUIA","05147","CAREPA","CLAN DEL GOLFO"
"2026 May 28 12:00:00 AM","05","ANTIOQUIA","05154","CAUCASIA","GAOR"
"2026 May 28 12:00:00 AM","15","BOYACA","15572","PUERTO BOYACA","CLAN DEL GOLFO"
"2026 May 28 12:00:00 AM","20","CESAR","20001","VALLEDUPAR","CLAN DEL GOLFO"
"2026 Jun 02 12:00:00 AM","94","GUAINIA","94343","BARRANCOMINAS","GAOR"
"2026 Jun 03 12:00:00 AM","19","CAUCA","19110","BUENOS AIRES","GAOR"
"2026 Jun 03 12:00:00 AM","19","CAUCA","19473","MORALES","GAOR"
"2026 Jun 03 12:00:00 AM","27","CHOCO","27025","ALTO BAUDO","CLAN DEL GOLFO"
"2026 Jun 03 12:00:00 AM","68","SANTANDER","68081","BARRANCABERMEJA","CLAN DEL GOLFO"
"2026 Jun 04 12:00:00 AM","11","BOGOTA D.C.","11001","BOGOTA D.C.","GAOR"
"2026 Jun 04 12:00:00 AM","19","CAUCA","19001","POPAYAN","GAOR"
"2026 Jun 09 12:00:00 AM","05","ANTIOQUIA","05088","BELLO","CLAN DEL GOLFO"
"2026 Jun 10 12:00:00 AM","05","ANTIOQUIA","05147","CAREPA","CLAN DEL GOLFO"
"2026 Jun 16 12:00:00 AM","05","ANTIOQUIA","05790","TARAZA","CLAN DEL GOLFO"
"2026 Jun 16 12:00:00 AM","05","ANTIOQUIA","05895","ZARAGOZA","CLAN DEL GOLFO"
"2026 Jun 16 12:00:00 AM","19","CAUCA","19256","EL TAMBO","GAOR"
"2026 Jun 16 12:00:00 AM","23","CORDOBA","23001","MONTERIA","CLAN DEL GOLFO"
"2026 Jun 19 12:00:00 AM","11","BOGOTA D.C.","11001","BOGOTA D.C.","CLAN DEL GOLFO"
"2026 Jun 23 12:00:00 AM","85","CASANARE","85410","TAURAMENA","GAOR"
"2026 Jun 24 12:00:00 AM","27","CHOCO","27001","QUIBDO","CLAN DEL GOLFO"
"2026 Jun 24 12:00:00 AM","52","NARIÑO","52001","PASTO","GAOR"
"2026 Jul 01 12:00:00 AM","19","CAUCA","19256","EL TAMBO","GAOR"
"2026 Jul 02 12:00:00 AM","76","VALLE DEL CAUCA","76001","CALI","GAOR"
"2026 Jul 06 12:00:00 AM","19","CAUCA","19001","POPAYAN","GAOR"
"2026 Jul 06 12:00:00 AM","27","CHOCO","27001","QUIBDO","CLAN DEL GOLFO"
"2026 Jul 06 12:00:00 AM","85","CASANARE","85001","YOPAL","GAOR"
"2026 Jul 07 12:00:00 AM","52","NARIÑO","52001","PASTO","GAOR"
"2026 Jul 08 12:00:00 AM","73","TOLIMA","73483","NATAGAIMA","GAOR"
"2026 Jul 09 12:00:00 AM","13","BOLIVAR","13688","SANTA ROSA DEL SUR","CLAN DEL GOLFO"
"2026 Jul 10 12:00:00 AM","19","CAUCA","19001","POPAYAN","GAOR"
"2026 Jul 10 12:00:00 AM","19","CAUCA","19050","ARGELIA","GAOR"
"2026 Jul 14 12:00:00 AM","52","NARIÑO","52786","TAMINANGO","GAOR"
"2026 Jul 15 12:00:00 AM","11","BOGOTA D.C.","11001","BOGOTA D.C.","GAOR"
"2026 Jul 16 12:00:00 AM","19","CAUCA","19050","ARGELIA","GAOR"
"2026 Jul 16 12:00:00 AM","19","CAUCA","19698","SANTANDER DE QUILICHAO","GAOR"
"2026 Jul 21 12:00:00 AM","11","BOGOTA D.C.","11001","BOGOTA D.C.","GAOR"
"2026 Jul 22 12:00:00 AM","27","CHOCO","27800","UNGUIA","CLAN DEL GOLFO"
"2026 Jul 22 12:00:00 AM","52","NARIÑO","52001","PASTO","GAOR"
"2026 Jul 24 12:00:00 AM","11","BOGOTA D.C.","11001","BOGOTA D.C.","GAOR"
"2026 Jul 24 12:00:00 AM","27","CHOCO","27075","BAHIA SOLANO","CLAN DEL GOLFO"
"2026 Jul 24 12:00:00 AM","86","PUTUMAYO","86568","PUERTO ASIS","GAOR"
"2026 Jul 28 12:00:00 AM","52","NARIÑO","52001","PASTO","GAOR"
"2026 Jul 29 12:00:00 AM","11","BOGOTA D.C.","11001","BOGOTA D.C.","GAOR"
"2026 Jul 29 12:00:00 AM","52","NARIÑO","52835","SAN ANDRES DE TUMACO","GAOR"
"2026 Jul 30 12:00:00 AM","66","RISARALDA","66001","PEREIRA","CLAN DEL GOLFO"
"2026 Jul 31 12:00:00 AM","50","META","50313","GRANADA","GAOR"
"2026 Aug 03 12:00:00 AM","19","CAUCA","19001","POPAYAN","GAOR"
"2026 Aug 04 12:00:00 AM","05","ANTIOQUIA","05147","CAREPA","CLAN DEL GOLFO"
"2026 Aug 04 12:00:00 AM","19","CAUCA","19418","LOPEZ DE MICAY","GAOR"
"2026 Aug 04 12:00:00 AM","23","CORDOBA","23807","TIERRALTA","CLAN DEL GOLFO"
"2026 Aug 04 12:00:00 AM","52","NARIÑO","52001","PASTO","GAOR"
"2026 Aug 05 12:00:00 AM","27","CHOCO","27001","QUIBDO","CLAN DEL GOLFO"
"2026 Aug 05 12:00:00 AM","73","TOLIMA","73001","IBAGUE","GAOR"
"2026 Aug 05 12:00:00 AM","73","TOLIMA","73585","PURIFICACION","GAOR"
"2026 Aug 06 12:00:00 AM","85","CASANARE","85001","YOPAL","GAOR"
"2026 Aug 11 12:00:00 AM","05","ANTIOQUIA","05147","CAREPA","CLAN DEL GOLFO"
"2026 Aug 11 12:00:00 AM","19","CAUCA","19001","POPAYAN","GAOR"
"2026 Aug 12 12:00:00 AM","27","CHOCO","27001","QUIBDO","CLAN DEL GOLFO"
"2026 Aug 14 12:00:00 AM","27","CHOCO","27001","QUIBDO","CLAN DEL GOLFO"
"2026 Aug 18 12:00:00 AM","68","SANTANDER","68001","BUCARAMANGA","CLAN DEL GOLFO"
"2026 Aug 19 12:00:00 AM","54","NORTE DE SANTANDER","54810","TIBU","GAOR"
"2026 Aug 20 12:00:00 AM","19","CAUCA","19001","POPAYAN","GAOR"
"2026 Aug 21 12:00:00 AM","41","HUILA","41298","GARZON","GAOR"
"2026 Aug 26 12:00:00 AM","19","CAUCA","19318","GUAPI","GAOR"
"2026 Aug 27 12:00:00 AM","47","MAGDALENA","47001","SANTA MARTA","CLAN DEL GOLFO"
"2026 Aug 28 12:00:00 AM","19","CAUCA","19001","POPAYAN","GAOR"
"2026 Aug 28 12:00:00 AM","25","CUNDINAMARCA","25290","FUSAGASUGA","CLAN DEL GOLFO"
"2026 Aug 31 12:00:00 AM","27","CHOCO","27077","BAJO BAUDO","CLAN DEL GOLFO"
